cohort	pathway_id	size	hits	n_samples
FengQ_2015	PWY-1042	10	154	154
FengQ_2015	ILEUSYN-PWY	7	154	154
FengQ_2015	PWY-7111	5	154	154
FengQ_2015	VALSYN-PWY	4	154	154
FengQ_2015	ARO-PWY	7	154	154
FengQ_2015	ARGSYNBSUB-PWY	9	154	154
FengQ_2015	PWY-6163	5	154	154
FengQ_2015	PWY-5686	6	154	154
FengQ_2015	ARGSYN-PWY	9	154	154
FengQ_2015	PWY-6386	8	154	154
FengQ_2015	PWY-7400	14	154	154
FengQ_2015	DTDPRHAMSYN-PWY	4	154	154
FengQ_2015	PWY-6122	5	154	154
FengQ_2015	PWY-6277	5	154	154
FengQ_2015	PWY-6609	4	154	154
FengQ_2015	PWY-6387	8	154	154
FengQ_2015	PWY-6151	4	154	154
FengQ_2015	COMPLETE-ARO-PWY	17	154	154
FengQ_2015	GLYCOGENSYNTH-PWY	4	154	154
FengQ_2015	PWY-6121	5	154	154
FengQ_2015	PWY-7221	4	154	154
FengQ_2015	TRNA-CHARGING-PWY	21	154	154
FengQ_2015	PEPTIDOGLYCANSYN-PWY	10	154	154
FengQ_2015	COA-PWY-1	5	154	154
FengQ_2015	BRANCHED-CHAIN-AA-SYN-PWY	19	154	154
FengQ_2015	GLUTORN-PWY	5	154	154
FengQ_2015	PWY0-1319	4	154	154
FengQ_2015	PWY-5667	4	154	154
FengQ_2015	PWY-5103	7	154	154
FengQ_2015	CALVIN-PWY	13	154	154
FengQ_2015	PWY-6385	14	154	154
FengQ_2015	COA-PWY	4	154	154
FengQ_2015	PWY-3841	11	154	154
FengQ_2015	PWY-5097	7	154	154
FengQ_2015	PWY-2942	8	154	154
FengQ_2015	1CMET2-PWY	9	154	154
FengQ_2015	PWY-724	10	154	154
FengQ_2015	PWY-6700	4	154	154
FengQ_2015	PWY-7229	8	154	154
FengQ_2015	PWY-6123	6	154	154
FengQ_2015	HISTSYN-PWY	11	154	154
FengQ_2015	PWY-3001	13	154	154
FengQ_2015	PWY-6124	5	154	154
FengQ_2015	PWY-6126	8	154	154
FengQ_2015	HSERMETANA-PWY	4	154	154
FengQ_2015	PWY-6936	5	154	154
FengQ_2015	ANAGLYCOLYSIS-PWY	11	154	154
FengQ_2015	PWY-6317	5	154	154
FengQ_2015	THRESYN-PWY	6	154	154
FengQ_2015	PANTOSYN-PWY	9	154	154
FengQ_2015	PWY-6527	7	154	154
FengQ_2015	PWY-7220	4	154	154
FengQ_2015	PWY-7222	4	154	154
FengQ_2015	NONOXIPENT-PWY	5	154	154
FengQ_2015	TRPSYN-PWY	7	154	154
FengQ_2015	PWY-5695	4	154	154
FengQ_2015	ANAEROFRUCAT-PWY	14	154	154
FengQ_2015	PANTO-PWY	4	154	154
FengQ_2015	OANTIGEN-PWY	10	154	154
FengQ_2015	PWY-7357	6	154	154
FengQ_2015	PWY-6471	16	154	154
FengQ_2015	GLYCOLYSIS	12	154	154
FengQ_2015	PWY-6892	8	154	154
FengQ_2015	SER-GLYSYN-PWY	4	154	154
FengQ_2015	RIBOSYN2-PWY	9	154	154
FengQ_2015	PWY0-1586	12	154	154
FengQ_2015	PYRIDNUCSYN-PWY	6	154	154
FengQ_2015	PWY-7237	10	154	154
FengQ_2015	PWY-6168	9	154	154
FengQ_2015	MET-SAM-PWY	9	154	154
FengQ_2015	THISYNARA-PWY	7	154	154
FengQ_2015	PWY-6897	5	154	154
FengQ_2015	UDPNAGSYN-PWY	5	154	154
FengQ_2015	PWY-5484	11	154	154
FengQ_2015	PWY-5347	9	154	154
FengQ_2015	METSYN-PWY	8	154	154
FengQ_2015	GLUCONEO-PWY	13	154	154
FengQ_2015	PWY-6703	4	154	154
FengQ_2015	PWY-2941	9	154	154
FengQ_2015	COBALSYN-PWY	9	154	154
FengQ_2015	DENOVOPURINE2-PWY	27	154	154
FengQ_2015	HEXITOLDEGSUPER-PWY	19	154	154
FengQ_2015	P461-PWY	20	154	154
FengQ_2015	PWY-7282	10	151	154
FengQ_2015	PWY-841	21	154	154
FengQ_2015	PWY-1861	9	154	154
FengQ_2015	PWY-7234	6	154	154
FengQ_2015	PHOSLIPSYN-PWY	10	154	154
FengQ_2015	PWY-5104	6	154	154
FengQ_2015	PWY66-409	17	154	154
FengQ_2015	PWY-5973	5	154	154
FengQ_2015	PWY-7187	7	154	154
FengQ_2015	PWY0-166	14	154	154
FengQ_2015	PWY-5659	4	154	154
FengQ_2015	PYRIDNUCSAL-PWY	7	148	154
FengQ_2015	PRPP-PWY	49	153	154
FengQ_2015	METH-ACETATE-PWY	6	153	154
FengQ_2015	PWY-6353	11	154	154
FengQ_2015	HOMOSER-METSYN-PWY	5	154	154
FengQ_2015	PWY-6305	4	154	154
FengQ_2015	PWY0-1297	7	154	154
FengQ_2015	PWY-6125	8	154	154
FengQ_2015	PWY-6470	17	153	154
FengQ_2015	GLCMANNANAUT-PWY	5	154	154
FengQ_2015	PWY-5154	9	154	154
FengQ_2015	PWY0-162	9	154	154
FengQ_2015	PWY-5188	6	154	154
FengQ_2015	DAPLYSINESYN-PWY	9	154	154
FengQ_2015	FOLSYN-PWY	12	153	154
FengQ_2015	THISYN-PWY	12	154	154
FengQ_2015	PWY-6901	17	154	154
FengQ_2015	PWY4FS-7	6	154	154
FengQ_2015	PWY4FS-8	6	154	154
FengQ_2015	PWY-7228	6	154	154
FengQ_2015	LACTOSECAT-PWY	4	154	154
FengQ_2015	PWY-4041	6	154	154
FengQ_2015	PWY-7117	14	154	154
FengQ_2015	COLANSYN-PWY	12	154	154
FengQ_2015	SALVADEHYPOX-PWY	5	154	154
FengQ_2015	PWYG-321	205	151	154
FengQ_2015	PWY-5971	31	143	154
FengQ_2015	PWY-7196	10	153	154
FengQ_2015	FERMENTATION-PWY	17	154	154
FengQ_2015	PWY0-845	11	151	154
FengQ_2015	P164-PWY	15	153	154
FengQ_2015	ARGININE-SYN4-PWY	4	150	154
FengQ_2015	PWY-7664	14	151	154
FengQ_2015	PWY-7211	18	153	154
FengQ_2015	GLUCUROCAT-PWY	7	154	154
FengQ_2015	BIOTIN-BIOSYNTHESIS-PWY	16	147	154
FengQ_2015	PWY-7184	9	154	154
FengQ_2015	PWY-241	7	154	154
FengQ_2015	NONMEVIPP-PWY	9	139	154
FengQ_2015	PWY-6545	9	154	154
FengQ_2015	PWY-6612	10	153	154
FengQ_2015	GALACT-GLUCUROCAT-PWY	11	153	154
FengQ_2015	FASYN-INITIAL-PWY	6	151	154
FengQ_2015	PWY0-862	6	152	154
FengQ_2015	PWY-5505	7	150	154
FengQ_2015	PWY-5913	9	154	154
FengQ_2015	PWY-6606	4	154	154
FengQ_2015	PWY-6519	11	147	154
FengQ_2015	PWY-6282	9	151	154
FengQ_2015	PENTOSE-P-PWY	8	154	154
FengQ_2015	PWY-5989	6	154	154
FengQ_2015	PWY-6113	268	143	154
FengQ_2015	PPGPPMET-PWY	6	154	154
FengQ_2015	PWY-7323	6	154	154
FengQ_2015	P441-PWY	21	154	154
FengQ_2015	PWY-6590	9	151	154
FengQ_2015	PWY-6549	10	154	154
FengQ_2015	PWY-7456	7	151	154
FengQ_2015	TEICHOICACID-PWY	12	154	154
FengQ_2015	PWY66-399	12	154	154
FengQ_2015	PWY0-1261	12	154	154
FengQ_2015	PYRIDOXSYN-PWY	7	151	154
FengQ_2015	PWY0-781	25	154	154
FengQ_2015	PWY-6895	11	151	154
FengQ_2015	P185-PWY	12	154	154
FengQ_2015	P4-PWY	18	154	154
FengQ_2015	RHAMCAT-PWY	5	154	154
FengQ_2015	CENTFERM-PWY	7	151	154
FengQ_2015	PWY-7210	8	127	154
FengQ_2015	PWY-7198	7	154	154
FengQ_2015	HISDEG-PWY	4	154	154
FengQ_2015	PWY-5030	6	152	154
FengQ_2015	GOLPDLCAT-PWY	4	154	154
FengQ_2015	GLYCOLYSIS-E-D	16	152	154
FengQ_2015	FAO-PWY	7	152	154
FengQ_2015	PWY-6147	5	154	154
FengQ_2015	RUMP-PWY	6	145	154
FengQ_2015	PWY-5265	17	99	154
FengQ_2015	PWY-5136	5	152	154
FengQ_2015	TCA	11	153	154
FengQ_2015	PWY-1269	5	154	154
FengQ_2015	PWY0-1479	10	153	154
FengQ_2015	CITRULBIO-PWY	8	154	154
FengQ_2015	PWY-7332	20	82	154
FengQ_2015	PWY-7383	7	154	154
FengQ_2015	PWY-6270	10	139	154
FengQ_2015	PWY-6284	20	143	154
FengQ_2015	PWY-5121	12	139	154
FengQ_2015	GLYCOCAT-PWY	8	150	154
FengQ_2015	PWY-4984	5	151	154
FengQ_2015	PWY-5690	10	154	154
FengQ_2015	PWY-7560	9	139	154
FengQ_2015	PWY-622	10	131	154
FengQ_2015	PWY-5384	4	154	154
FengQ_2015	PWY-7003	16	149	154
FengQ_2015	P621-PWY	7	95	154
FengQ_2015	PWY-7013	5	152	154
FengQ_2015	PWY-7392	13	136	154
FengQ_2015	FUC-RHAMCAT-PWY	12	152	154
FengQ_2015	NAD-BIOSYNTHESIS-II	5	145	154
FengQ_2015	POLYISOPRENSYN-PWY	6	149	154
FengQ_2015	PWY-6285	53	91	154
FengQ_2015	PWY-5941	6	132	154
FengQ_2015	PWY-6859	4	148	154
FengQ_2015	PWY-7312	4	45	154
FengQ_2015	ARG+POLYAMINE-SYN	17	154	154
FengQ_2015	PWY-6891	7	151	154
FengQ_2015	NAGLIPASYN-PWY	6	142	154
FengQ_2015	PWY-6969	10	152	154
FengQ_2015	FUCCAT-PWY	4	154	154
FengQ_2015	PWY-7328	6	150	154
FengQ_2015	PWY-6731	4	149	154
FengQ_2015	PWY-6595	6	151	154
FengQ_2015	PWY-7315	4	150	154
FengQ_2015	GLUCOSE1PMETAB-PWY	5	152	154
FengQ_2015	PWY-5910	10	91	154
FengQ_2015	P124-PWY	15	140	154
FengQ_2015	PWY-922	7	92	154
FengQ_2015	HEMESYN2-PWY	4	153	154
FengQ_2015	PWY-5367	6	146	154
FengQ_2015	P108-PWY	7	149	154
FengQ_2015	PWY-5345	12	146	154
FengQ_2015	PWY0-1298	6	154	154
FengQ_2015	PWY0-1061	6	153	154
FengQ_2015	PWY-5838	10	130	154
FengQ_2015	PWY-5845	10	115	154
FengQ_2015	PWY-7115	11	153	154
FengQ_2015	PWY-5840	10	133	154
FengQ_2015	PWY-5897	10	133	154
FengQ_2015	PWY-5898	10	133	154
FengQ_2015	PWY-5899	10	133	154
FengQ_2015	POLYAMSYN-PWY	8	154	154
FengQ_2015	SULFATE-CYS-PWY	9	146	154
FengQ_2015	P125-PWY	5	128	154
FengQ_2015	PWY-6588	5	149	154
FengQ_2015	PWY-5022	7	137	154
FengQ_2015	PWY-5005	8	136	154
FengQ_2015	GLUDEG-I-PWY	4	140	154
FengQ_2015	PWY-5464	24	124	154
FengQ_2015	PWY-5861	9	130	154
FengQ_2015	PWY-5862	9	115	154
FengQ_2015	PWY4LZ-257	9	152	154
FengQ_2015	PWY0-881	17	88	154
FengQ_2015	METHGLYUT-PWY	8	142	154
FengQ_2015	PWY-821	11	139	154
FengQ_2015	PWY-6263	11	85	154
FengQ_2015	P161-PWY	5	152	154
FengQ_2015	P42-PWY	7	153	154
FengQ_2015	PWY-6531	5	132	154
FengQ_2015	POLYAMINSYN3-PWY	8	129	154
FengQ_2015	PWY-5156	44	14	154
FengQ_2015	PWY-5189	4	146	154
FengQ_2015	PWY-5918	10	132	154
FengQ_2015	ORNDEG-PWY	9	75	154
FengQ_2015	SO4ASSIM-PWY	4	146	154
FengQ_2015	PWY66-391	7	82	154
FengQ_2015	PWY-5863	16	133	154
FengQ_2015	PWY0-1241	5	151	154
FengQ_2015	P23-PWY	13	106	154
FengQ_2015	PWY-5837	7	133	154
FengQ_2015	REDCITCYC	10	122	154
FengQ_2015	PWY-5138	5	118	154
FengQ_2015	PWY-6628	10	131	154
FengQ_2015	GALACTARDEG-PWY	4	135	154
FengQ_2015	GLUCARGALACTSUPER-PWY	4	135	154
FengQ_2015	GLUCARDEG-PWY	4	135	154
FengQ_2015	PWY-6572	8	64	154
FengQ_2015	PWY-7371	5	46	154
FengQ_2015	P105-PWY	10	98	154
FengQ_2015	HEME-BIOSYNTHESIS-II	4	136	154
FengQ_2015	P122-PWY	18	106	154
FengQ_2015	PWY66-389	4	110	154
FengQ_2015	GLYCOLYSIS-TCA-GLYOX-BYPASS	26	102	154
FengQ_2015	PWY-7389	17	13	154
FengQ_2015	PWY66-398	11	107	154
FengQ_2015	PWY-5677	7	57	154
FengQ_2015	PWY-5723	10	121	154
FengQ_2015	ALLANTOINDEG-PWY	7	87	154
FengQ_2015	PWY0-1415	6	109	154
FengQ_2015	PWY-561	15	98	154
FengQ_2015	CRNFORCAT-PWY	4	43	154
FengQ_2015	PWY-6318	9	73	154
FengQ_2015	PWY-7384	10	14	154
FengQ_2015	P562-PWY	7	56	154
FengQ_2015	PWY-5392	13	62	154
FengQ_2015	TCA-GLYOX-BYPASS	13	102	154
FengQ_2015	PWY-7209	5	128	154
FengQ_2015	KETOGLUCONMET-PWY	8	107	154
FengQ_2015	ECASYN-PWY	10	77	154
FengQ_2015	PWY-6837	5	86	154
FengQ_2015	PWY-4722	5	66	154
FengQ_2015	PWY490-3	4	34	154
FengQ_2015	ARGDEG-PWY	11	74	154
FengQ_2015	ORNARGDEG-PWY	11	74	154
FengQ_2015	PWY-5675	4	107	154
FengQ_2015	PWY-101	4	58	154
FengQ_2015	PWY-5747	6	91	154
FengQ_2015	PWY-4702	14	105	154
FengQ_2015	PWY-7391	8	25	154
FengQ_2015	PWY-6167	10	44	154
FengQ_2015	PWY-6174	7	23	154
FengQ_2015	PWY-5101	8	79	154
FengQ_2015	METHANOGENESIS-PWY	6	53	154
FengQ_2015	PWY-6953	5	25	154
FengQ_2015	PWY-7316	4	46	154
FengQ_2015	PWY-5850	10	89	154
FengQ_2015	PWY-5896	10	89	154
FengQ_2015	PWY-6749	10	73	154
FengQ_2015	PWY-6349	6	47	154
FengQ_2015	PWY-7286	4	50	154
FengQ_2015	PWY-6629	14	110	154
FengQ_2015	PWY-6630	10	114	154
FengQ_2015	PWY-5860	9	89	154
FengQ_2015	PWY-5198	6	51	154
FengQ_2015	PWY-6478	4	37	154
FengQ_2015	PWY-6396	9	27	154
FengQ_2015	PWY-6165	12	39	154
FengQ_2015	PWY-6565	8	3	154
FengQ_2015	PWY-6562	6	35	154
FengQ_2015	P162-PWY	10	66	154
FengQ_2015	PWY-3781	4	96	154
FengQ_2015	PROPFERM-PWY	10	55	154
FengQ_2015	PWY-6435	5	44	154
FengQ_2015	PWY-6415	10	17	154
FengQ_2015	PWY-7218	26	35	154
FengQ_2015	PWY-6906	8	10	154
FengQ_2015	P163-PWY	10	36	154
FengQ_2015	UDPNACETYLGALSYN-PWY	6	20	154
FengQ_2015	PHOTOALL-PWY	17	35	154
FengQ_2015	PWY-6143	6	61	154
FengQ_2015	PWY-6138	5	16	154
FengQ_2015	PWY-6876	5	72	154
FengQ_2015	PWY1F-823	4	15	154
FengQ_2015	PROTOCATECHUATE-ORTHO-CLEAVAGE-PWY	4	53	154
FengQ_2015	PWY-181	9	4	154
FengQ_2015	PWY-7200	9	32	154
FengQ_2015	PWY-7254	10	103	154
FengQ_2015	PWY-7385	9	87	154
FengQ_2015	PWY-6803	4	105	154
FengQ_2015	PWY0-42	5	83	154
FengQ_2015	PWY-5656	4	73	154
FengQ_2015	PWY-6823	6	83	154
FengQ_2015	PWY-7279	4	56	154
FengQ_2015	PWY66-367	5	40	154
FengQ_2015	PWY3DJ-35471	10	39	154
FengQ_2015	PWY-7204	9	86	154
FengQ_2015	PWY-5004	12	67	154
FengQ_2015	AEROBACTINSYN-PWY	4	13	154
FengQ_2015	LYSINE-AMINOAD-PWY	11	1	154
FengQ_2015	PWY-7446	5	71	154
FengQ_2015	GLYCOL-GLYOXDEG-PWY	4	87	154
FengQ_2015	PWY-7094	6	82	154
FengQ_2015	LPSSYN-PWY	26	59	154
FengQ_2015	PWY-5705	4	70	154
FengQ_2015	KDO-NAGLIPASYN-PWY	17	73	154
FengQ_2015	PWY-7269	5	69	154
FengQ_2015	PWY0-1338	6	70	154
FengQ_2015	PWY0-1533	4	60	154
FengQ_2015	P221-PWY	5	85	154
FengQ_2015	PWY0-1277	9	66	154
FengQ_2015	HCAMHPDEG-PWY	5	68	154
FengQ_2015	PWY-6690	5	68	154
FengQ_2015	PWY-5920	8	93	154
FengQ_2015	AST-PWY	5	82	154
FengQ_2015	PWY-5692	4	64	154
FengQ_2015	URDEGR-PWY	4	64	154
FengQ_2015	PWY0-41	8	58	154
FengQ_2015	UBISYN-PWY	13	68	154
FengQ_2015	PWY-5855	8	69	154
FengQ_2015	PWY-5856	8	69	154
FengQ_2015	PWY-5857	8	69	154
FengQ_2015	PWY-6708	8	69	154
FengQ_2015	PWY-5180	7	25	154
FengQ_2015	PWY-5182	10	25	154
FengQ_2015	CODH-PWY	10	9	154
FengQ_2015	PWY-7031	6	27	154
FengQ_2015	PWY-5415	5	37	154
FengQ_2015	ENTBACSYN-PWY	11	72	154
FengQ_2015	THREOCAT-PWY	19	56	154
FengQ_2015	3-HYDROXYPHENYLACETATE-DEGRADATION-PWY	8	50	154
FengQ_2015	PWY-7039	5	12	154
FengQ_2015	PWY-6071	12	28	154
FengQ_2015	PWY0-321	10	28	154
FengQ_2015	PWY-3801	19	14	154
FengQ_2015	PWY-7345	15	14	154
FengQ_2015	PWY-7399	5	32	154
FengQ_2015	PWY-4321	5	14	154
FengQ_2015	PWY-7118	4	3	154
FengQ_2015	PWY-5088	11	44	154
FengQ_2015	PWY-7294	7	9	154
FengQ_2015	PWY66-388	7	31	154
FengQ_2015	PWY1G-0	6	20	154
FengQ_2015	PWY-5028	5	21	154
FengQ_2015	PWY-1361	7	3	154
FengQ_2015	PWY-5654	4	11	154
FengQ_2015	PWY-6210	4	14	154
FengQ_2015	LYSINE-DEG1-PWY	5	1	154
FengQ_2015	PWY-5181	12	16	154
FengQ_2015	PWY-5178	10	8	154
FengQ_2015	URSIN-PWY	7	14	154
FengQ_2015	PWY-5417	6	18	154
FengQ_2015	PWY-5431	6	18	154
FengQ_2015	PWY-6185	7	18	154
FengQ_2015	PWY-6182	7	14	154
FengQ_2015	CATECHOL-ORTHO-CLEAVAGE-PWY	4	18	154
FengQ_2015	PWY-1541	6	7	154
FengQ_2015	PWY-7165	7	14	154
FengQ_2015	TYRFUMCAT-PWY	5	3	154
FengQ_2015	PWY-5724	9	1	154
FengQ_2015	PWY-5647	7	2	154
FengQ_2015	PWY-6215	4	18	154
FengQ_2015	PWY-7268	5	9	154
FengQ_2015	PWY-7245	8	9	154
FengQ_2015	PWY-6797	7	7	154
FengQ_2015	PWY-5514	8	7	154
FengQ_2015	PWY-7431	8	2	154
FengQ_2015	PWY-6313	7	2	154
FengQ_2015	PWY-6307	4	2	154
FengQ_2015	PWY-5183	15	2	154
FengQ_2015	PWY-2221	9	6	154
FengQ_2015	PWY-6107	7	1	154
FengQ_2015	PWY-7124	26	4	154
FengQ_2015	PWY-7527	12	4	154
FengQ_2015	PWY-4361	8	6	154
FengQ_2015	PWY-5532	10	7	154
FengQ_2015	DENITRIFICATION-PWY	5	11	154
FengQ_2015	PWY-6641	6	1	154
FengQ_2015	P261-PWY	7	7	154
FengQ_2015	LIPASYN-PWY	5	8	154
FengQ_2015	PWY-5531	10	1	154
FengQ_2015	PWY-7159	10	1	154
FengQ_2015	SUCSYN-PWY	9	1	154
FengQ_2015	PWY-7238	8	1	154
FengQ_2015	PWY-7347	5	1	154
FengQ_2015	PWY-7528	13	1	154
FengQ_2015	PWY-1622	13	2	154
FengQ_2015	DHGLUCONATE-PYR-CAT-PWY	5	2	154
FengQ_2015	PWY-6148	14	2	154
FengQ_2015	ALL-CHORISMATE-PWY	50	1	154
FengQ_2015	PWY-7411	5	1	154
FengQ_2015	PWY-6981	15	1	154
FengQ_2015	PWY-5870	9	1	154
FengQ_2015	PWY-5871	8	1	154
FengQ_2015	PWY-5873	8	1	154
FengQ_2015	PWY3O-19	8	1	154
FengQ_2015	P165-PWY	18	2	154
FengQ_2015	VALDEG-PWY	8	1	154
FengQ_2015	PWY-3502	14	1	154
FengQ_2015	NADSYN-PWY	9	1	154
FengQ_2015	PWY-7283	6	1	154
FengQ_2015	PWY-5872	9	1	154
FengQ_2015	PWY-5080	4	1	154
FengQ_2015	PWY-6598	5	1	154
FengQ_2015	PWY-7619	5	1	154
FengQ_2015	PWY-6351	5	1	154
FengQ_2015	PWY-5651	5	1	154
FengQ_2015	PWY-7374	6	2	154
FengQ_2015	PWY-7317	8	1	154
FengQ_2015	PWY-5420	7	1	154
FengQ_2015	PWY-5419	4	1	154
FengQ_2015	PWY5F9-12	5	2	154
FengQ_2015	PWY-6467	5	2	154
FengQ_2015	PWY-5055	9	3	154
FengQ_2015	PWY-6281	4	1	154
FengQ_2015	PWY-7090	5	1	154
ThomasAM_2018a	PWY0-1586	12	80	80
ThomasAM_2018a	ILEUSYN-PWY	7	80	80
ThomasAM_2018a	PWY-7111	5	80	80
ThomasAM_2018a	VALSYN-PWY	4	80	80
ThomasAM_2018a	BRANCHED-CHAIN-AA-SYN-PWY	19	80	80
ThomasAM_2018a	PWY-5103	7	80	80
ThomasAM_2018a	PWY-1042	10	80	80
ThomasAM_2018a	NONOXIPENT-PWY	5	80	80
ThomasAM_2018a	CALVIN-PWY	13	80	80
ThomasAM_2018a	ARGSYNBSUB-PWY	9	80	80
ThomasAM_2018a	PWY-7229	8	80	80
ThomasAM_2018a	PWY-5695	4	80	80
ThomasAM_2018a	ARGSYN-PWY	9	80	80
ThomasAM_2018a	PWY-7400	14	80	80
ThomasAM_2018a	PWYG-321	205	78	80
ThomasAM_2018a	PWY-7221	4	80	80
ThomasAM_2018a	PWY-6126	8	80	80
ThomasAM_2018a	PWY-5686	6	80	80
ThomasAM_2018a	PWY-6936	5	80	80
ThomasAM_2018a	PWY-6385	14	80	80
ThomasAM_2018a	COA-PWY-1	5	80	80
ThomasAM_2018a	PWY-7220	4	80	80
ThomasAM_2018a	PWY-7222	4	80	80
ThomasAM_2018a	PWY-3001	13	80	80
ThomasAM_2018a	PWY-6387	8	80	80
ThomasAM_2018a	PWY-7664	14	79	80
ThomasAM_2018a	TRNA-CHARGING-PWY	21	80	80
ThomasAM_2018a	PWY-5971	31	57	80
ThomasAM_2018a	PWY-5097	7	80	80
ThomasAM_2018a	PWY-2942	8	80	80
ThomasAM_2018a	PEPTIDOGLYCANSYN-PWY	10	80	80
ThomasAM_2018a	PWY-6282	9	79	80
ThomasAM_2018a	PWY-6121	5	80	80
ThomasAM_2018a	ANAGLYCOLYSIS-PWY	11	80	80
ThomasAM_2018a	PWY0-862	6	79	80
ThomasAM_2018a	PWY-6122	5	80	80
ThomasAM_2018a	PWY-6277	5	80	80
ThomasAM_2018a	PWY-5973	5	80	80
ThomasAM_2018a	PWY-6609	4	80	80
ThomasAM_2018a	PWY-5104	6	80	80
ThomasAM_2018a	GLYCOLYSIS	12	80	80
ThomasAM_2018a	COMPLETE-ARO-PWY	17	80	80
ThomasAM_2018a	PWY-6386	8	80	80
ThomasAM_2018a	ARO-PWY	7	80	80
ThomasAM_2018a	1CMET2-PWY	9	80	80
ThomasAM_2018a	PWY-3841	11	80	80
ThomasAM_2018a	PANTO-PWY	4	80	80
ThomasAM_2018a	PWY-5154	9	80	80
ThomasAM_2018a	ANAEROFRUCAT-PWY	14	80	80
ThomasAM_2018a	PWY-5484	11	80	80
ThomasAM_2018a	METSYN-PWY	8	79	80
ThomasAM_2018a	PWY-6113	268	56	80
ThomasAM_2018a	PWY-5347	9	79	80
ThomasAM_2018a	THRESYN-PWY	6	80	80
ThomasAM_2018a	COA-PWY	4	80	80
ThomasAM_2018a	MET-SAM-PWY	9	79	80
ThomasAM_2018a	PWY-5667	4	80	80
ThomasAM_2018a	PWY0-1319	4	80	80
ThomasAM_2018a	FASYN-INITIAL-PWY	6	79	80
ThomasAM_2018a	PWY-724	10	80	80
ThomasAM_2018a	PWY-5188	6	80	80
ThomasAM_2018a	GLUTORN-PWY	5	80	80
ThomasAM_2018a	GLYCOCAT-PWY	8	75	80
ThomasAM_2018a	GLUCONEO-PWY	13	80	80
ThomasAM_2018a	PWY-7013	5	69	80
ThomasAM_2018a	PWY-6163	5	80	80
ThomasAM_2018a	TCA	11	80	80
ThomasAM_2018a	GLYCOGENSYNTH-PWY	4	80	80
ThomasAM_2018a	PANTOSYN-PWY	9	80	80
ThomasAM_2018a	PWY0-1261	12	80	80
ThomasAM_2018a	DAPLYSINESYN-PWY	9	80	80
ThomasAM_2018a	SER-GLYSYN-PWY	4	80	80
ThomasAM_2018a	PWY-6700	4	80	80
ThomasAM_2018a	PWY-6519	11	79	80
ThomasAM_2018a	PWY4LZ-257	9	74	80
ThomasAM_2018a	PWY-6305	4	80	80
ThomasAM_2018a	PWY-6285	53	46	80
ThomasAM_2018a	HEXITOLDEGSUPER-PWY	19	80	80
ThomasAM_2018a	PWY-5723	10	56	80
ThomasAM_2018a	BIOTIN-BIOSYNTHESIS-PWY	16	79	80
ThomasAM_2018a	P461-PWY	20	79	80
ThomasAM_2018a	PHOSLIPSYN-PWY	10	80	80
ThomasAM_2018a	P441-PWY	21	78	80
ThomasAM_2018a	FAO-PWY	7	76	80
ThomasAM_2018a	SALVADEHYPOX-PWY	5	80	80
ThomasAM_2018a	PWY-7383	7	77	80
ThomasAM_2018a	P161-PWY	5	74	80
ThomasAM_2018a	DTDPRHAMSYN-PWY	4	80	80
ThomasAM_2018a	GLYCOLYSIS-TCA-GLYOX-BYPASS	26	60	80
ThomasAM_2018a	PWY-6588	5	76	80
ThomasAM_2018a	PWY4FS-7	6	80	80
ThomasAM_2018a	PWY4FS-8	6	80	80
ThomasAM_2018a	TRPSYN-PWY	7	80	80
ThomasAM_2018a	FERMENTATION-PWY	17	77	80
ThomasAM_2018a	PWY-6123	6	80	80
ThomasAM_2018a	GALACTARDEG-PWY	4	71	80
ThomasAM_2018a	GLUCARGALACTSUPER-PWY	4	71	80
ThomasAM_2018a	UDPNAGSYN-PWY	5	80	80
ThomasAM_2018a	PWY-5345	12	68	80
ThomasAM_2018a	PWY0-1061	6	75	80
ThomasAM_2018a	PWY0-1297	7	77	80
ThomasAM_2018a	HISTSYN-PWY	11	80	80
ThomasAM_2018a	HOMOSER-METSYN-PWY	5	79	80
ThomasAM_2018a	PWY-4041	6	80	80
ThomasAM_2018a	PWY-6124	5	80	80
ThomasAM_2018a	RIBOSYN2-PWY	9	80	80
ThomasAM_2018a	PWY-6629	14	50	80
ThomasAM_2018a	PWY-6353	11	80	80
ThomasAM_2018a	FUCCAT-PWY	4	78	80
ThomasAM_2018a	PWY-5989	6	79	80
ThomasAM_2018a	PWY0-781	25	74	80
ThomasAM_2018a	P4-PWY	18	74	80
ThomasAM_2018a	PYRIDNUCSYN-PWY	6	80	80
ThomasAM_2018a	DENOVOPURINE2-PWY	27	80	80
ThomasAM_2018a	SULFATE-CYS-PWY	9	68	80
ThomasAM_2018a	HSERMETANA-PWY	4	80	80
ThomasAM_2018a	PWY-6901	17	80	80
ThomasAM_2018a	PWY-6284	20	57	80
ThomasAM_2018a	THISYN-PWY	12	80	80
ThomasAM_2018a	GLCMANNANAUT-PWY	5	80	80
ThomasAM_2018a	PWY-841	21	80	80
ThomasAM_2018a	PWY-6703	4	80	80
ThomasAM_2018a	GLYCOLYSIS-E-D	16	80	80
ThomasAM_2018a	PWY66-399	12	77	80
ThomasAM_2018a	TCA-GLYOX-BYPASS	13	60	80
ThomasAM_2018a	PWY-1269	5	80	80
ThomasAM_2018a	PWY-5838	10	64	80
ThomasAM_2018a	PWY-6151	4	80	80
ThomasAM_2018a	PWY-7357	6	80	80
ThomasAM_2018a	PRPP-PWY	49	79	80
ThomasAM_2018a	PWY-5897	10	65	80
ThomasAM_2018a	PWY-5898	10	65	80
ThomasAM_2018a	PWY-5899	10	65	80
ThomasAM_2018a	PWY-6628	10	60	80
ThomasAM_2018a	PWY0-1479	10	78	80
ThomasAM_2018a	PWY-6969	10	78	80
ThomasAM_2018a	COBALSYN-PWY	9	80	80
ThomasAM_2018a	PWY0-845	11	80	80
ThomasAM_2018a	PWY-6892	8	80	80
ThomasAM_2018a	ARG+POLYAMINE-SYN	17	76	80
ThomasAM_2018a	PWY-6895	11	78	80
ThomasAM_2018a	PWY-7187	7	80	80
ThomasAM_2018a	PWY-5136	5	76	80
ThomasAM_2018a	RHAMCAT-PWY	5	80	80
ThomasAM_2018a	PWY-6897	5	80	80
ThomasAM_2018a	PWY0-1298	6	76	80
ThomasAM_2018a	COLANSYN-PWY	12	80	80
ThomasAM_2018a	PWY-5913	9	77	80
ThomasAM_2018a	PWY0-166	14	80	80
ThomasAM_2018a	PWY-6527	7	80	80
ThomasAM_2018a	PWY-5840	10	64	80
ThomasAM_2018a	PWY-5845	10	61	80
ThomasAM_2018a	PWY-5850	10	51	80
ThomasAM_2018a	PWY-5896	10	51	80
ThomasAM_2018a	P105-PWY	10	56	80
ThomasAM_2018a	SO4ASSIM-PWY	4	68	80
ThomasAM_2018a	PWY0-162	9	80	80
ThomasAM_2018a	ORNDEG-PWY	9	46	80
ThomasAM_2018a	PWY66-409	17	72	80
ThomasAM_2018a	FUC-RHAMCAT-PWY	12	78	80
ThomasAM_2018a	NAGLIPASYN-PWY	6	80	80
ThomasAM_2018a	PWY-561	15	56	80
ThomasAM_2018a	PWY-5690	10	80	80
ThomasAM_2018a	PWY-6125	8	80	80
ThomasAM_2018a	GLUCOSE1PMETAB-PWY	5	76	80
ThomasAM_2018a	GALACT-GLUCUROCAT-PWY	11	80	80
ThomasAM_2018a	PWY-6891	7	78	80
ThomasAM_2018a	PWY-6471	16	74	80
ThomasAM_2018a	PYRIDNUCSAL-PWY	7	67	80
ThomasAM_2018a	PWY-7234	6	79	80
ThomasAM_2018a	PWY-6168	9	80	80
ThomasAM_2018a	PENTOSE-P-PWY	8	80	80
ThomasAM_2018a	PYRIDOXSYN-PWY	7	80	80
ThomasAM_2018a	PWY-7117	14	77	80
ThomasAM_2018a	PWY-7282	10	80	80
ThomasAM_2018a	PWY-5138	5	70	80
ThomasAM_2018a	PWY-5861	9	64	80
ThomasAM_2018a	PWY-5659	4	80	80
ThomasAM_2018a	PWY66-391	7	61	80
ThomasAM_2018a	P42-PWY	7	76	80
ThomasAM_2018a	PWY-7228	6	80	80
ThomasAM_2018a	ENTBACSYN-PWY	11	51	80
ThomasAM_2018a	PWY-7003	16	47	80
ThomasAM_2018a	PWY-7254	10	59	80
ThomasAM_2018a	OANTIGEN-PWY	10	80	80
ThomasAM_2018a	PWY-241	7	76	80
ThomasAM_2018a	GLUCUROCAT-PWY	7	80	80
ThomasAM_2018a	PWY-7115	11	71	80
ThomasAM_2018a	PWY-7237	10	80	80
ThomasAM_2018a	PWY-821	11	56	80
ThomasAM_2018a	PWY-5860	9	51	80
ThomasAM_2018a	PWY-5862	9	61	80
ThomasAM_2018a	PWY-6317	5	80	80
ThomasAM_2018a	HEMESYN2-PWY	4	80	80
ThomasAM_2018a	PWY0-1241	5	79	80
ThomasAM_2018a	HEME-BIOSYNTHESIS-II	4	77	80
ThomasAM_2018a	GLUCARDEG-PWY	4	68	80
ThomasAM_2018a	PWY-5918	10	64	80
ThomasAM_2018a	PWY-6606	4	80	80
ThomasAM_2018a	PWY-7094	6	52	80
ThomasAM_2018a	PWY-7184	9	80	80
ThomasAM_2018a	THISYNARA-PWY	7	80	80
ThomasAM_2018a	PWY-7315	4	69	80
ThomasAM_2018a	POLYISOPRENSYN-PWY	6	79	80
ThomasAM_2018a	PWY-6803	4	60	80
ThomasAM_2018a	PWY-5384	4	76	80
ThomasAM_2018a	PWY-7211	18	78	80
ThomasAM_2018a	KETOGLUCONMET-PWY	8	48	80
ThomasAM_2018a	POLYAMSYN-PWY	8	76	80
ThomasAM_2018a	PWY0-1415	6	58	80
ThomasAM_2018a	PWY-5675	4	63	80
ThomasAM_2018a	PWY0-1277	9	43	80
ThomasAM_2018a	PWY-6549	10	75	80
ThomasAM_2018a	PWY-6147	5	80	80
ThomasAM_2018a	GOLPDLCAT-PWY	4	73	80
ThomasAM_2018a	NAD-BIOSYNTHESIS-II	5	74	80
ThomasAM_2018a	PWY-7323	6	80	80
ThomasAM_2018a	PWY-5837	7	65	80
ThomasAM_2018a	PWY-6590	9	74	80
ThomasAM_2018a	PPGPPMET-PWY	6	75	80
ThomasAM_2018a	PWY-5367	6	57	80
ThomasAM_2018a	PWY-5022	7	77	80
ThomasAM_2018a	PWY-7385	9	52	80
ThomasAM_2018a	PWY-7196	10	74	80
ThomasAM_2018a	PWY-5920	8	51	80
ThomasAM_2018a	PWY-6531	5	76	80
ThomasAM_2018a	PWY-5863	16	65	80
ThomasAM_2018a	HCAMHPDEG-PWY	5	44	80
ThomasAM_2018a	PWY-6690	5	44	80
ThomasAM_2018a	PWY-6630	10	54	80
ThomasAM_2018a	CENTFERM-PWY	7	74	80
ThomasAM_2018a	PWY-5189	4	64	80
ThomasAM_2018a	CITRULBIO-PWY	8	80	80
ThomasAM_2018a	P108-PWY	7	78	80
ThomasAM_2018a	PWY-7204	9	51	80
ThomasAM_2018a	PWY-4702	14	51	80
ThomasAM_2018a	PWY-7328	6	76	80
ThomasAM_2018a	PWY-2941	9	80	80
ThomasAM_2018a	P185-PWY	12	66	80
ThomasAM_2018a	UBISYN-PWY	13	51	80
ThomasAM_2018a	PWY0-42	5	52	80
ThomasAM_2018a	ECASYN-PWY	10	49	80
ThomasAM_2018a	P164-PWY	15	73	80
ThomasAM_2018a	PWY-1861	9	52	80
ThomasAM_2018a	PWY-5855	8	51	80
ThomasAM_2018a	PWY-5856	8	51	80
ThomasAM_2018a	PWY-5857	8	51	80
ThomasAM_2018a	PWY-6708	8	51	80
ThomasAM_2018a	PWY-6545	9	80	80
ThomasAM_2018a	PWY-5747	6	57	80
ThomasAM_2018a	METHGLYUT-PWY	8	71	80
ThomasAM_2018a	AST-PWY	5	51	80
ThomasAM_2018a	HISDEG-PWY	4	80	80
ThomasAM_2018a	PWY-6859	4	78	80
ThomasAM_2018a	P122-PWY	18	51	80
ThomasAM_2018a	PWY-7446	5	44	80
ThomasAM_2018a	PWY-6837	5	50	80
ThomasAM_2018a	PWY-4984	5	79	80
ThomasAM_2018a	REDCITCYC	10	58	80
ThomasAM_2018a	GLYCOL-GLYOXDEG-PWY	4	56	80
ThomasAM_2018a	ARGDEG-PWY	11	47	80
ThomasAM_2018a	ORNARGDEG-PWY	11	47	80
ThomasAM_2018a	PWY-3781	4	16	80
ThomasAM_2018a	ARGININE-SYN4-PWY	4	80	80
ThomasAM_2018a	LPSSYN-PWY	26	39	80
ThomasAM_2018a	PWY-5656	4	50	80
ThomasAM_2018a	PWY0-1338	6	50	80
ThomasAM_2018a	PWY-6318	9	62	80
ThomasAM_2018a	PWY-7279	4	16	80
ThomasAM_2018a	PWY-5677	7	49	80
ThomasAM_2018a	FOLSYN-PWY	12	59	80
ThomasAM_2018a	PWY-5030	6	75	80
ThomasAM_2018a	PWY-6876	5	37	80
ThomasAM_2018a	KDO-NAGLIPASYN-PWY	17	46	80
ThomasAM_2018a	PWY-7198	7	79	80
ThomasAM_2018a	AEROBACTINSYN-PWY	4	18	80
ThomasAM_2018a	PWY-6731	4	74	80
ThomasAM_2018a	PWY-6612	10	59	80
ThomasAM_2018a	PWY-5505	7	77	80
ThomasAM_2018a	NONMEVIPP-PWY	9	57	80
ThomasAM_2018a	PWY-6823	6	42	80
ThomasAM_2018a	PWY-7560	9	57	80
ThomasAM_2018a	PWY-5004	12	48	80
ThomasAM_2018a	GLUDEG-I-PWY	4	76	80
ThomasAM_2018a	PWY-5705	4	47	80
ThomasAM_2018a	PWY-6749	10	36	80
ThomasAM_2018a	LACTOSECAT-PWY	4	72	80
ThomasAM_2018a	PWY-7165	7	18	80
ThomasAM_2018a	P23-PWY	13	45	80
ThomasAM_2018a	PWY-5265	17	27	80
ThomasAM_2018a	PWY3DJ-35471	10	29	80
ThomasAM_2018a	TEICHOICACID-PWY	12	76	80
ThomasAM_2018a	PWY-7332	20	59	80
ThomasAM_2018a	PWY0-41	8	40	80
ThomasAM_2018a	PWY-5121	12	57	80
ThomasAM_2018a	PWY-7456	7	76	80
ThomasAM_2018a	PWY0-1533	4	40	80
ThomasAM_2018a	PWY-6270	10	57	80
ThomasAM_2018a	PWY-5392	13	34	80
ThomasAM_2018a	PWY-7392	13	55	80
ThomasAM_2018a	P162-PWY	10	53	80
ThomasAM_2018a	PWY-6595	6	72	80
ThomasAM_2018a	P163-PWY	10	34	80
ThomasAM_2018a	PWY-5088	11	26	80
ThomasAM_2018a	PWY-7210	8	61	80
ThomasAM_2018a	PWY-5941	6	71	80
ThomasAM_2018a	PWY-7269	5	44	80
ThomasAM_2018a	ALLANTOINDEG-PWY	7	48	80
ThomasAM_2018a	PWY-5692	4	37	80
ThomasAM_2018a	URDEGR-PWY	4	37	80
ThomasAM_2018a	P562-PWY	7	11	80
ThomasAM_2018a	PWY66-389	4	60	80
ThomasAM_2018a	P221-PWY	5	48	80
ThomasAM_2018a	PWY-5005	8	65	80
ThomasAM_2018a	PWY-6470	17	69	80
ThomasAM_2018a	PWY-7316	4	34	80
ThomasAM_2018a	PWY66-367	5	20	80
ThomasAM_2018a	PWY-622	10	49	80
ThomasAM_2018a	P124-PWY	15	58	80
ThomasAM_2018a	PWY-6953	5	10	80
ThomasAM_2018a	POLYAMINSYN3-PWY	8	62	80
ThomasAM_2018a	PWY0-881	17	33	80
ThomasAM_2018a	PWY-6143	6	25	80
ThomasAM_2018a	PWY-4722	5	8	80
ThomasAM_2018a	PWY-6478	4	24	80
ThomasAM_2018a	3-HYDROXYPHENYLACETATE-DEGRADATION-PWY	8	30	80
ThomasAM_2018a	P125-PWY	5	26	80
ThomasAM_2018a	PWY-5464	24	49	80
ThomasAM_2018a	PWY66-398	11	45	80
ThomasAM_2018a	PWY-6263	11	57	80
ThomasAM_2018a	PWY-7209	5	57	80
ThomasAM_2018a	PWY-7294	7	16	80
ThomasAM_2018a	PWY-7371	5	44	80
ThomasAM_2018a	METH-ACETATE-PWY	6	53	80
ThomasAM_2018a	PWY-6906	8	6	80
ThomasAM_2018a	PWY490-3	4	39	80
ThomasAM_2018a	UDPNACETYLGALSYN-PWY	6	9	80
ThomasAM_2018a	PWY-5180	7	8	80
ThomasAM_2018a	PWY-5182	10	8	80
ThomasAM_2018a	PWY66-388	7	19	80
ThomasAM_2018a	PWY-5415	5	8	80
ThomasAM_2018a	URSIN-PWY	7	14	80
ThomasAM_2018a	PWY-6572	8	58	80
ThomasAM_2018a	PWY-6415	10	27	80
ThomasAM_2018a	PWY-7312	4	40	80
ThomasAM_2018a	THREOCAT-PWY	19	28	80
ThomasAM_2018a	PWY-2221	9	7	80
ThomasAM_2018a	PWY-7031	6	6	80
ThomasAM_2018a	PWY-6071	12	20	80
ThomasAM_2018a	PWY0-321	10	20	80
ThomasAM_2018a	PWY-7345	15	10	80
ThomasAM_2018a	PWY-3801	19	10	80
ThomasAM_2018a	PWY-7200	9	12	80
ThomasAM_2018a	RUMP-PWY	6	16	80
ThomasAM_2018a	PWY-5910	10	11	80
ThomasAM_2018a	PWY-922	7	12	80
ThomasAM_2018a	PWY-7399	5	10	80
ThomasAM_2018a	PWY-6435	5	13	80
ThomasAM_2018a	PROTOCATECHUATE-ORTHO-CLEAVAGE-PWY	4	28	80
ThomasAM_2018a	P621-PWY	7	14	80
ThomasAM_2018a	PWY-5178	10	2	80
ThomasAM_2018a	LIPASYN-PWY	5	5	80
ThomasAM_2018a	PWY-7391	8	3	80
ThomasAM_2018a	PWY-4321	5	12	80
ThomasAM_2018a	PWY-5417	6	18	80
ThomasAM_2018a	PWY-5431	6	18	80
ThomasAM_2018a	PWY-5181	12	14	80
ThomasAM_2018a	CATECHOL-ORTHO-CLEAVAGE-PWY	4	21	80
ThomasAM_2018a	PWY-1541	6	5	80
ThomasAM_2018a	PWY-6185	7	15	80
ThomasAM_2018a	PWY-6562	6	14	80
ThomasAM_2018a	PWY-6182	7	14	80
ThomasAM_2018a	PWY5F9-12	5	2	80
ThomasAM_2018a	PWY-6215	4	14	80
ThomasAM_2018a	PWY-7039	5	18	80
ThomasAM_2018a	PWY-5654	4	4	80
ThomasAM_2018a	PWY-6210	4	6	80
ThomasAM_2018a	PWY-6281	4	2	80
ThomasAM_2018a	PWY-5101	8	4	80
ThomasAM_2018a	PWY-6467	5	2	80
ThomasAM_2018a	PROPFERM-PWY	10	18	80
ThomasAM_2018a	PWY-7290	6	2	80
ThomasAM_2018a	PWY-7374	6	2	80
ThomasAM_2018a	DENITRIFICATION-PWY	5	13	80
ThomasAM_2018a	PWY1G-0	6	5	80
ThomasAM_2018a	PWY-7245	8	12	80
ThomasAM_2018a	PWY-7268	5	12	80
ThomasAM_2018a	DHGLUCONATE-PYR-CAT-PWY	5	2	80
ThomasAM_2018a	PWY-5055	9	3	80
ThomasAM_2018a	P165-PWY	18	5	80
ThomasAM_2018a	PWY-6748	5	6	80
ThomasAM_2018a	PWY-6662	11	5	80
ThomasAM_2018a	VALDEG-PWY	8	5	80
ThomasAM_2018a	TYRFUMCAT-PWY	5	5	80
ThomasAM_2018a	PWY-6396	9	6	80
ThomasAM_2018a	CODH-PWY	10	2	80
ThomasAM_2018a	PWY-1501	5	1	80
ThomasAM_2018a	CRNFORCAT-PWY	4	8	80
ThomasAM_2018a	PWY-6269	10	1	80
ThomasAM_2018a	PWY-6138	5	2	80
ThomasAM_2018a	PWY-6797	7	2	80
ThomasAM_2018a	PWY-7389	17	2	80
ThomasAM_2018a	PWY-7384	10	2	80
ThomasAM_2018a	PWY-5028	5	3	80
ThomasAM_2018a	PWY-5534	7	1	80
ThomasAM_2018a	PWY-6107	7	1	80
ThomasAM_2018a	PWY-5514	8	2	80
ThomasAM_2018a	PWY-101	4	4	80
ThomasAM_2018a	PWY-6565	8	1	80
ThomasAM_2018a	PWY-4361	8	2	80
ThomasAM_2018a	PWY-7527	12	1	80
ThomasAM_2018a	PWY1F-823	4	1	80
ThomasAM_2018a	PWY-5532	10	1	80
ThomasAM_2018b	PWY-1042	10	60	60
ThomasAM_2018b	ILEUSYN-PWY	7	60	60
ThomasAM_2018b	PWY-7111	5	60	60
ThomasAM_2018b	VALSYN-PWY	4	60	60
ThomasAM_2018b	PWY-5686	6	60	60
ThomasAM_2018b	PWY-6163	5	60	60
ThomasAM_2018b	PWY-6609	4	60	60
ThomasAM_2018b	PWY-6386	8	60	60
ThomasAM_2018b	PWY-7221	4	60	60
ThomasAM_2018b	PWY-6387	8	60	60
ThomasAM_2018b	ARO-PWY	7	60	60
ThomasAM_2018b	TRNA-CHARGING-PWY	21	60	60
ThomasAM_2018b	PEPTIDOGLYCANSYN-PWY	10	60	60
ThomasAM_2018b	DTDPRHAMSYN-PWY	4	60	60
ThomasAM_2018b	PWY-6700	4	60	60
ThomasAM_2018b	BRANCHED-CHAIN-AA-SYN-PWY	19	60	60
ThomasAM_2018b	CALVIN-PWY	13	60	60
ThomasAM_2018b	PWY-6385	14	60	60
ThomasAM_2018b	COA-PWY-1	5	60	60
ThomasAM_2018b	COMPLETE-ARO-PWY	17	60	60
ThomasAM_2018b	PWY-6151	4	60	60
ThomasAM_2018b	PWY-5103	7	60	60
ThomasAM_2018b	PWY-5667	4	60	60
ThomasAM_2018b	PWY0-1319	4	60	60
ThomasAM_2018b	PWY-5097	7	60	60
ThomasAM_2018b	PWY-6121	5	60	60
ThomasAM_2018b	PWY-3841	11	60	60
ThomasAM_2018b	ARGSYN-PWY	9	60	60
ThomasAM_2018b	PWY-7400	14	60	60
ThomasAM_2018b	RIBOSYN2-PWY	9	60	60
ThomasAM_2018b	ARGSYNBSUB-PWY	9	60	60
ThomasAM_2018b	PWY-6122	5	60	60
ThomasAM_2018b	PWY-6277	5	60	60
ThomasAM_2018b	1CMET2-PWY	9	60	60
ThomasAM_2018b	PWY-2942	8	60	60
ThomasAM_2018b	PANTOSYN-PWY	9	60	60
ThomasAM_2018b	PANTO-PWY	4	60	60
ThomasAM_2018b	COA-PWY	4	60	60
ThomasAM_2018b	PWY-5695	4	60	60
ThomasAM_2018b	PWY-7229	8	60	60
ThomasAM_2018b	PWY0-1586	12	60	60
ThomasAM_2018b	PWY-6168	9	60	60
ThomasAM_2018b	PWY-724	10	60	60
ThomasAM_2018b	ANAGLYCOLYSIS-PWY	11	60	60
ThomasAM_2018b	PWY-6123	6	60	60
ThomasAM_2018b	PWY-6126	8	60	60
ThomasAM_2018b	GLUTORN-PWY	5	60	60
ThomasAM_2018b	HISTSYN-PWY	11	60	60
ThomasAM_2018b	PWY-3001	13	60	60
ThomasAM_2018b	PWY-6124	5	60	60
ThomasAM_2018b	PWY-7220	4	60	60
ThomasAM_2018b	PWY-7222	4	60	60
ThomasAM_2018b	GLYCOGENSYNTH-PWY	4	60	60
ThomasAM_2018b	PWY-5973	5	60	60
ThomasAM_2018b	THRESYN-PWY	6	60	60
ThomasAM_2018b	PYRIDNUCSYN-PWY	6	60	60
ThomasAM_2018b	PWY-6317	5	60	60
ThomasAM_2018b	ANAEROFRUCAT-PWY	14	60	60
ThomasAM_2018b	NONOXIPENT-PWY	5	60	60
ThomasAM_2018b	PWY-6527	7	60	60
ThomasAM_2018b	PWY-6703	4	60	60
ThomasAM_2018b	SER-GLYSYN-PWY	4	60	60
ThomasAM_2018b	PWY-7357	6	60	60
ThomasAM_2018b	PWY-5154	9	60	60
ThomasAM_2018b	PWY-6936	5	60	60
ThomasAM_2018b	HSERMETANA-PWY	4	60	60
ThomasAM_2018b	OANTIGEN-PWY	10	60	60
ThomasAM_2018b	PWY-6897	5	60	60
ThomasAM_2018b	PWY-7237	10	60	60
ThomasAM_2018b	THISYN-PWY	12	60	60
ThomasAM_2018b	COBALSYN-PWY	9	60	60
ThomasAM_2018b	THISYNARA-PWY	7	60	60
ThomasAM_2018b	GLYCOLYSIS	12	60	60
ThomasAM_2018b	TRPSYN-PWY	7	60	60
ThomasAM_2018b	GLUCONEO-PWY	13	60	60
ThomasAM_2018b	PWY-5971	31	57	60
ThomasAM_2018b	PWYG-321	205	60	60
ThomasAM_2018b	PWY-7664	14	60	60
ThomasAM_2018b	PWY-6892	8	60	60
ThomasAM_2018b	ARGININE-SYN4-PWY	4	60	60
ThomasAM_2018b	DENOVOPURINE2-PWY	27	60	60
ThomasAM_2018b	PWY-5484	11	60	60
ThomasAM_2018b	PWY-841	21	60	60
ThomasAM_2018b	PWY0-862	6	60	60
ThomasAM_2018b	BIOTIN-BIOSYNTHESIS-PWY	16	60	60
ThomasAM_2018b	PWY-6282	9	60	60
ThomasAM_2018b	FASYN-INITIAL-PWY	6	60	60
ThomasAM_2018b	PWY-6519	11	60	60
ThomasAM_2018b	PHOSLIPSYN-PWY	10	60	60
ThomasAM_2018b	UDPNAGSYN-PWY	5	60	60
ThomasAM_2018b	PWY-5989	6	60	60
ThomasAM_2018b	PWY0-162	9	60	60
ThomasAM_2018b	MET-SAM-PWY	9	60	60
ThomasAM_2018b	PWY-6305	4	60	60
ThomasAM_2018b	PWY-5347	9	60	60
ThomasAM_2018b	ARG+POLYAMINE-SYN	17	60	60
ThomasAM_2018b	METSYN-PWY	8	60	60
ThomasAM_2018b	PWY-7187	7	60	60
ThomasAM_2018b	PWY0-166	14	60	60
ThomasAM_2018b	PWY-6113	268	57	60
ThomasAM_2018b	PWY-6895	11	60	60
ThomasAM_2018b	PWY-6353	11	60	60
ThomasAM_2018b	PWY-6125	8	60	60
ThomasAM_2018b	HEXITOLDEGSUPER-PWY	19	60	60
ThomasAM_2018b	PWY-7228	6	60	60
ThomasAM_2018b	PWY66-409	17	60	60
ThomasAM_2018b	PWY4FS-7	6	60	60
ThomasAM_2018b	PWY4FS-8	6	60	60
ThomasAM_2018b	PRPP-PWY	49	60	60
ThomasAM_2018b	RHAMCAT-PWY	5	60	60
ThomasAM_2018b	PWY-6471	16	60	60
ThomasAM_2018b	CITRULBIO-PWY	8	60	60
ThomasAM_2018b	PWY-5188	6	60	60
ThomasAM_2018b	GLCMANNANAUT-PWY	5	60	60
ThomasAM_2018b	SALVADEHYPOX-PWY	5	60	60
ThomasAM_2018b	PWY0-1261	12	60	60
ThomasAM_2018b	PWY-6901	17	60	60
ThomasAM_2018b	COLANSYN-PWY	12	60	60
ThomasAM_2018b	P441-PWY	21	60	60
ThomasAM_2018b	PWY-4984	5	60	60
ThomasAM_2018b	DAPLYSINESYN-PWY	9	60	60
ThomasAM_2018b	PWY-7282	10	60	60
ThomasAM_2018b	PWY-5104	6	60	60
ThomasAM_2018b	PWY-5505	7	60	60
ThomasAM_2018b	POLYAMSYN-PWY	8	60	60
ThomasAM_2018b	PWY-7184	9	60	60
ThomasAM_2018b	PWY-5345	12	52	60
ThomasAM_2018b	PWY66-399	12	60	60
ThomasAM_2018b	METH-ACETATE-PWY	6	60	60
ThomasAM_2018b	PWY-6545	9	60	60
ThomasAM_2018b	HOMOSER-METSYN-PWY	5	60	60
ThomasAM_2018b	PWY-4041	6	60	60
ThomasAM_2018b	PWY-5659	4	60	60
ThomasAM_2018b	PWY-7323	6	60	60
ThomasAM_2018b	PWY-7234	6	60	60
ThomasAM_2018b	PWY-6628	10	43	60
ThomasAM_2018b	GLUCUROCAT-PWY	7	60	60
ThomasAM_2018b	PWY-7456	7	60	60
ThomasAM_2018b	TCA	11	60	60
ThomasAM_2018b	P461-PWY	20	60	60
ThomasAM_2018b	PWY-2941	9	60	60
ThomasAM_2018b	PWY0-1061	6	60	60
ThomasAM_2018b	P164-PWY	15	60	60
ThomasAM_2018b	GALACT-GLUCUROCAT-PWY	11	60	60
ThomasAM_2018b	SULFATE-CYS-PWY	9	52	60
ThomasAM_2018b	PWY-7211	18	60	60
ThomasAM_2018b	PWY-6606	4	60	60
ThomasAM_2018b	PWY-6629	14	35	60
ThomasAM_2018b	PYRIDNUCSAL-PWY	7	60	60
ThomasAM_2018b	FERMENTATION-PWY	17	60	60
ThomasAM_2018b	PWY-6969	10	58	60
ThomasAM_2018b	PWY0-1297	7	60	60
ThomasAM_2018b	FAO-PWY	7	60	60
ThomasAM_2018b	PWY0-781	25	60	60
ThomasAM_2018b	GLYCOLYSIS-E-D	16	60	60
ThomasAM_2018b	PENTOSE-P-PWY	8	60	60
ThomasAM_2018b	PWY-7383	7	60	60
ThomasAM_2018b	PWY-5136	5	60	60
ThomasAM_2018b	PWY-6470	17	60	60
ThomasAM_2018b	P4-PWY	18	60	60
ThomasAM_2018b	PWY-6549	10	60	60
ThomasAM_2018b	PWY0-845	11	60	60
ThomasAM_2018b	PWY-6284	20	57	60
ThomasAM_2018b	PWY-6147	5	60	60
ThomasAM_2018b	PWY-6285	53	28	60
ThomasAM_2018b	POLYAMINSYN3-PWY	8	52	60
ThomasAM_2018b	PWY-5690	10	60	60
ThomasAM_2018b	PWY-7196	10	60	60
ThomasAM_2018b	PWY-1269	5	60	60
ThomasAM_2018b	FUC-RHAMCAT-PWY	12	60	60
ThomasAM_2018b	PWY-1861	9	59	60
ThomasAM_2018b	PYRIDOXSYN-PWY	7	60	60
ThomasAM_2018b	LACTOSECAT-PWY	4	60	60
ThomasAM_2018b	GLYCOLYSIS-TCA-GLYOX-BYPASS	26	39	60
ThomasAM_2018b	PWY-7117	14	60	60
ThomasAM_2018b	HISDEG-PWY	4	60	60
ThomasAM_2018b	PWY-6891	7	60	60
ThomasAM_2018b	PWY-5838	10	50	60
ThomasAM_2018b	PWY-5913	9	60	60
ThomasAM_2018b	GLYCOCAT-PWY	8	58	60
ThomasAM_2018b	PWY-241	7	60	60
ThomasAM_2018b	PWY-7115	11	60	60
ThomasAM_2018b	ENTBACSYN-PWY	11	28	60
ThomasAM_2018b	PWY-5897	10	50	60
ThomasAM_2018b	PWY-5898	10	50	60
ThomasAM_2018b	PWY-5899	10	50	60
ThomasAM_2018b	PWY-5030	6	60	60
ThomasAM_2018b	PWY-6590	9	60	60
ThomasAM_2018b	FUCCAT-PWY	4	60	60
ThomasAM_2018b	FOLSYN-PWY	12	58	60
ThomasAM_2018b	P42-PWY	7	58	60
ThomasAM_2018b	PPGPPMET-PWY	6	60	60
ThomasAM_2018b	PWY-5723	10	41	60
ThomasAM_2018b	PWY-6630	10	37	60
ThomasAM_2018b	SO4ASSIM-PWY	4	52	60
ThomasAM_2018b	TEICHOICACID-PWY	12	60	60
ThomasAM_2018b	POLYISOPRENSYN-PWY	6	60	60
ThomasAM_2018b	PWY0-1479	10	59	60
ThomasAM_2018b	HEMESYN2-PWY	4	60	60
ThomasAM_2018b	CENTFERM-PWY	7	60	60
ThomasAM_2018b	P105-PWY	10	36	60
ThomasAM_2018b	KETOGLUCONMET-PWY	8	35	60
ThomasAM_2018b	PWY-5861	9	50	60
ThomasAM_2018b	PWY-7003	16	60	60
ThomasAM_2018b	NAGLIPASYN-PWY	6	60	60
ThomasAM_2018b	TCA-GLYOX-BYPASS	13	39	60
ThomasAM_2018b	PWY-5845	10	43	60
ThomasAM_2018b	PWY-7254	10	40	60
ThomasAM_2018b	PWY-6731	4	58	60
ThomasAM_2018b	PWY-6612	10	58	60
ThomasAM_2018b	PWY-7328	6	60	60
ThomasAM_2018b	PWY-561	15	35	60
ThomasAM_2018b	GALACTARDEG-PWY	4	50	60
ThomasAM_2018b	GLUCARGALACTSUPER-PWY	4	50	60
ThomasAM_2018b	PWY-5918	10	45	60
ThomasAM_2018b	PWY-7013	5	60	60
ThomasAM_2018b	P108-PWY	7	60	60
ThomasAM_2018b	GOLPDLCAT-PWY	4	60	60
ThomasAM_2018b	PWY-5840	10	47	60
ThomasAM_2018b	PWY-5850	10	32	60
ThomasAM_2018b	PWY-5896	10	32	60
ThomasAM_2018b	PWY-6803	4	37	60
ThomasAM_2018b	PWY-5384	4	60	60
ThomasAM_2018b	GLUCOSE1PMETAB-PWY	5	59	60
ThomasAM_2018b	PWY-4702	14	42	60
ThomasAM_2018b	P185-PWY	12	60	60
ThomasAM_2018b	PWY0-1298	6	60	60
ThomasAM_2018b	PWY-5367	6	57	60
ThomasAM_2018b	HEME-BIOSYNTHESIS-II	4	51	60
ThomasAM_2018b	PWY-5464	24	51	60
ThomasAM_2018b	METHGLYUT-PWY	8	56	60
ThomasAM_2018b	PWY-7315	4	59	60
ThomasAM_2018b	GLUCARDEG-PWY	4	50	60
ThomasAM_2018b	PWY-6531	5	55	60
ThomasAM_2018b	PWY-5862	9	43	60
ThomasAM_2018b	NAD-BIOSYNTHESIS-II	5	58	60
ThomasAM_2018b	PWY-6859	4	59	60
ThomasAM_2018b	PWY-5005	8	58	60
ThomasAM_2018b	PWY-5022	7	60	60
ThomasAM_2018b	PWY-7332	20	44	60
ThomasAM_2018b	PWY-5863	16	50	60
ThomasAM_2018b	PWY-5189	4	53	60
ThomasAM_2018b	GLUDEG-I-PWY	4	60	60
ThomasAM_2018b	PWY-5837	7	50	60
ThomasAM_2018b	P621-PWY	7	39	60
ThomasAM_2018b	PWY-5675	4	41	60
ThomasAM_2018b	PWY-5860	9	32	60
ThomasAM_2018b	PWY-821	11	46	60
ThomasAM_2018b	PWY66-398	11	43	60
ThomasAM_2018b	PWY-6588	5	60	60
ThomasAM_2018b	PWY-7204	9	34	60
ThomasAM_2018b	PWY0-1415	6	36	60
ThomasAM_2018b	PWY-7385	9	40	60
ThomasAM_2018b	PWY-7198	7	60	60
ThomasAM_2018b	PWY4LZ-257	9	60	60
ThomasAM_2018b	P23-PWY	13	41	60
ThomasAM_2018b	PWY0-1241	5	60	60
ThomasAM_2018b	PWY-5656	4	29	60
ThomasAM_2018b	REDCITCYC	10	45	60
ThomasAM_2018b	PWY-5920	8	31	60
ThomasAM_2018b	P161-PWY	5	60	60
ThomasAM_2018b	PWY-7312	4	29	60
ThomasAM_2018b	ALLANTOINDEG-PWY	7	33	60
ThomasAM_2018b	PWY0-42	5	31	60
ThomasAM_2018b	PWY-5747	6	35	60
ThomasAM_2018b	PWY-5265	17	27	60
ThomasAM_2018b	PWY-7094	6	32	60
ThomasAM_2018b	AST-PWY	5	28	60
ThomasAM_2018b	ECASYN-PWY	10	23	60
ThomasAM_2018b	P125-PWY	5	44	60
ThomasAM_2018b	PWY-5941	6	58	60
ThomasAM_2018b	PWY-6415	10	30	60
ThomasAM_2018b	P122-PWY	18	32	60
ThomasAM_2018b	RUMP-PWY	6	54	60
ThomasAM_2018b	NONMEVIPP-PWY	9	58	60
ThomasAM_2018b	PWY-5138	5	44	60
ThomasAM_2018b	PWY-5910	10	34	60
ThomasAM_2018b	PWY-7560	9	58	60
ThomasAM_2018b	P562-PWY	7	11	60
ThomasAM_2018b	PWY-7446	5	24	60
ThomasAM_2018b	PWY-5121	12	58	60
ThomasAM_2018b	GLYCOL-GLYOXDEG-PWY	4	34	60
ThomasAM_2018b	PWY-5392	13	28	60
ThomasAM_2018b	PWY-922	7	34	60
ThomasAM_2018b	P124-PWY	15	58	60
ThomasAM_2018b	PWY-6823	6	24	60
ThomasAM_2018b	UBISYN-PWY	13	29	60
ThomasAM_2018b	PWY-5705	4	31	60
ThomasAM_2018b	KDO-NAGLIPASYN-PWY	17	27	60
ThomasAM_2018b	PWY-5855	8	31	60
ThomasAM_2018b	PWY-5856	8	31	60
ThomasAM_2018b	PWY-5857	8	31	60
ThomasAM_2018b	PWY-6708	8	31	60
ThomasAM_2018b	PWY-7392	13	57	60
ThomasAM_2018b	PWY3DJ-35471	10	15	60
ThomasAM_2018b	PWY-6263	11	45	60
ThomasAM_2018b	PWY-6270	10	58	60
ThomasAM_2018b	PWY0-41	8	23	60
ThomasAM_2018b	PWY-6572	8	38	60
ThomasAM_2018b	PWY490-3	4	26	60
ThomasAM_2018b	PWY-5692	4	24	60
ThomasAM_2018b	URDEGR-PWY	4	24	60
ThomasAM_2018b	PROPFERM-PWY	10	31	60
ThomasAM_2018b	PWY-7399	5	8	60
ThomasAM_2018b	PWY-7371	5	35	60
ThomasAM_2018b	PWY-6837	5	29	60
ThomasAM_2018b	PWY-7209	5	50	60
ThomasAM_2018b	PWY-5004	12	34	60
ThomasAM_2018b	PWY-6143	6	37	60
ThomasAM_2018b	LPSSYN-PWY	26	22	60
ThomasAM_2018b	PWY-7316	4	27	60
ThomasAM_2018b	PWY0-1533	4	17	60
ThomasAM_2018b	PWY1F-823	4	2	60
ThomasAM_2018b	PROTOCATECHUATE-ORTHO-CLEAVAGE-PWY	4	12	60
ThomasAM_2018b	PWY66-389	4	48	60
ThomasAM_2018b	P221-PWY	5	34	60
ThomasAM_2018b	PWY-622	10	50	60
ThomasAM_2018b	P162-PWY	10	37	60
ThomasAM_2018b	PWY-6167	10	22	60
ThomasAM_2018b	PWY-5101	8	31	60
ThomasAM_2018b	PWY-7391	8	13	60
ThomasAM_2018b	PWY66-391	7	33	60
ThomasAM_2018b	PWY-6165	12	18	60
ThomasAM_2018b	METHANOGENESIS-PWY	6	26	60
ThomasAM_2018b	PWY-7286	4	25	60
ThomasAM_2018b	PWY-6349	6	25	60
ThomasAM_2018b	PWY-6174	7	14	60
ThomasAM_2018b	PWY-5198	6	25	60
ThomasAM_2018b	PWY0-881	17	25	60
ThomasAM_2018b	PWY-6595	6	57	60
ThomasAM_2018b	PWY-7200	9	3	60
ThomasAM_2018b	PWY-6953	5	14	60
ThomasAM_2018b	PWY-4722	5	19	60
ThomasAM_2018b	PWY-6749	10	26	60
ThomasAM_2018b	PWY-7210	8	44	60
ThomasAM_2018b	PWY66-367	5	20	60
ThomasAM_2018b	AEROBACTINSYN-PWY	4	8	60
ThomasAM_2018b	PWY-6876	5	23	60
ThomasAM_2018b	PWY-7269	5	25	60
ThomasAM_2018b	PWY-3781	4	24	60
ThomasAM_2018b	PWY-5677	7	21	60
ThomasAM_2018b	PWY-6906	8	5	60
ThomasAM_2018b	UDPNACETYLGALSYN-PWY	6	8	60
ThomasAM_2018b	PWY-6318	9	30	60
ThomasAM_2018b	PWY-7374	6	2	60
ThomasAM_2018b	PWY0-1338	6	22	60
ThomasAM_2018b	PWY-7279	4	10	60
ThomasAM_2018b	CRNFORCAT-PWY	4	11	60
ThomasAM_2018b	PWY-6435	5	20	60
ThomasAM_2018b	P163-PWY	10	15	60
ThomasAM_2018b	ORNDEG-PWY	9	27	60
ThomasAM_2018b	ARGDEG-PWY	11	26	60
ThomasAM_2018b	ORNARGDEG-PWY	11	26	60
ThomasAM_2018b	PWY-3801	19	2	60
ThomasAM_2018b	THREOCAT-PWY	19	17	60
ThomasAM_2018b	PWY-7345	15	2	60
ThomasAM_2018b	PWY0-1277	9	25	60
ThomasAM_2018b	HCAMHPDEG-PWY	5	25	60
ThomasAM_2018b	PWY-6690	5	25	60
ThomasAM_2018b	URSIN-PWY	7	4	60
ThomasAM_2018b	PWY-7165	7	3	60
ThomasAM_2018b	PWY-5181	12	3	60
ThomasAM_2018b	PWY-5417	6	4	60
ThomasAM_2018b	PWY-5431	6	4	60
ThomasAM_2018b	PWY-4321	5	4	60
ThomasAM_2018b	PWY-7039	5	2	60
ThomasAM_2018b	3-HYDROXYPHENYLACETATE-DEGRADATION-PWY	8	13	60
ThomasAM_2018b	PWY-6185	7	3	60
ThomasAM_2018b	PWY-6182	7	2	60
ThomasAM_2018b	CATECHOL-ORTHO-CLEAVAGE-PWY	4	4	60
ThomasAM_2018b	PWY-6071	12	7	60
ThomasAM_2018b	PWY0-321	10	7	60
ThomasAM_2018b	PWY-1541	6	2	60
ThomasAM_2018b	PWY66-388	7	18	60
ThomasAM_2018b	PWY-6215	4	4	60
ThomasAM_2018b	PWY-6562	6	16	60
ThomasAM_2018b	PWY-5514	8	4	60
ThomasAM_2018b	LIPASYN-PWY	5	4	60
ThomasAM_2018b	PWY-6478	4	13	60
ThomasAM_2018b	PWY-101	4	8	60
ThomasAM_2018b	PWY-5088	11	13	60
ThomasAM_2018b	PWY-5654	4	4	60
ThomasAM_2018b	PWY-6210	4	5	60
ThomasAM_2018b	PWY-5180	7	7	60
ThomasAM_2018b	PWY-5182	10	8	60
ThomasAM_2018b	PWY-5028	5	3	60
ThomasAM_2018b	PWY-5415	5	11	60
ThomasAM_2018b	PWY-4361	8	1	60
ThomasAM_2018b	PWY-5534	7	1	60
ThomasAM_2018b	PWY-1501	5	1	60
ThomasAM_2018b	PWY-5178	10	1	60
ThomasAM_2018b	PWY-5532	10	1	60
ThomasAM_2018b	PWY-6281	4	1	60
ThomasAM_2018b	PWY-7031	6	4	60
ThomasAM_2018b	PWY-6396	9	7	60
ThomasAM_2018b	PWY-2221	9	3	60
ThomasAM_2018b	PWY-7294	7	7	60
ThomasAM_2018b	PWY-6138	5	3	60
ThomasAM_2018b	P261-PWY	7	3	60
ThomasAM_2018b	DENITRIFICATION-PWY	5	2	60
ThomasAM_2018b	PWY-6565	8	2	60
ThomasAM_2018b	PWY-7218	26	3	60
ThomasAM_2018b	PHOTOALL-PWY	17	3	60
ThomasAM_2018b	PWY-6797	7	2	60
ThomasAM_2018b	PWY-7317	8	2	60
ThomasAM_2018b	PWY-7389	17	1	60
ThomasAM_2018b	PWY-7384	10	1	60
ThomasAM_2018b	DHGLUCONATE-PYR-CAT-PWY	5	1	60
ThomasAM_2018b	PWY1G-0	6	2	60
ThomasAM_2019_c	ILEUSYN-PWY	7	80	80
ThomasAM_2019_c	PWY-7111	5	80	80
ThomasAM_2019_c	VALSYN-PWY	4	80	80
ThomasAM_2019_c	PWY-1042	10	80	80
ThomasAM_2019_c	TRNA-CHARGING-PWY	21	80	80
ThomasAM_2019_c	PWY-5686	6	80	80
ThomasAM_2019_c	PWY-7229	8	80	80
ThomasAM_2019_c	CALVIN-PWY	13	80	80
ThomasAM_2019_c	PWY-6387	8	80	80
ThomasAM_2019_c	PEPTIDOGLYCANSYN-PWY	10	80	80
ThomasAM_2019_c	PWY-6386	8	80	80
ThomasAM_2019_c	PWY-6385	14	80	80
ThomasAM_2019_c	PWY-6609	4	80	80
ThomasAM_2019_c	PWY0-1586	12	80	80
ThomasAM_2019_c	PWY-6126	8	80	80
ThomasAM_2019_c	PWY-5695	4	80	80
ThomasAM_2019_c	PWY-7221	4	80	80
ThomasAM_2019_c	PWY-6122	5	80	80
ThomasAM_2019_c	PWY-6277	5	80	80
ThomasAM_2019_c	DTDPRHAMSYN-PWY	4	80	80
ThomasAM_2019_c	BRANCHED-CHAIN-AA-SYN-PWY	19	80	80
ThomasAM_2019_c	COA-PWY-1	5	80	80
ThomasAM_2019_c	PWY0-1319	4	80	80
ThomasAM_2019_c	PWY-5667	4	80	80
ThomasAM_2019_c	ARO-PWY	7	80	80
ThomasAM_2019_c	PWY-3841	11	80	80
ThomasAM_2019_c	PWY-6163	5	80	80
ThomasAM_2019_c	PWY-6121	5	80	80
ThomasAM_2019_c	COMPLETE-ARO-PWY	17	80	80
ThomasAM_2019_c	PWY-5103	7	80	80
ThomasAM_2019_c	1CMET2-PWY	9	80	80
ThomasAM_2019_c	COA-PWY	4	80	80
ThomasAM_2019_c	ANAGLYCOLYSIS-PWY	11	80	80
ThomasAM_2019_c	PWY-5097	7	80	80
ThomasAM_2019_c	PWY-2942	8	80	80
ThomasAM_2019_c	PWY-7220	4	80	80
ThomasAM_2019_c	PWY-7222	4	80	80
ThomasAM_2019_c	NONOXIPENT-PWY	5	80	80
ThomasAM_2019_c	PWY-7400	14	80	80
ThomasAM_2019_c	ARGSYN-PWY	9	80	80
ThomasAM_2019_c	PWY-3001	13	80	80
ThomasAM_2019_c	ARGSYNBSUB-PWY	9	80	80
ThomasAM_2019_c	PWY-6151	4	80	80
ThomasAM_2019_c	PWY-6700	4	80	80
ThomasAM_2019_c	ANAEROFRUCAT-PWY	14	80	80
ThomasAM_2019_c	PWY-724	10	80	80
ThomasAM_2019_c	GLYCOLYSIS	12	80	80
ThomasAM_2019_c	HISTSYN-PWY	11	80	80
ThomasAM_2019_c	PWY-5973	5	80	80
ThomasAM_2019_c	PANTOSYN-PWY	9	80	80
ThomasAM_2019_c	GLUTORN-PWY	5	80	80
ThomasAM_2019_c	RIBOSYN2-PWY	9	80	80
ThomasAM_2019_c	THRESYN-PWY	6	80	80
ThomasAM_2019_c	PWY-5484	11	80	80
ThomasAM_2019_c	PYRIDNUCSYN-PWY	6	80	80
ThomasAM_2019_c	PANTO-PWY	4	80	80
ThomasAM_2019_c	PHOSLIPSYN-PWY	10	80	80
ThomasAM_2019_c	GLUCONEO-PWY	13	80	80
ThomasAM_2019_c	DENOVOPURINE2-PWY	27	80	80
ThomasAM_2019_c	PWY-841	21	80	80
ThomasAM_2019_c	HSERMETANA-PWY	4	80	80
ThomasAM_2019_c	SALVADEHYPOX-PWY	5	80	80
ThomasAM_2019_c	PWY-6123	6	80	80
ThomasAM_2019_c	SER-GLYSYN-PWY	4	80	80
ThomasAM_2019_c	OANTIGEN-PWY	10	80	80
ThomasAM_2019_c	PWY-6936	5	80	80
ThomasAM_2019_c	PWYG-321	205	80	80
ThomasAM_2019_c	PWY-6168	9	80	80
ThomasAM_2019_c	PWY-5971	31	64	80
ThomasAM_2019_c	PWY-7664	14	80	80
ThomasAM_2019_c	PWY-6124	5	80	80
ThomasAM_2019_c	TRPSYN-PWY	7	80	80
ThomasAM_2019_c	PWY-6527	7	80	80
ThomasAM_2019_c	THISYN-PWY	12	80	80
ThomasAM_2019_c	PWY-6125	8	80	80
ThomasAM_2019_c	PWY0-166	14	80	80
ThomasAM_2019_c	PWY0-862	6	80	80
ThomasAM_2019_c	PWY-6317	5	80	80
ThomasAM_2019_c	PWY-6282	9	80	80
ThomasAM_2019_c	PWY-7187	7	80	80
ThomasAM_2019_c	PWY-5154	9	80	80
ThomasAM_2019_c	FASYN-INITIAL-PWY	6	80	80
ThomasAM_2019_c	PWY-7228	6	80	80
ThomasAM_2019_c	PWY-6895	11	77	80
ThomasAM_2019_c	GLYCOGENSYNTH-PWY	4	80	80
ThomasAM_2019_c	HEXITOLDEGSUPER-PWY	19	80	80
ThomasAM_2019_c	PWY-6629	14	58	80
ThomasAM_2019_c	PWY4FS-7	6	80	80
ThomasAM_2019_c	PWY4FS-8	6	80	80
ThomasAM_2019_c	PWY-6897	5	80	80
ThomasAM_2019_c	UDPNAGSYN-PWY	5	80	80
ThomasAM_2019_c	PWY0-1261	12	80	80
ThomasAM_2019_c	PRPP-PWY	49	80	80
ThomasAM_2019_c	PWY-6901	17	80	80
ThomasAM_2019_c	ARG+POLYAMINE-SYN	17	79	80
ThomasAM_2019_c	MET-SAM-PWY	9	80	80
ThomasAM_2019_c	PWY-5989	6	80	80
ThomasAM_2019_c	PWY-6703	4	80	80
ThomasAM_2019_c	PWY-7357	6	80	80
ThomasAM_2019_c	PWY-5347	9	80	80
ThomasAM_2019_c	PWY-5345	12	73	80
ThomasAM_2019_c	PWY0-162	9	80	80
ThomasAM_2019_c	METSYN-PWY	8	80	80
ThomasAM_2019_c	P461-PWY	20	80	80
ThomasAM_2019_c	PWY-6353	11	80	80
ThomasAM_2019_c	PWY66-399	12	80	80
ThomasAM_2019_c	PWY-1269	5	80	80
ThomasAM_2019_c	PWY-7383	7	80	80
ThomasAM_2019_c	PWY-6113	268	64	80
ThomasAM_2019_c	GLYCOLYSIS-E-D	16	80	80
ThomasAM_2019_c	P441-PWY	21	80	80
ThomasAM_2019_c	PWY-7184	9	80	80
ThomasAM_2019_c	TCA	11	80	80
ThomasAM_2019_c	PENTOSE-P-PWY	8	80	80
ThomasAM_2019_c	PWY-7282	10	80	80
ThomasAM_2019_c	THISYNARA-PWY	7	80	80
ThomasAM_2019_c	PWY-6519	11	80	80
ThomasAM_2019_c	BIOTIN-BIOSYNTHESIS-PWY	16	80	80
ThomasAM_2019_c	SULFATE-CYS-PWY	9	73	80
ThomasAM_2019_c	GLYCOLYSIS-TCA-GLYOX-BYPASS	26	58	80
ThomasAM_2019_c	PWY-6628	10	65	80
ThomasAM_2019_c	PWY66-409	17	80	80
ThomasAM_2019_c	PWY-7234	6	80	80
ThomasAM_2019_c	COLANSYN-PWY	12	80	80
ThomasAM_2019_c	POLYAMSYN-PWY	8	79	80
ThomasAM_2019_c	PWY0-781	25	79	80
ThomasAM_2019_c	PWY-5104	6	80	80
ThomasAM_2019_c	DAPLYSINESYN-PWY	9	80	80
ThomasAM_2019_c	PWY-6892	8	80	80
ThomasAM_2019_c	PWY0-1297	7	80	80
ThomasAM_2019_c	PWY-5723	10	62	80
ThomasAM_2019_c	PWY-6305	4	80	80
ThomasAM_2019_c	P4-PWY	18	80	80
ThomasAM_2019_c	PWY-6630	10	60	80
ThomasAM_2019_c	PWY0-1479	10	80	80
ThomasAM_2019_c	PWY-7323	6	80	80
ThomasAM_2019_c	PWY-5913	9	79	80
ThomasAM_2019_c	PWY-5659	4	80	80
ThomasAM_2019_c	PYRIDNUCSAL-PWY	7	75	80
ThomasAM_2019_c	PWY-7117	14	79	80
ThomasAM_2019_c	CITRULBIO-PWY	8	80	80
ThomasAM_2019_c	FAO-PWY	7	80	80
ThomasAM_2019_c	PWY-6471	16	80	80
ThomasAM_2019_c	PWY-6891	7	77	80
ThomasAM_2019_c	PWY-7237	10	80	80
ThomasAM_2019_c	PWY-241	7	79	80
ThomasAM_2019_c	SO4ASSIM-PWY	4	73	80
ThomasAM_2019_c	PWY-6147	5	80	80
ThomasAM_2019_c	PWY0-845	11	80	80
ThomasAM_2019_c	PWY-6285	53	55	80
ThomasAM_2019_c	PWY-2941	9	80	80
ThomasAM_2019_c	GALACT-GLUCUROCAT-PWY	11	80	80
ThomasAM_2019_c	PWY-6969	10	78	80
ThomasAM_2019_c	GLCMANNANAUT-PWY	5	80	80
ThomasAM_2019_c	HISDEG-PWY	4	80	80
ThomasAM_2019_c	PWY-4041	6	80	80
ThomasAM_2019_c	HOMOSER-METSYN-PWY	5	80	80
ThomasAM_2019_c	PWY0-1298	6	80	80
ThomasAM_2019_c	PWY-5188	6	80	80
ThomasAM_2019_c	NAGLIPASYN-PWY	6	80	80
ThomasAM_2019_c	GLUCUROCAT-PWY	7	80	80
ThomasAM_2019_c	RHAMCAT-PWY	5	80	80
ThomasAM_2019_c	PWY4LZ-257	9	79	80
ThomasAM_2019_c	TCA-GLYOX-BYPASS	13	58	80
ThomasAM_2019_c	PWY-4984	5	80	80
ThomasAM_2019_c	PWY-6545	9	80	80
ThomasAM_2019_c	FERMENTATION-PWY	17	79	80
ThomasAM_2019_c	PWY-5136	5	80	80
ThomasAM_2019_c	PWY-5838	10	72	80
ThomasAM_2019_c	P161-PWY	5	79	80
ThomasAM_2019_c	COBALSYN-PWY	9	80	80
ThomasAM_2019_c	PWY-7456	7	80	80
ThomasAM_2019_c	PWY-5675	4	58	80
ThomasAM_2019_c	PYRIDOXSYN-PWY	7	80	80
ThomasAM_2019_c	PWY-821	11	69	80
ThomasAM_2019_c	FUC-RHAMCAT-PWY	12	80	80
ThomasAM_2019_c	PWY-5897	10	72	80
ThomasAM_2019_c	PWY-5898	10	72	80
ThomasAM_2019_c	PWY-5899	10	72	80
ThomasAM_2019_c	ARGININE-SYN4-PWY	4	80	80
ThomasAM_2019_c	GLUCOSE1PMETAB-PWY	5	77	80
ThomasAM_2019_c	P42-PWY	7	78	80
ThomasAM_2019_c	PWY-6606	4	80	80
ThomasAM_2019_c	PWY-4702	14	50	80
ThomasAM_2019_c	FUCCAT-PWY	4	80	80
ThomasAM_2019_c	PWY-5030	6	80	80
ThomasAM_2019_c	GLYCOCAT-PWY	8	78	80
ThomasAM_2019_c	PWY-6284	20	64	80
ThomasAM_2019_c	PWY-6876	5	50	80
ThomasAM_2019_c	PWY-5861	9	72	80
ThomasAM_2019_c	PWY-7211	18	80	80
ThomasAM_2019_c	ENTBACSYN-PWY	11	47	80
ThomasAM_2019_c	POLYISOPRENSYN-PWY	6	80	80
ThomasAM_2019_c	PWY-5840	10	72	80
ThomasAM_2019_c	PWY-5845	10	69	80
ThomasAM_2019_c	PWY-5850	10	52	80
ThomasAM_2019_c	PWY-5896	10	52	80
ThomasAM_2019_c	ORNDEG-PWY	9	42	80
ThomasAM_2019_c	GALACTARDEG-PWY	4	79	80
ThomasAM_2019_c	GLUCARGALACTSUPER-PWY	4	79	80
ThomasAM_2019_c	PWY0-1061	6	79	80
ThomasAM_2019_c	PWY-7198	7	80	80
ThomasAM_2019_c	PWY-6549	10	80	80
ThomasAM_2019_c	PWY-561	15	54	80
ThomasAM_2019_c	PWY-6531	5	77	80
ThomasAM_2019_c	ARGDEG-PWY	11	41	80
ThomasAM_2019_c	ORNARGDEG-PWY	11	41	80
ThomasAM_2019_c	PWY-5918	10	67	80
ThomasAM_2019_c	P105-PWY	10	54	80
ThomasAM_2019_c	PWY-7115	11	79	80
ThomasAM_2019_c	PWY-5505	7	80	80
ThomasAM_2019_c	PWY-5180	7	19	80
ThomasAM_2019_c	PWY-5182	10	19	80
ThomasAM_2019_c	PWY-5189	4	67	80
ThomasAM_2019_c	P164-PWY	15	80	80
ThomasAM_2019_c	POLYAMINSYN3-PWY	8	67	80
ThomasAM_2019_c	PWY-5384	4	80	80
ThomasAM_2019_c	FOLSYN-PWY	12	76	80
ThomasAM_2019_c	PWY-5860	9	52	80
ThomasAM_2019_c	PWY-5862	9	69	80
ThomasAM_2019_c	HEMESYN2-PWY	4	79	80
ThomasAM_2019_c	PWY-7315	4	75	80
ThomasAM_2019_c	PWY-6803	4	59	80
ThomasAM_2019_c	PWY-7328	6	77	80
ThomasAM_2019_c	PWY0-1277	9	40	80
ThomasAM_2019_c	GLUDEG-I-PWY	4	73	80
ThomasAM_2019_c	PWY-6731	4	77	80
ThomasAM_2019_c	PWY-5690	10	80	80
ThomasAM_2019_c	PWY-7196	10	79	80
ThomasAM_2019_c	PWY-7210	8	65	80
ThomasAM_2019_c	PWY-7254	10	59	80
ThomasAM_2019_c	PWY-7385	9	51	80
ThomasAM_2019_c	PWY-5656	4	51	80
ThomasAM_2019_c	PWY-7204	9	49	80
ThomasAM_2019_c	PWY-6859	4	80	80
ThomasAM_2019_c	PWY-5022	7	80	80
ThomasAM_2019_c	GLUCARDEG-PWY	4	79	80
ThomasAM_2019_c	METHGLYUT-PWY	8	76	80
ThomasAM_2019_c	P108-PWY	7	78	80
ThomasAM_2019_c	PWY-5837	7	72	80
ThomasAM_2019_c	HEME-BIOSYNTHESIS-II	4	78	80
ThomasAM_2019_c	NAD-BIOSYNTHESIS-II	5	78	80
ThomasAM_2019_c	PWY-6612	10	76	80
ThomasAM_2019_c	PWY0-1415	6	68	80
ThomasAM_2019_c	PWY-5863	16	72	80
ThomasAM_2019_c	PWY-6470	17	80	80
ThomasAM_2019_c	HCAMHPDEG-PWY	5	40	80
ThomasAM_2019_c	PWY-6690	5	40	80
ThomasAM_2019_c	THREOCAT-PWY	19	28	80
ThomasAM_2019_c	TEICHOICACID-PWY	12	80	80
ThomasAM_2019_c	PPGPPMET-PWY	6	79	80
ThomasAM_2019_c	NONMEVIPP-PWY	9	76	80
ThomasAM_2019_c	3-HYDROXYPHENYLACETATE-DEGRADATION-PWY	8	27	80
ThomasAM_2019_c	PWY-5941	6	80	80
ThomasAM_2019_c	PWY0-1241	5	80	80
ThomasAM_2019_c	PWY-6590	9	79	80
ThomasAM_2019_c	P122-PWY	18	60	80
ThomasAM_2019_c	PWY-5367	6	64	80
ThomasAM_2019_c	PWY-7560	9	76	80
ThomasAM_2019_c	LACTOSECAT-PWY	4	80	80
ThomasAM_2019_c	PWY-7094	6	47	80
ThomasAM_2019_c	PWY0-42	5	47	80
ThomasAM_2019_c	PWY-6263	11	58	80
ThomasAM_2019_c	PWY-7269	5	33	80
ThomasAM_2019_c	PWY-5747	6	58	80
ThomasAM_2019_c	P23-PWY	13	56	80
ThomasAM_2019_c	CENTFERM-PWY	7	79	80
ThomasAM_2019_c	AST-PWY	5	50	80
ThomasAM_2019_c	LPSSYN-PWY	26	29	80
ThomasAM_2019_c	PWY-5464	24	70	80
ThomasAM_2019_c	PWY-5121	12	76	80
ThomasAM_2019_c	PWY-5138	5	75	80
ThomasAM_2019_c	REDCITCYC	10	65	80
ThomasAM_2019_c	PWY-7371	5	45	80
ThomasAM_2019_c	PWY-5392	13	41	80
ThomasAM_2019_c	PWY-7446	5	38	80
ThomasAM_2019_c	PWY-622	10	65	80
ThomasAM_2019_c	PWY-6595	6	74	80
ThomasAM_2019_c	PWY66-389	4	65	80
ThomasAM_2019_c	METH-ACETATE-PWY	6	78	80
ThomasAM_2019_c	KDO-NAGLIPASYN-PWY	17	45	80
ThomasAM_2019_c	GOLPDLCAT-PWY	4	80	80
ThomasAM_2019_c	PWY66-398	11	65	80
ThomasAM_2019_c	PWY-5920	8	53	80
ThomasAM_2019_c	UBISYN-PWY	13	44	80
ThomasAM_2019_c	ECASYN-PWY	10	48	80
ThomasAM_2019_c	GLYCOL-GLYOXDEG-PWY	4	48	80
ThomasAM_2019_c	PWY-7013	5	79	80
ThomasAM_2019_c	PWY-5855	8	47	80
ThomasAM_2019_c	PWY-5856	8	47	80
ThomasAM_2019_c	PWY-5857	8	47	80
ThomasAM_2019_c	PWY-6708	8	47	80
ThomasAM_2019_c	PWY-7392	13	76	80
ThomasAM_2019_c	PWY-6270	10	76	80
ThomasAM_2019_c	PWY-7003	16	76	80
ThomasAM_2019_c	PWY-1861	9	78	80
ThomasAM_2019_c	PWY66-391	7	70	80
ThomasAM_2019_c	PWY-6588	5	80	80
ThomasAM_2019_c	PWY-6823	6	49	80
ThomasAM_2019_c	KETOGLUCONMET-PWY	8	52	80
ThomasAM_2019_c	P221-PWY	5	53	80
ThomasAM_2019_c	PWY-7332	20	61	80
ThomasAM_2019_c	PWY-5910	10	44	80
ThomasAM_2019_c	PWY0-1338	6	41	80
ThomasAM_2019_c	PWY-6318	9	56	80
ThomasAM_2019_c	P185-PWY	12	76	80
ThomasAM_2019_c	PWY-7209	5	66	80
ThomasAM_2019_c	PWY-6837	5	45	80
ThomasAM_2019_c	PWY-6071	12	8	80
ThomasAM_2019_c	PWY-6572	8	68	80
ThomasAM_2019_c	PWY0-881	17	49	80
ThomasAM_2019_c	P162-PWY	10	55	80
ThomasAM_2019_c	P124-PWY	15	70	80
ThomasAM_2019_c	PWY0-321	10	8	80
ThomasAM_2019_c	PWY-922	7	44	80
ThomasAM_2019_c	PWY0-41	8	32	80
ThomasAM_2019_c	P163-PWY	10	31	80
ThomasAM_2019_c	PWY-5705	4	41	80
ThomasAM_2019_c	PWY-5677	7	61	80
ThomasAM_2019_c	PWY66-388	7	20	80
ThomasAM_2019_c	P125-PWY	5	63	80
ThomasAM_2019_c	PWY-5088	11	40	80
ThomasAM_2019_c	PWY-6143	6	39	80
ThomasAM_2019_c	P621-PWY	7	40	80
ThomasAM_2019_c	PROPFERM-PWY	10	49	80
ThomasAM_2019_c	PWY-6478	4	48	80
ThomasAM_2019_c	PWY66-367	5	41	80
ThomasAM_2019_c	PWY-5005	8	74	80
ThomasAM_2019_c	DENITRIFICATION-PWY	5	28	80
ThomasAM_2019_c	PWY-3781	4	46	80
ThomasAM_2019_c	PWY-7279	4	23	80
ThomasAM_2019_c	PWY-6138	5	11	80
ThomasAM_2019_c	RUMP-PWY	6	47	80
ThomasAM_2019_c	PWY-6215	4	11	80
ThomasAM_2019_c	CRNFORCAT-PWY	4	12	80
ThomasAM_2019_c	PWY-5692	4	30	80
ThomasAM_2019_c	URDEGR-PWY	4	30	80
ThomasAM_2019_c	PWY1G-0	6	24	80
ThomasAM_2019_c	PWY-5004	12	19	80
ThomasAM_2019_c	PWY-6748	5	5	80
ThomasAM_2019_c	PWY-4722	5	35	80
ThomasAM_2019_c	PWY-101	4	10	80
ThomasAM_2019_c	PWY-7039	5	12	80
ThomasAM_2019_c	ALLANTOINDEG-PWY	7	44	80
ThomasAM_2019_c	PWY-5415	5	21	80
ThomasAM_2019_c	ILEUDEG-PWY	6	1	80
ThomasAM_2019_c	LIPASYN-PWY	5	5	80
ThomasAM_2019_c	PWY-5109	6	1	80
ThomasAM_2019_c	PROTOCATECHUATE-ORTHO-CLEAVAGE-PWY	4	29	80
ThomasAM_2019_c	PWY0-1533	4	30	80
ThomasAM_2019_c	PWY-5265	17	43	80
ThomasAM_2019_c	P562-PWY	7	43	80
ThomasAM_2019_c	PWY490-3	4	49	80
ThomasAM_2019_c	PWY-7399	5	15	80
ThomasAM_2019_c	PWY-7316	4	34	80
ThomasAM_2019_c	PWY-6749	10	57	80
ThomasAM_2019_c	PWY-6415	10	20	80
ThomasAM_2019_c	PWY-6167	10	6	80
ThomasAM_2019_c	PWY-5101	8	13	80
ThomasAM_2019_c	PWY-7312	4	48	80
ThomasAM_2019_c	METHANOGENESIS-PWY	6	8	80
ThomasAM_2019_c	PWY-7286	4	6	80
ThomasAM_2019_c	PWY-5198	6	7	80
ThomasAM_2019_c	PWY-6349	6	5	80
ThomasAM_2019_c	PWY3DJ-35471	10	33	80
ThomasAM_2019_c	PWY-6906	8	9	80
ThomasAM_2019_c	PWY-7218	26	1	80
ThomasAM_2019_c	PWY-6165	12	5	80
ThomasAM_2019_c	PWY-6174	7	4	80
ThomasAM_2019_c	PHOTOALL-PWY	17	1	80
ThomasAM_2019_c	UDPNACETYLGALSYN-PWY	6	13	80
ThomasAM_2019_c	PWY-7165	7	16	80
ThomasAM_2019_c	AEROBACTINSYN-PWY	4	14	80
ThomasAM_2019_c	PWY-4321	5	11	80
ThomasAM_2019_c	PWY-7031	6	12	80
ThomasAM_2019_c	PWY-6435	5	29	80
ThomasAM_2019_c	PWY-7294	7	14	80
ThomasAM_2019_c	PWY-7391	8	3	80
ThomasAM_2019_c	PWY-7200	9	11	80
ThomasAM_2019_c	PWY-5514	8	2	80
ThomasAM_2019_c	PWY5F9-12	5	4	80
ThomasAM_2019_c	PWY-7090	5	1	80
ThomasAM_2019_c	PWY-6562	6	23	80
ThomasAM_2019_c	PWY-5055	9	3	80
ThomasAM_2019_c	PWY-6953	5	18	80
ThomasAM_2019_c	PWY-6396	9	12	80
ThomasAM_2019_c	PWY-5870	9	1	80
ThomasAM_2019_c	PWY-7235	11	1	80
ThomasAM_2019_c	PWY-5871	8	1	80
ThomasAM_2019_c	PWY-5873	8	1	80
ThomasAM_2019_c	PWY-5028	5	7	80
ThomasAM_2019_c	PWY-3801	19	9	80
ThomasAM_2019_c	PWY-7345	15	9	80
ThomasAM_2019_c	PWY-5181	12	14	80
ThomasAM_2019_c	PWY-5178	10	6	80
ThomasAM_2019_c	PWY-5417	6	18	80
ThomasAM_2019_c	PWY-5431	6	18	80
ThomasAM_2019_c	CATECHOL-ORTHO-CLEAVAGE-PWY	4	20	80
ThomasAM_2019_c	PWY-5183	15	1	80
ThomasAM_2019_c	PWY-1541	6	3	80
ThomasAM_2019_c	PWY-1361	7	3	80
ThomasAM_2019_c	URSIN-PWY	7	7	80
ThomasAM_2019_c	PWY-6182	7	14	80
ThomasAM_2019_c	PWY-6185	7	18	80
ThomasAM_2019_c	DHGLUCONATE-PYR-CAT-PWY	5	5	80
ThomasAM_2019_c	PWY-5654	4	9	80
ThomasAM_2019_c	PWY-6210	4	9	80
ThomasAM_2019_c	PWY-7268	5	10	80
ThomasAM_2019_c	PWY-7245	8	10	80
ThomasAM_2019_c	PWY-6797	7	3	80
ThomasAM_2019_c	PWY-6467	5	2	80
ThomasAM_2019_c	PWY1F-823	4	6	80
ThomasAM_2019_c	PWY-5420	7	2	80
ThomasAM_2019_c	PWY-5419	4	2	80
ThomasAM_2019_c	PWY-5534	7	2	80
ThomasAM_2019_c	PWY-2221	9	7	80
ThomasAM_2019_c	PWY-7389	17	4	80
ThomasAM_2019_c	PWY-7384	10	4	80
ThomasAM_2019_c	PWY-7317	8	3	80
ThomasAM_2019_c	PWY-5156	44	1	80
ThomasAM_2019_c	PWY-7118	4	2	80
ThomasAM_2019_c	PWY-6107	7	4	80
ThomasAM_2019_c	PWY-7374	6	2	80
ThomasAM_2019_c	PWY-4361	8	2	80
ThomasAM_2019_c	PWY-7527	12	2	80
ThomasAM_2019_c	PWY-5647	7	1	80
ThomasAM_2019_c	CODH-PWY	10	1	80
ThomasAM_2019_c	PWY-1501	5	1	80
ThomasAM_2019_c	PWY-181	9	2	80
ThomasAM_2019_c	PWY-1622	13	2	80
ThomasAM_2019_c	P101-PWY	5	1	80
VogtmannE_2016	DTDPRHAMSYN-PWY	4	104	104
VogtmannE_2016	PWY-1042	10	104	104
VogtmannE_2016	PWY-6609	4	104	104
VogtmannE_2016	PWY-5686	6	104	104
VogtmannE_2016	ILEUSYN-PWY	7	104	104
VogtmannE_2016	PWY-7111	5	104	104
VogtmannE_2016	VALSYN-PWY	4	104	104
VogtmannE_2016	TRNA-CHARGING-PWY	21	104	104
VogtmannE_2016	PWY-6386	8	104	104
VogtmannE_2016	PWY-7221	4	104	104
VogtmannE_2016	PEPTIDOGLYCANSYN-PWY	10	104	104
VogtmannE_2016	PWY-6387	8	104	104
VogtmannE_2016	PWY-6385	14	104	104
VogtmannE_2016	COA-PWY-1	5	104	104
VogtmannE_2016	PWY-6700	4	104	104
VogtmannE_2016	PWY-5667	4	104	104
VogtmannE_2016	PWY0-1319	4	104	104
VogtmannE_2016	PWY-6163	5	104	104
VogtmannE_2016	PWY-5695	4	104	104
VogtmannE_2016	ARO-PWY	7	104	104
VogtmannE_2016	PWY-3841	11	104	104
VogtmannE_2016	PWY-6151	4	104	104
VogtmannE_2016	ANAGLYCOLYSIS-PWY	11	104	104
VogtmannE_2016	CALVIN-PWY	13	104	104
VogtmannE_2016	COMPLETE-ARO-PWY	17	104	104
VogtmannE_2016	PWY-5097	7	104	104
VogtmannE_2016	1CMET2-PWY	9	104	104
VogtmannE_2016	COA-PWY	4	104	104
VogtmannE_2016	ARGSYN-PWY	9	104	104
VogtmannE_2016	PWY-7400	14	104	104
VogtmannE_2016	PWY-6121	5	104	104
VogtmannE_2016	HISTSYN-PWY	11	104	104
VogtmannE_2016	ARGSYNBSUB-PWY	9	104	104
VogtmannE_2016	PWY-6122	5	104	104
VogtmannE_2016	PWY-6277	5	104	104
VogtmannE_2016	PWY0-1586	12	104	104
VogtmannE_2016	RIBOSYN2-PWY	9	104	104
VogtmannE_2016	PWY-2942	8	104	104
VogtmannE_2016	PWY-6527	7	104	104
VogtmannE_2016	PWY-724	10	104	104
VogtmannE_2016	BRANCHED-CHAIN-AA-SYN-PWY	19	104	104
VogtmannE_2016	PWY-7229	8	104	104
VogtmannE_2016	PWY-6317	5	104	104
VogtmannE_2016	GLUTORN-PWY	5	104	104
VogtmannE_2016	PANTOSYN-PWY	9	104	104
VogtmannE_2016	PWY-6123	6	104	104
VogtmannE_2016	PWY-6124	5	104	104
VogtmannE_2016	PWY-5103	7	104	104
VogtmannE_2016	PWY-6168	9	104	104
VogtmannE_2016	PWY-6126	8	104	104
VogtmannE_2016	PWY-3001	13	104	104
VogtmannE_2016	PWY-5973	5	104	104
VogtmannE_2016	PANTO-PWY	4	104	104
VogtmannE_2016	PWY-7220	4	104	104
VogtmannE_2016	PWY-7222	4	104	104
VogtmannE_2016	PYRIDNUCSYN-PWY	6	104	104
VogtmannE_2016	PWY-7357	6	104	104
VogtmannE_2016	GLYCOGENSYNTH-PWY	4	104	104
VogtmannE_2016	SER-GLYSYN-PWY	4	104	104
VogtmannE_2016	PWY-841	21	104	104
VogtmannE_2016	PWY-7237	10	104	104
VogtmannE_2016	DENOVOPURINE2-PWY	27	104	104
VogtmannE_2016	THRESYN-PWY	6	104	104
VogtmannE_2016	TRPSYN-PWY	7	104	104
VogtmannE_2016	PWY-6936	5	104	104
VogtmannE_2016	PWY-6125	8	104	104
VogtmannE_2016	NONOXIPENT-PWY	5	104	104
VogtmannE_2016	PWY-6897	5	104	104
VogtmannE_2016	PWY-7228	6	104	104
VogtmannE_2016	HSERMETANA-PWY	4	104	104
VogtmannE_2016	PWY-6703	4	104	104
VogtmannE_2016	THISYN-PWY	12	104	104
VogtmannE_2016	THISYNARA-PWY	7	104	104
VogtmannE_2016	ANAEROFRUCAT-PWY	14	104	104
VogtmannE_2016	PWY-5154	9	104	104
VogtmannE_2016	PWY0-166	14	104	104
VogtmannE_2016	PWY-6892	8	104	104
VogtmannE_2016	PWY-7187	7	104	104
VogtmannE_2016	OANTIGEN-PWY	10	104	104
VogtmannE_2016	ARGININE-SYN4-PWY	4	104	104
VogtmannE_2016	PHOSLIPSYN-PWY	10	104	104
VogtmannE_2016	PWY-7282	10	104	104
VogtmannE_2016	PWY-7184	9	104	104
VogtmannE_2016	GLUCONEO-PWY	13	104	104
VogtmannE_2016	PWY-6147	5	104	104
VogtmannE_2016	COBALSYN-PWY	9	104	104
VogtmannE_2016	RHAMCAT-PWY	5	104	104
VogtmannE_2016	PWY0-845	11	104	104
VogtmannE_2016	PWY0-1261	12	103	104
VogtmannE_2016	PWY4FS-7	6	104	104
VogtmannE_2016	PWY4FS-8	6	104	104
VogtmannE_2016	PWY-6545	9	103	104
VogtmannE_2016	PENTOSE-P-PWY	8	104	104
VogtmannE_2016	CITRULBIO-PWY	8	104	104
VogtmannE_2016	PWY-2941	9	104	104
VogtmannE_2016	PYRIDOXSYN-PWY	7	104	104
VogtmannE_2016	GLYCOLYSIS	12	104	104
VogtmannE_2016	PWY-6901	17	104	104
VogtmannE_2016	TEICHOICACID-PWY	12	103	104
VogtmannE_2016	PWY-5484	11	104	104
VogtmannE_2016	PWY-5188	6	104	104
VogtmannE_2016	UDPNAGSYN-PWY	5	104	104
VogtmannE_2016	PWY-5030	6	104	104
VogtmannE_2016	HISDEG-PWY	4	104	104
VogtmannE_2016	PWY-7323	6	104	104
VogtmannE_2016	PWY-5659	4	104	104
VogtmannE_2016	GLCMANNANAUT-PWY	5	104	104
VogtmannE_2016	PWY-5104	6	104	104
VogtmannE_2016	PWY-4984	5	103	104
VogtmannE_2016	PWY0-1479	10	103	104
VogtmannE_2016	PWY-6305	4	104	104
VogtmannE_2016	PRPP-PWY	49	104	104
VogtmannE_2016	COLANSYN-PWY	12	104	104
VogtmannE_2016	POLYISOPRENSYN-PWY	6	103	104
VogtmannE_2016	PWY-7456	7	103	104
VogtmannE_2016	PWY0-162	9	104	104
VogtmannE_2016	PWY66-399	12	103	104
VogtmannE_2016	PWY-7211	18	103	104
VogtmannE_2016	PWY-5505	7	103	104
VogtmannE_2016	PWY-6471	16	104	104
VogtmannE_2016	HEXITOLDEGSUPER-PWY	19	104	104
VogtmannE_2016	MET-SAM-PWY	9	104	104
VogtmannE_2016	PWY-7196	10	103	104
VogtmannE_2016	PWY-5347	9	104	104
VogtmannE_2016	PWY-6859	4	97	104
VogtmannE_2016	GLYCOLYSIS-E-D	16	104	104
VogtmannE_2016	PWY-1269	5	104	104
VogtmannE_2016	PWY-6470	17	104	104
VogtmannE_2016	METSYN-PWY	8	104	104
VogtmannE_2016	PWY-6353	11	104	104
VogtmannE_2016	PWY-6895	11	100	104
VogtmannE_2016	BIOTIN-BIOSYNTHESIS-PWY	16	101	104
VogtmannE_2016	NAGLIPASYN-PWY	6	103	104
VogtmannE_2016	PWY-7383	7	103	104
VogtmannE_2016	GLUCUROCAT-PWY	7	104	104
VogtmannE_2016	GALACT-GLUCUROCAT-PWY	11	104	104
VogtmannE_2016	PWYG-321	205	101	104
VogtmannE_2016	PWY-5941	6	97	104
VogtmannE_2016	PWY-6519	11	101	104
VogtmannE_2016	PWY-7664	14	101	104
VogtmannE_2016	PWY0-862	6	101	104
VogtmannE_2016	PWY-6282	9	101	104
VogtmannE_2016	PWY-5989	6	103	104
VogtmannE_2016	SALVADEHYPOX-PWY	5	104	104
VogtmannE_2016	PWY-1861	9	103	104
VogtmannE_2016	FUC-RHAMCAT-PWY	12	99	104
VogtmannE_2016	DAPLYSINESYN-PWY	9	102	104
VogtmannE_2016	FASYN-INITIAL-PWY	6	101	104
VogtmannE_2016	P461-PWY	20	104	104
VogtmannE_2016	PWY-5838	10	94	104
VogtmannE_2016	METH-ACETATE-PWY	6	102	104
VogtmannE_2016	HOMOSER-METSYN-PWY	5	104	104
VogtmannE_2016	PWY66-409	17	104	104
VogtmannE_2016	P441-PWY	21	104	104
VogtmannE_2016	PWY-5897	10	94	104
VogtmannE_2016	PWY-5898	10	94	104
VogtmannE_2016	PWY-5899	10	94	104
VogtmannE_2016	PWY-6606	4	104	104
VogtmannE_2016	PWY-5265	17	55	104
VogtmannE_2016	PWY-5384	4	99	104
VogtmannE_2016	PWY-7234	6	104	104
VogtmannE_2016	PWY0-1298	6	104	104
VogtmannE_2016	P164-PWY	15	103	104
VogtmannE_2016	PWY-5345	12	88	104
VogtmannE_2016	PWY0-1241	5	103	104
VogtmannE_2016	TCA	11	104	104
VogtmannE_2016	LACTOSECAT-PWY	4	104	104
VogtmannE_2016	PWY-5861	9	94	104
VogtmannE_2016	PWY-6590	9	103	104
VogtmannE_2016	SULFATE-CYS-PWY	9	88	104
VogtmannE_2016	PWY-7316	4	72	104
VogtmannE_2016	PWY-4041	6	104	104
VogtmannE_2016	FUCCAT-PWY	4	104	104
VogtmannE_2016	P185-PWY	12	103	104
VogtmannE_2016	CENTFERM-PWY	7	103	104
VogtmannE_2016	ARG+POLYAMINE-SYN	17	104	104
VogtmannE_2016	PWY-7013	5	99	104
VogtmannE_2016	PPGPPMET-PWY	6	104	104
VogtmannE_2016	PWY-5840	10	94	104
VogtmannE_2016	P108-PWY	7	104	104
VogtmannE_2016	GOLPDLCAT-PWY	4	103	104
VogtmannE_2016	PWY-6969	10	100	104
VogtmannE_2016	PWY-6891	7	100	104
VogtmannE_2016	PWY-7003	16	97	104
VogtmannE_2016	PWY-5690	10	104	104
VogtmannE_2016	PWY-5863	16	93	104
VogtmannE_2016	FOLSYN-PWY	12	99	104
VogtmannE_2016	PWY-6549	10	104	104
VogtmannE_2016	PWY-6531	5	93	104
VogtmannE_2016	PWY-5837	7	94	104
VogtmannE_2016	PWY0-1297	7	104	104
VogtmannE_2016	PWY-7315	4	100	104
VogtmannE_2016	SO4ASSIM-PWY	4	88	104
VogtmannE_2016	PWY-6953	5	38	104
VogtmannE_2016	PWY-5845	10	89	104
VogtmannE_2016	PWY-5850	10	59	104
VogtmannE_2016	PWY-5896	10	59	104
VogtmannE_2016	NAD-BIOSYNTHESIS-II	5	100	104
VogtmannE_2016	PWY-6263	11	91	104
VogtmannE_2016	POLYAMSYN-PWY	8	104	104
VogtmannE_2016	GLYCOCAT-PWY	8	94	104
VogtmannE_2016	PWY-6612	10	99	104
VogtmannE_2016	HEMESYN2-PWY	4	104	104
VogtmannE_2016	P42-PWY	7	100	104
VogtmannE_2016	FERMENTATION-PWY	17	101	104
VogtmannE_2016	PWY-6572	8	79	104
VogtmannE_2016	PWY-5860	9	59	104
VogtmannE_2016	PWY-5862	9	89	104
VogtmannE_2016	PWY0-781	25	102	104
VogtmannE_2016	PWY-7117	14	101	104
VogtmannE_2016	PWY-6588	5	101	104
VogtmannE_2016	PWY-6595	6	97	104
VogtmannE_2016	PWY-7198	7	104	104
VogtmannE_2016	PWY-6731	4	91	104
VogtmannE_2016	P4-PWY	18	102	104
VogtmannE_2016	PWY-6749	10	70	104
VogtmannE_2016	PWY-7328	6	94	104
VogtmannE_2016	PWY-7371	5	75	104
VogtmannE_2016	PWY-241	7	101	104
VogtmannE_2016	PWY-3781	4	51	104
VogtmannE_2016	FAO-PWY	7	103	104
VogtmannE_2016	GLUCOSE1PMETAB-PWY	5	91	104
VogtmannE_2016	PWY66-398	11	72	104
VogtmannE_2016	GALACTARDEG-PWY	4	99	104
VogtmannE_2016	GLUCARGALACTSUPER-PWY	4	99	104
VogtmannE_2016	PWY-7210	8	78	104
VogtmannE_2016	PWY-5138	5	89	104
VogtmannE_2016	HEME-BIOSYNTHESIS-II	4	101	104
VogtmannE_2016	PWY-5913	9	101	104
VogtmannE_2016	PWY-5136	5	103	104
VogtmannE_2016	PWY4LZ-257	9	104	104
VogtmannE_2016	P161-PWY	5	104	104
VogtmannE_2016	PWY66-391	7	74	104
VogtmannE_2016	PWY0-1061	6	102	104
VogtmannE_2016	PWY-6478	4	63	104
VogtmannE_2016	PWY-5004	12	41	104
VogtmannE_2016	PROPFERM-PWY	10	76	104
VogtmannE_2016	PWY-7115	11	99	104
VogtmannE_2016	PWY-7204	9	47	104
VogtmannE_2016	GLUDEG-I-PWY	4	96	104
VogtmannE_2016	PWY-5022	7	103	104
VogtmannE_2016	PWY-7031	6	23	104
VogtmannE_2016	PWY-6143	6	49	104
VogtmannE_2016	PWY66-367	5	46	104
VogtmannE_2016	METHGLYUT-PWY	8	99	104
VogtmannE_2016	PWY3DJ-35471	10	35	104
VogtmannE_2016	P162-PWY	10	83	104
VogtmannE_2016	GLUCARDEG-PWY	4	98	104
VogtmannE_2016	PWY-6629	14	58	104
VogtmannE_2016	PWY-5101	8	55	104
VogtmannE_2016	PWY-821	11	66	104
VogtmannE_2016	PWY-6876	5	70	104
VogtmannE_2016	PWY-5677	7	63	104
VogtmannE_2016	PWY-6628	10	73	104
VogtmannE_2016	PWY-6630	10	66	104
VogtmannE_2016	PWY490-3	4	78	104
VogtmannE_2016	RUMP-PWY	6	79	104
VogtmannE_2016	PWY-7385	9	43	104
VogtmannE_2016	PWY-5675	4	61	104
VogtmannE_2016	PWY-5005	8	96	104
VogtmannE_2016	POLYAMINSYN3-PWY	8	85	104
VogtmannE_2016	P125-PWY	5	61	104
VogtmannE_2016	PWY-5723	10	70	104
VogtmannE_2016	PWY-4722	5	28	104
VogtmannE_2016	PWY66-389	4	62	104
VogtmannE_2016	PWY-7312	4	54	104
VogtmannE_2016	PWY-5971	31	78	104
VogtmannE_2016	PWY-7332	20	88	104
VogtmannE_2016	PWY-6113	268	78	104
VogtmannE_2016	NONMEVIPP-PWY	9	73	104
VogtmannE_2016	PWY-5121	12	72	104
VogtmannE_2016	PWY-6284	20	78	104
VogtmannE_2016	PWY-7560	9	73	104
VogtmannE_2016	PYRIDNUCSAL-PWY	7	81	104
VogtmannE_2016	PWY-7392	13	72	104
VogtmannE_2016	PWY-5464	24	76	104
VogtmannE_2016	PWY-6270	10	73	104
VogtmannE_2016	PWY-5367	6	80	104
VogtmannE_2016	PWY-6318	9	64	104
VogtmannE_2016	PROTOCATECHUATE-ORTHO-CLEAVAGE-PWY	4	33	104
VogtmannE_2016	PWY-6837	5	42	104
VogtmannE_2016	GLYCOL-GLYOXDEG-PWY	4	49	104
VogtmannE_2016	PWY-622	10	45	104
VogtmannE_2016	PWY-6285	53	44	104
VogtmannE_2016	ORNDEG-PWY	9	43	104
VogtmannE_2016	PWY-6415	10	47	104
VogtmannE_2016	PWY-7209	5	52	104
VogtmannE_2016	P124-PWY	15	65	104
VogtmannE_2016	PWY-5918	10	84	104
VogtmannE_2016	KETOGLUCONMET-PWY	8	52	104
VogtmannE_2016	PWY0-1415	6	67	104
VogtmannE_2016	PWY66-388	7	16	104
VogtmannE_2016	PWY-6803	4	62	104
VogtmannE_2016	PWY-5705	4	37	104
VogtmannE_2016	PWY-5189	4	82	104
VogtmannE_2016	PWY-7399	5	12	104
VogtmannE_2016	PWY0-881	17	35	104
VogtmannE_2016	P122-PWY	18	50	104
VogtmannE_2016	PWY-6823	6	37	104
VogtmannE_2016	CRNFORCAT-PWY	4	16	104
VogtmannE_2016	P221-PWY	5	41	104
VogtmannE_2016	P23-PWY	13	56	104
VogtmannE_2016	REDCITCYC	10	63	104
VogtmannE_2016	GLYCOLYSIS-TCA-GLYOX-BYPASS	26	56	104
VogtmannE_2016	P105-PWY	10	50	104
VogtmannE_2016	TCA-GLYOX-BYPASS	13	56	104
VogtmannE_2016	ENTBACSYN-PWY	11	34	104
VogtmannE_2016	PWY-7254	10	55	104
VogtmannE_2016	PWY-561	15	50	104
VogtmannE_2016	PWY-4702	14	41	104
VogtmannE_2016	PWY-5920	8	47	104
VogtmannE_2016	PWY-5656	4	36	104
VogtmannE_2016	PWY0-42	5	40	104
VogtmannE_2016	PWY-5747	6	48	104
VogtmannE_2016	AST-PWY	5	40	104
VogtmannE_2016	ALLANTOINDEG-PWY	7	49	104
VogtmannE_2016	PWY-7094	6	38	104
VogtmannE_2016	ECASYN-PWY	10	37	104
VogtmannE_2016	KDO-NAGLIPASYN-PWY	17	38	104
VogtmannE_2016	ARGDEG-PWY	11	41	104
VogtmannE_2016	ORNARGDEG-PWY	11	41	104
VogtmannE_2016	AEROBACTINSYN-PWY	4	5	104
VogtmannE_2016	PWY0-1533	4	20	104
VogtmannE_2016	PWY-6138	5	12	104
VogtmannE_2016	P163-PWY	10	52	104
VogtmannE_2016	PWY-7446	5	26	104
VogtmannE_2016	PWY-5392	13	41	104
VogtmannE_2016	PWY-5692	4	31	104
VogtmannE_2016	URDEGR-PWY	4	31	104
VogtmannE_2016	UBISYN-PWY	13	33	104
VogtmannE_2016	PWY-5855	8	35	104
VogtmannE_2016	PWY-5856	8	35	104
VogtmannE_2016	PWY-5857	8	35	104
VogtmannE_2016	PWY-6708	8	35	104
VogtmannE_2016	PWY0-41	8	29	104
VogtmannE_2016	PWY0-1338	6	36	104
VogtmannE_2016	PWY-6167	10	23	104
VogtmannE_2016	PWY-6165	12	20	104
VogtmannE_2016	METHANOGENESIS-PWY	6	31	104
VogtmannE_2016	PWY-6349	6	27	104
VogtmannE_2016	PWY-7286	4	28	104
VogtmannE_2016	PWY-5198	6	28	104
VogtmannE_2016	PWY0-1277	9	30	104
VogtmannE_2016	PWY-5088	11	27	104
VogtmannE_2016	HCAMHPDEG-PWY	5	31	104
VogtmannE_2016	PWY-6690	5	31	104
VogtmannE_2016	PWY-6174	7	10	104
VogtmannE_2016	PWY-5910	10	31	104
VogtmannE_2016	PWY-922	7	34	104
VogtmannE_2016	PWY-7389	17	5	104
VogtmannE_2016	PWY-7384	10	5	104
VogtmannE_2016	PWY-5532	10	4	104
VogtmannE_2016	PWY-7269	5	33	104
VogtmannE_2016	P621-PWY	7	32	104
VogtmannE_2016	PWY-7391	8	9	104
VogtmannE_2016	PWY-6396	9	5	104
VogtmannE_2016	PWY-5156	44	1	104
VogtmannE_2016	PWY-5180	7	5	104
VogtmannE_2016	PWY-5182	10	5	104
VogtmannE_2016	PWY-7200	9	21	104
VogtmannE_2016	LPSSYN-PWY	26	24	104
VogtmannE_2016	THREOCAT-PWY	19	25	104
VogtmannE_2016	PWY-5415	5	6	104
VogtmannE_2016	PWY-4321	5	10	104
VogtmannE_2016	PWY-7218	26	17	104
VogtmannE_2016	PWY-6906	8	18	104
VogtmannE_2016	PWY-7279	4	21	104
VogtmannE_2016	PWY-6562	6	20	104
VogtmannE_2016	PWY-5514	8	9	104
VogtmannE_2016	PHOTOALL-PWY	17	17	104
VogtmannE_2016	UDPNACETYLGALSYN-PWY	6	21	104
VogtmannE_2016	PWY-101	4	34	104
VogtmannE_2016	PWY-6071	12	14	104
VogtmannE_2016	PWY0-321	10	14	104
VogtmannE_2016	PWY-5417	6	10	104
VogtmannE_2016	PWY-5431	6	10	104
VogtmannE_2016	CATECHOL-ORTHO-CLEAVAGE-PWY	4	13	104
VogtmannE_2016	PWY-7165	7	7	104
VogtmannE_2016	PWY-7268	5	6	104
VogtmannE_2016	PWY-6182	7	10	104
VogtmannE_2016	PWY-7245	8	6	104
VogtmannE_2016	PWY-6185	7	9	104
VogtmannE_2016	3-HYDROXYPHENYLACETATE-DEGRADATION-PWY	8	18	104
VogtmannE_2016	PWY-5181	12	9	104
VogtmannE_2016	PWY5F9-12	5	4	104
VogtmannE_2016	DENITRIFICATION-PWY	5	16	104
VogtmannE_2016	URSIN-PWY	7	8	104
VogtmannE_2016	PWY-6313	7	3	104
VogtmannE_2016	PWY-7431	8	3	104
VogtmannE_2016	PWY-6307	4	3	104
VogtmannE_2016	PWY-6435	5	15	104
VogtmannE_2016	P562-PWY	7	9	104
VogtmannE_2016	PWY1G-0	6	17	104
VogtmannE_2016	PWY-7294	7	4	104
VogtmannE_2016	PWY-7317	8	7	104
VogtmannE_2016	PWY-6565	8	8	104
VogtmannE_2016	PWY-3801	19	11	104
VogtmannE_2016	PWY-7345	15	11	104
VogtmannE_2016	PWY-6215	4	7	104
VogtmannE_2016	PWY-1541	6	5	104
VogtmannE_2016	PWY-5654	4	5	104
VogtmannE_2016	PWY-6210	4	6	104
VogtmannE_2016	PWY-7118	4	2	104
VogtmannE_2016	PWY-181	9	4	104
VogtmannE_2016	PWY-1622	13	4	104
VogtmannE_2016	PWY-7374	6	3	104
VogtmannE_2016	PWY-7039	5	7	104
VogtmannE_2016	PWY-5028	5	1	104
VogtmannE_2016	PWY-2221	9	1	104
VogtmannE_2016	PWY-5183	15	1	104
VogtmannE_2016	PWY-5178	10	1	104
VogtmannE_2016	PWY-6107	7	1	104
VogtmannE_2016	PWY-6350	10	1	104
VogtmannE_2016	PWY-7124	26	1	104
VogtmannE_2016	PWY-6748	5	4	104
VogtmannE_2016	LIPASYN-PWY	5	1	104
VogtmannE_2016	PWY-5724	9	1	104
VogtmannE_2016	CODH-PWY	10	1	104
VogtmannE_2016	PWY-6797	7	1	104
YuJ_2015	PWY0-1586	12	128	128
YuJ_2015	TRNA-CHARGING-PWY	21	128	128
YuJ_2015	PWY-1042	10	128	128
YuJ_2015	ILEUSYN-PWY	7	128	128
YuJ_2015	PWY-7111	5	128	128
YuJ_2015	VALSYN-PWY	4	128	128
YuJ_2015	PWY-6387	8	128	128
YuJ_2015	PEPTIDOGLYCANSYN-PWY	10	128	128
YuJ_2015	PWY-6385	14	128	128
YuJ_2015	CALVIN-PWY	13	128	128
YuJ_2015	PWY-6386	8	128	128
YuJ_2015	PWY-7229	8	128	128
YuJ_2015	PWY-5686	6	128	128
YuJ_2015	PWY-7221	4	128	128
YuJ_2015	PWY-6126	8	128	128
YuJ_2015	PWY-6700	4	128	128
YuJ_2015	PWY-6609	4	128	128
YuJ_2015	PWY-3841	11	128	128
YuJ_2015	ARGSYNBSUB-PWY	9	128	128
YuJ_2015	COA-PWY-1	5	128	128
YuJ_2015	BRANCHED-CHAIN-AA-SYN-PWY	19	128	128
YuJ_2015	PWY-6122	5	128	128
YuJ_2015	PWY-6277	5	128	128
YuJ_2015	NONOXIPENT-PWY	5	128	128
YuJ_2015	ARGSYN-PWY	9	128	128
YuJ_2015	PWY-7220	4	128	128
YuJ_2015	PWY-7222	4	128	128
YuJ_2015	PWY-7400	14	128	128
YuJ_2015	PWY-6121	5	128	128
YuJ_2015	ANAGLYCOLYSIS-PWY	11	128	128
YuJ_2015	PWY-5695	4	128	128
YuJ_2015	PWY-5103	7	128	128
YuJ_2015	PWY-5097	7	128	128
YuJ_2015	PWY-2942	8	128	128
YuJ_2015	GLYCOLYSIS	12	128	128
YuJ_2015	ARO-PWY	7	128	128
YuJ_2015	1CMET2-PWY	9	128	128
YuJ_2015	PWY-6163	5	128	128
YuJ_2015	COMPLETE-ARO-PWY	17	128	128
YuJ_2015	PWY-5484	11	128	128
YuJ_2015	PWY0-1319	4	128	128
YuJ_2015	PWY-5667	4	128	128
YuJ_2015	PWY-3001	13	128	128
YuJ_2015	COA-PWY	4	128	128
YuJ_2015	DTDPRHAMSYN-PWY	4	128	128
YuJ_2015	PWY-6151	4	128	128
YuJ_2015	GLYCOGENSYNTH-PWY	4	128	128
YuJ_2015	PWY-724	10	128	128
YuJ_2015	GLUTORN-PWY	5	128	128
YuJ_2015	PANTO-PWY	4	128	128
YuJ_2015	THRESYN-PWY	6	128	128
YuJ_2015	PWY-6936	5	128	128
YuJ_2015	PANTOSYN-PWY	9	128	128
YuJ_2015	ANAEROFRUCAT-PWY	14	128	128
YuJ_2015	HEXITOLDEGSUPER-PWY	19	128	128
YuJ_2015	RIBOSYN2-PWY	9	128	128
YuJ_2015	SALVADEHYPOX-PWY	5	128	128
YuJ_2015	P461-PWY	20	128	128
YuJ_2015	GLUCONEO-PWY	13	128	128
YuJ_2015	PWY-6123	6	128	128
YuJ_2015	UDPNAGSYN-PWY	5	128	128
YuJ_2015	PHOSLIPSYN-PWY	10	128	128
YuJ_2015	FASYN-INITIAL-PWY	6	128	128
YuJ_2015	HSERMETANA-PWY	4	128	128
YuJ_2015	DENOVOPURINE2-PWY	27	128	128
YuJ_2015	PWYG-321	205	128	128
YuJ_2015	PWY-841	21	128	128
YuJ_2015	PWY-5154	9	128	128
YuJ_2015	PWY-6124	5	128	128
YuJ_2015	PWY-6168	9	128	128
YuJ_2015	PWY-5973	5	128	128
YuJ_2015	MET-SAM-PWY	9	128	128
YuJ_2015	PYRIDNUCSYN-PWY	6	128	128
YuJ_2015	PWY-7664	14	128	128
YuJ_2015	PWY-5971	31	113	128
YuJ_2015	SER-GLYSYN-PWY	4	128	128
YuJ_2015	HISTSYN-PWY	11	128	128
YuJ_2015	PWY4FS-7	6	128	128
YuJ_2015	PWY4FS-8	6	128	128
YuJ_2015	PWY0-1261	12	128	128
YuJ_2015	PWY0-862	6	128	128
YuJ_2015	PWY0-166	14	128	128
YuJ_2015	PWY-6527	7	128	128
YuJ_2015	PWY-6282	9	128	128
YuJ_2015	THISYN-PWY	12	128	128
YuJ_2015	PWY-5347	9	128	128
YuJ_2015	METSYN-PWY	8	128	128
YuJ_2015	PWY-5188	6	128	128
YuJ_2015	ARG+POLYAMINE-SYN	17	128	128
YuJ_2015	PWY-7187	7	128	128
YuJ_2015	PWY-6892	8	128	128
YuJ_2015	GLYCOLYSIS-TCA-GLYOX-BYPASS	26	117	128
YuJ_2015	PWY0-162	9	128	128
YuJ_2015	PWY-6901	17	128	128
YuJ_2015	PWY0-1479	10	128	128
YuJ_2015	PWY-6125	8	128	128
YuJ_2015	TCA	11	128	128
YuJ_2015	PWY-6353	11	128	128
YuJ_2015	PWY-7357	6	128	128
YuJ_2015	PWY-6317	5	128	128
YuJ_2015	OANTIGEN-PWY	10	128	128
YuJ_2015	PWY-6895	11	127	128
YuJ_2015	PWY-7228	6	128	128
YuJ_2015	PWY-6703	4	128	128
YuJ_2015	PWY-5989	6	128	128
YuJ_2015	P441-PWY	21	128	128
YuJ_2015	PWY-6113	268	113	128
YuJ_2015	PWY-6629	14	107	128
YuJ_2015	PWY-6897	5	128	128
YuJ_2015	FERMENTATION-PWY	17	128	128
YuJ_2015	DAPLYSINESYN-PWY	9	128	128
YuJ_2015	FAO-PWY	7	128	128
YuJ_2015	TRPSYN-PWY	7	128	128
YuJ_2015	PWY-6305	4	128	128
YuJ_2015	PWY-5723	10	122	128
YuJ_2015	PWY-5345	12	123	128
YuJ_2015	BIOTIN-BIOSYNTHESIS-PWY	16	128	128
YuJ_2015	PWY-6519	11	128	128
YuJ_2015	PWY0-781	25	127	128
YuJ_2015	PWY-1269	5	128	128
YuJ_2015	GLYCOLYSIS-E-D	16	128	128
YuJ_2015	PWY-5913	9	128	128
YuJ_2015	PWY-5104	6	128	128
YuJ_2015	SULFATE-CYS-PWY	9	123	128
YuJ_2015	PWY-7383	7	128	128
YuJ_2015	P4-PWY	18	127	128
YuJ_2015	PENTOSE-P-PWY	8	128	128
YuJ_2015	PYRIDOXSYN-PWY	7	128	128
YuJ_2015	PWY-7211	18	128	128
YuJ_2015	PRPP-PWY	49	128	128
YuJ_2015	PWY66-409	17	128	128
YuJ_2015	PYRIDNUCSAL-PWY	7	123	128
YuJ_2015	PWY-7184	9	128	128
YuJ_2015	P164-PWY	15	128	128
YuJ_2015	PWY66-399	12	128	128
YuJ_2015	PWY-6628	10	117	128
YuJ_2015	TCA-GLYOX-BYPASS	13	117	128
YuJ_2015	PWY-6285	53	100	128
YuJ_2015	THISYNARA-PWY	7	128	128
YuJ_2015	POLYAMSYN-PWY	8	128	128
YuJ_2015	PWY-7117	14	127	128
YuJ_2015	PWY0-1297	7	128	128
YuJ_2015	PWY-7282	10	128	128
YuJ_2015	PWY-5136	5	128	128
YuJ_2015	PWY-4041	6	128	128
YuJ_2015	ENTBACSYN-PWY	11	96	128
YuJ_2015	PWY-7234	6	128	128
YuJ_2015	NAGLIPASYN-PWY	6	128	128
YuJ_2015	COBALSYN-PWY	9	128	128
YuJ_2015	CITRULBIO-PWY	8	128	128
YuJ_2015	PWY-6891	7	127	128
YuJ_2015	ORNDEG-PWY	9	107	128
YuJ_2015	HOMOSER-METSYN-PWY	5	128	128
YuJ_2015	RHAMCAT-PWY	5	128	128
YuJ_2015	FUCCAT-PWY	4	128	128
YuJ_2015	PWY-6545	9	128	128
YuJ_2015	GLYCOCAT-PWY	8	125	128
YuJ_2015	PWY-7237	10	128	128
YuJ_2015	GLCMANNANAUT-PWY	5	128	128
YuJ_2015	PWY-241	7	127	128
YuJ_2015	PWY-5675	4	116	128
YuJ_2015	PWY-6969	10	126	128
YuJ_2015	SO4ASSIM-PWY	4	123	128
YuJ_2015	PWY-561	15	114	128
YuJ_2015	P105-PWY	10	115	128
YuJ_2015	PWY4LZ-257	9	128	128
YuJ_2015	PWY0-1298	6	128	128
YuJ_2015	PWY-6147	5	128	128
YuJ_2015	PWY-6606	4	128	128
YuJ_2015	PWY0-845	11	128	128
YuJ_2015	PWY-6284	20	113	128
YuJ_2015	PWY-5838	10	125	128
YuJ_2015	PWY-5897	10	125	128
YuJ_2015	PWY-5898	10	125	128
YuJ_2015	PWY-5899	10	125	128
YuJ_2015	P161-PWY	5	128	128
YuJ_2015	COLANSYN-PWY	12	128	128
YuJ_2015	PWY-7210	8	113	128
YuJ_2015	PWY-5690	10	128	128
YuJ_2015	PWY-7198	7	128	128
YuJ_2015	FUC-RHAMCAT-PWY	12	128	128
YuJ_2015	GALACTARDEG-PWY	4	127	128
YuJ_2015	GLUCARGALACTSUPER-PWY	4	127	128
YuJ_2015	PWY0-1241	5	128	128
YuJ_2015	PWY-7254	10	113	128
YuJ_2015	ARGININE-SYN4-PWY	4	128	128
YuJ_2015	PWY0-1061	6	126	128
YuJ_2015	PWY-5659	4	128	128
YuJ_2015	PWY-5840	10	124	128
YuJ_2015	PWY-5845	10	124	128
YuJ_2015	PWY-5850	10	105	128
YuJ_2015	PWY-5896	10	105	128
YuJ_2015	PWY-5918	10	122	128
YuJ_2015	PWY-6531	5	127	128
YuJ_2015	GLUCOSE1PMETAB-PWY	5	124	128
YuJ_2015	PWY-821	11	117	128
YuJ_2015	GALACT-GLUCUROCAT-PWY	11	128	128
YuJ_2015	PWY-5861	9	125	128
YuJ_2015	PWY0-881	17	94	128
YuJ_2015	PWY-4702	14	106	128
YuJ_2015	PWY-5384	4	128	128
YuJ_2015	PWY-6471	16	128	128
YuJ_2015	GLUCARDEG-PWY	4	127	128
YuJ_2015	PWY-5189	4	120	128
YuJ_2015	PWY-7323	6	128	128
YuJ_2015	PWY-7328	6	123	128
YuJ_2015	PWY-2941	9	128	128
YuJ_2015	ARGDEG-PWY	11	105	128
YuJ_2015	ORNARGDEG-PWY	11	105	128
YuJ_2015	GLUCUROCAT-PWY	7	128	128
YuJ_2015	PWY-7115	11	125	128
YuJ_2015	FOLSYN-PWY	12	126	128
YuJ_2015	PWY-5860	9	105	128
YuJ_2015	PWY-5862	9	124	128
YuJ_2015	PWY-1861	9	126	128
YuJ_2015	PWY-6549	10	128	128
YuJ_2015	METHGLYUT-PWY	8	125	128
YuJ_2015	HISDEG-PWY	4	128	128
YuJ_2015	PWY-6731	4	123	128
YuJ_2015	PWY-6803	4	118	128
YuJ_2015	PWY-6630	10	115	128
YuJ_2015	POLYISOPRENSYN-PWY	6	128	128
YuJ_2015	HEMESYN2-PWY	4	127	128
YuJ_2015	HEME-BIOSYNTHESIS-II	4	126	128
YuJ_2015	PWY-5747	6	110	128
YuJ_2015	PWY-7204	9	107	128
YuJ_2015	PWY-6590	9	127	128
YuJ_2015	PWY0-42	5	102	128
YuJ_2015	PWY-5837	7	125	128
YuJ_2015	P42-PWY	7	127	128
YuJ_2015	PWY0-1415	6	117	128
YuJ_2015	PWY-6612	10	126	128
YuJ_2015	PWY0-1277	9	103	128
YuJ_2015	PWY-7196	10	128	128
YuJ_2015	PWY-6470	17	128	128
YuJ_2015	PWY-5367	6	113	128
YuJ_2015	CENTFERM-PWY	7	127	128
YuJ_2015	KETOGLUCONMET-PWY	8	114	128
YuJ_2015	PWY-5863	16	125	128
YuJ_2015	THREOCAT-PWY	19	93	128
YuJ_2015	LACTOSECAT-PWY	4	128	128
YuJ_2015	PWY-7315	4	127	128
YuJ_2015	PPGPPMET-PWY	6	127	128
YuJ_2015	HCAMHPDEG-PWY	5	104	128
YuJ_2015	PWY-6690	5	104	128
YuJ_2015	TEICHOICACID-PWY	12	128	128
YuJ_2015	POLYAMINSYN3-PWY	8	123	128
YuJ_2015	PWY-5505	7	128	128
YuJ_2015	PWY66-389	4	122	128
YuJ_2015	PWY-6588	5	126	128
YuJ_2015	PWY-5656	4	99	128
YuJ_2015	NAD-BIOSYNTHESIS-II	5	128	128
YuJ_2015	PWY-5138	5	123	128
YuJ_2015	LPSSYN-PWY	26	95	128
YuJ_2015	PWY-5920	8	106	128
YuJ_2015	AST-PWY	5	102	128
YuJ_2015	PWY-7269	5	97	128
YuJ_2015	METH-ACETATE-PWY	6	127	128
YuJ_2015	PWY-7039	5	27	128
YuJ_2015	PWY-7003	16	123	128
YuJ_2015	PWY-6823	6	111	128
YuJ_2015	P23-PWY	13	93	128
YuJ_2015	P122-PWY	18	105	128
YuJ_2015	PWY-6859	4	128	128
YuJ_2015	PWY-5030	6	128	128
YuJ_2015	KDO-NAGLIPASYN-PWY	17	106	128
YuJ_2015	GLUDEG-I-PWY	4	126	128
YuJ_2015	NONMEVIPP-PWY	9	113	128
YuJ_2015	REDCITCYC	10	117	128
YuJ_2015	GLYCOL-GLYOXDEG-PWY	4	105	128
YuJ_2015	ECASYN-PWY	10	103	128
YuJ_2015	PWY-7560	9	113	128
YuJ_2015	PWY-7456	7	128	128
YuJ_2015	P108-PWY	7	128	128
YuJ_2015	PWY0-1338	6	104	128
YuJ_2015	PWY-5022	7	128	128
YuJ_2015	UBISYN-PWY	13	101	128
YuJ_2015	PWY-4984	5	128	128
YuJ_2015	PWY-7446	5	93	128
YuJ_2015	RUMP-PWY	6	95	128
YuJ_2015	PWY-5855	8	104	128
YuJ_2015	PWY-5856	8	104	128
YuJ_2015	PWY-5857	8	104	128
YuJ_2015	PWY-6708	8	104	128
YuJ_2015	PWY-7013	5	126	128
YuJ_2015	PWY-3801	19	41	128
YuJ_2015	P124-PWY	15	113	128
YuJ_2015	PWY-7345	15	41	128
YuJ_2015	PWY-5464	24	125	128
YuJ_2015	PWY-7209	5	113	128
YuJ_2015	P221-PWY	5	106	128
YuJ_2015	PWY-622	10	92	128
YuJ_2015	PWY-5121	12	113	128
YuJ_2015	PWY-7094	6	98	128
YuJ_2015	PWY-6071	12	54	128
YuJ_2015	PWY-7385	9	105	128
YuJ_2015	PWY0-321	10	54	128
YuJ_2015	ALLANTOINDEG-PWY	7	94	128
YuJ_2015	PWY-5088	11	59	128
YuJ_2015	PWY-5705	4	95	128
YuJ_2015	PWY0-41	8	85	128
YuJ_2015	P185-PWY	12	126	128
YuJ_2015	3-HYDROXYPHENYLACETATE-DEGRADATION-PWY	8	79	128
YuJ_2015	PWY66-398	11	119	128
YuJ_2015	PWY-5392	13	78	128
YuJ_2015	PWY-6270	10	113	128
YuJ_2015	PWY-6837	5	109	128
YuJ_2015	PWY-6263	11	98	128
YuJ_2015	PWY-7389	17	5	128
YuJ_2015	GOLPDLCAT-PWY	4	128	128
YuJ_2015	PWY-7392	13	113	128
YuJ_2015	PROPFERM-PWY	10	104	128
YuJ_2015	PWY-5004	12	60	128
YuJ_2015	PWY0-1533	4	89	128
YuJ_2015	PWY-7384	10	5	128
YuJ_2015	P162-PWY	10	101	128
YuJ_2015	PWY-7371	5	87	128
YuJ_2015	PWY-5692	4	80	128
YuJ_2015	URDEGR-PWY	4	80	128
YuJ_2015	PWY-6165	12	10	128
YuJ_2015	PWY-6595	6	124	128
YuJ_2015	PWY-7332	20	114	128
YuJ_2015	PWY-5941	6	122	128
YuJ_2015	P125-PWY	5	97	128
YuJ_2015	PWY-4321	5	45	128
YuJ_2015	PWY-6215	4	47	128
YuJ_2015	PWY-5101	8	31	128
YuJ_2015	PROTOCATECHUATE-ORTHO-CLEAVAGE-PWY	4	64	128
YuJ_2015	PWY-6185	7	48	128
YuJ_2015	PWY-6562	6	62	128
YuJ_2015	PWY-6318	9	100	128
YuJ_2015	PWY-7118	4	4	128
YuJ_2015	PWY3DJ-35471	10	69	128
YuJ_2015	PWY-5417	6	49	128
YuJ_2015	PWY-5431	6	49	128
YuJ_2015	PWY-6467	5	17	128
YuJ_2015	PWY-7165	7	50	128
YuJ_2015	PWY-7294	7	21	128
YuJ_2015	PWY-5181	12	41	128
YuJ_2015	CATECHOL-ORTHO-CLEAVAGE-PWY	4	53	128
YuJ_2015	PWY-6182	7	43	128
YuJ_2015	METHANOGENESIS-PWY	6	16	128
YuJ_2015	PWY-7316	4	88	128
YuJ_2015	PWY-5005	8	124	128
YuJ_2015	TYRFUMCAT-PWY	5	3	128
YuJ_2015	PWY-5654	4	26	128
YuJ_2015	PWY-6210	4	33	128
YuJ_2015	PWY66-391	7	94	128
YuJ_2015	DHGLUCONATE-PYR-CAT-PWY	5	9	128
YuJ_2015	PWY-6953	5	45	128
YuJ_2015	PWY-6572	8	101	128
YuJ_2015	PWY-6174	7	9	128
YuJ_2015	PWY-7312	4	75	128
YuJ_2015	PWY-7245	8	16	128
YuJ_2015	PWY-6876	5	62	128
YuJ_2015	PWY-7286	4	16	128
YuJ_2015	PWY-7268	5	16	128
YuJ_2015	PWY-6478	4	94	128
YuJ_2015	PWY-5910	10	64	128
YuJ_2015	CRNFORCAT-PWY	4	22	128
YuJ_2015	P621-PWY	7	60	128
YuJ_2015	URSIN-PWY	7	43	128
YuJ_2015	PWY-922	7	64	128
YuJ_2015	PWY-4722	5	50	128
YuJ_2015	PWY-6749	10	98	128
YuJ_2015	PWY1F-823	4	5	128
YuJ_2015	AEROBACTINSYN-PWY	4	39	128
YuJ_2015	PWY5F9-12	5	9	128
YuJ_2015	P163-PWY	10	51	128
YuJ_2015	PWY-1541	6	29	128
YuJ_2015	PWY-7317	8	8	128
YuJ_2015	PWY-5677	7	72	128
YuJ_2015	PWY-6143	6	70	128
YuJ_2015	PWY-6435	5	66	128
YuJ_2015	P562-PWY	7	30	128
YuJ_2015	PWY490-3	4	70	128
YuJ_2015	PWY66-367	5	60	128
YuJ_2015	DENITRIFICATION-PWY	5	35	128
YuJ_2015	PWY-6396	9	22	128
YuJ_2015	PWY-7399	5	37	128
YuJ_2015	PWY-6167	10	13	128
YuJ_2015	PWY-6349	6	13	128
YuJ_2015	PWY-5198	6	15	128
YuJ_2015	PWY-3781	4	67	128
YuJ_2015	PWY-5265	17	64	128
YuJ_2015	PWY-5180	7	52	128
YuJ_2015	PWY-5182	10	52	128
YuJ_2015	PWY1G-0	6	22	128
YuJ_2015	PWY-5415	5	54	128
YuJ_2015	PWY-7391	8	12	128
YuJ_2015	PWY-7279	4	55	128
YuJ_2015	LIPASYN-PWY	5	7	128
YuJ_2015	PWY-101	4	51	128
YuJ_2015	PWY-2221	9	9	128
YuJ_2015	PWY-7374	6	11	128
YuJ_2015	PWY-7031	6	25	128
YuJ_2015	PWY-5532	10	5	128
YuJ_2015	PWY-7200	9	43	128
YuJ_2015	PWY-6415	10	19	128
YuJ_2015	PWY66-388	7	33	128
YuJ_2015	PWY-6313	7	11	128
YuJ_2015	PWY-7431	8	11	128
YuJ_2015	PWY-6307	4	12	128
YuJ_2015	PWY-5028	5	6	128
YuJ_2015	PWY-1501	5	9	128
YuJ_2015	PWY-5178	10	16	128
YuJ_2015	PWY-6957	18	1	128
YuJ_2015	PWY-5183	15	2	128
YuJ_2015	PWY-6107	7	6	128
YuJ_2015	PWY-7218	26	25	128
YuJ_2015	PWY-7124	26	12	128
YuJ_2015	PHOTOALL-PWY	17	25	128
YuJ_2015	PWY-5647	7	2	128
YuJ_2015	PWY-6906	8	7	128
YuJ_2015	PWY-6565	8	2	128
YuJ_2015	PWY-5514	8	6	128
YuJ_2015	PWY-6138	5	17	128
YuJ_2015	UDPNACETYLGALSYN-PWY	6	10	128
YuJ_2015	PWY-6344	6	1	128
YuJ_2015	PWY-5870	9	2	128
YuJ_2015	VALDEG-PWY	8	1	128
YuJ_2015	PWY-5871	8	2	128
YuJ_2015	PWY-5873	8	2	128
YuJ_2015	PWY3O-19	8	2	128
YuJ_2015	PWY-2201	10	1	128
YuJ_2015	PWY-5055	9	4	128
YuJ_2015	PWY-5531	10	2	128
YuJ_2015	PWY-7159	10	2	128
YuJ_2015	PWY-6641	6	4	128
YuJ_2015	PWY-7413	4	2	128
YuJ_2015	PWY-5304	8	1	128
YuJ_2015	ALL-CHORISMATE-PWY	50	1	128
YuJ_2015	PWY-5044	12	1	128
YuJ_2015	P165-PWY	18	3	128
YuJ_2015	PWY-7235	11	1	128
YuJ_2015	PWY-6981	15	1	128
YuJ_2015	PWY-6596	8	1	128
YuJ_2015	TRIGLSYN-PWY	8	1	128
YuJ_2015	PWY-6352	8	1	128
YuJ_2015	PWY-7411	5	1	128
YuJ_2015	PWY-3502	14	1	128
YuJ_2015	PWY-7420	4	1	128
YuJ_2015	PWY-5067	4	1	128
YuJ_2015	PWY-7337	12	1	128
YuJ_2015	PWY-7338	12	1	128
YuJ_2015	PWY-7619	5	1	128
YuJ_2015	NADSYN-PWY	9	1	128
YuJ_2015	PWY-7290	6	4	128
YuJ_2015	PWY-7283	6	1	128
YuJ_2015	SPHINGOLIPID-SYN-PWY	11	1	128
YuJ_2015	PWY-5080	4	1	128
YuJ_2015	PWY-6598	5	1	128
YuJ_2015	PWY-5872	9	1	128
YuJ_2015	PWY-5129	13	1	128
YuJ_2015	PWY-6351	5	1	128
YuJ_2015	LYSINE-AMINOAD-PWY	11	1	128
YuJ_2015	PWY-5651	5	1	128
YuJ_2015	PWY-6309	17	1	128
YuJ_2015	PWY-7546	4	1	128
YuJ_2015	PWY-181	9	1	128
YuJ_2015	PWY-1622	13	1	128
YuJ_2015	PWY-5534	7	2	128
YuJ_2015	PWY-6748	5	1	128
YuJ_2015	PWY-6281	4	1	128
YuJ_2015	PWY-7090	5	2	128
YuJ_2015	PWY-5757	7	1	128
YuJ_2015	PWY-6797	7	1	128
YuJ_2015	PWY-7527	12	1	128
YuJ_2015	PWY-4361	8	1	128
YuJ_2015	PWY-1361	7	1	128
YuJ_2015	PWY-7528	13	1	128
ZellerG_2014	PWY-1042	10	156	156
ZellerG_2014	PWY-6609	4	156	156
ZellerG_2014	TRNA-CHARGING-PWY	21	156	156
ZellerG_2014	PWY-5686	6	156	156
ZellerG_2014	ILEUSYN-PWY	7	156	156
ZellerG_2014	PWY-7111	5	156	156
ZellerG_2014	VALSYN-PWY	4	156	156
ZellerG_2014	PWY-6386	8	156	156
ZellerG_2014	PEPTIDOGLYCANSYN-PWY	10	156	156
ZellerG_2014	PWY-6387	8	156	156
ZellerG_2014	PWY-6700	4	156	156
ZellerG_2014	COA-PWY-1	5	156	156
ZellerG_2014	PWY-6385	14	156	156
ZellerG_2014	PWY-7221	4	156	156
ZellerG_2014	PWY-6163	5	156	156
ZellerG_2014	ARGSYNBSUB-PWY	9	156	156
ZellerG_2014	ARGSYN-PWY	9	156	156
ZellerG_2014	PWY-7400	14	156	156
ZellerG_2014	PWY-6122	5	156	156
ZellerG_2014	PWY-6277	5	156	156
ZellerG_2014	ARO-PWY	7	156	156
ZellerG_2014	PWY-5667	4	156	156
ZellerG_2014	PWY0-1319	4	156	156
ZellerG_2014	PWY-6121	5	156	156
ZellerG_2014	PWY-3841	11	156	156
ZellerG_2014	DTDPRHAMSYN-PWY	4	156	156
ZellerG_2014	PWY-5097	7	156	156
ZellerG_2014	COMPLETE-ARO-PWY	17	156	156
ZellerG_2014	BRANCHED-CHAIN-AA-SYN-PWY	19	156	156
ZellerG_2014	PWY-6151	4	156	156
ZellerG_2014	CALVIN-PWY	13	156	156
ZellerG_2014	PWY-2942	8	156	156
ZellerG_2014	GLYCOGENSYNTH-PWY	4	156	156
ZellerG_2014	PWY-7229	8	156	156
ZellerG_2014	PWY-5103	7	156	156
ZellerG_2014	1CMET2-PWY	9	156	156
ZellerG_2014	GLUTORN-PWY	5	156	156
ZellerG_2014	PWY-6126	8	156	156
ZellerG_2014	COA-PWY	4	156	156
ZellerG_2014	PWY-7237	10	156	156
ZellerG_2014	PWY-724	10	156	156
ZellerG_2014	ANAGLYCOLYSIS-PWY	11	156	156
ZellerG_2014	PANTOSYN-PWY	9	156	156
ZellerG_2014	HISTSYN-PWY	11	156	156
ZellerG_2014	PWY-5695	4	156	156
ZellerG_2014	PWY-7220	4	156	156
ZellerG_2014	PWY-7222	4	156	156
ZellerG_2014	PWY-3001	13	156	156
ZellerG_2014	PANTO-PWY	4	156	156
ZellerG_2014	RIBOSYN2-PWY	9	156	156
ZellerG_2014	PWY-6168	9	156	156
ZellerG_2014	PWY-6123	6	156	156
ZellerG_2014	PWY-6317	5	156	156
ZellerG_2014	PWY-6527	7	156	156
ZellerG_2014	NONOXIPENT-PWY	5	156	156
ZellerG_2014	PWY-7357	6	156	156
ZellerG_2014	PWY-6124	5	156	156
ZellerG_2014	ANAEROFRUCAT-PWY	14	155	156
ZellerG_2014	TRPSYN-PWY	7	156	156
ZellerG_2014	PYRIDNUCSYN-PWY	6	156	156
ZellerG_2014	THRESYN-PWY	6	156	156
ZellerG_2014	HSERMETANA-PWY	4	156	156
ZellerG_2014	PWY-6936	5	156	156
ZellerG_2014	OANTIGEN-PWY	10	156	156
ZellerG_2014	PWY-6471	16	156	156
ZellerG_2014	SER-GLYSYN-PWY	4	156	156
ZellerG_2014	PWY0-1586	12	156	156
ZellerG_2014	PWY-5104	6	155	156
ZellerG_2014	PWY-6892	8	156	156
ZellerG_2014	NONMEVIPP-PWY	9	128	156
ZellerG_2014	GLUCONEO-PWY	13	156	156
ZellerG_2014	GLYCOLYSIS	12	156	156
ZellerG_2014	UDPNAGSYN-PWY	5	156	156
ZellerG_2014	PWY-5973	5	156	156
ZellerG_2014	COBALSYN-PWY	9	156	156
ZellerG_2014	PWY-6703	4	156	156
ZellerG_2014	MET-SAM-PWY	9	155	156
ZellerG_2014	PWY-5484	11	156	156
ZellerG_2014	DENOVOPURINE2-PWY	27	156	156
ZellerG_2014	PWY-841	21	156	156
ZellerG_2014	THISYN-PWY	12	156	156
ZellerG_2014	PWY-5347	9	155	156
ZellerG_2014	METSYN-PWY	8	155	156
ZellerG_2014	PWY-6897	5	156	156
ZellerG_2014	THISYNARA-PWY	7	156	156
ZellerG_2014	PWY-7187	7	156	156
ZellerG_2014	PWY0-1261	12	155	156
ZellerG_2014	PWY0-166	14	156	156
ZellerG_2014	PWY0-162	9	156	156
ZellerG_2014	PWY-5188	6	156	156
ZellerG_2014	PWY-7383	7	154	156
ZellerG_2014	PRPP-PWY	49	153	156
ZellerG_2014	PWY66-399	12	154	156
ZellerG_2014	PWY-1861	9	153	156
ZellerG_2014	METH-ACETATE-PWY	6	154	156
ZellerG_2014	DAPLYSINESYN-PWY	9	154	156
ZellerG_2014	PWY-6901	17	155	156
ZellerG_2014	PWY-6125	8	156	156
ZellerG_2014	PWY-6270	10	128	156
ZellerG_2014	PWY-6470	17	155	156
ZellerG_2014	PWY-6895	11	151	156
ZellerG_2014	PWY-7228	6	156	156
ZellerG_2014	PWY-6305	4	155	156
ZellerG_2014	PWY-6147	5	156	156
ZellerG_2014	PWY-7560	9	128	156
ZellerG_2014	PWY-7211	18	154	156
ZellerG_2014	HEXITOLDEGSUPER-PWY	19	155	156
ZellerG_2014	PHOSLIPSYN-PWY	10	156	156
ZellerG_2014	PWY0-781	25	151	156
ZellerG_2014	PWY-5659	4	156	156
ZellerG_2014	P4-PWY	18	151	156
ZellerG_2014	CITRULBIO-PWY	8	155	156
ZellerG_2014	HOMOSER-METSYN-PWY	5	155	156
ZellerG_2014	PWY-7196	10	155	156
ZellerG_2014	TEICHOICACID-PWY	12	156	156
ZellerG_2014	PENTOSE-P-PWY	8	156	156
ZellerG_2014	HISDEG-PWY	4	156	156
ZellerG_2014	COLANSYN-PWY	12	155	156
ZellerG_2014	PWY-7184	9	156	156
ZellerG_2014	GLUCUROCAT-PWY	7	155	156
ZellerG_2014	PWY-622	10	100	156
ZellerG_2014	PWY-4041	6	155	156
ZellerG_2014	PWY-6545	9	156	156
ZellerG_2014	GLYCOCAT-PWY	8	140	156
ZellerG_2014	PWY-7234	6	154	156
ZellerG_2014	PWY-5121	12	128	156
ZellerG_2014	PWY-4984	5	155	156
ZellerG_2014	PWY-5030	6	153	156
ZellerG_2014	GLCMANNANAUT-PWY	5	156	156
ZellerG_2014	P441-PWY	21	152	156
ZellerG_2014	PWY-6353	11	155	156
ZellerG_2014	P461-PWY	20	154	156
ZellerG_2014	GALACT-GLUCUROCAT-PWY	11	154	156
ZellerG_2014	PWY-5154	9	155	156
ZellerG_2014	PWY-7117	14	151	156
ZellerG_2014	RHAMCAT-PWY	5	156	156
ZellerG_2014	FERMENTATION-PWY	17	151	156
ZellerG_2014	TCA	11	155	156
ZellerG_2014	PWY4FS-7	6	156	156
ZellerG_2014	PWY4FS-8	6	156	156
ZellerG_2014	PWY-7323	6	155	156
ZellerG_2014	PWY-5505	7	155	156
ZellerG_2014	PWY-7198	7	155	156
ZellerG_2014	PWY-6590	9	155	156
ZellerG_2014	PWY-7456	7	154	156
ZellerG_2014	PWY-7282	10	155	156
ZellerG_2014	PWY-241	7	151	156
ZellerG_2014	PWY-6549	10	155	156
ZellerG_2014	PPGPPMET-PWY	6	155	156
ZellerG_2014	ARGININE-SYN4-PWY	4	156	156
ZellerG_2014	GLYCOLYSIS-E-D	16	155	156
ZellerG_2014	PWY0-1479	10	152	156
ZellerG_2014	SALVADEHYPOX-PWY	5	155	156
ZellerG_2014	P108-PWY	7	151	156
ZellerG_2014	PWY-2941	9	156	156
ZellerG_2014	P164-PWY	15	155	156
ZellerG_2014	PWY-7392	13	128	156
ZellerG_2014	PWY-5913	9	151	156
ZellerG_2014	ARG+POLYAMINE-SYN	17	151	156
ZellerG_2014	PWY-6891	7	152	156
ZellerG_2014	CENTFERM-PWY	7	155	156
ZellerG_2014	BIOTIN-BIOSYNTHESIS-PWY	16	154	156
ZellerG_2014	PWYG-321	205	154	156
ZellerG_2014	PWY0-1061	6	154	156
ZellerG_2014	PWY-1269	5	156	156
ZellerG_2014	PWY-7664	14	154	156
ZellerG_2014	PWY-6969	10	148	156
ZellerG_2014	PWY-6519	11	154	156
ZellerG_2014	PWY-7328	6	141	156
ZellerG_2014	PWY-6731	4	139	156
ZellerG_2014	PWY-5384	4	152	156
ZellerG_2014	FUC-RHAMCAT-PWY	12	155	156
ZellerG_2014	PWY-5690	10	156	156
ZellerG_2014	PWY0-862	6	154	156
ZellerG_2014	PWY-6282	9	154	156
ZellerG_2014	PWY-5989	6	155	156
ZellerG_2014	GLUCOSE1PMETAB-PWY	5	143	156
ZellerG_2014	P124-PWY	15	111	156
ZellerG_2014	FASYN-INITIAL-PWY	6	154	156
ZellerG_2014	PWY-7115	11	151	156
ZellerG_2014	FUCCAT-PWY	4	155	156
ZellerG_2014	PWY-6606	4	154	156
ZellerG_2014	POLYISOPRENSYN-PWY	6	156	156
ZellerG_2014	RUMP-PWY	6	131	156
ZellerG_2014	PWY-6595	6	134	156
ZellerG_2014	P185-PWY	12	149	156
ZellerG_2014	PWY0-845	11	155	156
ZellerG_2014	POLYAMSYN-PWY	8	152	156
ZellerG_2014	PWY-7003	16	134	156
ZellerG_2014	PWY-6859	4	156	156
ZellerG_2014	PWY-7013	5	145	156
ZellerG_2014	LACTOSECAT-PWY	4	153	156
ZellerG_2014	P42-PWY	7	148	156
ZellerG_2014	PWY66-409	17	153	156
ZellerG_2014	GOLPDLCAT-PWY	4	153	156
ZellerG_2014	PWY0-1298	6	148	156
ZellerG_2014	PYRIDOXSYN-PWY	7	155	156
ZellerG_2014	PWY-5941	6	149	156
ZellerG_2014	POLYAMINSYN3-PWY	8	137	156
ZellerG_2014	FOLSYN-PWY	12	145	156
ZellerG_2014	PWY0-1241	5	152	156
ZellerG_2014	NAGLIPASYN-PWY	6	154	156
ZellerG_2014	GLUDEG-I-PWY	4	152	156
ZellerG_2014	PWY-5022	7	151	156
ZellerG_2014	PWY-6612	10	145	156
ZellerG_2014	PWY-6588	5	142	156
ZellerG_2014	NAD-BIOSYNTHESIS-II	5	151	156
ZellerG_2014	PWY0-1297	7	154	156
ZellerG_2014	PWY-7210	8	131	156
ZellerG_2014	PWY-5838	10	130	156
ZellerG_2014	PWY66-398	11	103	156
ZellerG_2014	FAO-PWY	7	144	156
ZellerG_2014	PWY-5840	10	129	156
ZellerG_2014	PWY-5897	10	130	156
ZellerG_2014	PWY-5898	10	130	156
ZellerG_2014	PWY-5899	10	130	156
ZellerG_2014	PWY-6531	5	147	156
ZellerG_2014	P162-PWY	10	98	156
ZellerG_2014	PWY-5136	5	144	156
ZellerG_2014	PWY-7315	4	150	156
ZellerG_2014	PWY-5845	10	120	156
ZellerG_2014	PWY-5004	12	80	156
ZellerG_2014	PWY-5861	9	130	156
ZellerG_2014	PWY-6572	8	101	156
ZellerG_2014	PWY-7316	4	82	156
ZellerG_2014	PWY4LZ-257	9	137	156
ZellerG_2014	PWY-7332	20	122	156
ZellerG_2014	PWY-5862	9	120	156
ZellerG_2014	HEMESYN2-PWY	4	145	156
ZellerG_2014	P105-PWY	10	100	156
ZellerG_2014	P161-PWY	5	137	156
ZellerG_2014	HEME-BIOSYNTHESIS-II	4	136	156
ZellerG_2014	PWY-5863	16	130	156
ZellerG_2014	PWY-6628	10	117	156
ZellerG_2014	PWY-5837	7	130	156
ZellerG_2014	METHGLYUT-PWY	8	139	156
ZellerG_2014	PWY-6749	10	88	156
ZellerG_2014	GLYCOLYSIS-TCA-GLYOX-BYPASS	26	104	156
ZellerG_2014	PWY490-3	4	84	156
ZellerG_2014	PWY-5345	12	147	156
ZellerG_2014	PWY66-391	7	99	156
ZellerG_2014	PWY-6415	10	41	156
ZellerG_2014	PWY-5138	5	115	156
ZellerG_2014	SULFATE-CYS-PWY	9	147	156
ZellerG_2014	PWY-6906	8	17	156
ZellerG_2014	REDCITCYC	10	118	156
ZellerG_2014	PWY-7254	10	100	156
ZellerG_2014	TCA-GLYOX-BYPASS	13	104	156
ZellerG_2014	PWY-561	15	97	156
ZellerG_2014	PWY-5514	8	12	156
ZellerG_2014	SO4ASSIM-PWY	4	147	156
ZellerG_2014	UDPNACETYLGALSYN-PWY	6	21	156
ZellerG_2014	PWY0-1415	6	113	156
ZellerG_2014	GALACTARDEG-PWY	4	136	156
ZellerG_2014	GLUCARGALACTSUPER-PWY	4	136	156
ZellerG_2014	GLUCARDEG-PWY	4	133	156
ZellerG_2014	PWY-6565	8	14	156
ZellerG_2014	PWY-5747	6	89	156
ZellerG_2014	PWY-6562	6	43	156
ZellerG_2014	PWY-6318	9	67	156
ZellerG_2014	KETOGLUCONMET-PWY	8	105	156
ZellerG_2014	PWY-5367	6	136	156
ZellerG_2014	PWY-5005	8	139	156
ZellerG_2014	PWY-6113	268	135	156
ZellerG_2014	PWY-5971	31	135	156
ZellerG_2014	PWY-6284	20	135	156
ZellerG_2014	PWY-5101	8	79	156
ZellerG_2014	PWY-3781	4	101	156
ZellerG_2014	PWY-6143	6	89	156
ZellerG_2014	PYRIDNUCSAL-PWY	7	140	156
ZellerG_2014	PWY-6285	53	90	156
ZellerG_2014	PWY-7209	5	95	156
ZellerG_2014	PWY-5464	24	130	156
ZellerG_2014	PWY-5918	10	129	156
ZellerG_2014	ALLANTOINDEG-PWY	7	76	156
ZellerG_2014	PWY-5189	4	136	156
ZellerG_2014	PROPFERM-PWY	10	74	156
ZellerG_2014	P125-PWY	5	114	156
ZellerG_2014	CRNFORCAT-PWY	4	39	156
ZellerG_2014	P621-PWY	7	98	156
ZellerG_2014	PWY-5910	10	84	156
ZellerG_2014	PWY-6478	4	80	156
ZellerG_2014	PWY-5675	4	103	156
ZellerG_2014	PWY-922	7	84	156
ZellerG_2014	PWY66-389	4	117	156
ZellerG_2014	P122-PWY	18	97	156
ZellerG_2014	PWY0-1338	6	71	156
ZellerG_2014	PWY-5920	8	93	156
ZellerG_2014	PWY-6837	5	78	156
ZellerG_2014	P163-PWY	10	41	156
ZellerG_2014	P221-PWY	5	87	156
ZellerG_2014	PWY1G-0	6	30	156
ZellerG_2014	PROTOCATECHUATE-ORTHO-CLEAVAGE-PWY	4	46	156
ZellerG_2014	PWY66-388	7	34	156
ZellerG_2014	PWY-4702	14	87	156
ZellerG_2014	PWY-5265	17	94	156
ZellerG_2014	PWY-7312	4	70	156
ZellerG_2014	PWY-7279	4	57	156
ZellerG_2014	PWY-6629	14	98	156
ZellerG_2014	PWY-5723	10	110	156
ZellerG_2014	PWY-6630	10	105	156
ZellerG_2014	PWY-821	11	129	156
ZellerG_2014	ENTBACSYN-PWY	11	75	156
ZellerG_2014	PWY-5850	10	95	156
ZellerG_2014	PWY-5896	10	95	156
ZellerG_2014	ORNDEG-PWY	9	76	156
ZellerG_2014	PWY-5860	9	95	156
ZellerG_2014	PWY-6803	4	105	156
ZellerG_2014	PWY-7204	9	86	156
ZellerG_2014	PWY-5656	4	85	156
ZellerG_2014	PWY-7385	9	83	156
ZellerG_2014	PWY-7094	6	71	156
ZellerG_2014	AST-PWY	5	73	156
ZellerG_2014	PWY0-42	5	78	156
ZellerG_2014	PWY-6823	6	73	156
ZellerG_2014	PWY-7446	5	65	156
ZellerG_2014	PWY0-881	17	63	156
ZellerG_2014	ALL-CHORISMATE-PWY	50	4	156
ZellerG_2014	PWY-5692	4	63	156
ZellerG_2014	URDEGR-PWY	4	63	156
ZellerG_2014	PWY-5705	4	73	156
ZellerG_2014	KDO-NAGLIPASYN-PWY	17	78	156
ZellerG_2014	GLYCOL-GLYOXDEG-PWY	4	89	156
ZellerG_2014	P23-PWY	13	106	156
ZellerG_2014	AEROBACTINSYN-PWY	4	31	156
ZellerG_2014	PWY0-1533	4	61	156
ZellerG_2014	ARGDEG-PWY	11	81	156
ZellerG_2014	ORNARGDEG-PWY	11	81	156
ZellerG_2014	UBISYN-PWY	13	78	156
ZellerG_2014	PWY-5855	8	81	156
ZellerG_2014	PWY-5856	8	81	156
ZellerG_2014	PWY-5857	8	81	156
ZellerG_2014	PWY-6708	8	81	156
ZellerG_2014	PWY0-41	8	69	156
ZellerG_2014	PWY-5677	7	56	156
ZellerG_2014	PWY-7200	9	33	156
ZellerG_2014	PWY-6263	11	96	156
ZellerG_2014	LPSSYN-PWY	26	62	156
ZellerG_2014	PWY-7371	5	73	156
ZellerG_2014	PWY-7391	8	41	156
ZellerG_2014	ECASYN-PWY	10	84	156
ZellerG_2014	PWY-4722	5	43	156
ZellerG_2014	PWY-7039	5	27	156
ZellerG_2014	URSIN-PWY	7	10	156
ZellerG_2014	PWY-6396	9	26	156
ZellerG_2014	PWY66-367	5	53	156
ZellerG_2014	PWY-7235	11	6	156
ZellerG_2014	LIPASYN-PWY	5	14	156
ZellerG_2014	PWY-6876	5	60	156
ZellerG_2014	DENITRIFICATION-PWY	5	15	156
ZellerG_2014	PWY1F-823	4	7	156
ZellerG_2014	PWY-6167	10	56	156
ZellerG_2014	METHANOGENESIS-PWY	6	64	156
ZellerG_2014	PWY-7286	4	58	156
ZellerG_2014	PWY-6165	12	50	156
ZellerG_2014	PWY-6349	6	57	156
ZellerG_2014	PWY-5198	6	63	156
ZellerG_2014	PWY-6174	7	36	156
ZellerG_2014	PWY-5180	7	33	156
ZellerG_2014	PWY-5182	10	37	156
ZellerG_2014	THREOCAT-PWY	19	47	156
ZellerG_2014	PWY0-1277	9	59	156
ZellerG_2014	PWY-5415	5	34	156
ZellerG_2014	HCAMHPDEG-PWY	5	64	156
ZellerG_2014	PWY-6690	5	64	156
ZellerG_2014	P562-PWY	7	38	156
ZellerG_2014	PWY-7269	5	59	156
ZellerG_2014	3-HYDROXYPHENYLACETATE-DEGRADATION-PWY	8	33	156
ZellerG_2014	CODH-PWY	10	21	156
ZellerG_2014	PWY-4321	5	31	156
ZellerG_2014	PWY-6435	5	38	156
ZellerG_2014	PWY-7294	7	21	156
ZellerG_2014	PWY-6467	5	5	156
ZellerG_2014	PWY-6071	12	24	156
ZellerG_2014	PWY0-321	10	24	156
ZellerG_2014	PWY-5088	11	54	156
ZellerG_2014	PWY-3801	19	18	156
ZellerG_2014	PWY-7345	15	18	156
ZellerG_2014	PWY-5392	13	65	156
ZellerG_2014	PWY-5156	44	1	156
ZellerG_2014	PWY-7031	6	23	156
ZellerG_2014	PWY-6953	5	53	156
ZellerG_2014	PWY-101	4	28	156
ZellerG_2014	PWY-5028	5	6	156
ZellerG_2014	PWY-7389	17	27	156
ZellerG_2014	PWY-7384	10	27	156
ZellerG_2014	PWY-6215	4	10	156
ZellerG_2014	PWY-7245	8	5	156
ZellerG_2014	PWY-7268	5	5	156
ZellerG_2014	PWY-6748	5	2	156
ZellerG_2014	PWY-5417	6	12	156
ZellerG_2014	PWY-5431	6	12	156
ZellerG_2014	CATECHOL-ORTHO-CLEAVAGE-PWY	4	17	156
ZellerG_2014	PWY-7090	5	3	156
ZellerG_2014	VALDEG-PWY	8	4	156
ZellerG_2014	PWY-6185	7	14	156
ZellerG_2014	PWY-6662	11	1	156
ZellerG_2014	PWY-5181	12	9	156
ZellerG_2014	P165-PWY	18	2	156
ZellerG_2014	TYRFUMCAT-PWY	5	1	156
ZellerG_2014	PWY-6182	7	8	156
ZellerG_2014	PWY3DJ-35471	10	39	156
ZellerG_2014	PWY-7218	26	6	156
ZellerG_2014	PHOTOALL-PWY	17	6	156
ZellerG_2014	PWY-7374	6	4	156
ZellerG_2014	PWY-5055	9	1	156
ZellerG_2014	P261-PWY	7	7	156
ZellerG_2014	PWY-7165	7	11	156
ZellerG_2014	PWY-1361	7	4	156
ZellerG_2014	PWY-6107	7	1	156
ZellerG_2014	DHGLUCONATE-PYR-CAT-PWY	5	9	156
ZellerG_2014	PWY-181	9	4	156
ZellerG_2014	PWY3O-19	8	2	156
ZellerG_2014	PWY-6344	6	2	156
ZellerG_2014	PWY-7118	4	5	156
ZellerG_2014	PWY-5178	10	2	156
ZellerG_2014	PWY-5654	4	4	156
ZellerG_2014	PWY-6210	4	6	156
ZellerG_2014	PWY-5531	10	3	156
ZellerG_2014	PWY-7159	10	3	156
ZellerG_2014	PWY-7413	4	5	156
ZellerG_2014	PWY-5532	10	4	156
ZellerG_2014	LYSINE-DEG1-PWY	5	1	156
ZellerG_2014	PWY-6148	14	4	156
ZellerG_2014	PWY-1622	13	2	156
ZellerG_2014	P101-PWY	5	1	156
ZellerG_2014	PWY-7399	5	16	156
ZellerG_2014	PWY-7317	8	3	156
ZellerG_2014	PWY-6138	5	9	156
ZellerG_2014	PWY-2221	9	2	156
ZellerG_2014	PWY-5534	7	2	156
ZellerG_2014	PWY-6797	7	2	156
ZellerG_2014	PWY-6281	4	1	156
ZellerG_2014	PWY-6654	4	1	156
ZellerG_2014	PWY-6992	5	4	156
ZellerG_2014	PWY-6145	12	4	156
ZellerG_2014	PWY-7527	12	1	156
ZellerG_2014	PWY-4361	8	2	156
ZellerG_2014	PWY-1541	6	1	156
ZellerG_2014	PWY-5724	9	1	156
ZellerG_2014	PWY-2201	10	1	156
ZellerG_2014	PWY-5870	9	3	156
ZellerG_2014	PWY-5871	8	4	156
ZellerG_2014	PWY-5873	8	4	156
ZellerG_2014	PWY-5080	4	1	156
ZellerG_2014	PWY-6598	5	1	156
ZellerG_2014	PWY-7619	5	1	156
ZellerG_2014	PWY-6350	10	2	156
