screen_id,gate_r2_logsize,n_sets_used,has_scores,before_rho2,before_r2_linear,source_id,C1_hypergeom_rho2,C1_hypergeom_top10,C1_hypergeom_r2_linear,C2_perm_z_rho2,C2_perm_z_top10,C2_perm_z_r2_linear,C3_camera_rho0_rho2,C3_camera_rho0_top10,C3_camera_rho0_r2_linear,C4_vif_rho01_rho2,C4_vif_rho01_top10,C4_vif_rho01_r2_linear,C4_vif_rho05_rho2,C4_vif_rho05_top10,C4_vif_rho05_r2_linear,C5_residual_rho2,C5_residual_top10,C5_residual_r2_linear
100,0.0744,50,True,0.0559,0.0845,28145866,0.0114,8,0.0066,0.0306,7,0.0,0.0066,4,0.0039,0.006,4,0.0454,0.0228,4,0.0952,0.0254,8,0.0
1000,0.203,50,True,0.0618,0.1604,30971826,0.0419,10,0.0278,0.1269,10,0.0028,0.0921,9,0.0568,0.0301,9,0.0281,0.0102,9,0.0122,0.0334,10,0.0
1001,0.1928,50,True,0.0592,0.1495,30971826,0.0276,10,0.0267,0.1275,10,0.002,0.1397,10,0.0589,0.072,10,0.0305,0.0316,10,0.0147,0.0139,10,0.0
1002,0.1854,50,True,0.0521,0.141,30971826,0.0536,10,0.0278,0.1193,10,0.0024,0.128,10,0.0624,0.0602,10,0.0328,0.0281,10,0.0162,0.0233,10,-0.0
1003,0.1919,50,True,0.082,0.1567,30971826,0.107,9,0.0267,0.1183,9,0.0006,0.1063,9,0.0558,0.0339,9,0.0284,0.0033,9,0.0129,0.0177,9,0.0
1004,0.1288,50,True,0.0465,0.1044,30971826,0.0145,9,0.0306,0.0968,9,0.0038,0.136,9,0.0641,0.0632,9,0.0353,0.0206,9,0.0178,0.0071,9,0.0
1005,0.2058,50,True,0.0626,0.1693,30971826,0.0538,9,0.0338,0.1166,9,0.0032,0.1127,9,0.0587,0.0316,9,0.0309,0.0006,9,0.0148,0.0192,9,-0.0
1006,0.199,50,True,0.0819,0.1679,30971826,0.0345,9,0.0303,0.0975,9,0.0037,0.1141,9,0.0556,0.0207,9,0.0268,0.0016,9,0.011,0.0158,8,-0.0
1007,0.2208,50,True,0.1021,0.1852,30971826,0.0419,9,0.0315,0.1017,9,0.0033,0.1463,9,0.0561,0.0676,9,0.0277,0.027,9,0.0123,0.0177,9,0.0
1008,0.1762,50,True,0.0933,0.1523,30971826,0.0147,9,0.0254,0.0626,9,0.0052,0.1399,9,0.0604,0.0628,9,0.0308,0.013,9,0.0143,0.0087,9,0.0
1009,0.1573,50,True,0.0837,0.1388,30971826,0.0738,9,0.0282,0.0912,9,0.0012,0.1318,9,0.0587,0.0643,9,0.0319,0.0315,9,0.0167,0.012,9,-0.0
1010,0.1395,50,True,0.0767,0.1185,30971826,0.0782,9,0.0278,0.1252,8,0.0019,0.1455,9,0.0493,0.0508,9,0.0231,0.0093,9,0.0092,0.0126,8,-0.0
1011,0.1565,50,True,0.0547,0.1288,30971826,0.0514,9,0.0292,0.1246,9,0.0025,0.1447,9,0.0659,0.0594,9,0.0345,0.0192,9,0.0165,0.0223,9,0.0
1012,0.2136,50,True,0.079,0.1784,30971826,0.0199,10,0.0422,0.1002,10,0.0116,0.0804,10,0.0697,0.0181,10,0.0416,0.0004,10,0.0233,0.0191,10,0.0
1013,0.2521,50,True,0.1027,0.2107,30971826,0.0044,9,0.0424,0.0404,9,0.0124,0.0667,9,0.0593,0.0134,9,0.0348,0.0009,9,0.019,0.0121,9,0.0
1014,0.2292,50,True,0.1155,0.1912,30971826,0.0922,9,0.0314,0.109,9,0.0045,0.1508,9,0.0602,0.0676,9,0.0326,0.0337,9,0.0168,0.0223,9,0.0
1015,0.1322,50,True,0.0252,0.1105,30971826,0.0064,9,0.0434,0.0817,9,0.0222,0.0776,8,0.0697,0.028,9,0.0376,0.0038,9,0.0182,0.0459,9,0.0
1017,0.4508,50,True,0.3641,0.422,30655525,0.0088,8,0.0417,0.0,8,0.0027,0.0187,5,0.0229,0.0003,5,0.0,0.0035,4,0.015,0.0002,6,0.0
1018,0.0462,50,True,0.0411,0.0491,30951565,0.033,10,0.0342,0.3973,8,0.0136,0.0016,1,0.0011,0.006,1,0.0266,0.037,1,0.0857,0.3973,8,0.0
1019,0.013,50,True,0.0106,0.0086,30951565,0.0099,10,0.0011,0.5416,7,0.0052,0.0031,3,0.0,0.0321,3,0.0215,0.0798,3,0.0572,0.5416,7,0.0
1020,0.2754,50,True,0.1094,0.2301,30995489,0.159,9,0.029,0.1627,9,0.0001,0.1678,9,0.0512,0.0475,9,0.0236,0.0151,9,0.009,0.0369,9,-0.0
1021,0.2613,50,True,0.083,0.2128,30995489,0.0992,10,0.0251,0.124,10,0.0001,0.0992,9,0.0587,0.0308,9,0.0275,0.0035,9,0.0108,0.0163,10,-0.0
1022,0.5648,50,True,0.3506,0.5107,30995489,0.0012,8,0.0123,0.004,8,0.0061,0.066,7,0.0331,0.0064,7,0.0079,0.0041,6,0.0001,0.0337,6,0.0
1023,0.6235,50,True,0.4322,0.5889,30995489,0.0039,7,0.0111,0.006,7,0.0024,0.0079,7,0.0181,0.0003,7,0.0023,0.011,7,0.0005,0.0066,5,0.0
1024,0.3639,50,True,0.1718,0.3085,30995489,0.158,9,0.0084,0.1672,9,0.003,0.076,9,0.0342,0.0198,9,0.0096,0.0032,9,0.0008,0.0324,9,-0.0
1025,0.371,50,True,0.1948,0.3176,30995489,0.0647,10,0.009,0.0798,10,0.0,0.0506,8,0.02,0.0059,8,0.0026,0.0004,8,0.0004,0.0216,10,0.0
1026,0.3397,50,True,0.186,0.3001,30995489,0.1306,9,0.0065,0.1528,9,0.006,0.1089,8,0.0403,0.0409,8,0.0139,0.0048,8,0.0025,0.0096,9,0.0
1027,0.2773,50,True,0.1379,0.2353,30995489,0.1442,9,0.0139,0.1646,9,0.0,0.1435,8,0.0395,0.069,8,0.0154,0.0337,8,0.0044,0.039,9,0.0
1028,0.3295,50,True,0.1814,0.2805,30995489,0.1274,9,0.0112,0.147,9,0.0002,0.0602,9,0.0217,0.0063,7,0.0033,0.0001,7,0.0002,0.0227,9,0.0
1029,0.2388,50,True,0.1197,0.2063,30995489,0.0846,9,0.0143,0.1005,9,0.0001,0.0531,9,0.0233,0.0041,8,0.0042,0.0013,8,0.0,0.0188,9,0.0
1030,0.5533,50,True,0.436,0.5363,30995489,0.1267,7,0.0224,0.1339,7,0.0023,0.0256,6,0.0292,0.0,6,0.0063,0.0053,6,0.0,0.0471,7,0.0
1031,0.5224,50,True,0.2571,0.4668,30995489,0.0613,9,0.0326,0.0735,9,0.0027,0.1872,8,0.0658,0.1002,8,0.0314,0.0406,8,0.0129,0.0222,8,0.0
1032,0.3181,50,True,0.1711,0.2527,31316073,0.0978,8,0.0,0.115,7,0.0208,0.0058,7,0.0052,0.001,7,0.0001,0.0166,7,0.0031,0.0036,7,0.0
1033,0.3675,50,True,0.246,0.3126,31316073,0.0556,8,0.0,0.0719,8,0.0143,0.0129,7,0.0181,0.002,7,0.0042,0.0004,7,0.0,0.0042,8,0.0
1034,0.4338,50,True,0.213,0.3331,31316073,0.0665,8,0.0003,0.0911,8,0.0127,0.009,7,0.0086,0.0004,7,0.0007,0.0014,7,0.0016,0.0207,6,0.0
1045,0.1919,50,True,0.1575,0.2185,31294695,0.0285,8,0.0025,0.0,8,0.0015,0.0003,2,0.0014,0.0473,2,0.0324,0.0999,2,0.0764,0.0,8,0.0
1048,0.3484,50,True,0.2921,0.3746,29987050,0.0056,7,0.0225,0.0119,7,0.0014,0.0151,5,0.0157,0.0005,4,0.0007,0.0038,4,0.0021,0.0197,6,0.0
1050,0.5196,50,True,0.3063,0.4886,29987050,0.0007,8,0.0387,0.0149,8,0.0225,0.0421,8,0.0472,0.009,7,0.0215,0.0005,7,0.0083,0.0172,8,0.0
1052,0.4695,50,True,0.3689,0.4369,29987050,0.0,6,0.007,0.004,6,0.0001,0.0032,8,0.0105,0.0254,8,0.0001,0.0507,6,0.0041,0.0062,6,0.0
1053,0.5009,50,True,0.3944,0.4866,29987050,0.0011,8,0.0151,0.0021,8,0.0045,0.0072,7,0.0183,0.0024,7,0.0008,0.0126,7,0.0028,0.0028,7,0.0
1062,0.2138,50,True,0.1849,0.2265,30995489,0.0579,9,0.0322,0.0005,7,0.0109,0.0028,3,0.0006,0.0225,3,0.0383,0.0524,2,0.0979,0.0056,7,-0.0
1063,0.28,50,True,0.256,0.2715,30995489,0.0707,9,0.0445,0.0064,9,0.0139,0.0302,3,0.0249,0.0005,3,0.0019,0.0177,3,0.0021,0.0011,8,0.0
1064,0.1657,50,True,0.189,0.1659,30995489,0.0246,7,0.0196,0.0022,7,0.0017,0.0259,4,0.015,0.001,4,0.0,0.0117,3,0.0075,0.0009,7,0.0
1065,0.3331,50,True,0.2671,0.3326,30995489,0.0059,6,0.0039,0.0263,6,0.0029,0.0185,0,0.0227,0.094,0,0.1273,0.1597,0,0.2311,0.024,5,0.0
1066,0.3687,50,True,0.3045,0.3631,30995489,0.0465,7,0.0108,0.0162,7,0.0022,0.0,3,0.0047,0.0138,2,0.01,0.037,2,0.0492,0.0068,7,-0.0
1067,0.3878,50,True,0.4733,0.4355,30995489,0.0269,8,0.0098,0.0002,8,0.0039,0.0014,3,0.0196,0.0374,2,0.0001,0.1005,1,0.0102,0.0076,7,0.0
1075,0.204,50,True,0.1615,0.1998,28700943,0.1097,7,0.0533,0.0079,7,0.0521,0.0326,7,0.0595,0.0093,7,0.0255,0.0004,7,0.0088,0.0027,6,0.0
1076,0.0456,50,True,0.0684,0.0702,28700943,0.0098,8,0.0105,0.0273,7,0.002,0.0664,3,0.0531,0.0232,3,0.0169,0.0039,3,0.0029,0.0209,8,0.0
1081,0.8913,50,True,0.6021,0.8292,31921143,0.0253,6,0.0361,0.0289,6,0.0038,0.0003,3,0.0083,0.0187,2,0.0039,0.0479,2,0.0334,0.0794,4,0.0
1082,0.9622,50,True,0.8032,0.9329,31921143,0.0461,6,0.0189,0.0312,6,0.0145,0.02,3,0.0128,0.0014,3,0.005,0.014,1,0.0407,0.0185,1,0.0
1083,0.9258,50,True,0.7152,0.8674,31921143,0.0501,4,0.0184,0.0366,4,0.0615,0.0174,5,0.0514,0.0,4,0.0097,0.0086,3,0.0,0.0295,1,0.0
1092,0.1228,50,True,0.0523,0.0966,31540829,0.0016,8,0.0128,0.0241,8,0.0,0.0381,8,0.0541,0.0068,7,0.0199,0.0001,7,0.0055,0.0028,8,-0.0
1104,0.771,50,True,0.7009,0.7298,31353312,0.1342,9,0.1109,0.0968,8,0.074,0.0461,0,0.0551,0.1227,0,0.1529,0.1857,0,0.2302,0.0252,2,-0.0
1107,0.7138,50,True,0.4776,0.646,30449619,0.0278,8,0.0036,0.0317,8,0.001,0.0046,7,0.0166,0.0005,7,0.0012,0.0051,7,0.0012,0.0158,7,0.0
1109,0.4516,50,True,0.4109,0.4577,30449619,0.0002,5,0.0001,0.0053,5,0.0049,0.0021,1,0.0063,0.0039,0,0.002,0.0259,0,0.0173,0.0002,4,0.0
1110,0.4946,50,True,0.3,0.4412,30449619,0.0002,8,0.0064,0.0033,7,0.0,0.0005,0,0.0036,0.0174,0,0.0089,0.0667,0,0.0414,0.0154,5,0.0
1111,0.1316,50,True,0.0529,0.1131,30581143,0.0002,8,0.0055,0.0659,8,0.0008,0.0499,9,0.0155,0.0102,8,0.0,0.0006,7,0.0086,0.0039,8,0.0
1112,0.1116,50,True,0.0402,0.0881,30581143,0.0044,8,0.0185,0.0536,8,0.0016,0.0181,7,0.0182,0.0001,7,0.0022,0.0104,7,0.0005,0.0081,8,0.0
1113,0.4315,50,True,0.2356,0.3787,30581143,0.0098,8,0.0129,0.0016,8,0.0025,0.038,7,0.0376,0.0019,7,0.0023,0.0073,6,0.0045,0.006,7,0.0
1114,0.175,50,True,0.0408,0.1425,30581143,0.0079,9,0.0294,0.0441,9,0.0065,0.037,9,0.0448,0.0059,9,0.0134,0.0,8,0.0014,0.0211,8,0.0
1119,0.0786,50,True,0.0864,0.0716,30397336,0.0198,7,0.0139,0.0016,6,0.0001,0.0161,5,0.0519,0.0,5,0.012,0.0097,5,0.0001,0.0001,7,0.0
1121,0.1466,50,True,0.2071,0.1402,30397336,0.1236,9,0.0034,0.0041,9,0.0036,0.032,5,0.0374,0.0017,5,0.0085,0.0049,5,0.0003,0.0041,9,0.0
1123,0.133,50,True,0.1582,0.1404,30397336,0.0608,9,0.0165,0.0033,9,0.0072,0.0458,6,0.0549,0.0031,6,0.013,0.0001,6,0.0004,0.0034,9,-0.0
1125,0.1003,50,True,0.0923,0.0965,30397336,0.007,8,0.0,0.0005,8,0.0017,0.004,7,0.0005,0.0023,6,0.0052,0.015,6,0.0194,0.0005,8,0.0
1135,0.1607,50,True,0.203,0.1656,30397336,0.1676,9,0.0659,0.0,9,0.0549,0.0581,6,0.0203,0.0141,6,0.0005,0.0002,5,0.004,0.0,9,0.0
1137,0.1927,50,True,0.1964,0.1739,30397336,0.0746,7,0.0143,0.0277,7,0.0072,0.1098,6,0.0596,0.0533,6,0.0204,0.0298,5,0.0048,0.0028,7,-0.0
1140,0.298,50,True,0.216,0.2671,30397336,0.0208,7,0.002,0.0036,6,0.0018,0.0084,9,0.0043,0.0014,9,0.0003,0.0089,8,0.0055,0.0007,6,0.0
1142,0.197,50,True,0.3444,0.2177,30397336,0.1796,10,0.0166,0.0855,10,0.0183,0.0612,5,0.021,0.0245,5,0.0048,0.0034,5,0.0004,0.018,8,0.0
1144,0.4877,50,True,0.485,0.5233,30647128,0.2738,9,0.1794,0.2041,9,0.1774,0.0055,4,0.0068,0.0021,4,0.0057,0.0191,4,0.0322,0.0001,5,0.0
1145,0.1105,50,True,0.0526,0.0872,32259488,0.0309,9,0.0106,0.1096,9,0.0311,0.0004,2,0.0126,0.0141,2,0.0,0.0266,2,0.0087,0.0116,10,0.0
1146,0.0882,50,True,0.039,0.0781,32259488,0.0171,9,0.0095,0.0132,8,0.004,0.0048,4,0.0,0.0487,3,0.0317,0.1085,3,0.0958,0.0132,8,0.0
1147,0.2758,50,True,0.1607,0.2678,32542389,0.0042,9,0.0357,0.0048,9,0.0163,0.0522,9,0.0494,0.0071,9,0.0166,0.0006,8,0.0027,0.0145,9,0.0
1153,0.601,50,True,0.35,0.5364,27018887,0.0013,7,0.025,0.0035,7,0.0042,0.0165,6,0.0163,0.0002,6,0.0003,0.0092,5,0.0045,0.0081,6,0.0
1155,0.028,50,True,0.0684,0.0253,31452512,0.0581,8,0.0067,0.1456,8,0.0003,0.0339,2,0.0048,0.0949,2,0.0117,0.1603,1,0.0585,0.1347,8,0.0
1159,0.5715,50,True,0.3384,0.5287,31761535,0.0116,7,0.0159,0.0145,7,0.0009,0.0384,7,0.0451,0.0021,7,0.0147,0.001,6,0.0022,0.008,6,0.0
1160,0.0814,50,True,0.1583,0.0849,31452512,0.1266,8,0.0211,0.0157,8,0.0145,0.0828,3,0.0763,0.0191,2,0.0155,0.0065,2,0.0001,0.0117,8,0.0
1161,0.2898,50,True,0.2857,0.2765,25307932,0.0043,8,0.0342,0.0038,7,0.0064,0.1954,6,0.145,0.1223,6,0.0742,0.064,5,0.0292,0.0001,7,-0.0
1162,0.1907,50,True,0.1806,0.2057,25307932,0.0293,8,0.0184,0.0016,7,0.0024,0.0,3,0.001,0.0185,3,0.0338,0.0686,3,0.1092,0.0002,8,0.0
1163,0.0251,50,True,0.0106,0.0163,31801065,0.0073,10,0.0004,0.4675,8,0.0007,0.0057,2,0.0001,0.0034,2,0.0129,0.0213,2,0.0384,0.4675,8,-0.0
1164,0.0118,50,True,0.0022,0.002,31801065,0.0003,10,0.0002,0.4035,10,0.0184,0.0217,1,0.0027,0.0658,2,0.0441,0.1185,2,0.0985,0.4035,10,-0.0
1168,0.0301,50,True,0.0001,0.0191,27383987,0.0,10,0.013,0.6226,7,0.0008,0.1547,2,0.0985,0.0636,2,0.0409,0.0346,2,0.0128,0.6226,7,0.0
1169,0.0545,50,True,0.0233,0.0461,27383987,0.0098,9,0.0241,0.3084,9,0.0016,0.103,3,0.0741,0.0248,3,0.0228,0.0025,2,0.0025,0.3084,9,-0.0
1170,0.5782,50,True,0.5073,0.5839,31527793,0.0024,7,0.0108,0.0001,7,0.0193,0.0326,3,0.0501,0.0024,2,0.0012,0.0035,1,0.013,0.0119,6,0.0
1171,0.7396,50,True,0.6427,0.7411,31527793,0.0292,6,0.0171,0.0165,6,0.0147,0.036,2,0.025,0.1299,1,0.1366,0.1951,1,0.2478,0.0008,4,-0.0
1172,0.1025,50,True,0.0621,0.0962,31019072,0.018,8,0.0262,0.0123,8,0.0017,0.005,3,0.0543,0.0006,3,0.0179,0.0071,3,0.0026,0.0111,8,0.0
1176,0.2202,50,True,0.2234,0.2084,28985505,0.0145,9,0.0474,0.0022,9,0.0306,0.0647,8,0.035,0.0325,8,0.0147,0.0168,8,0.0045,0.0011,8,0.0
1177,0.5533,50,True,0.4905,0.55,28985505,0.1967,9,0.1865,0.1617,9,0.1683,0.0051,2,0.0129,0.0585,2,0.101,0.133,2,0.1989,0.0001,6,0.0
1187,0.0262,50,True,0.0199,0.0131,32728216,0.0136,9,0.0023,0.2577,9,0.0095,0.0144,3,0.0023,0.0001,2,0.0132,0.0044,2,0.0256,0.2577,9,0.0
1188,0.0085,50,True,0.009,0.0065,29211708,0.0031,10,0.0001,0.4473,8,0.0146,0.0234,3,0.0383,0.0022,3,0.0024,0.0012,3,0.0039,0.4473,8,0.0
1192,0.1959,50,True,0.1249,0.1892,31727847,0.003,10,0.021,0.0079,10,0.0101,0.001,8,0.03,0.0097,8,0.0046,0.0292,8,0.0003,0.0132,8,0.0
1193,0.1748,50,True,0.1242,0.166,31727847,0.0147,10,0.0178,0.0027,10,0.0058,0.1145,8,0.0784,0.0395,8,0.0327,0.0212,8,0.0103,0.0041,9,0.0
1199,0.1662,50,True,0.0982,0.1368,31519728,0.0045,8,0.0372,0.0181,8,0.0006,0.0,4,0.0287,0.0151,3,0.0017,0.0471,3,0.0038,0.0011,8,0.0
1203,0.0516,50,True,0.0189,0.0485,27667664,0.0044,9,0.0098,0.1805,8,0.0018,0.0433,2,0.0,0.1284,2,0.0162,0.2047,2,0.0543,0.0913,9,-0.0
1204,0.212,50,True,0.0927,0.1839,27667664,0.0169,9,0.0308,0.0581,9,0.0075,0.0437,9,0.0515,0.0109,9,0.0231,0.0003,8,0.0083,0.0121,9,0.0
1205,0.1919,50,True,0.1107,0.1738,31551363,0.031,9,0.0234,0.0583,9,0.0049,0.1527,8,0.0493,0.0554,8,0.0225,0.0203,8,0.0085,0.0117,8,0.0
1206,0.0733,50,True,0.0172,0.0648,31551363,0.0072,7,0.0308,0.1482,7,0.015,0.1278,6,0.0621,0.0785,6,0.0353,0.041,6,0.0192,0.1444,7,0.0
1209,0.5586,50,True,0.4616,0.5167,31142663,0.0,3,0.0002,0.0022,3,0.0042,0.0022,5,0.0125,0.0057,4,0.0031,0.0316,4,0.0323,0.0023,3,0.0
1210,0.691,50,True,0.5168,0.6575,31142663,0.0055,7,0.0232,0.0006,6,0.0071,0.0058,4,0.0,0.0276,3,0.0751,0.0938,2,0.2083,0.0142,3,0.0
1220,0.201,50,True,0.1637,0.1832,33333024,0.0042,6,0.0022,0.0296,6,0.03,0.1151,3,0.0909,0.0553,2,0.0205,0.0247,2,0.0007,0.0001,6,0.0
1221,0.2379,50,True,0.2519,0.2193,33333024,0.0001,6,0.0056,0.0041,6,0.011,0.0318,1,0.0525,0.0025,1,0.0159,0.0013,0,0.0019,0.0044,5,0.0
1222,0.3949,50,True,0.3124,0.3412,33333024,0.0025,5,0.0002,0.0017,5,0.0089,0.037,1,0.0556,0.0051,1,0.0108,0.0026,1,0.0,0.0028,5,-0.0
1224,0.177,50,True,0.1338,0.1859,27351204,0.0804,9,0.0709,0.0086,9,0.0166,0.0216,2,0.0111,0.064,2,0.0568,0.0994,1,0.1082,0.0089,9,0.0
1225,0.1169,50,True,0.0654,0.0932,27351204,0.0228,9,0.0035,0.0123,9,0.0,0.0028,5,0.0106,0.0069,5,0.0002,0.0287,5,0.0111,0.0101,9,0.0
1227,0.0408,50,True,0.0291,0.0369,29736038,0.0148,7,0.0106,0.2186,7,0.0009,0.0995,3,0.0972,0.037,3,0.049,0.0088,3,0.0208,0.2186,7,0.0
1228,0.185,50,True,0.1604,0.1724,29507424,0.0075,7,0.0007,0.034,7,0.0067,0.0017,7,0.0033,0.0303,6,0.0073,0.0613,6,0.0354,0.0079,8,0.0
1229,0.1965,50,True,0.185,0.2152,29507424,0.0469,7,0.0419,0.0003,7,0.0111,0.006,3,0.0526,0.0008,3,0.0151,0.0149,3,0.0008,0.0004,6,0.0
1238,0.4551,50,True,0.2705,0.418,32238925,0.0484,8,0.0425,0.0611,7,0.0055,0.0469,6,0.0721,0.012,6,0.0314,0.0001,6,0.01,0.0092,6,0.0
1239,0.2332,50,True,0.0779,0.2066,32238925,0.0081,9,0.05,0.0007,9,0.0301,0.0,4,0.0125,0.0163,4,0.0006,0.0365,4,0.0171,0.0341,8,0.0
1240,0.5175,50,True,0.3152,0.4783,32238925,0.0036,8,0.0302,0.0059,8,0.0057,0.0751,6,0.045,0.023,5,0.0084,0.0033,5,0.0,0.0111,7,0.0
1241,0.1445,50,True,0.1014,0.1214,32238925,0.013,6,0.0225,0.0,6,0.0016,0.0011,5,0.0127,0.0237,5,0.0011,0.0557,5,0.0215,0.0,6,0.0
1242,0.3291,50,True,0.2381,0.3345,32238925,0.003,8,0.006,0.0,8,0.0033,0.0008,4,0.0499,0.0129,2,0.0055,0.043,2,0.0027,0.0089,7,0.0
1243,0.3394,50,True,0.1275,0.2801,32238925,0.0194,8,0.0367,0.0414,8,0.0031,0.05,7,0.0612,0.0021,7,0.0209,0.0044,7,0.0031,0.0245,7,0.0
1244,0.3179,50,True,0.1543,0.273,32238925,0.0063,7,0.0487,0.0188,7,0.0098,0.0442,6,0.0576,0.0038,6,0.0198,0.0013,6,0.0033,0.0129,7,0.0
1245,0.3409,50,True,0.2893,0.3061,32238925,0.0195,8,0.0198,0.0086,8,0.0044,0.1634,6,0.0941,0.0931,6,0.05,0.0657,5,0.0244,0.0002,7,-0.0
1246,0.4194,50,True,0.1623,0.3539,32238925,0.0132,8,0.0337,0.0255,8,0.0069,0.1288,7,0.0614,0.042,7,0.0253,0.0062,7,0.0079,0.0088,7,0.0
1247,0.3784,50,True,0.1792,0.332,32238925,0.0067,8,0.0384,0.0186,8,0.0089,0.1145,7,0.0684,0.0368,7,0.0277,0.0053,7,0.008,0.0092,7,-0.0
1248,0.324,50,True,0.2414,0.3047,32238925,0.0228,7,0.0165,0.0097,6,0.0059,0.0144,5,0.0007,0.0728,3,0.0159,0.1143,3,0.0583,0.0002,5,0.0
1249,0.3268,50,True,0.0959,0.2701,32755594,0.0004,7,0.0201,0.0316,7,0.0021,0.0418,6,0.0585,0.0043,5,0.0213,0.0026,5,0.0039,0.0122,7,0.0
1250,0.0818,50,True,0.0236,0.0717,32755594,0.0044,9,0.0315,0.0484,9,0.0044,0.0438,5,0.0656,0.0076,4,0.0347,0.0024,4,0.0164,0.0455,9,0.0
1251,0.1497,50,True,0.0392,0.1259,32755594,0.0019,9,0.0156,0.0448,9,0.0054,0.0105,6,0.0284,0.0802,6,0.0097,0.1495,6,0.0013,0.0228,9,0.0
1255,0.5771,50,True,0.4044,0.5634,31855178,0.0376,7,0.0185,0.0529,6,0.0359,0.0281,2,0.0348,0.0,1,0.0009,0.0079,1,0.0083,0.0007,6,0.0
1256,0.7623,50,True,0.5228,0.6975,30962421,0.101,6,0.0676,0.084,5,0.0891,0.1248,3,0.1128,0.0518,3,0.0415,0.0147,2,0.0108,0.0095,2,0.0
1257,0.6056,50,True,0.2292,0.5145,30962421,0.0362,7,0.0021,0.0739,7,0.0137,0.0058,6,0.0107,0.0066,5,0.0002,0.0303,5,0.0025,0.0283,6,-0.0
1258,0.6048,50,True,0.2767,0.5306,30962421,0.0179,8,0.0088,0.026,6,0.0004,0.1284,5,0.0946,0.0488,5,0.0271,0.0117,5,0.0031,0.032,5,0.0
1291,0.3261,50,True,0.2608,0.3178,30154076,0.098,9,0.0461,0.0566,8,0.0343,0.0207,6,0.0221,0.0003,5,0.001,0.0052,4,0.0314,0.0003,8,0.0
1292,0.1638,50,True,0.0808,0.1396,32990596,0.0336,9,0.0267,0.0701,9,0.004,0.0522,8,0.0701,0.0113,8,0.0269,0.0005,8,0.0063,0.0101,9,0.0
1293,0.1548,50,True,0.0762,0.1416,32990596,0.0389,9,0.0316,0.0949,9,0.0053,0.0349,9,0.0575,0.0067,8,0.0213,0.0,8,0.0047,0.0187,9,0.0
1294,0.2357,50,True,0.1222,0.2019,32990596,0.012,9,0.0245,0.0464,9,0.0059,0.0933,9,0.0629,0.0349,9,0.0267,0.0064,8,0.0087,0.0121,9,0.0
1295,0.1903,50,True,0.0935,0.1574,32990596,0.0287,9,0.0289,0.074,9,0.0043,0.1291,8,0.0875,0.0491,8,0.0429,0.0218,7,0.0176,0.0105,9,0.0
1296,0.2211,50,True,0.1322,0.1886,32990596,0.0214,9,0.0205,0.0696,9,0.0036,0.0397,9,0.0568,0.0025,9,0.0194,0.002,9,0.0033,0.0073,8,0.0
1297,0.1396,50,True,0.0793,0.1317,32990596,0.0024,9,0.034,0.054,9,0.0131,0.1129,8,0.0872,0.0686,8,0.0468,0.0328,8,0.0228,0.0091,8,0.0
1298,0.1905,50,True,0.1448,0.1678,32990596,0.0003,10,0.022,0.0376,10,0.0074,0.0682,10,0.0533,0.01,10,0.0201,0.0,10,0.0049,0.0057,10,0.0
1299,0.2149,50,True,0.1254,0.1877,32990596,0.0057,9,0.0231,0.0231,9,0.0029,0.1441,9,0.0888,0.0701,9,0.0434,0.0224,9,0.0179,0.0058,8,0.0
1300,0.2139,50,True,0.1029,0.1823,32990596,0.0101,9,0.0267,0.0347,9,0.005,0.0476,9,0.0679,0.009,9,0.0297,0.0004,8,0.0099,0.0137,8,0.0
1301,0.1579,50,True,0.0762,0.1289,32990596,0.019,9,0.0235,0.0649,9,0.0023,0.0778,8,0.0769,0.0296,8,0.0332,0.0096,8,0.0103,0.0042,9,0.0
1302,0.2077,50,True,0.0807,0.1723,32990596,0.0041,9,0.0196,0.0492,9,0.0029,0.1424,8,0.1033,0.0879,8,0.0592,0.0434,8,0.0317,0.0145,8,0.0
1303,0.1858,50,True,0.1034,0.158,32990596,0.0254,9,0.0237,0.0709,9,0.0012,0.1164,8,0.0917,0.0459,8,0.0454,0.0177,8,0.0196,0.0124,9,0.0
1304,0.2049,50,True,0.078,0.1682,32990596,0.0383,9,0.0276,0.1082,9,0.0039,0.0337,8,0.049,0.0,8,0.0116,0.0114,8,0.0001,0.0113,9,0.0
1305,0.2183,50,True,0.0911,0.1775,32990596,0.0315,9,0.0297,0.0771,9,0.0033,0.0742,9,0.0766,0.0186,9,0.032,0.0015,8,0.0092,0.0136,9,0.0
1306,0.2038,50,True,0.0938,0.167,32990596,0.0271,10,0.0288,0.0675,10,0.005,0.0843,8,0.0721,0.0145,8,0.0325,0.0017,8,0.0111,0.0127,9,0.0
1307,0.1811,50,True,0.0609,0.1461,32990596,0.048,9,0.0301,0.1114,9,0.0028,0.0945,8,0.0897,0.0507,8,0.0496,0.0231,8,0.0255,0.0198,9,0.0
1308,0.1704,50,True,0.0723,0.134,32990596,0.0355,9,0.0246,0.092,9,0.0029,0.0627,8,0.0615,0.0163,8,0.0213,0.0014,7,0.0038,0.0123,8,0.0
1309,0.1694,50,True,0.1046,0.1508,32990596,0.064,9,0.0254,0.1049,9,0.0018,0.0774,8,0.0633,0.0205,8,0.0239,0.005,8,0.0059,0.0137,9,-0.0
1310,0.2398,50,True,0.1021,0.1885,32990596,0.0117,10,0.0226,0.0634,10,0.0043,0.0316,9,0.0479,0.0011,9,0.0149,0.0025,9,0.0019,0.012,10,0.0
1311,0.1265,50,True,0.0559,0.1014,32990596,0.0562,9,0.0207,0.0944,9,0.0008,0.0795,8,0.0763,0.0237,8,0.0339,0.0022,8,0.0119,0.0094,9,0.0
1312,0.1658,50,True,0.0676,0.138,32990596,0.0271,9,0.0235,0.0677,9,0.0015,0.0924,8,0.0847,0.0404,8,0.0405,0.0148,8,0.0164,0.0137,9,0.0
1313,0.0603,50,True,0.0548,0.0614,32649862,0.0211,7,0.0084,0.0577,7,0.0006,0.0221,5,0.0419,0.0,5,0.0072,0.0046,5,0.0002,0.0548,7,0.0
1314,0.033,50,True,0.0037,0.0237,32649862,0.0007,4,0.0091,0.2455,4,0.0006,0.0139,4,0.0093,0.0046,4,0.0089,0.0269,4,0.0553,0.2455,4,0.0
1315,0.0135,50,True,0.008,0.0048,32649862,0.0237,8,0.002,0.2978,8,0.0093,0.0025,4,0.0131,0.0141,4,0.0035,0.0494,4,0.0399,0.2812,8,0.0
1316,0.0598,50,True,0.0427,0.0678,32649862,0.0148,8,0.0168,0.0886,8,0.0015,0.1154,4,0.0896,0.03,4,0.0096,0.002,4,0.0041,0.0729,8,-0.0
1317,0.0448,50,True,0.015,0.0334,32649862,0.009,10,0.0171,0.366,10,0.0006,0.0057,4,0.0065,0.0722,3,0.0974,0.1349,2,0.2049,0.366,10,0.0
1318,0.0813,50,True,0.0392,0.0683,32649862,0.003,6,0.0008,0.0324,6,0.0043,0.002,3,0.0002,0.0509,3,0.0503,0.1061,3,0.1298,0.0198,7,0.0
1319,0.0009,50,True,0.0001,0.0,32649862,0.0037,5,0.0318,0.2628,5,0.0595,0.0027,2,0.0023,0.008,2,0.025,0.0284,2,0.0899,0.2532,5,0.0
1320,0.0941,50,True,0.0185,0.0683,32649862,0.0003,7,0.0225,0.0552,7,0.0071,0.0125,4,0.0238,0.0048,4,0.0007,0.0423,4,0.0069,0.049,7,-0.0
1321,0.0045,50,True,0.0123,0.0,32649862,0.0366,6,0.0133,0.2924,5,0.0599,0.0082,5,0.0151,0.0096,5,0.0039,0.0437,4,0.0428,0.089,9,0.0
1322,0.1624,50,True,0.1023,0.1404,32649862,0.0265,6,0.0084,0.0016,6,0.0043,0.0225,3,0.0187,0.0018,3,0.0042,0.0008,3,0.0001,0.0003,6,0.0
1323,0.0743,50,True,0.0264,0.0598,32649862,0.0147,7,0.023,0.2132,7,0.0069,0.0035,1,0.0006,0.0054,1,0.0329,0.0216,0,0.0829,0.2132,7,0.0
1324,0.0738,50,True,0.0501,0.0767,32649862,0.0289,8,0.0274,0.138,8,0.014,0.0,4,0.0042,0.0264,3,0.0053,0.0535,4,0.0324,0.1357,8,0.0
1325,0.0457,50,True,0.0007,0.0293,32649862,0.0012,9,0.0166,0.1949,9,0.0012,0.0668,3,0.0408,0.007,3,0.0101,0.0001,3,0.0002,0.1851,9,0.0
1326,0.1225,50,True,0.0404,0.0993,32649862,0.0037,6,0.0146,0.0291,6,0.005,0.0364,3,0.0175,0.0082,3,0.0012,0.0002,3,0.0023,0.027,6,0.0
1327,0.1397,50,True,0.0489,0.1236,32649862,0.013,6,0.0243,0.0247,6,0.01,0.0988,3,0.0507,0.0392,3,0.0256,0.0056,3,0.011,0.024,6,0.0
1328,0.1683,50,True,0.1079,0.1543,32649862,0.0517,7,0.0563,0.0012,7,0.0143,0.0016,3,0.0111,0.0083,3,0.0005,0.0384,3,0.0156,0.0012,7,0.0
1329,0.0926,50,True,0.1015,0.0981,32649862,0.0455,7,0.0089,0.0234,7,0.0004,0.015,2,0.001,0.0523,2,0.0213,0.0877,2,0.0566,0.0191,7,-0.0
1330,0.0398,50,True,0.0313,0.0212,32649862,0.0105,6,0.0011,0.1476,6,0.0218,0.0362,1,0.0172,0.091,1,0.0627,0.1304,1,0.1116,0.1476,6,0.0
1331,0.0821,50,True,0.0439,0.0609,32649862,0.0125,8,0.0141,0.0333,8,0.0014,0.014,2,0.0,0.0001,2,0.0093,0.0107,2,0.0247,0.0278,9,0.0
1332,0.014,50,True,0.0031,0.0076,32649862,0.0006,6,0.0005,0.2914,6,0.0062,0.0097,4,0.0,0.0003,4,0.0072,0.0142,4,0.0201,0.2914,6,0.0
1334,0.2136,50,True,0.2181,0.2273,32649862,0.1578,8,0.0857,0.0049,7,0.0686,0.0101,4,0.0028,0.0701,4,0.0122,0.1003,4,0.0569,0.0005,7,0.0
1335,0.0307,50,True,0.0001,0.021,32649862,0.0076,7,0.0027,0.1731,7,0.0027,0.0007,3,0.0062,0.0108,3,0.0006,0.0475,3,0.0119,0.1427,8,0.0
1336,0.052,50,True,0.0038,0.0274,32649862,0.0278,9,0.0001,0.1172,9,0.0183,0.0,5,0.0033,0.0102,4,0.0079,0.0279,4,0.0397,0.0199,9,0.0
1337,0.0763,50,True,0.0149,0.0501,32649862,0.0012,9,0.0193,0.0888,9,0.0027,0.0327,3,0.0486,0.0018,3,0.0171,0.0028,3,0.0023,0.0845,9,0.0
1338,0.1528,50,True,0.0279,0.1029,32649862,0.0023,7,0.0097,0.0651,7,0.0001,0.0,5,0.0214,0.0092,4,0.0065,0.023,4,0.0005,0.0152,7,0.0
1339,0.0221,50,True,0.0001,0.016,32649862,0.0159,6,0.0045,0.1537,6,0.0066,0.0,2,0.0179,0.0192,2,0.0,0.0412,2,0.0103,0.1186,8,-0.0
1340,0.0513,50,True,0.0122,0.0376,32649862,0.0002,7,0.0185,0.1125,7,0.0033,0.019,3,0.0042,0.0506,3,0.0012,0.0722,3,0.0148,0.0857,10,0.0
1341,0.0739,50,True,0.0157,0.0568,32649862,0.0041,7,0.011,0.1375,7,0.0024,0.0522,3,0.0338,0.0047,3,0.0102,0.0003,3,0.0015,0.136,7,0.0
1342,0.2112,50,True,0.1864,0.1927,32649862,0.0875,8,0.029,0.0236,8,0.0204,0.0022,4,0.0185,0.0084,4,0.0002,0.0441,4,0.0076,0.0,8,-0.0
1343,0.1324,50,True,0.1419,0.1281,32649862,0.0638,8,0.0182,0.0,8,0.0086,0.0558,4,0.0485,0.0125,3,0.0068,0.0011,3,0.0006,0.0,8,0.0
1348,0.063,50,True,0.0614,0.0614,29973717,0.0379,8,0.0137,0.0959,8,0.006,0.0057,4,0.018,0.0007,4,0.0024,0.0181,4,0.0007,0.0916,8,0.0
1349,0.0579,50,True,0.0226,0.0413,29973717,0.0068,8,0.0067,0.0725,8,0.0,0.0,3,0.0038,0.0077,4,0.0031,0.031,4,0.0234,0.0655,8,0.0
1350,0.007,50,True,0.0008,0.0019,29973717,0.0056,8,0.0005,0.3819,8,0.0132,0.0258,4,0.0083,0.0008,4,0.0004,0.0055,4,0.0109,0.3734,8,0.0
1351,0.5994,50,True,0.7149,0.6112,29973717,0.0288,5,0.0009,0.0207,5,0.0057,0.0617,2,0.0588,0.0116,1,0.0207,0.0001,1,0.0036,0.0236,4,0.0
1352,0.6002,50,True,0.6141,0.5878,29973717,0.0222,7,0.0234,0.0088,6,0.0041,0.0048,2,0.0045,0.0295,1,0.0017,0.086,0,0.0155,0.0002,5,-0.0
1353,0.2845,50,True,0.2619,0.3059,31451760,0.1222,6,0.0752,0.0793,6,0.0561,0.0963,7,0.1402,0.0603,7,0.0887,0.0316,7,0.0541,0.0028,6,0.0
1355,0.049,50,True,0.0167,0.0387,30991026,0.0047,7,0.0001,0.1512,7,0.0283,0.0261,2,0.0555,0.0002,1,0.0025,0.0152,1,0.0097,0.1482,7,-0.0
1360,0.2021,50,True,0.2373,0.195,30862715,0.1183,8,0.0427,0.0135,8,0.0013,0.0009,4,0.0032,0.0444,4,0.0197,0.0928,3,0.0772,0.0142,8,0.0
1361,0.7098,50,True,0.5351,0.6979,31048320,0.0381,8,0.0509,0.026,8,0.04,0.1503,1,0.1125,0.0793,1,0.0426,0.038,1,0.0115,0.0042,4,-0.0
1362,0.6922,50,True,0.5089,0.6731,31048320,0.0009,5,0.0005,0.0002,5,0.0,0.0381,3,0.0339,0.0022,3,0.0,0.0013,2,0.0209,0.01,3,0.0
1363,0.6145,50,True,0.5456,0.6231,31048320,0.0003,6,0.0209,0.0,6,0.0081,0.0017,3,0.0112,0.0435,3,0.0027,0.0831,2,0.0296,0.0288,3,0.0
1364,0.1234,50,True,0.153,0.1468,31730859,0.1337,9,0.0773,0.0056,9,0.0458,0.197,5,0.1858,0.0931,5,0.1206,0.0277,5,0.0627,0.0129,9,0.0
1365,0.0293,50,True,0.0006,0.0205,32094149,0.0025,9,0.0158,0.4839,9,0.0037,0.0263,4,0.0271,0.0022,5,0.0063,0.0002,5,0.0001,0.4839,9,0.0
1366,0.0216,50,True,0.0003,0.0198,32094149,0.0,10,0.0121,0.5474,8,0.0015,0.0414,5,0.0315,0.0006,5,0.0061,0.0039,5,0.0,0.5444,8,0.0
1367,0.1604,50,True,0.2213,0.21,31730859,0.2091,10,0.0743,0.0,10,0.0667,0.1923,6,0.1832,0.0657,6,0.1118,0.0089,6,0.05,0.0002,9,0.0
1369,0.1505,50,True,0.1841,0.1838,31730859,0.1572,9,0.1066,0.0027,9,0.0527,0.0599,4,0.0973,0.0058,4,0.0509,0.0063,4,0.0141,0.0195,9,0.0
1371,0.1007,50,True,0.1608,0.1516,31730859,0.1441,9,0.055,0.0498,9,0.0275,0.1709,5,0.1823,0.0968,5,0.1251,0.0108,5,0.0705,0.0491,9,-0.0
1382,0.037,50,True,0.0214,0.047,33382968,0.0209,10,0.047,0.705,5,0.0012,0.0091,3,0.0655,0.0,3,0.0128,0.0077,3,0.0002,0.705,5,0.0
1383,0.0797,50,True,0.1319,0.0898,33382968,0.0786,8,0.0277,0.0156,8,0.0072,0.0118,2,0.0305,0.0014,2,0.0023,0.0135,2,0.0033,0.0137,8,-0.0
1384,0.0347,50,True,0.0054,0.0253,33382968,0.0012,6,0.017,0.2495,6,0.0002,0.0418,4,0.0605,0.0069,3,0.0237,0.0001,3,0.0059,0.2441,6,0.0
1385,0.2099,50,True,0.1322,0.1777,33382968,0.029,9,0.0318,0.0039,9,0.0118,0.0006,6,0.0378,0.0067,6,0.011,0.0154,6,0.001,0.0067,9,0.0
1386,0.1181,50,True,0.0917,0.1123,33382968,0.0222,8,0.0311,0.0,7,0.0073,0.1424,6,0.0737,0.083,6,0.0416,0.0448,6,0.0223,0.0,8,0.0
1389,0.4809,50,True,0.3708,0.4618,30556811,0.001,5,0.0005,0.0015,5,0.0014,0.003,3,0.0005,0.0066,3,0.0487,0.0234,3,0.1225,0.0083,5,-0.0
1392,0.5872,50,True,0.4256,0.5549,31048321,0.0005,7,0.0098,0.0042,7,0.0,0.0006,5,0.0072,0.0111,4,0.0047,0.0364,4,0.0315,0.0013,5,0.0
1393,0.5094,50,True,0.3643,0.4942,31048321,0.0282,7,0.0192,0.0454,7,0.0001,0.004,6,0.0092,0.0449,6,0.0017,0.084,6,0.0204,0.0199,6,0.0
1396,0.4177,50,True,0.2301,0.4021,33189395,0.005,9,0.0221,0.0082,9,0.0013,0.0016,6,0.0154,0.0144,5,0.0012,0.0311,5,0.0013,0.0086,7,0.0
1397,0.4568,50,True,0.3161,0.4475,33189395,0.0113,8,0.0263,0.0168,8,0.0057,0.0298,6,0.0348,0.0059,6,0.0128,0.0032,6,0.0031,0.0375,7,0.0
141,0.2627,50,True,0.1202,0.2274,27869803,0.0674,7,0.0152,0.0937,7,0.0,0.0531,7,0.0284,0.0033,7,0.0059,0.0054,7,0.0,0.0247,7,0.0
142,0.3308,50,True,0.1384,0.2782,27869803,0.0737,9,0.0147,0.089,9,0.0001,0.0275,9,0.0208,0.0,9,0.0027,0.0162,8,0.0004,0.0286,9,0.0
1425,0.0737,50,True,0.0436,0.0437,33144569,0.0243,9,0.0002,0.0261,9,0.0022,0.0044,4,0.0208,0.0345,4,0.0737,0.0755,4,0.1226,0.0245,9,-0.0
1429,0.2874,50,True,0.2103,0.2444,33122441,0.0699,9,0.078,0.001,9,0.0215,0.0149,3,0.0025,0.0736,3,0.0483,0.1305,3,0.1254,0.0,9,-0.0
143,0.2017,50,True,0.077,0.1735,27869803,0.0192,8,0.0037,0.0545,8,0.0004,0.0127,8,0.011,0.0015,8,0.0,0.0197,7,0.0073,0.0104,8,0.0
1430,0.7641,50,True,0.775,0.7472,33122441,0.0006,5,0.0028,0.0001,4,0.0091,0.0642,4,0.0902,0.007,3,0.0148,0.0071,3,0.0033,0.0022,1,0.0
1431,0.6162,50,True,0.5695,0.6456,33147445,0.0089,6,0.0346,0.0024,6,0.0077,0.0017,3,0.0023,0.0124,2,0.0284,0.0241,2,0.0975,0.0158,4,0.0
1433,0.5871,50,True,0.4965,0.6248,33147445,0.0175,7,0.0383,0.0084,7,0.0225,0.003,3,0.0156,0.0104,2,0.0019,0.0274,2,0.0291,0.0151,4,0.0
1434,0.642,50,True,0.4631,0.5804,32690708,0.0016,6,0.0009,0.0005,5,0.0002,0.0044,4,0.0163,0.001,4,0.0001,0.0147,3,0.0118,0.0236,2,-0.0
1441,0.2312,50,True,0.1125,0.1952,32416067,0.0138,10,0.0143,0.0332,9,0.0014,0.082,8,0.049,0.0315,8,0.018,0.0134,8,0.0047,0.0055,9,0.0
1442,0.3468,50,True,0.1464,0.2926,32416067,0.0014,9,0.0068,0.0066,9,0.002,0.1866,8,0.0648,0.0999,8,0.0287,0.0653,8,0.0113,0.0114,8,-0.0
1443,0.2661,50,True,0.1516,0.2207,32416067,0.0035,9,0.003,0.0043,9,0.0004,0.0827,8,0.0289,0.0321,8,0.0075,0.009,8,0.0007,0.0014,8,0.0
1444,0.1012,50,True,0.0137,0.081,32416067,0.0084,9,0.0113,0.0456,9,0.0005,0.1482,8,0.066,0.0757,8,0.0321,0.031,8,0.0137,0.0221,9,-0.0
1445,0.308,50,True,0.2618,0.3297,32416067,0.0024,7,0.0399,0.0012,7,0.0116,0.0264,4,0.0116,0.0008,4,0.0037,0.0046,4,0.0297,0.0106,7,0.0
1446,0.0922,50,True,0.0732,0.0954,32416067,0.0005,6,0.0021,0.0193,6,0.004,0.0002,2,0.0111,0.0069,2,0.0004,0.023,2,0.0114,0.0025,7,0.0
1447,0.236,50,True,0.1441,0.2197,32416067,0.0716,7,0.0741,0.0039,7,0.0423,0.0235,1,0.0463,0.0,1,0.0072,0.0093,2,0.0002,0.009,7,-0.0
1448,0.1824,50,True,0.1241,0.1893,32416067,0.0723,9,0.0346,0.0039,8,0.0185,0.0148,5,0.0272,0.0041,5,0.0015,0.0219,5,0.0033,0.0166,8,0.0
1449,0.6811,50,True,0.4623,0.5985,31040274,0.0013,5,0.0168,0.0129,5,0.017,0.0094,2,0.0059,0.0056,1,0.014,0.0296,1,0.0673,0.0167,4,-0.0
1451,0.0639,50,True,0.0523,0.0808,32585766,0.0415,8,0.0517,0.1968,8,0.0094,0.0011,3,0.0156,0.0071,3,0.001,0.0264,3,0.02,0.1821,8,-0.0
1452,0.0952,50,True,0.0549,0.113,32585766,0.0375,8,0.0643,0.1266,8,0.0234,0.0439,2,0.0281,0.0112,2,0.0023,0.0003,2,0.0345,0.1038,8,0.0
1454,0.6825,50,True,0.4341,0.6293,33110234,0.0014,6,0.0064,0.0026,6,0.0003,0.002,2,0.0105,0.0021,3,0.0014,0.0133,2,0.0294,0.0005,5,0.0
1455,0.7537,50,True,0.4838,0.7342,33257658,0.0059,8,0.0272,0.0217,7,0.0027,0.0008,3,0.0308,0.0082,2,0.0012,0.0294,2,0.0066,0.031,5,0.0
1456,0.1439,50,True,0.0616,0.1285,33257658,0.0087,10,0.0405,0.0237,9,0.018,0.0176,7,0.0197,0.0004,7,0.0009,0.0069,7,0.003,0.0264,9,0.0
1458,0.1958,50,True,0.0293,0.1553,33228647,0.0848,9,0.0292,0.1323,9,0.0032,0.1695,8,0.0612,0.0655,8,0.0269,0.0208,8,0.0095,0.0325,8,0.0
1459,0.208,50,True,0.0416,0.1711,33228647,0.0745,9,0.0317,0.1145,9,0.0057,0.1827,8,0.0691,0.0899,8,0.0323,0.027,8,0.0126,0.0332,9,0.0
1479,0.2027,50,True,0.11,0.1718,33172989,0.0115,6,0.0162,0.0054,6,0.0242,0.0063,2,0.0171,0.0018,1,0.0045,0.0251,0,0.0441,0.0055,6,0.0
1480,0.0844,50,True,0.0394,0.0519,33172989,0.0007,8,0.0098,0.0073,8,0.0233,0.0008,4,0.002,0.0254,4,0.0232,0.0572,4,0.0815,0.0013,8,0.0
149,0.2838,50,True,0.1476,0.2487,26472758,0.0212,10,0.0358,0.0502,10,0.0083,0.1843,9,0.0747,0.122,9,0.0432,0.0734,9,0.0244,0.0142,10,0.0
150,0.3383,50,True,0.1499,0.2862,26472758,0.017,10,0.028,0.0406,10,0.0081,0.0832,9,0.0513,0.0404,9,0.0261,0.0193,9,0.0122,0.018,9,0.0
151,0.2312,50,True,0.1141,0.2135,26472758,0.0099,9,0.039,0.0393,9,0.0112,0.1454,9,0.0648,0.075,9,0.0351,0.0374,9,0.0178,0.0099,9,0.0
152,0.2454,50,True,0.1552,0.2218,26472758,0.0185,9,0.0259,0.0452,9,0.0048,0.0578,9,0.0479,0.0192,9,0.0236,0.0052,9,0.0105,0.0124,9,-0.0
1524,0.1174,50,True,0.0516,0.0911,32699298,0.0216,9,0.0187,0.0437,9,0.0002,0.005,2,0.0242,0.0035,2,0.0918,0.02,2,0.146,0.0437,9,0.0
153,0.269,50,True,0.0942,0.2416,29038160,0.0537,9,0.032,0.0863,9,0.0043,0.1645,9,0.0604,0.0974,9,0.0322,0.0627,9,0.0163,0.034,8,0.0
154,0.2181,50,True,0.1151,0.1893,27760321,0.0577,9,0.0237,0.0812,9,0.0001,0.1803,9,0.0901,0.0731,8,0.0421,0.0114,8,0.0161,0.0077,9,0.0
155,0.2659,50,True,0.1245,0.2379,27760321,0.0055,9,0.0211,0.0217,9,0.0056,0.0921,8,0.0794,0.0403,8,0.0387,0.0213,8,0.0162,0.0158,8,0.0
156,0.2521,50,True,0.1105,0.2158,27760321,0.0535,9,0.0294,0.0738,9,0.0038,0.039,8,0.0571,0.002,8,0.0157,0.0053,8,0.0008,0.0074,9,-0.0
1561,0.0168,50,True,0.0327,0.0337,33730579,0.0766,6,0.0933,0.1291,6,0.167,0.0065,4,0.0234,0.0046,4,0.0005,0.0211,4,0.0076,0.0188,8,0.0
1568,0.0072,50,True,0.0,0.0014,33476303,0.0031,5,0.0101,0.3183,5,0.0347,0.0016,2,0.0283,0.0052,1,0.0029,0.0304,1,0.0023,0.3183,5,0.0
157,0.247,50,True,0.0997,0.2139,28474669,0.0277,8,0.0342,0.0588,8,0.005,0.053,8,0.0436,0.009,8,0.0173,0.0002,8,0.005,0.0243,8,0.0
1571,0.8203,50,True,0.5509,0.7896,31519875,0.0012,6,0.0045,0.0041,6,0.003,0.0037,1,0.0034,0.0054,1,0.0145,0.0288,1,0.0601,0.0048,3,-0.0
1573,0.6169,50,True,0.4839,0.6325,31692446,0.0199,8,0.0032,0.0078,7,0.0023,0.0013,2,0.0121,0.0288,2,0.0041,0.0672,1,0.0411,0.0033,5,0.0
158,0.2791,50,True,0.1006,0.2301,28474669,0.0246,8,0.0304,0.047,8,0.0049,0.0409,8,0.0374,0.0132,8,0.0131,0.0,8,0.0027,0.0101,8,0.0
1581,0.5016,50,True,0.4541,0.4689,33686287,0.045,5,0.014,0.0197,5,0.0046,0.001,2,0.0019,0.0234,2,0.0156,0.0663,2,0.0603,0.0002,4,0.0
1584,0.5017,50,True,0.3601,0.4728,33686287,0.0415,6,0.0155,0.0088,6,0.0096,0.0161,3,0.0007,0.0816,2,0.0497,0.1303,2,0.1323,0.0008,5,-0.0
159,0.2584,50,True,0.095,0.2125,28474669,0.0395,9,0.0369,0.0722,9,0.0073,0.0829,9,0.0523,0.0303,8,0.0257,0.0122,8,0.0113,0.0176,8,0.0
1591,0.1279,50,True,0.0525,0.1141,33226137,0.0,9,0.005,0.0317,9,0.0003,0.0183,5,0.011,0.0031,5,0.0,0.0012,5,0.0047,0.0002,9,0.0
1592,0.0683,50,True,0.0205,0.0487,33226137,0.0004,8,0.0007,0.0628,8,0.0073,0.058,7,0.0011,0.008,7,0.0029,0.0015,7,0.0119,0.0153,8,0.0
1593,0.0988,50,True,0.0281,0.0823,33226137,0.0042,9,0.0004,0.0706,9,0.001,0.0195,5,0.0062,0.0008,5,0.0247,0.0049,5,0.0405,0.0106,9,0.0
16,0.2618,50,True,0.0995,0.2237,26627737,0.0593,9,0.0242,0.0946,9,0.001,0.1065,8,0.0466,0.037,8,0.0161,0.0048,8,0.003,0.0204,9,-0.0
1621,0.0186,50,True,0.0316,0.0181,31508509,0.0217,10,0.0067,0.3554,8,0.0004,0.001,4,0.0033,0.0223,3,0.0132,0.0541,3,0.0559,0.3554,8,0.0
1622,0.003,50,True,0.0039,0.001,33574281,0.0016,10,0.0039,0.4748,8,0.0241,0.0119,1,0.0264,0.004,0,0.0023,0.0232,0,0.0019,0.4714,8,-0.0
1623,0.3522,50,True,0.1527,0.321,33137164,0.0041,8,0.0317,0.0135,8,0.0105,0.006,6,0.0354,0.0061,5,0.0043,0.0227,5,0.001,0.0262,7,-0.0
1624,0.2018,50,True,0.1227,0.2044,33137164,0.0023,8,0.0114,0.0175,8,0.0004,0.0009,5,0.0006,0.0408,5,0.0466,0.0923,3,0.114,0.0045,8,0.0
1625,0.128,50,True,0.0636,0.1126,33137164,0.0177,5,0.0064,0.0985,5,0.0579,0.0143,2,0.0131,0.0578,2,0.1025,0.1043,1,0.1946,0.0081,7,0.0
1626,0.3426,50,True,0.2771,0.3806,33137164,0.0233,7,0.0113,0.0011,7,0.0025,0.003,2,0.0019,0.034,2,0.0159,0.0763,2,0.061,0.0013,6,-0.0
1627,0.2289,50,True,0.2153,0.2448,33137164,0.0464,7,0.0578,0.0066,7,0.0098,0.0,3,0.0046,0.0145,2,0.0154,0.0353,2,0.0627,0.0032,7,-0.0
1628,0.2663,50,True,0.1763,0.245,33137164,0.0394,7,0.0145,0.0753,7,0.0554,0.0851,2,0.0255,0.1809,2,0.1111,0.2488,2,0.1954,0.0069,7,0.0
1633,0.8842,50,True,0.7713,0.8235,31406246,0.0194,7,0.0135,0.0109,7,0.0185,0.0444,3,0.0313,0.0127,2,0.0026,0.0,2,0.0045,0.0441,1,0.0
1636,0.7268,50,True,0.6796,0.7575,31406246,0.0237,7,0.088,0.0133,7,0.0373,0.0254,4,0.0251,0.0003,4,0.0013,0.012,4,0.0103,0.0034,6,0.0
1639,0.8775,50,True,0.7594,0.8333,34049503,0.1103,7,0.0835,0.091,7,0.1103,0.0301,2,0.0098,0.0014,2,0.0096,0.0008,2,0.0529,0.0561,2,0.0
1640,0.846,50,True,0.7412,0.8043,34049503,0.0144,5,0.0005,0.0103,5,0.0087,0.0163,1,0.0014,0.0764,1,0.0536,0.128,1,0.1248,0.0594,1,0.0
1641,0.8968,50,True,0.7147,0.8382,34049503,0.0878,6,0.0303,0.0656,6,0.0706,0.0163,5,0.0219,0.003,4,0.0006,0.0343,4,0.028,0.059,2,-0.0
1642,0.8991,50,True,0.7598,0.8388,34049503,0.0142,6,0.0136,0.0078,6,0.0002,0.0046,1,0.001,0.0444,1,0.0469,0.0825,0,0.1206,0.0169,1,0.0
1643,0.5782,50,True,0.4376,0.5428,34049503,0.0013,7,0.0002,0.0007,6,0.0033,0.114,0,0.1107,0.2433,0,0.2369,0.3083,0,0.3043,0.0059,3,0.0
1644,0.6805,50,True,0.5839,0.6974,34049503,0.061,9,0.0492,0.0487,9,0.0411,0.0191,0,0.0358,0.0988,0,0.1631,0.1651,0,0.2738,0.0,5,0.0
1645,0.6388,50,True,0.5248,0.6396,34049503,0.0433,5,0.0204,0.0555,5,0.0574,0.0003,1,0.0009,0.0169,1,0.0247,0.0453,1,0.0789,0.007,5,0.0
1646,0.7272,50,True,0.5706,0.6404,34049503,0.0595,7,0.0379,0.0433,7,0.0315,0.0003,1,0.0052,0.009,1,0.0507,0.0202,1,0.093,0.0166,3,-0.0
1647,0.1165,50,True,0.1196,0.1336,34049503,0.0081,6,0.0165,0.0333,5,0.0421,0.0016,1,0.0002,0.0225,1,0.032,0.0509,0,0.0837,0.0005,7,0.0
1648,0.3951,50,True,0.2777,0.4296,34049503,0.0393,6,0.0162,0.0001,6,0.0067,0.0022,3,0.0014,0.0075,1,0.0213,0.0312,1,0.0745,0.0088,4,0.0
1649,0.2259,50,True,0.2012,0.244,34049503,0.0004,7,0.0177,0.0114,7,0.0385,0.0009,1,0.0054,0.0076,0,0.0188,0.0353,0,0.0806,0.0009,7,-0.0
1650,0.1147,50,True,0.1254,0.1263,34049503,0.0,5,0.0531,0.0363,5,0.0859,0.0067,4,0.0006,0.0574,4,0.0479,0.1182,3,0.1102,0.0,7,0.0
1651,0.32,50,True,0.2823,0.337,34049503,0.0335,7,0.0196,0.0058,7,0.0032,0.0089,3,0.0001,0.0006,2,0.0386,0.0054,2,0.1016,0.0,6,0.0
1652,0.1864,50,True,0.2195,0.2206,34049503,0.0005,4,0.0197,0.0437,4,0.0702,0.0726,1,0.0489,0.0218,1,0.01,0.0064,0,0.0,0.0004,4,0.0
1653,0.145,50,True,0.1473,0.138,34049503,0.0098,7,0.0028,0.0027,6,0.0389,0.0865,3,0.0757,0.0287,2,0.0167,0.0095,2,0.0001,0.0003,9,0.0
1654,0.2648,50,True,0.2026,0.2715,34049503,0.0224,6,0.0067,0.015,6,0.0068,0.0029,2,0.0018,0.0072,2,0.025,0.036,2,0.0801,0.0026,5,-0.0
1656,0.7831,50,True,0.6053,0.7221,34253920,0.0149,6,0.0427,0.0064,6,0.0393,0.0217,3,0.0025,0.092,2,0.0136,0.1726,2,0.0615,0.0537,2,-0.0
1657,0.6889,50,True,0.6864,0.6657,34253920,0.0029,4,0.0166,0.0013,4,0.0113,0.0874,1,0.0711,0.0298,1,0.015,0.0083,1,0.0006,0.0034,1,-0.0
1658,0.758,50,True,0.7225,0.7759,34253920,0.0613,9,0.0846,0.0333,7,0.0264,0.0024,0,0.0248,0.0018,0,0.0043,0.0163,0,0.0,0.0058,6,0.0
1669,0.7246,50,True,0.5794,0.7453,34615851,0.0093,6,0.0,0.0191,6,0.008,0.0166,2,0.0303,0.0004,1,0.0021,0.0126,1,0.0439,0.0091,5,0.0
1670,0.5546,50,True,0.5361,0.6188,34615851,0.0022,6,0.0539,0.0058,6,0.0362,0.068,3,0.0817,0.0126,3,0.0288,0.0019,3,0.005,0.0003,6,0.0
17,0.2488,50,True,0.0874,0.1999,26627737,0.0398,9,0.0127,0.0785,9,0.0,0.0916,8,0.0391,0.0255,8,0.0117,0.0064,8,0.0014,0.0187,9,-0.0
1704,0.0691,50,True,0.0495,0.0598,35879412,0.0181,9,0.005,0.0272,8,0.0001,0.0675,1,0.0489,0.0119,1,0.0158,0.0004,0,0.0023,0.0216,9,0.0
1705,0.9596,50,True,0.8437,0.9323,30414698,0.0098,6,0.0098,0.0046,6,0.0091,0.0638,2,0.0432,0.1494,1,0.1704,0.217,0,0.2957,0.0592,1,0.0
1706,0.1064,50,True,0.1673,0.1184,35879412,0.0934,8,0.0388,0.0006,8,0.0159,0.0647,1,0.0594,0.1419,1,0.189,0.1942,1,0.2912,0.0005,8,0.0
1708,0.1842,50,True,0.1882,0.1924,35879412,0.1042,8,0.0671,0.016,7,0.0406,0.047,1,0.0429,0.0084,1,0.0002,0.0001,2,0.0169,0.001,7,0.0
1710,0.073,50,True,0.076,0.0963,33604667,0.0581,8,0.049,0.1572,8,0.0119,0.0119,4,0.0184,0.0,4,0.0002,0.0091,4,0.0165,0.1485,8,-0.0
172,0.0605,50,True,0.1274,0.0699,28215525,0.0278,7,0.0467,0.0034,7,0.0788,0.0012,4,0.0,0.0055,4,0.0255,0.025,3,0.0717,0.0044,7,0.0
1725,0.1554,50,True,0.1102,0.1545,33483422,0.0101,9,0.0321,0.0014,8,0.0074,0.0,6,0.0201,0.0135,6,0.0,0.0356,6,0.0111,0.0007,9,-0.0
173,0.0148,50,True,0.0001,0.0043,28215525,0.0331,8,0.053,0.2015,8,0.1015,0.0096,6,0.0101,0.0012,7,0.0046,0.0152,6,0.0322,0.0717,9,0.0
1733,0.2804,50,True,0.2521,0.2844,35050652,0.0803,9,0.0118,0.0271,9,0.0105,0.0091,3,0.0002,0.0004,3,0.0161,0.0131,3,0.0494,0.0011,8,0.0
1735,0.1884,50,True,0.117,0.1842,https://www.biorxiv.org/content/10.1101/2020.08.27.270819v1.full,0.0624,10,0.0448,0.0082,10,0.0343,0.0168,7,0.0376,0.0,7,0.0118,0.0093,7,0.0015,0.0033,9,0.0
1736,0.2866,50,True,0.1187,0.2415,https://www.biorxiv.org/content/10.1101/2020.08.27.270819v1.full,0.0562,8,0.0181,0.0827,7,0.0,0.0103,8,0.0266,0.0021,8,0.0065,0.0186,8,0.0003,0.016,7,0.0
1737,0.3298,50,True,0.1764,0.2903,https://www.biorxiv.org/content/10.1101/2020.08.27.270819v1.full,0.0184,9,0.0259,0.0458,9,0.0053,0.0748,9,0.0521,0.037,8,0.0222,0.0114,8,0.0075,0.0174,7,-0.0
1738,0.2142,50,True,0.0931,0.1585,https://www.biorxiv.org/content/10.1101/2020.08.27.270819v1.full,0.0257,8,0.0,0.0018,8,0.0018,0.0005,2,0.0133,0.0042,2,0.0006,0.0161,2,0.0015,0.0021,8,0.0
1739,0.0624,50,True,0.0975,0.0455,https://www.biorxiv.org/content/10.1101/2020.08.27.270819v1.full,0.0411,10,0.0022,0.0035,9,0.001,0.0446,1,0.042,0.0098,0,0.0101,0.0007,0,0.0003,0.001,10,0.0
174,0.167,50,True,0.1289,0.1331,28215525,0.0001,7,0.0083,0.0124,7,0.0065,0.0005,4,0.0051,0.0263,4,0.0593,0.0645,4,0.1177,0.0001,7,-0.0
1742,0.1918,50,True,0.2297,0.1911,34431042,0.0434,10,0.0418,0.0024,9,0.0014,0.02,5,0.0103,0.0005,3,0.0013,0.0066,3,0.0177,0.0181,9,0.0
1749,0.1047,50,True,0.0511,0.1036,34686207,0.034,9,0.0295,0.0665,9,0.0208,0.0323,6,0.0384,0.0038,6,0.01,0.0001,6,0.0005,0.0665,9,0.0
175,0.3011,50,True,0.2015,0.2734,28215525,0.0574,8,0.0558,0.0138,8,0.0308,0.0083,7,0.0061,0.0404,6,0.0019,0.0695,6,0.0192,0.001,6,0.0
1751,0.0672,50,True,0.0418,0.0603,34686207,0.0256,7,0.0088,0.0852,7,0.0027,0.0053,4,0.011,0.04,4,0.0562,0.0719,4,0.0988,0.0852,7,0.0
176,0.268,50,True,0.0911,0.242,28215525,0.0117,8,0.0121,0.0707,7,0.0013,0.0,6,0.0056,0.0195,5,0.007,0.0493,4,0.0433,0.0305,8,0.0
1768,0.1087,50,True,0.0779,0.1099,33513160,0.0223,8,0.0181,0.0235,8,0.0036,0.0038,2,0.0057,0.0051,3,0.0047,0.0288,2,0.0297,0.0231,8,0.0
1769,0.1092,50,True,0.1104,0.108,33513160,0.0736,7,0.0509,0.0401,7,0.023,0.0025,6,0.0053,0.0315,6,0.0081,0.0654,6,0.0449,0.0394,7,0.0
177,0.1036,50,True,0.1432,0.1133,28215525,0.1024,9,0.0081,0.0027,9,0.0001,0.0153,4,0.0117,0.0721,3,0.0863,0.1081,3,0.1609,0.0026,9,0.0
178,0.1878,50,True,0.2632,0.2001,28894007,0.0127,7,0.0104,0.0,7,0.0002,0.0534,1,0.0331,0.0068,1,0.0,0.0014,1,0.0163,0.0147,7,-0.0
1787,0.2926,50,True,0.1944,0.2581,34155407,0.058,10,0.0209,0.0705,10,0.0005,0.1565,8,0.0452,0.0724,8,0.019,0.0427,8,0.0066,0.0067,9,0.0
1788,0.331,50,True,0.1838,0.29,34155407,0.0404,9,0.0221,0.0547,9,0.0007,0.159,8,0.0509,0.0797,8,0.022,0.0338,8,0.0077,0.0096,8,0.0
1789,0.2228,50,True,0.1732,0.2161,34155407,0.0196,10,0.0178,0.0323,10,0.0022,0.1353,8,0.0423,0.0567,8,0.0167,0.0202,8,0.005,0.0062,9,0.0
179,0.2248,50,True,0.0973,0.1958,29083409,0.0661,9,0.0273,0.0971,9,0.0019,0.1589,9,0.0695,0.0825,9,0.038,0.0282,9,0.0191,0.0141,9,0.0
1790,0.2462,50,True,0.1383,0.2111,34155407,0.0222,10,0.0125,0.0457,10,0.0002,0.1549,8,0.044,0.1072,8,0.0189,0.0484,8,0.0068,0.0084,8,0.0
1791,0.2739,50,True,0.1966,0.2657,34155407,0.031,8,0.0207,0.0405,8,0.0005,0.0857,9,0.0332,0.0194,9,0.0109,0.0005,9,0.002,0.0037,8,0.0
1792,0.2568,50,True,0.2049,0.2462,34155407,0.0282,8,0.0133,0.0343,8,0.0,0.087,8,0.0286,0.0289,8,0.0089,0.0023,8,0.0015,0.0008,8,0.0
1793,0.238,50,True,0.0961,0.2064,34373451,0.0203,9,0.0272,0.0372,9,0.006,0.0699,9,0.0351,0.0101,9,0.0129,0.0001,9,0.0032,0.0115,8,0.0
1794,0.3016,50,True,0.141,0.2617,34373451,0.0225,9,0.0307,0.0438,9,0.0099,0.0433,9,0.0363,0.006,9,0.0132,0.0006,9,0.0031,0.0194,9,-0.0
1795,0.2565,50,True,0.0908,0.2159,34373451,0.0164,9,0.0287,0.0523,8,0.006,0.0861,9,0.0405,0.0201,9,0.0174,0.0003,9,0.0061,0.016,8,0.0
1796,0.2404,50,True,0.0878,0.2065,34373451,0.0072,9,0.0285,0.055,9,0.007,0.1132,9,0.045,0.0207,9,0.0201,0.0029,9,0.0072,0.0238,8,0.0
1797,0.281,50,True,0.1783,0.2554,34373451,0.0331,9,0.027,0.0579,9,0.0056,0.0864,9,0.0412,0.0229,9,0.0156,0.0009,9,0.0041,0.0298,8,0.0
1798,0.2649,50,True,0.1257,0.2319,34373451,0.0197,10,0.0321,0.0389,10,0.0086,0.0369,9,0.0368,0.001,9,0.0128,0.0069,9,0.0024,0.011,9,0.0
18,0.4868,50,True,0.2344,0.4308,27159373,0.01,8,0.028,0.0242,8,0.0076,0.1225,7,0.0535,0.0373,7,0.0216,0.0048,7,0.0065,0.0263,8,0.0
180,0.2502,50,True,0.1021,0.206,29083409,0.1068,9,0.0287,0.1239,9,0.0014,0.1244,9,0.066,0.0441,9,0.0379,0.0147,9,0.0206,0.0267,9,0.0
1803,0.0216,50,True,0.008,0.0077,35231079,0.0153,7,0.0,0.4947,7,0.0155,0.0194,3,0.0254,0.0,3,0.0,0.0116,3,0.016,0.4947,7,0.0
1804,0.4738,50,True,0.2467,0.4547,35192680,0.0,7,0.0248,0.0024,7,0.0178,0.2157,3,0.2315,0.1244,3,0.1313,0.0502,2,0.0659,0.046,5,0.0
1805,0.5847,50,True,0.3163,0.5327,35192680,0.0004,9,0.0184,0.0001,9,0.0192,0.1052,5,0.1472,0.0276,3,0.0762,0.0022,3,0.0337,0.0291,6,0.0
1806,0.0259,50,True,0.0155,0.0325,35231079,0.0036,5,0.0022,0.1252,5,0.0243,0.0,1,0.002,0.0285,1,0.0199,0.0567,1,0.0746,0.1059,5,0.0
181,0.2206,50,True,0.1039,0.1835,29083409,0.136,9,0.0246,0.1515,9,0.0002,0.1234,9,0.055,0.0369,9,0.0288,0.0051,9,0.0135,0.0183,9,0.0
1811,0.2435,50,True,0.101,0.2093,31160565,0.0813,9,0.0289,0.107,9,0.0014,0.1622,9,0.0653,0.0858,9,0.0365,0.0369,9,0.0195,0.0213,9,0.0
1812,0.2596,50,True,0.0988,0.2186,31160565,0.0816,9,0.0343,0.0993,9,0.0025,0.1459,9,0.0715,0.0711,9,0.0371,0.0279,9,0.0173,0.0168,9,0.0
1813,0.183,50,True,0.0785,0.1599,31160565,0.0571,9,0.025,0.1059,9,0.0011,0.1862,9,0.0724,0.1181,9,0.041,0.0678,9,0.022,0.0207,9,0.0
1814,0.2491,50,True,0.0845,0.2039,31160565,0.1023,9,0.0302,0.1192,9,0.0006,0.1217,9,0.0644,0.0532,9,0.0332,0.0287,9,0.0156,0.0157,9,0.0
1815,0.4587,50,True,0.4909,0.4584,34962926,0.0138,6,0.0003,0.0009,6,0.0043,0.0051,2,0.0047,0.0504,2,0.0601,0.0871,1,0.1302,0.0006,5,0.0
1816,0.5787,50,True,0.5969,0.6083,34962926,0.058,5,0.0078,0.03,4,0.0104,0.0051,4,0.0047,0.0504,3,0.0601,0.0871,2,0.1302,0.0004,1,0.0
1817,0.6336,50,True,0.5585,0.6502,34962926,0.0014,6,0.0057,0.0003,6,0.0017,0.0648,4,0.0355,0.0043,3,0.0023,0.005,3,0.0479,0.0034,5,0.0
1818,0.4077,50,True,0.5227,0.464,34962926,0.0808,7,0.0106,0.0353,6,0.0071,0.0648,2,0.0355,0.0043,1,0.0023,0.005,1,0.0479,0.0096,5,0.0
182,0.0593,50,True,0.0174,0.0532,29269392,0.0078,8,0.0265,0.2921,8,0.0002,0.2038,5,0.125,0.1071,5,0.0674,0.0375,4,0.0317,0.2921,8,-0.0
1821,0.0323,50,True,0.0199,0.0416,35086559,0.0043,6,0.0067,0.2051,6,0.0041,0.0863,4,0.0948,0.0209,4,0.0194,0.0016,3,0.0,0.1923,6,0.0
1822,0.003,50,True,0.0054,0.0013,35086559,0.0114,9,0.0055,0.5168,9,0.0616,0.0048,3,0.0506,0.0034,3,0.0064,0.0256,2,0.0014,0.4931,9,0.0
1823,0.0683,50,True,0.0393,0.0623,35086559,0.024,8,0.0238,0.1182,8,0.0057,0.022,2,0.0493,0.0,2,0.0044,0.008,2,0.0033,0.1053,8,-0.0
1824,0.0109,50,True,0.0071,0.0094,35086559,0.0001,7,0.0084,0.2682,7,0.0529,0.0105,3,0.0578,0.0002,3,0.0084,0.014,2,0.0008,0.2639,7,0.0
1826,0.0001,50,True,0.0039,0.0,35086559,0.0098,10,0.0041,0.5029,10,0.0474,0.0104,6,0.0002,0.0612,6,0.0266,0.1079,7,0.0718,0.4952,10,0.0
1827,0.0319,50,True,0.0302,0.0313,35086559,0.0027,7,0.0043,0.0966,7,0.0251,0.0001,5,0.0035,0.0288,5,0.0416,0.0901,5,0.0929,0.0853,7,0.0
1828,0.0222,50,True,0.0002,0.0106,35086559,0.001,8,0.0011,0.2797,8,0.0144,0.0023,6,0.0368,0.0487,6,0.0842,0.0903,6,0.1211,0.273,8,-0.0
1829,0.1345,50,True,0.0938,0.1242,35086559,0.0411,10,0.0046,0.0009,10,0.0001,0.0006,5,0.0029,0.0188,5,0.0123,0.0433,5,0.0521,0.0006,10,0.0
183,0.026,50,True,0.006,0.022,29269392,0.0009,8,0.0055,0.3349,8,0.0035,0.1454,4,0.0706,0.0361,3,0.0307,0.0006,3,0.0089,0.3349,8,0.0
1830,0.1244,50,True,0.078,0.1137,35086559,0.0364,9,0.0042,0.005,9,0.0001,0.0017,5,0.0048,0.0077,5,0.0112,0.0308,4,0.0514,0.0039,9,0.0
184,0.2182,50,True,0.1006,0.1902,29083409,0.0955,9,0.0275,0.1109,9,0.0008,0.1647,9,0.0681,0.0786,9,0.038,0.0279,9,0.0196,0.021,9,-0.0
1843,0.3561,50,True,0.2292,0.3405,33355125,0.0195,7,0.004,0.0344,7,0.014,0.1122,5,0.086,0.1989,5,0.1537,0.3142,3,0.2099,0.0098,6,0.0
1845,0.2794,50,True,0.1413,0.2443,35559673,0.056,9,0.0264,0.0968,9,0.0042,0.0681,9,0.0422,0.018,9,0.0164,0.002,8,0.0044,0.0198,9,0.0
1846,0.2111,50,True,0.082,0.1712,35559673,0.0803,9,0.0303,0.0935,9,0.0019,0.0958,8,0.0443,0.039,8,0.0199,0.0074,8,0.0075,0.0091,9,0.0
1847,0.2811,50,True,0.1334,0.2432,35559673,0.0802,9,0.0291,0.1014,9,0.0034,0.1369,9,0.0573,0.0592,9,0.0296,0.0329,9,0.0141,0.0179,9,0.0
1848,0.2625,50,True,0.1263,0.2226,35559673,0.0865,9,0.0295,0.1041,9,0.0023,0.0774,9,0.0482,0.0309,9,0.0223,0.0058,9,0.0087,0.0189,9,0.0
1849,0.2414,50,True,0.1133,0.21,35559673,0.0528,9,0.0285,0.0891,9,0.0023,0.147,9,0.0632,0.0846,9,0.0324,0.0267,9,0.015,0.019,9,0.0
185,0.2085,50,True,0.0785,0.1711,29083409,0.1046,9,0.0297,0.122,9,0.0009,0.1424,9,0.0712,0.0707,9,0.0377,0.0288,9,0.018,0.0183,9,-0.0
1850,0.2691,50,True,0.0968,0.2225,35559673,0.0277,10,0.0305,0.0742,10,0.0038,0.1131,9,0.0498,0.0336,9,0.0217,0.0057,9,0.0077,0.0273,10,0.0
1851,0.2423,50,True,0.0693,0.2004,35559673,0.0378,10,0.03,0.0984,10,0.0028,0.1484,9,0.0566,0.0593,9,0.0292,0.021,9,0.0137,0.0157,10,0.0
1852,0.2716,50,True,0.121,0.2279,35559673,0.0663,9,0.0338,0.0994,9,0.0043,0.0972,9,0.0536,0.0429,9,0.0266,0.0165,9,0.0115,0.0284,9,0.0
1853,0.2974,50,True,0.1246,0.2575,35559673,0.0437,9,0.0288,0.069,9,0.0034,0.1183,8,0.0497,0.0607,8,0.0235,0.0116,8,0.0096,0.0229,8,-0.0
1854,0.3052,50,True,0.1496,0.2622,35559673,0.0606,9,0.0288,0.0688,9,0.0036,0.0804,9,0.0418,0.0212,9,0.0163,0.0026,8,0.0044,0.013,9,0.0
1855,0.2874,50,True,0.145,0.2525,35559673,0.0814,9,0.0278,0.0892,9,0.0027,0.1018,8,0.0535,0.0481,8,0.0264,0.0188,8,0.0114,0.0207,9,0.0
1856,0.2365,50,True,0.0736,0.1921,35559673,0.0846,10,0.0279,0.1013,10,0.0015,0.1231,9,0.0531,0.0682,9,0.0269,0.0403,9,0.0125,0.0286,10,0.0
1857,0.2698,50,True,0.1301,0.23,35559673,0.0474,9,0.0324,0.0817,9,0.0048,0.1215,9,0.0561,0.064,9,0.0277,0.0186,9,0.0122,0.0161,9,0.0
1858,0.2773,50,True,0.1271,0.2351,35559673,0.0943,9,0.03,0.1104,9,0.0032,0.0892,9,0.0533,0.0441,9,0.0252,0.0122,8,0.0101,0.019,9,0.0
1859,0.2691,50,True,0.1075,0.224,35559673,0.049,10,0.0299,0.0829,10,0.0046,0.1413,9,0.0559,0.0716,8,0.0276,0.0284,8,0.0121,0.0193,10,0.0
186,0.2483,50,True,0.1173,0.2176,29083409,0.0839,10,0.0329,0.1013,10,0.0038,0.1773,9,0.0765,0.0863,9,0.0451,0.0416,9,0.0252,0.0183,9,-0.0
1860,0.2938,50,True,0.1461,0.251,35559673,0.0354,10,0.027,0.0555,10,0.004,0.138,9,0.052,0.0663,9,0.0247,0.0272,8,0.0102,0.0244,10,-0.0
1861,0.3101,50,True,0.1378,0.2634,35559673,0.0361,9,0.0355,0.0691,9,0.0078,0.131,8,0.0578,0.0805,8,0.0291,0.0375,8,0.0132,0.0256,9,0.0
1862,0.121,50,True,0.1508,0.0979,35879413,0.0514,7,0.026,0.0007,7,0.0005,0.0047,1,0.0003,0.0599,1,0.0221,0.133,1,0.0706,0.0001,7,0.0
1863,0.196,50,True,0.2314,0.2018,35879413,0.0991,7,0.0576,0.017,7,0.0211,0.0117,4,0.007,0.055,4,0.0796,0.1263,3,0.1537,0.0149,7,0.0
1864,0.5708,50,True,0.4708,0.5623,35879413,0.0031,7,0.0022,0.0005,6,0.0031,0.0156,2,0.0199,0.048,1,0.1041,0.0875,1,0.1907,0.0011,6,-0.0
187,0.2352,50,True,0.1099,0.1985,29083409,0.0861,9,0.0283,0.109,9,0.0013,0.1193,9,0.0699,0.0617,9,0.0379,0.0284,9,0.0189,0.017,9,0.0
1879,0.1543,50,True,0.0957,0.141,35570209,0.0299,7,0.0613,0.0007,7,0.0224,0.0353,5,0.022,0.0078,4,0.0025,0.0006,4,0.0004,0.0012,7,0.0
188,0.2354,50,True,0.131,0.1987,29083409,0.0622,9,0.0245,0.0827,9,0.0015,0.1337,9,0.0638,0.0584,9,0.0357,0.0284,9,0.0187,0.0095,9,0.0
1880,0.0345,50,True,0.0056,0.037,34497417,0.0148,6,0.0059,0.0997,6,0.0002,0.0487,6,0.0303,0.0084,6,0.0052,0.0006,5,0.0,0.0662,9,0.0
1885,0.3146,50,True,0.3206,0.3298,34497417,0.008,7,0.0131,0.0004,7,0.0,0.0434,5,0.0547,0.0098,5,0.0074,0.0001,5,0.0011,0.0035,5,-0.0
189,0.2121,50,True,0.1103,0.1699,29083409,0.0638,8,0.0248,0.0766,8,0.0005,0.0841,9,0.0579,0.0357,9,0.0308,0.0138,9,0.0151,0.0106,8,0.0
190,0.2211,50,True,0.0968,0.1811,29083409,0.0712,9,0.0268,0.1097,9,0.001,0.1222,9,0.0712,0.067,9,0.042,0.0329,9,0.0238,0.0219,9,0.0
1900,0.6013,50,True,0.4391,0.5594,36002574,0.0,8,0.0111,0.0034,7,0.0006,0.018,2,0.0238,0.0012,1,0.0049,0.0026,1,0.0001,0.0095,6,0.0
1901,0.7052,50,True,0.4746,0.6411,36002574,0.002,5,0.0011,0.0005,4,0.0,0.0016,2,0.0005,0.0231,2,0.0141,0.0575,2,0.0586,0.0089,3,0.0
1902,0.7448,50,True,0.6679,0.7198,36002574,0.0065,7,0.0002,0.0,6,0.0014,0.1054,0,0.1085,0.1754,0,0.1997,0.2163,0,0.2895,0.0029,3,0.0
1903,0.6158,50,True,0.4637,0.5697,36002574,0.0055,4,0.0039,0.0001,4,0.0026,0.0019,2,0.0074,0.0094,1,0.0005,0.0286,1,0.0096,0.0233,2,0.0
1904,0.6284,50,True,0.6264,0.6269,36002574,0.0878,7,0.0191,0.0593,7,0.0094,0.0,2,0.0155,0.0115,2,0.0002,0.0321,2,0.0053,0.0005,4,0.0
1905,0.4562,50,True,0.5319,0.5215,36002574,0.0056,6,0.0032,0.0,5,0.0001,0.0113,2,0.0085,0.0004,2,0.0,0.0083,2,0.0044,0.0032,4,0.0
1909,0.688,50,True,0.5396,0.6767,35420441,0.061,5,0.0194,0.0754,4,0.0583,0.025,5,0.0369,0.0073,5,0.0022,0.0,3,0.0043,0.0222,4,-0.0
191,0.2441,50,True,0.1228,0.2017,29083409,0.0608,9,0.027,0.0975,9,0.0027,0.1088,9,0.0645,0.0648,9,0.0373,0.0273,9,0.0205,0.0187,9,0.0
192,0.2166,50,True,0.0844,0.1791,29083409,0.1511,9,0.0282,0.1653,9,0.0002,0.1799,9,0.0706,0.0966,9,0.0416,0.0397,9,0.0235,0.0328,9,0.0
193,0.2351,50,True,0.1318,0.2038,29083409,0.0916,9,0.024,0.1121,9,0.0006,0.152,9,0.0632,0.0739,9,0.0343,0.0383,9,0.0174,0.0202,9,-0.0
1932,0.3264,50,True,0.4258,0.3413,32268084,0.0005,5,0.0039,0.0119,5,0.0219,0.0905,2,0.0557,0.0443,2,0.02,0.0147,2,0.0046,0.0001,5,0.0
1933,0.0633,50,True,0.0304,0.0665,32268084,0.0009,9,0.0039,0.0352,7,0.002,0.0616,4,0.0574,0.0268,4,0.0257,0.0069,4,0.0094,0.0266,9,0.0
1934,0.072,50,True,0.0405,0.0601,32268084,0.0055,5,0.0097,0.0934,5,0.0108,0.0001,3,0.0073,0.0071,4,0.0008,0.0202,3,0.0002,0.0892,5,0.0
1935,0.0924,50,True,0.1403,0.0948,32268084,0.0474,8,0.0202,0.0029,8,0.0,0.0227,1,0.0021,0.0625,1,0.0002,0.0898,1,0.004,0.0002,8,-0.0
1938,0.7324,50,True,0.5247,0.6843,35439318,0.018,5,0.0221,0.033,5,0.0039,0.1048,5,0.0662,0.0315,5,0.0309,0.0125,5,0.0121,0.0071,5,0.0
1939,0.7655,50,True,0.5583,0.7403,35439318,0.0023,7,0.0176,0.008,6,0.002,0.055,4,0.058,0.0201,4,0.0222,0.0043,4,0.0061,0.0163,4,-0.0
194,0.2561,50,True,0.1341,0.2237,29083409,0.0838,9,0.0264,0.106,9,0.0019,0.1271,9,0.0557,0.051,9,0.027,0.018,9,0.0111,0.0221,9,-0.0
1947,0.1117,50,True,0.1313,0.1059,34230586,0.0,7,0.0011,0.0264,5,0.0388,0.0,1,0.0004,0.0183,1,0.0141,0.0564,1,0.0531,0.0007,8,0.0
195,0.2366,50,True,0.1096,0.2047,29083409,0.0808,9,0.031,0.0942,9,0.0023,0.1256,9,0.0583,0.0399,9,0.0293,0.0087,9,0.0128,0.0162,9,0.0
1953,0.3152,50,True,0.254,0.2891,36548402,0.0098,8,0.0031,0.0026,6,0.0,0.0067,6,0.0,0.0061,6,0.0176,0.0403,5,0.0509,0.002,6,-0.0
1954,0.3681,50,True,0.4475,0.3948,36548402,0.0568,7,0.0497,0.0337,7,0.0141,0.0556,4,0.0501,0.005,4,0.0018,0.0003,3,0.0112,0.0021,5,0.0
1955,0.0526,50,True,0.0703,0.0564,35469023,0.0638,10,0.0185,0.2853,8,0.0038,0.0782,5,0.0727,0.0224,5,0.0316,0.0045,5,0.011,0.2853,8,0.0
196,0.2314,50,True,0.1073,0.1952,29083409,0.0778,10,0.034,0.0916,10,0.005,0.1469,9,0.0687,0.0629,9,0.0413,0.0248,9,0.0237,0.0119,9,0.0
1966,0.0869,50,True,0.0691,0.1001,34937946,0.0512,9,0.0196,0.0659,9,0.0147,0.0185,5,0.0476,0.0001,4,0.0031,0.0106,4,0.006,0.0659,9,0.0
1967,0.0505,50,True,0.0666,0.0489,34004147,0.0279,7,0.0077,0.1439,7,0.0019,0.1371,2,0.1086,0.0635,2,0.0317,0.0172,1,0.0022,0.1439,7,0.0
1969,0.5539,50,True,0.274,0.5149,34004147,0.0096,7,0.0308,0.0005,7,0.0265,0.0019,4,0.0048,0.0055,3,0.0068,0.0287,2,0.0383,0.0289,6,0.0
197,0.2593,50,True,0.1223,0.228,29083409,0.0581,9,0.0286,0.0823,9,0.0025,0.1189,9,0.0566,0.0403,9,0.0268,0.0032,9,0.0105,0.0144,9,0.0
1970,0.3979,50,True,0.181,0.3507,34004147,0.0012,8,0.0103,0.0032,8,0.0055,0.0373,5,0.0,0.0989,3,0.0179,0.1789,3,0.0533,0.0098,6,0.0
1971,0.3362,50,True,0.1263,0.2811,34004147,0.0204,6,0.0037,0.0457,6,0.0151,0.0,5,0.0128,0.0115,5,0.0006,0.0301,4,0.0136,0.0018,6,0.0
1972,0.3237,50,True,0.271,0.3119,34004147,0.0134,8,0.0659,0.0025,7,0.0127,0.0013,1,0.0,0.0196,1,0.0171,0.0476,1,0.0458,0.0001,7,0.0
1973,0.6823,50,True,0.5272,0.6937,34004147,0.0945,9,0.0974,0.0716,9,0.0958,0.0166,4,0.011,0.0006,4,0.0047,0.0161,3,0.0348,0.0028,5,0.0
1974,0.2341,50,True,0.2045,0.2528,34004147,0.0248,5,0.0124,0.0862,5,0.0472,0.0017,1,0.0,0.0258,1,0.0244,0.059,1,0.0745,0.0105,5,0.0
1975,0.4892,50,True,0.2935,0.4497,34004147,0.0007,7,0.0132,0.0006,7,0.0059,0.01,5,0.0276,0.0003,5,0.0048,0.0035,5,0.0,0.0119,6,-0.0
1976,0.6457,50,True,0.3691,0.6137,34004147,0.0076,8,0.0189,0.005,8,0.024,0.0763,8,0.0562,0.0319,7,0.021,0.0152,7,0.0051,0.0127,7,-0.0
1977,0.4942,50,True,0.3015,0.4441,34004147,0.0054,9,0.0071,0.0016,9,0.0039,0.001,9,0.0154,0.0152,8,0.0003,0.0406,8,0.004,0.0071,7,0.0
1978,0.5155,50,True,0.2669,0.4652,34004147,0.0001,8,0.0166,0.0028,8,0.0103,0.0703,9,0.0526,0.0222,9,0.0184,0.0035,9,0.0041,0.0125,7,0.0
1979,0.1972,50,True,0.0965,0.1972,34004147,0.0167,8,0.0724,0.0005,8,0.0281,0.0117,6,0.0003,0.0693,5,0.0299,0.1146,3,0.0957,0.0009,8,-0.0
198,0.2193,50,True,0.1189,0.202,29083409,0.0295,9,0.0286,0.0753,9,0.0028,0.1426,9,0.067,0.0552,9,0.0354,0.0145,9,0.0166,0.0206,9,0.0
1980,0.4864,50,True,0.2942,0.4586,34004147,0.1269,9,0.1505,0.0291,9,0.1216,0.0032,4,0.0269,0.0036,4,0.0003,0.0203,3,0.0254,0.0051,8,0.0
1981,0.066,50,True,0.0288,0.0664,34004147,0.0006,4,0.0129,0.0584,4,0.035,0.0007,1,0.0051,0.0098,1,0.076,0.0334,1,0.158,0.0342,6,-0.0
1982,0.0163,50,True,0.0026,0.0187,34004147,0.0013,5,0.0001,0.2678,5,0.0262,0.0303,3,0.0298,0.1059,3,0.1357,0.1526,3,0.2312,0.245,5,-0.0
1983,0.0808,50,True,0.0221,0.0586,36305789,0.0004,8,0.0009,0.0678,8,0.0033,0.0172,4,0.0731,0.0007,4,0.0275,0.0033,4,0.006,0.0628,8,0.0
1985,0.1276,50,True,0.0308,0.0658,34731885,0.0013,8,0.0077,0.0343,7,0.0142,0.0106,4,0.0276,0.0482,4,0.0656,0.0784,4,0.0991,0.0003,8,0.0
1986,0.1398,50,True,0.0713,0.1204,34662547,0.0147,6,0.0132,0.0608,6,0.0024,0.0378,3,0.0333,0.0014,3,0.0013,0.0044,3,0.0376,0.0075,7,0.0
1987,0.2943,50,True,0.1545,0.2645,10.1101/2023.01.23.525275,0.005,7,0.0018,0.05,7,0.0154,0.0,3,0.0002,0.0122,3,0.0301,0.0369,3,0.0702,0.0066,7,0.0
1988,0.2916,50,True,0.2428,0.2901,10.1101/2023.01.23.525275,0.0027,8,0.0405,0.0051,8,0.0023,0.0097,4,0.0393,0.0072,2,0.0017,0.043,2,0.0075,0.0,7,0.0
1989,0.1604,50,True,0.1717,0.1808,33417871,0.1057,8,0.0972,0.0007,8,0.0571,0.0076,5,0.0282,0.0001,4,0.0012,0.005,5,0.0046,0.0006,8,0.0
199,0.2737,50,True,0.1127,0.2327,29083409,0.0464,9,0.0357,0.0859,9,0.0044,0.1464,9,0.0691,0.0584,9,0.0398,0.0257,9,0.0216,0.0252,9,0.0
1990,0.2627,50,True,0.1463,0.2548,33417871,0.0014,9,0.0174,0.0044,8,0.0061,0.1771,9,0.0822,0.127,9,0.0413,0.0979,9,0.0203,0.0178,8,0.0
1991,0.1274,50,True,0.0828,0.1375,33417871,0.0482,9,0.0938,0.03,8,0.0491,0.0482,2,0.0295,0.0016,2,0.0005,0.0094,2,0.0287,0.0288,8,0.0
1993,0.5449,50,True,0.5166,0.6198,37193694,0.0444,7,0.0428,0.0258,7,0.0299,0.0153,1,0.0186,0.0034,1,0.0,0.0142,0,0.0114,0.0017,4,0.0
1995,0.0954,50,True,0.0171,0.0813,33660365,0.001,8,0.0132,0.0391,8,0.0003,0.103,2,0.0636,0.0474,3,0.0171,0.0268,3,0.0012,0.027,8,-0.0
1996,0.4219,50,True,0.3382,0.4224,33660365,0.0002,8,0.008,0.0044,8,0.0007,0.003,4,0.0002,0.0044,4,0.0197,0.0327,4,0.0585,0.0124,6,-0.0
1997,0.0286,50,True,0.0576,0.0288,35469023,0.0532,10,0.0044,0.3957,7,0.0,0.067,3,0.045,0.0116,3,0.0171,0.0,3,0.0044,0.3957,7,0.0
1999,0.8123,50,True,0.585,0.7734,35469023,0.0002,9,0.0331,0.0,9,0.0146,0.1073,3,0.0796,0.0463,3,0.0373,0.0215,3,0.0153,0.0238,4,0.0
200,0.1737,50,True,0.0889,0.1392,29083409,0.0688,9,0.0259,0.1147,9,0.001,0.121,9,0.0591,0.0435,9,0.0306,0.0153,9,0.0141,0.0166,9,0.0
2003,0.0199,50,True,0.0082,0.0085,34316707,0.016,6,0.0056,0.4542,6,0.0001,0.037,5,0.0456,0.0057,5,0.0098,0.0001,5,0.0001,0.4506,6,-0.0
201,0.1956,50,True,0.0939,0.1689,29083409,0.1345,8,0.0252,0.155,8,0.0,0.1753,9,0.0686,0.0825,9,0.0366,0.0198,9,0.0175,0.0291,8,0.0
2012,0.2875,50,True,0.1522,0.2781,36841242,0.0008,9,0.0577,0.0167,9,0.0259,0.0049,6,0.0384,0.0026,6,0.0073,0.0155,5,0.0001,0.0242,9,0.0
2016,0.5684,50,True,0.6399,0.5926,35981571,0.1202,7,0.0772,0.066,5,0.0142,0.0236,4,0.0147,0.0037,3,0.0133,0.0338,2,0.0813,0.0079,4,0.0
2017,0.5554,50,True,0.4698,0.5077,36055241,0.0314,5,0.0165,0.0493,5,0.0369,0.0037,1,0.0031,0.0104,1,0.0451,0.0351,1,0.0976,0.0232,5,0.0
202,0.2339,50,True,0.1124,0.1964,29083409,0.1066,9,0.031,0.1231,9,0.0019,0.1397,9,0.0657,0.0623,9,0.0338,0.0217,9,0.0154,0.0122,9,-0.0
203,0.1987,50,True,0.0984,0.1754,29083409,0.0892,9,0.0256,0.1029,9,0.0009,0.1763,9,0.0741,0.1225,9,0.0436,0.0637,9,0.0247,0.0162,9,0.0
204,0.2182,50,True,0.1249,0.1893,29083409,0.0911,9,0.0235,0.1047,9,0.0014,0.1335,8,0.0619,0.0642,8,0.0334,0.0187,8,0.0164,0.0157,9,-0.0
2048,0.2585,50,True,0.195,0.2497,34373448,0.0432,9,0.0604,0.0094,7,0.0212,0.0,3,0.001,0.0157,3,0.0124,0.0329,3,0.0465,0.0002,6,0.0
205,0.2217,50,True,0.154,0.1873,29083409,0.0688,9,0.0258,0.1105,9,0.0034,0.1347,8,0.0624,0.0592,8,0.0343,0.02,7,0.017,0.0244,9,-0.0
2050,0.4452,50,True,0.2153,0.3878,35723366,0.0186,8,0.0408,0.0267,8,0.0134,0.0788,8,0.0611,0.0248,8,0.0233,0.0034,8,0.0057,0.0172,7,-0.0
2051,0.8088,50,True,0.5557,0.7552,35723366,0.0313,7,0.037,0.0314,7,0.0005,0.1013,7,0.0584,0.0446,7,0.0286,0.0161,7,0.0122,0.0174,5,0.0
2052,0.5687,50,True,0.3282,0.5198,35723366,0.0323,8,0.0346,0.0417,8,0.0035,0.1024,8,0.047,0.0265,8,0.0201,0.0017,8,0.0065,0.0156,6,-0.0
2053,0.4672,50,True,0.3203,0.4499,35723366,0.0146,9,0.035,0.02,9,0.0107,0.031,9,0.0361,0.0035,8,0.0105,0.0,7,0.001,0.0125,8,0.0
2054,0.7769,50,True,0.5991,0.7402,37435859,0.1207,9,0.1018,0.1035,8,0.122,0.016,4,0.0045,0.0597,4,0.0787,0.1196,4,0.1769,0.0061,3,0.0
2055,0.7001,50,True,0.5472,0.6637,37435859,0.0011,5,0.0002,0.0082,5,0.0048,0.0067,5,0.0344,0.0053,4,0.0008,0.0227,4,0.0097,0.0143,2,0.0
206,0.2512,50,True,0.0982,0.2047,29083409,0.0607,9,0.0334,0.0858,9,0.0036,0.1208,9,0.0627,0.0637,9,0.0379,0.0268,9,0.0223,0.0241,9,0.0
2060,0.0919,50,True,0.152,0.0953,36124427,0.1146,7,0.0152,0.0454,7,0.0043,0.004,2,0.0046,0.0586,2,0.0204,0.0975,2,0.0885,0.0454,7,0.0
2061,0.3569,50,True,0.1432,0.306,36597481,0.0412,8,0.0244,0.0534,8,0.0017,0.0203,8,0.034,0.0,8,0.0098,0.0153,8,0.0009,0.0228,8,0.0
2062,0.3283,50,True,0.1604,0.2881,36597481,0.0669,10,0.0261,0.1045,10,0.0026,0.2203,9,0.0609,0.1351,9,0.0303,0.0816,9,0.0136,0.0279,9,-0.0
2063,0.1989,50,True,0.0639,0.1627,36597481,0.0829,9,0.0255,0.0997,9,0.0005,0.1529,9,0.062,0.0891,9,0.0292,0.033,9,0.012,0.0179,9,0.0
2064,0.3152,50,True,0.1406,0.276,36597481,0.045,8,0.0296,0.0615,8,0.0033,0.0499,8,0.0459,0.0113,8,0.0191,0.0012,7,0.0063,0.0153,7,0.0
207,0.2209,50,True,0.1207,0.1979,29083409,0.0903,9,0.0297,0.1116,9,0.0022,0.1495,9,0.0592,0.0522,9,0.0326,0.0191,9,0.0166,0.0164,9,0.0
2071,0.0514,50,True,0.0358,0.0519,36597481,0.0069,5,0.0158,0.1293,5,0.0002,0.0024,2,0.0001,0.0046,2,0.0203,0.0227,2,0.0591,0.1173,5,0.0
2074,0.0198,50,True,0.0286,0.0215,36597481,0.0113,9,0.0001,0.2798,9,0.0133,0.0047,5,0.0083,0.0009,5,0.0004,0.0107,4,0.0145,0.2798,9,0.0
2075,0.0675,50,True,0.0333,0.0516,36597481,0.0205,8,0.0306,0.2503,8,0.0052,0.023,3,0.0033,0.0763,2,0.042,0.1577,1,0.1167,0.2503,8,-0.0
2076,0.303,50,True,0.3002,0.334,36753415,0.0016,6,0.0066,0.0052,6,0.002,0.0719,5,0.0934,0.015,4,0.0079,0.0002,4,0.0078,0.003,6,0.0
2077,0.1287,50,True,0.0361,0.1006,36753415,0.0005,8,0.0009,0.071,8,0.0029,0.0248,5,0.0,0.0626,5,0.0339,0.1188,4,0.1005,0.0091,8,0.0
2078,0.1041,50,True,0.032,0.0815,32668236,0.0006,7,0.0185,0.0325,7,0.0001,0.0171,5,0.0616,0.0,6,0.0213,0.0157,6,0.0035,0.0233,8,-0.0
2079,0.1122,50,True,0.0994,0.128,37639469,0.0729,8,0.0608,0.0587,8,0.0372,0.0311,4,0.0277,0.0029,3,0.0,0.0037,3,0.0146,0.0587,8,0.0
208,0.2304,50,True,0.1471,0.1986,29083409,0.1286,9,0.024,0.1398,9,0.0001,0.1445,9,0.0613,0.0629,9,0.0334,0.0198,9,0.0169,0.0153,9,0.0
2080,0.0543,50,True,0.0768,0.075,37639469,0.0718,10,0.0533,0.2869,8,0.0264,0.0111,4,0.037,0.005,4,0.002,0.0219,4,0.0057,0.2732,8,0.0
2081,0.0543,50,True,0.0768,0.075,37639469,0.0718,10,0.0533,0.2869,8,0.0264,0.03,2,0.0441,0.0851,2,0.1542,0.1396,1,0.2473,0.2732,8,0.0
2082,0.6158,50,True,0.5372,0.5882,37047518,0.0089,5,0.0001,0.0176,5,0.0131,0.0017,1,0.0002,0.0374,1,0.0346,0.0755,1,0.1025,0.0143,4,-0.0
2083,0.6868,50,True,0.4138,0.6351,37047518,0.0138,7,0.0229,0.0215,7,0.003,0.0025,2,0.0222,0.0034,2,0.0005,0.0151,2,0.0066,0.0266,6,0.0
2084,0.0526,50,True,0.0117,0.0468,37616343,0.0073,10,0.0273,0.343,10,0.0075,0.0326,3,0.0431,0.0022,3,0.0013,0.0045,3,0.0079,0.343,10,0.0
2085,0.0868,50,True,0.0394,0.0829,37616343,0.0145,6,0.0287,0.1312,6,0.0085,0.1024,3,0.0545,0.0282,3,0.0056,0.0051,3,0.0025,0.1299,6,0.0
2086,0.2503,50,True,0.1843,0.2527,37866880,0.0049,8,0.0468,0.0012,8,0.0257,0.0599,7,0.0444,0.0047,7,0.0156,0.0025,7,0.0032,0.0108,7,0.0
2087,0.2703,50,True,0.1888,0.2574,37866880,0.0587,9,0.0328,0.0014,9,0.0227,0.0916,8,0.0495,0.0189,8,0.0178,0.0011,8,0.004,0.0097,9,-0.0
2088,0.0298,50,True,0.0007,0.0219,34108663,0.0139,7,0.0007,0.1503,7,0.0148,0.0258,4,0.0041,0.0789,4,0.0032,0.1282,4,0.0251,0.1334,8,0.0
2089,0.0331,50,True,0.0061,0.0243,34108663,0.0002,6,0.0015,0.1984,6,0.0021,0.0,4,0.0048,0.0121,4,0.0021,0.0365,4,0.0163,0.1793,6,0.0
209,0.2159,50,True,0.1153,0.1822,29083409,0.1041,9,0.0253,0.1071,9,0.0005,0.1359,9,0.0662,0.0693,9,0.0387,0.0281,9,0.0217,0.0193,9,-0.0
2090,0.0389,50,True,0.0221,0.0375,34108663,0.0289,10,0.0005,0.0612,10,0.0144,0.0942,4,0.0709,0.0274,4,0.032,0.004,4,0.0095,0.0091,10,0.0
2091,0.0083,50,True,0.0015,0.0044,34108663,0.0083,8,0.0,0.3634,8,0.007,0.0022,5,0.0377,0.004,5,0.0112,0.0124,5,0.0006,0.3331,8,0.0
210,0.2244,50,True,0.1187,0.1891,29083409,0.1043,9,0.0271,0.1151,9,0.0014,0.1529,9,0.065,0.0894,9,0.0372,0.0485,9,0.0203,0.0175,9,0.0
2104,0.473,50,True,0.4293,0.4712,34215620,0.1417,4,0.1996,0.1754,4,0.2439,0.0285,4,0.0458,0.0005,3,0.0013,0.0093,2,0.0088,0.0,6,0.0
211,0.2948,50,True,0.1201,0.239,29083409,0.0382,9,0.0291,0.0979,9,0.0025,0.1097,9,0.0624,0.0586,9,0.0348,0.0165,9,0.0179,0.0284,9,0.0
2113,0.1627,50,True,0.074,0.1578,30111820,0.0061,9,0.0226,0.034,9,0.006,0.1762,8,0.077,0.0799,8,0.0392,0.0449,8,0.0174,0.0075,8,0.0
2114,0.1723,50,True,0.0917,0.1677,30111820,0.0009,10,0.0168,0.0132,9,0.0057,0.0613,8,0.04,0.0086,7,0.0075,0.0015,7,0.0,0.0074,9,0.0
2115,0.2194,50,True,0.0861,0.1953,30111820,0.0001,9,0.0312,0.0217,9,0.0107,0.0106,8,0.0373,0.0,8,0.0103,0.0103,8,0.0009,0.0168,9,0.0
2116,0.166,50,True,0.0906,0.1582,30111820,0.0024,8,0.0192,0.0058,8,0.01,0.0244,8,0.0455,0.0042,8,0.0161,0.0001,8,0.0034,0.0037,8,0.0
2117,0.1856,50,True,0.0796,0.1733,30111820,0.0084,9,0.0288,0.0516,9,0.0085,0.0449,8,0.0384,0.0042,8,0.0114,0.0009,8,0.0013,0.0238,8,0.0
2118,0.226,50,True,0.096,0.1983,30111820,0.001,10,0.0278,0.0226,9,0.0131,0.0462,9,0.0426,0.0119,9,0.0143,0.0,8,0.0025,0.0178,8,0.0
2119,0.2207,50,True,0.0831,0.1942,30111820,0.0642,9,0.0457,0.0841,8,0.0111,0.1221,7,0.0654,0.0572,7,0.0331,0.0164,7,0.0153,0.02,8,0.0
212,0.2634,50,True,0.1466,0.2297,29083409,0.0722,9,0.0277,0.0903,9,0.0021,0.1208,9,0.0631,0.0492,9,0.0338,0.0152,9,0.0163,0.0125,9,0.0
2120,0.1725,50,True,0.082,0.1641,30111820,0.0337,9,0.0308,0.0669,9,0.0075,0.071,8,0.0472,0.0211,8,0.0179,0.0024,8,0.0042,0.035,9,0.0
2121,0.2344,50,True,0.1266,0.2052,30111820,0.0126,10,0.0275,0.029,10,0.0091,0.0052,9,0.0299,0.0002,9,0.0072,0.0145,9,0.0002,0.0186,9,-0.0
2122,0.1134,50,True,0.0894,0.1206,30111820,0.003,10,0.0287,0.0046,10,0.0141,0.1333,8,0.0714,0.0703,8,0.0385,0.0338,8,0.0189,0.0035,10,0.0
2123,0.2073,50,True,0.0763,0.1855,30111820,0.0028,9,0.0349,0.0248,8,0.0109,0.0814,8,0.0537,0.0163,8,0.0187,0.0019,8,0.0037,0.0139,8,0.0
2124,0.1112,50,True,0.0786,0.1225,30111820,0.0016,8,0.0158,0.006,8,0.0031,0.0086,7,0.029,0.0043,7,0.005,0.0229,7,0.0001,0.0031,8,0.0
213,0.2408,50,True,0.1194,0.2023,29083409,0.089,9,0.0268,0.1032,9,0.0006,0.1359,9,0.0607,0.0674,9,0.0329,0.0123,9,0.0166,0.0114,9,0.0
2134,0.0345,50,True,0.0471,0.0403,37046090,0.0447,10,0.0267,0.4894,6,0.0216,0.0049,2,0.0002,0.0356,2,0.0316,0.0761,2,0.0783,0.4894,6,0.0
2136,0.7901,50,True,0.5962,0.727,35763353,0.0002,7,0.0062,0.0016,7,0.0002,0.0176,3,0.0212,0.0888,3,0.1067,0.1332,3,0.1918,0.0253,4,0.0
2139,0.3655,50,True,0.1953,0.306,35688159,0.0089,9,0.0324,0.0002,9,0.0136,0.0001,5,0.0057,0.0196,5,0.0046,0.0516,5,0.0303,0.0068,7,0.0
214,0.2433,50,True,0.1087,0.2062,29083409,0.0796,9,0.0289,0.0991,9,0.0014,0.1314,9,0.0718,0.0718,9,0.0391,0.0237,9,0.0195,0.015,8,0.0
2140,0.3802,50,True,0.2413,0.3471,35688159,0.0013,8,0.0004,0.0,8,0.0003,0.0004,4,0.0132,0.0042,4,0.0004,0.0182,4,0.014,0.0034,8,0.0
215,0.1979,50,True,0.0932,0.1657,29083409,0.1058,9,0.0284,0.1187,9,0.0006,0.1227,9,0.0719,0.0619,9,0.0411,0.0252,9,0.022,0.0155,9,0.0
216,0.2673,50,True,0.1463,0.2288,29083409,0.0831,9,0.0271,0.0964,9,0.002,0.1663,9,0.0629,0.0812,9,0.0353,0.0497,9,0.0188,0.0138,8,0.0
217,0.205,50,True,0.1015,0.1808,29083409,0.0728,9,0.0293,0.0906,9,0.0006,0.1158,9,0.0631,0.0423,9,0.0339,0.0121,9,0.0168,0.0131,9,0.0
218,0.1856,50,True,0.1001,0.158,29083409,0.1156,9,0.028,0.1406,9,0.0002,0.1587,9,0.0673,0.0852,9,0.0397,0.0447,9,0.0226,0.0114,9,0.0
219,0.2876,50,True,0.1178,0.2368,29083409,0.0367,9,0.0284,0.0776,9,0.0023,0.0763,9,0.0592,0.028,9,0.0307,0.0061,9,0.0139,0.0234,8,-0.0
220,0.2366,50,True,0.1077,0.199,29083409,0.1024,9,0.0282,0.1158,9,0.0014,0.118,9,0.0625,0.0538,9,0.0345,0.0201,9,0.0174,0.0168,9,0.0
2208,0.3123,50,True,0.1294,0.2628,36820830,0.0095,9,0.0397,0.0,9,0.0154,0.0055,4,0.0375,0.0011,4,0.0068,0.0143,4,0.0001,0.0028,8,-0.0
221,0.2628,50,True,0.1185,0.2252,29083409,0.0652,9,0.0315,0.0827,9,0.0024,0.1462,9,0.0734,0.0715,9,0.0419,0.0277,9,0.0224,0.0129,9,-0.0
2212,0.5508,50,True,0.622,0.5814,36731340,0.0419,5,0.0223,0.0189,5,0.0052,0.0006,1,0.0085,0.016,0,0.0108,0.0469,0,0.057,0.0,4,0.0
2213,0.443,50,True,0.5615,0.4674,36731340,0.0076,5,0.0277,0.0125,5,0.049,0.034,1,0.0743,0.0004,0,0.017,0.0044,0,0.0,0.0036,5,0.0
2214,0.557,50,True,0.532,0.5653,36731340,0.0044,5,0.03,0.0123,4,0.0446,0.0403,1,0.0457,0.002,1,0.0025,0.0057,0,0.0074,0.0033,5,0.0
2215,0.5564,50,True,0.4594,0.5477,36731340,0.0444,5,0.0281,0.0182,5,0.0192,0.0042,3,0.0188,0.0101,2,0.0032,0.0396,2,0.0414,0.0024,3,0.0
2217,0.2894,50,True,0.3852,0.331,36731340,0.0,4,0.0085,0.0057,4,0.0227,0.0644,2,0.0639,0.0232,2,0.0115,0.0053,2,0.0,0.0003,4,0.0
2218,0.2634,50,True,0.2714,0.2423,36731340,0.0274,6,0.0162,0.0052,6,0.003,0.011,1,0.0204,0.0003,1,0.0025,0.016,1,0.0342,0.0169,7,0.0
2219,0.1187,50,True,0.0285,0.0913,36731340,0.0096,5,0.0136,0.0566,5,0.0393,0.0001,2,0.0061,0.0135,2,0.0104,0.0418,2,0.0535,0.0151,6,0.0
222,0.2389,50,True,0.1258,0.2072,29083409,0.0876,9,0.0289,0.1013,9,0.0022,0.1314,9,0.065,0.0619,9,0.035,0.022,9,0.0174,0.0185,9,0.0
2220,0.8587,50,True,0.8015,0.8406,36731340,0.0085,7,0.0045,0.0049,6,0.0002,0.004,2,0.0018,0.0008,1,0.0338,0.0081,1,0.0733,0.0064,3,0.0
2221,0.7581,50,True,0.7248,0.7374,36731340,0.0002,7,0.0009,0.0,7,0.0045,0.0491,2,0.0315,0.1224,1,0.1036,0.1901,1,0.1673,0.0403,1,0.0
2222,0.1908,50,True,0.1185,0.1699,36731340,0.0154,8,0.0036,0.0,7,0.0019,0.0274,2,0.0519,0.0034,2,0.0149,0.0016,2,0.0012,0.0012,8,0.0
2223,0.1541,50,True,0.1347,0.1599,36731340,0.0296,8,0.0115,0.0006,7,0.0002,0.1222,5,0.0602,0.0346,5,0.0251,0.007,4,0.0077,0.0033,8,0.0
223,0.2455,50,True,0.1022,0.2105,29083409,0.0327,9,0.0284,0.0937,9,0.0022,0.0834,9,0.0507,0.0221,9,0.0245,0.0005,9,0.0098,0.024,9,0.0
224,0.252,50,True,0.1272,0.2158,29083409,0.0855,9,0.0302,0.1027,9,0.0023,0.1379,9,0.0668,0.0582,9,0.0375,0.0267,9,0.0197,0.0155,9,0.0
225,0.254,50,True,0.1168,0.2152,29083409,0.0892,9,0.0302,0.0981,9,0.0024,0.1381,9,0.0666,0.0765,9,0.039,0.0289,9,0.022,0.0178,9,0.0
226,0.2007,50,True,0.0878,0.1735,29083409,0.0719,9,0.0278,0.0888,9,0.0022,0.1363,9,0.0598,0.0554,9,0.0324,0.0178,9,0.0162,0.0171,9,0.0
227,0.271,50,True,0.1113,0.2251,29083409,0.0533,9,0.0298,0.0874,9,0.0028,0.1349,9,0.0654,0.0559,9,0.0353,0.0218,9,0.0173,0.0225,9,0.0
228,0.2219,50,True,0.0767,0.1915,29083409,0.0897,9,0.0311,0.1056,9,0.0012,0.1667,9,0.0664,0.091,9,0.0374,0.0408,9,0.0198,0.0166,9,0.0
229,0.2265,50,True,0.1154,0.2014,29083409,0.0754,9,0.0335,0.0923,9,0.0034,0.1514,9,0.0751,0.0754,9,0.042,0.0329,9,0.0218,0.0165,9,-0.0
230,0.2481,50,True,0.0923,0.2098,29083409,0.0422,9,0.0263,0.0882,9,0.0015,0.1393,9,0.0686,0.0628,9,0.0374,0.0114,9,0.0184,0.0129,9,-0.0
2309,0.6705,50,True,0.4836,0.6253,34320214,0.0091,8,0.0255,0.0001,8,0.0209,0.0069,3,0.0138,0.0015,3,0.0008,0.0084,3,0.0196,0.0241,4,0.0
2310,0.5556,50,True,0.3529,0.5254,34320214,0.022,5,0.0001,0.0481,5,0.004,0.0455,4,0.0333,0.0999,4,0.1086,0.1346,4,0.1824,0.0195,4,0.0
2311,0.0672,50,True,0.0353,0.058,34320214,0.0147,8,0.0219,0.0972,8,0.0009,0.0059,3,0.0068,0.003,3,0.0019,0.0174,3,0.0209,0.0925,8,0.0
2312,0.0316,50,True,0.0088,0.0213,34320214,0.0,7,0.0012,0.1342,7,0.0188,0.0146,1,0.0022,0.0586,1,0.0472,0.1057,2,0.1092,0.1264,7,-0.0
2313,0.0627,50,True,0.0358,0.0777,34320214,0.0022,6,0.0002,0.07,6,0.0127,0.0151,2,0.0163,0.001,1,0.0002,0.0006,1,0.0156,0.0387,8,0.0
2314,0.1061,50,True,0.0865,0.1027,34320214,0.0366,7,0.0432,0.0083,7,0.0088,0.01,4,0.0097,0.0044,4,0.0133,0.0237,3,0.0681,0.0074,7,0.0
2315,0.0727,50,True,0.0326,0.057,34320214,0.012,7,0.0177,0.1016,7,0.0,0.0002,2,0.0018,0.0204,2,0.0196,0.0475,2,0.0701,0.0967,7,0.0
2316,0.0695,50,True,0.0746,0.0663,34320214,0.0309,6,0.0248,0.0513,6,0.0039,0.0105,3,0.0002,0.0522,2,0.0195,0.1027,1,0.0525,0.0404,6,0.0
2317,0.2503,50,True,0.1491,0.2227,34320214,0.0088,9,0.01,0.0325,8,0.0001,0.1219,3,0.0665,0.0393,3,0.0195,0.006,3,0.0016,0.0095,9,0.0
2318,0.2854,50,True,0.0874,0.2341,34320214,0.0222,7,0.0153,0.0642,7,0.0002,0.093,7,0.0341,0.1569,5,0.1193,0.1905,5,0.2078,0.0255,7,0.0
2319,0.0583,50,True,0.056,0.0713,34921014,0.0126,7,0.006,0.0646,7,0.0007,0.0326,2,0.0129,0.1081,2,0.0963,0.1757,3,0.1767,0.0513,7,0.0
232,0.2097,50,True,0.1071,0.1775,29083409,0.1047,9,0.0277,0.1278,9,0.0017,0.1125,9,0.0615,0.0428,9,0.0319,0.0186,9,0.0148,0.0234,9,-0.0
2320,0.0404,50,True,0.0257,0.0471,34921014,0.0062,7,0.0011,0.1386,7,0.0043,0.0004,1,0.0028,0.0141,1,0.0184,0.0454,1,0.0649,0.1221,7,0.0
2321,0.1217,50,True,0.0537,0.1059,36409314,0.0096,7,0.0141,0.0061,6,0.002,0.0219,6,0.0651,0.0027,5,0.0266,0.0006,5,0.0083,0.0056,6,-0.0
2322,0.0204,50,True,0.0658,0.0273,10.1101/2024.05.08.593110,0.0065,8,0.0212,0.0235,8,0.0747,0.0356,5,0.0651,0.0002,4,0.0076,0.007,4,0.0027,0.0098,9,0.0
233,0.2008,50,True,0.1058,0.17,29083409,0.0836,9,0.03,0.1299,9,0.0013,0.1238,9,0.0704,0.0515,9,0.044,0.0117,9,0.0263,0.0181,9,0.0
234,0.2226,50,True,0.091,0.1851,29083409,0.0588,9,0.0303,0.0976,9,0.0025,0.125,9,0.0693,0.0552,9,0.0417,0.0239,9,0.024,0.0204,9,0.0
2345,0.3039,50,True,0.1092,0.2575,37163373,0.0234,7,0.0318,0.0639,7,0.0041,0.0562,6,0.0649,0.0135,6,0.0319,0.0026,6,0.0132,0.0179,6,-0.0
2346,0.3625,50,True,0.1449,0.3016,37163373,0.0039,9,0.0353,0.0292,8,0.0083,0.1036,7,0.0829,0.0542,7,0.0491,0.0313,7,0.0286,0.0111,8,0.0
2347,0.3979,50,True,0.3125,0.4179,37163373,0.0095,8,0.0372,0.0001,7,0.0393,0.0047,7,0.0451,0.0073,7,0.0222,0.0255,7,0.008,0.0271,6,0.0
2348,0.3959,50,True,0.2397,0.3752,37163373,0.0,8,0.0462,0.0157,8,0.0214,0.0355,8,0.0711,0.0055,7,0.0381,0.0004,7,0.0166,0.0125,7,0.0
235,0.1974,50,True,0.0884,0.1674,29083409,0.1001,9,0.029,0.1209,9,0.0014,0.1896,9,0.0808,0.1172,9,0.0519,0.0862,9,0.0333,0.0162,9,0.0
2350,0.4445,50,True,0.2987,0.4242,31462500,0.0391,9,0.0209,0.0461,9,0.0011,0.1128,7,0.0637,0.0519,7,0.0394,0.0175,7,0.0246,0.0076,8,0.0
2351,0.4713,50,True,0.2768,0.4189,31462500,0.0375,9,0.0351,0.0535,9,0.0045,0.0806,7,0.0478,0.0326,7,0.0247,0.0087,7,0.0117,0.015,8,0.0
2352,0.3572,50,True,0.2741,0.3437,31462500,0.0939,9,0.0178,0.1094,9,0.0011,0.1119,7,0.0557,0.0394,7,0.0285,0.014,7,0.0132,0.0106,9,0.0
2353,0.4807,50,True,0.3106,0.4502,31462500,0.0228,7,0.0313,0.0315,7,0.0054,0.0614,5,0.0458,0.0252,5,0.0226,0.0013,5,0.0101,0.0119,7,0.0
2354,0.6559,50,True,0.4495,0.5776,31462500,0.0081,5,0.007,0.0165,5,0.0122,0.0332,4,0.0167,0.0045,4,0.0037,0.0002,3,0.0339,0.0193,4,0.0
2355,0.6211,50,True,0.5071,0.6298,31462500,0.0004,9,0.042,0.0,9,0.0101,0.0078,4,0.0104,0.0487,4,0.0017,0.083,4,0.023,0.0029,6,0.0
2356,0.612,50,True,0.4525,0.6247,31462500,0.0082,8,0.0524,0.0028,7,0.0284,0.0591,5,0.0691,0.0134,5,0.0177,0.0023,5,0.0006,0.0051,5,0.0
2357,0.6884,50,True,0.5875,0.6571,31462500,0.0354,6,0.0227,0.024,6,0.0182,0.0001,3,0.0013,0.0118,3,0.0121,0.0328,3,0.0441,0.0021,5,0.0
2358,0.443,50,True,0.3889,0.4716,36273494,0.0018,6,0.0262,0.0146,6,0.0393,0.0008,5,0.0042,0.0057,5,0.037,0.0234,3,0.0809,0.0,6,-0.0
236,0.2131,50,True,0.0618,0.1703,29083409,0.0824,9,0.0294,0.103,9,0.001,0.1325,9,0.0699,0.0633,9,0.0386,0.0269,9,0.0196,0.0166,9,0.0
2360,0.5268,50,True,0.4202,0.5036,39316623,0.0329,8,0.0457,0.019,8,0.0361,0.0307,6,0.0524,0.0043,6,0.026,0.0001,5,0.0097,0.0018,5,0.0
2361,0.4643,50,True,0.3102,0.399,39316623,0.0002,6,0.0004,0.0033,6,0.0033,0.0,5,0.0088,0.0103,4,0.0,0.0367,4,0.0057,0.0028,6,-0.0
237,0.2549,50,True,0.0977,0.2056,29083409,0.035,9,0.031,0.0877,9,0.0035,0.108,9,0.0648,0.0501,9,0.036,0.0221,9,0.0184,0.0164,9,0.0
2374,0.192,50,True,0.145,0.1999,32028983,0.0092,9,0.0326,0.009,9,0.0166,0.1826,7,0.0623,0.0987,7,0.0312,0.0557,7,0.0139,0.0111,8,0.0
238,0.2407,50,True,0.1178,0.2021,29083409,0.0372,9,0.0308,0.0685,9,0.0053,0.1239,9,0.0619,0.0533,9,0.0343,0.0168,9,0.0177,0.0149,9,0.0
239,0.2229,50,True,0.1037,0.1823,29083409,0.0537,9,0.0295,0.1232,9,0.0018,0.0938,9,0.0638,0.0506,9,0.0383,0.0149,9,0.0217,0.0282,9,0.0
24,0.3116,50,True,0.1826,0.2609,28474669,0.0052,7,0.0009,0.0091,7,0.0098,0.0387,7,0.0082,0.007,7,0.0002,0.0002,7,0.0011,0.0006,7,0.0
240,0.22,50,True,0.1065,0.185,29083409,0.1085,9,0.0304,0.1256,9,0.0011,0.1503,9,0.0716,0.0678,9,0.0434,0.0306,9,0.0253,0.0138,9,-0.0
2402,0.7469,50,True,0.6356,0.7641,36977592,0.0436,6,0.0452,0.03,6,0.0364,0.0015,0,0.0257,0.0057,0,0.001,0.0234,0,0.005,0.0024,2,0.0
2404,0.1201,50,True,0.0968,0.0979,36417855,0.0303,8,0.0039,0.0124,8,0.0009,0.0059,3,0.025,0.0002,3,0.0049,0.0058,3,0.0,0.0092,8,0.0
2405,0.3781,50,True,0.2401,0.3763,36744886,0.0381,8,0.0716,0.0157,7,0.0356,0.0029,3,0.0166,0.0084,2,0.0007,0.0261,2,0.0204,0.0085,5,0.0
241,0.2074,50,True,0.1081,0.18,29083409,0.0972,9,0.0256,0.1141,9,0.0006,0.1597,9,0.0685,0.0761,9,0.0392,0.0285,9,0.0214,0.0142,8,-0.0
2419,0.8111,50,True,0.5339,0.7485,36920785,0.0127,6,0.0018,0.0276,6,0.0022,0.0761,4,0.0654,0.0198,3,0.0148,0.0009,3,0.0,0.0147,5,0.0
242,0.2218,50,True,0.0853,0.1845,29083409,0.079,9,0.0308,0.1098,9,0.0015,0.1479,9,0.0755,0.0647,9,0.0442,0.025,9,0.0247,0.0181,9,0.0
2420,0.7435,50,True,0.5627,0.7181,36920785,0.0271,6,0.002,0.0466,6,0.0229,0.0321,2,0.0243,0.0804,2,0.1043,0.124,2,0.1887,0.0111,4,0.0
2421,0.3017,50,True,0.4062,0.3329,35113687,0.0197,9,0.0197,0.01,9,0.0064,0.0482,2,0.0676,0.0116,1,0.0228,0.0,1,0.0043,0.0013,8,-0.0
2422,0.5061,50,True,0.5521,0.5263,35113687,0.1112,8,0.0786,0.0921,8,0.0614,0.0049,3,0.0107,0.0036,1,0.0063,0.0211,1,0.0426,0.0043,6,-0.0
2423,0.1555,50,True,0.0927,0.1523,35113687,0.0347,8,0.0704,0.001,8,0.0409,0.0433,5,0.0607,0.0052,5,0.0166,0.0002,5,0.0008,0.0039,8,0.0
2424,0.2138,50,True,0.1844,0.2211,35113687,0.0204,8,0.0391,0.001,8,0.0206,0.0066,5,0.0009,0.0437,3,0.0201,0.0771,3,0.0731,0.002,7,0.0
2425,0.2229,50,True,0.2103,0.227,35113687,0.0567,8,0.0513,0.0157,8,0.03,0.076,5,0.0808,0.0135,3,0.0139,0.0002,2,0.0003,0.0017,7,0.0
2426,0.2777,50,True,0.3079,0.2952,35113687,0.0569,7,0.041,0.0396,7,0.0209,0.0746,2,0.0667,0.006,2,0.0026,0.0005,2,0.0117,0.0015,6,-0.0
2427,0.4835,50,True,0.4474,0.4753,35113687,0.1045,9,0.0821,0.0646,9,0.0685,0.0,3,0.0008,0.024,3,0.0369,0.058,2,0.118,0.0004,7,-0.0
2428,0.0387,50,True,0.0297,0.0449,40372436,0.0257,10,0.0251,0.4766,7,0.0164,0.0046,2,0.0002,0.0248,2,0.0346,0.0483,2,0.0896,0.4766,7,0.0
243,0.2328,50,True,0.1093,0.1997,29083409,0.0974,9,0.0331,0.1109,9,0.0035,0.1143,9,0.0619,0.0539,9,0.0341,0.0214,9,0.0176,0.0287,9,0.0
2430,0.0011,50,True,0.0065,0.0001,40372436,0.0048,10,0.0054,0.5306,7,0.026,0.0026,3,0.0016,0.0028,2,0.0115,0.0194,2,0.0434,0.526,7,0.0
2431,0.0823,50,True,0.079,0.0668,40372436,0.0151,9,0.0396,0.0027,9,0.0095,0.0029,2,0.0214,0.0345,2,0.0864,0.0761,2,0.1479,0.0013,9,0.0
2432,0.1542,50,True,0.2013,0.1529,40372436,0.1172,8,0.0118,0.0091,8,0.0057,0.0023,6,0.0097,0.0292,5,0.0523,0.0586,4,0.0954,0.0017,8,0.0
2433,0.0198,50,True,0.0126,0.0122,40372436,0.007,10,0.0028,0.482,7,0.0217,0.0356,1,0.0032,0.0001,1,0.0283,0.0148,0,0.089,0.482,7,0.0
2435,0.2854,50,True,0.1467,0.2153,40372436,0.0082,7,0.0002,0.0004,7,0.0022,0.0347,7,0.0184,0.0035,7,0.0005,0.0,7,0.0031,0.0008,7,0.0
2436,0.1556,50,True,0.112,0.1459,40372436,0.0295,8,0.0381,0.0,8,0.0155,0.0791,8,0.0571,0.0228,7,0.0212,0.0056,7,0.0047,0.0004,8,0.0
2437,0.2751,50,True,0.1441,0.2476,40372436,0.0758,8,0.0009,0.1061,7,0.0364,0.1108,3,0.0481,0.0605,3,0.0114,0.027,3,0.0006,0.0098,8,0.0
2438,0.0812,50,True,0.0795,0.0808,40372436,0.0001,7,0.0,0.0065,7,0.0048,0.0035,4,0.0,0.0309,5,0.0334,0.0651,5,0.0937,0.0013,7,0.0
2439,0.0745,50,True,0.045,0.0842,40372436,0.0014,9,0.0063,0.0276,8,0.0006,0.0085,5,0.0003,0.0342,5,0.0272,0.0622,4,0.0707,0.0174,9,0.0
244,0.2197,50,True,0.1219,0.1866,29083409,0.0333,9,0.0276,0.0725,9,0.0032,0.0509,9,0.0507,0.014,9,0.0275,0.0002,9,0.0134,0.0104,9,-0.0
2440,0.7797,50,True,0.5506,0.6998,30532030,0.0036,6,0.02,0.0003,6,0.0222,0.0104,4,0.015,0.0007,3,0.0007,0.0118,3,0.0196,0.0473,4,0.0
2441,0.4086,50,True,0.2508,0.393,30532030,0.011,7,0.0032,0.0276,7,0.0008,0.1259,3,0.0679,0.0445,3,0.02,0.0089,3,0.0018,0.0197,6,0.0
2442,0.3074,50,True,0.224,0.3183,30532030,0.002,7,0.009,0.0128,7,0.0,0.0196,6,0.0005,0.0473,6,0.0131,0.0745,5,0.0476,0.0014,7,0.0
2445,0.0,50,True,0.0018,0.0008,34644148,0.0011,5,0.0023,0.2364,5,0.0332,0.003,4,0.0073,0.0106,4,0.0042,0.0405,4,0.03,0.2298,5,0.0
2449,0.0705,50,True,0.0385,0.0728,40632661,0.0072,5,0.0082,0.1089,5,0.0154,0.0336,2,0.04,0.012,1,0.0026,0.0027,1,0.0048,0.1089,5,0.0
245,0.2138,50,True,0.0758,0.1754,29083409,0.0726,9,0.0284,0.1182,9,0.0008,0.1715,9,0.0699,0.0837,9,0.0398,0.0352,9,0.0214,0.0219,9,0.0
2455,0.0685,50,True,0.044,0.0579,36801923,0.0226,8,0.0384,0.1758,8,0.0179,0.0032,1,0.0485,0.0064,1,0.014,0.0251,1,0.0011,0.1758,8,0.0
2456,0.3239,50,True,0.2381,0.2956,36725843,0.0579,7,0.025,0.0,7,0.0003,0.0004,2,0.002,0.0129,2,0.0222,0.0436,3,0.0783,0.0035,7,0.0
2459,0.0676,50,True,0.0184,0.058,36652375,0.0215,7,0.0033,0.0826,7,0.0022,0.0015,2,0.002,0.0047,2,0.0052,0.023,2,0.0223,0.014,8,0.0
246,0.2302,50,True,0.0745,0.1817,29083409,0.0431,9,0.0315,0.1014,9,0.002,0.1952,9,0.0774,0.1022,9,0.047,0.0524,9,0.0275,0.0224,9,-0.0
2460,0.2136,50,True,0.1606,0.2347,36652375,0.0044,8,0.0044,0.0025,8,0.0003,0.003,1,0.0,0.0091,1,0.0114,0.0249,1,0.0339,0.0028,7,0.0
2462,0.334,50,True,0.1869,0.294,36652375,0.0186,9,0.0399,0.0631,9,0.0071,0.007,8,0.0282,0.0062,8,0.0022,0.0288,7,0.0029,0.0262,9,0.0
2465,0.0023,50,True,0.0026,0.0011,36971544,0.0057,10,0.0188,0.6672,7,0.0568,0.0766,3,0.0462,0.0258,3,0.0104,0.0043,3,0.0002,0.5761,6,0.0
2466,0.1244,50,True,0.0523,0.1226,36971544,0.0215,6,0.0417,0.0857,6,0.0214,0.0021,4,0.0147,0.0054,4,0.0001,0.0289,4,0.0054,0.0857,6,0.0
2467,0.0137,50,True,0.0002,0.0118,36693839,0.0,10,0.0025,0.5979,7,0.0042,0.1058,4,0.1065,0.048,3,0.0372,0.0141,3,0.007,0.5948,7,0.0
2468,0.0047,50,True,0.0002,0.0037,36693839,0.0,10,0.0,0.683,6,0.0131,0.0081,2,0.0177,0.0016,2,0.0,0.0142,1,0.0117,0.683,6,0.0
247,0.1789,50,True,0.0822,0.1466,29083409,0.0908,10,0.0282,0.1122,10,0.0015,0.1211,9,0.0575,0.0438,9,0.0325,0.0145,9,0.0172,0.0209,10,0.0
2478,0.6877,50,True,0.5425,0.6787,36920967,0.0287,9,0.05,0.0071,8,0.0197,0.0032,3,0.0001,0.0376,2,0.0339,0.0602,2,0.0912,0.0095,5,0.0
248,0.2643,50,True,0.1219,0.2263,29083409,0.0963,9,0.0305,0.1099,9,0.0026,0.1501,9,0.0703,0.0646,9,0.0411,0.0246,9,0.0229,0.0247,9,0.0
249,0.2459,50,True,0.1427,0.2118,29083409,0.0437,9,0.0309,0.0805,9,0.0039,0.1242,9,0.0697,0.0539,9,0.0448,0.0215,9,0.028,0.0107,9,0.0
250,0.2535,50,True,0.1049,0.2047,29083409,0.0443,9,0.0282,0.0797,9,0.0029,0.1134,9,0.07,0.0492,9,0.0393,0.0129,9,0.0204,0.0153,8,0.0
251,0.2518,50,True,0.1395,0.2172,29083409,0.0825,9,0.025,0.1199,9,0.001,0.1765,9,0.071,0.0965,9,0.0421,0.0496,9,0.0239,0.0253,9,0.0
252,0.2666,50,True,0.1395,0.225,29083409,0.0252,9,0.0318,0.0787,9,0.0048,0.0925,9,0.0661,0.0321,9,0.0385,0.011,9,0.0213,0.0132,9,0.0
253,0.2337,50,True,0.1039,0.1998,29083409,0.0546,9,0.0277,0.091,9,0.001,0.1315,9,0.0682,0.0692,9,0.0402,0.0294,9,0.0229,0.0267,8,-0.0
254,0.2642,50,True,0.1476,0.2347,29083409,0.0315,10,0.0278,0.0642,10,0.0056,0.1215,9,0.0634,0.0745,9,0.0382,0.0399,9,0.0224,0.0159,9,-0.0
255,0.2599,50,True,0.1239,0.2267,29083409,0.0423,9,0.0277,0.0729,9,0.0028,0.1402,9,0.0677,0.066,9,0.0382,0.0221,9,0.0202,0.0157,9,-0.0
256,0.2104,50,True,0.0905,0.1723,29083409,0.0571,9,0.0248,0.0979,9,0.0012,0.1579,9,0.0682,0.0843,9,0.0397,0.046,9,0.0224,0.015,9,0.0
257,0.2549,50,True,0.1529,0.2294,29083409,0.0322,9,0.027,0.0867,9,0.0027,0.1711,9,0.0713,0.0948,9,0.0448,0.0435,9,0.0276,0.0202,8,0.0
258,0.2521,50,True,0.1213,0.2168,29083409,0.0716,9,0.0293,0.1125,9,0.002,0.1314,9,0.0624,0.0465,9,0.0337,0.0167,9,0.0166,0.0204,8,-0.0
259,0.2434,50,True,0.1016,0.201,29083409,0.0878,9,0.0329,0.1091,9,0.0021,0.1375,9,0.066,0.0542,9,0.0377,0.0157,9,0.0201,0.0164,9,0.0
260,0.2034,50,True,0.0959,0.1686,29083409,0.1074,9,0.0283,0.1204,9,0.0009,0.1496,9,0.0679,0.0736,9,0.0387,0.0286,9,0.0206,0.0151,9,0.0
261,0.2276,50,True,0.1362,0.1959,29083409,0.1072,9,0.0248,0.1177,9,0.0006,0.1342,9,0.0624,0.0654,9,0.0356,0.0279,9,0.0192,0.0212,9,0.0
262,0.2084,50,True,0.1036,0.1799,29083409,0.0841,9,0.0313,0.0992,9,0.0043,0.1407,9,0.0754,0.0624,9,0.0428,0.0281,9,0.0224,0.0217,9,0.0
263,0.2155,50,True,0.1146,0.1836,29083409,0.1139,9,0.0266,0.1464,9,0.0003,0.1547,9,0.0701,0.0856,9,0.0415,0.0451,9,0.0236,0.0164,9,0.0
264,0.2434,50,True,0.1216,0.2169,29083409,0.0887,9,0.0305,0.1079,9,0.0019,0.1732,9,0.0685,0.0817,9,0.0385,0.0271,9,0.0202,0.0199,9,0.0
265,0.2502,50,True,0.1276,0.2171,29083409,0.099,9,0.0348,0.1193,9,0.0051,0.0841,9,0.0666,0.0417,9,0.0434,0.019,9,0.0277,0.0197,8,0.0
266,0.2407,50,True,0.1154,0.2073,29083409,0.0636,9,0.0296,0.0805,9,0.0023,0.1225,9,0.0627,0.0559,9,0.0339,0.0071,9,0.0168,0.0141,9,0.0
267,0.2817,50,True,0.1098,0.2335,29083409,0.0349,9,0.0387,0.0641,9,0.0095,0.1123,9,0.0681,0.0443,9,0.0372,0.0119,9,0.0184,0.0225,9,0.0
268,0.2325,50,True,0.0975,0.1915,29083409,0.0546,9,0.0244,0.0819,9,0.0012,0.1255,9,0.0625,0.0553,9,0.0365,0.0225,9,0.0205,0.0151,9,0.0
269,0.2054,50,True,0.0962,0.1772,29083409,0.1004,9,0.0283,0.1218,9,0.0008,0.1643,9,0.0674,0.0893,9,0.0384,0.0404,9,0.0208,0.0158,9,0.0
27,0.3187,50,True,0.1655,0.2805,26627737,0.0767,8,0.0143,0.0919,8,0.0,0.0878,8,0.0254,0.0211,8,0.0061,0.0008,8,0.0003,0.0189,7,0.0
270,0.2252,50,True,0.0981,0.1855,29083409,0.0481,9,0.0269,0.1093,9,0.0002,0.1303,9,0.062,0.0538,9,0.032,0.0138,9,0.0146,0.0309,9,0.0
271,0.2024,50,True,0.0713,0.1624,29083409,0.0732,9,0.0317,0.1194,9,0.0013,0.1948,9,0.0749,0.1177,9,0.0427,0.0389,9,0.0232,0.0189,9,0.0
272,0.2427,50,True,0.0791,0.1895,29083409,0.0896,9,0.0296,0.1044,9,0.0008,0.1833,9,0.0824,0.1088,9,0.0487,0.0585,9,0.0277,0.0257,8,0.0
273,0.2497,50,True,0.0988,0.2165,29083409,0.069,10,0.03,0.0833,10,0.0026,0.1405,9,0.0639,0.0482,9,0.0326,0.0137,9,0.0146,0.0253,9,0.0
274,0.2063,50,True,0.1103,0.1789,29083409,0.0512,9,0.0329,0.0856,9,0.0059,0.1598,9,0.0788,0.0906,9,0.0503,0.0458,9,0.0315,0.0217,9,0.0
275,0.2511,50,True,0.0974,0.2122,29083409,0.0616,9,0.028,0.1063,9,0.0015,0.1268,9,0.067,0.0567,9,0.0364,0.0282,9,0.0181,0.0248,9,0.0
276,0.2117,50,True,0.0856,0.1833,29083409,0.0704,9,0.0256,0.1168,9,0.001,0.1848,9,0.0777,0.1095,9,0.0458,0.0574,9,0.0257,0.0171,9,0.0
277,0.2433,50,True,0.0885,0.2035,29083409,0.1036,9,0.0307,0.1263,9,0.0009,0.122,9,0.0695,0.061,9,0.0394,0.0224,9,0.0211,0.02,9,0.0
278,0.2162,50,True,0.1275,0.187,29083409,0.09,9,0.0235,0.1067,9,0.0001,0.1402,9,0.0656,0.0745,9,0.0369,0.0349,9,0.0194,0.0111,9,0.0
279,0.2454,50,True,0.1249,0.2033,29083409,0.0422,9,0.0338,0.0989,9,0.0056,0.0361,9,0.054,0.0148,9,0.0325,0.0052,9,0.0186,0.0235,8,0.0
28,0.2245,50,True,0.1158,0.1884,26627737,0.174,9,0.0083,0.1966,9,0.0024,0.1035,9,0.0262,0.0644,8,0.0071,0.0102,7,0.0006,0.028,9,0.0
280,0.1641,50,True,0.1068,0.1412,29083409,0.0925,9,0.0282,0.1028,9,0.0009,0.1028,9,0.0634,0.0397,9,0.0307,0.0051,9,0.0121,0.0094,9,0.0
281,0.24,50,True,0.1027,0.2002,29083409,0.0912,9,0.0305,0.1082,9,0.0013,0.1681,9,0.073,0.0894,9,0.0409,0.048,9,0.0215,0.0237,9,0.0
282,0.2295,50,True,0.1028,0.1949,29083409,0.0255,10,0.0301,0.06,9,0.0048,0.0338,9,0.0532,0.0125,9,0.0303,0.001,9,0.0162,0.0247,9,0.0
283,0.2424,50,True,0.1213,0.2069,29083409,0.0795,9,0.0283,0.0923,9,0.0021,0.1164,9,0.0634,0.0455,9,0.0355,0.0159,9,0.0186,0.0153,9,0.0
284,0.2169,50,True,0.1143,0.1779,29083409,0.06,9,0.0219,0.1007,9,0.0005,0.1233,9,0.0605,0.0528,9,0.0334,0.0197,9,0.0171,0.0191,9,0.0
285,0.2724,50,True,0.1259,0.2301,29083409,0.093,9,0.0325,0.1151,9,0.0025,0.1412,9,0.064,0.0528,9,0.0351,0.0202,9,0.0177,0.0236,8,0.0
286,0.2203,50,True,0.1294,0.1823,29083409,0.0655,8,0.0272,0.0949,8,0.0011,0.1121,9,0.0664,0.0385,9,0.039,0.0114,9,0.0215,0.0141,8,0.0
287,0.2308,50,True,0.1016,0.1913,29083409,0.1069,9,0.0286,0.1233,9,0.0008,0.0917,9,0.0617,0.038,9,0.0357,0.009,9,0.0196,0.0196,9,0.0
288,0.2378,50,True,0.1103,0.2071,29083409,0.0459,9,0.024,0.0886,9,0.0024,0.1152,9,0.0631,0.0555,9,0.0346,0.0228,9,0.0176,0.015,9,0.0
289,0.1734,50,True,0.1194,0.143,29083409,0.1063,9,0.0231,0.1338,9,0.0,0.1338,9,0.0551,0.0566,9,0.0295,0.015,9,0.0142,0.012,9,0.0
29,0.2256,50,True,0.0994,0.1906,26627737,0.1083,10,0.0103,0.137,10,0.0003,0.1483,8,0.0411,0.045,8,0.013,0.0115,8,0.002,0.0214,9,0.0
290,0.2476,50,True,0.1635,0.2116,29083409,0.1123,9,0.0248,0.1419,9,0.0008,0.1437,9,0.0609,0.0732,9,0.0345,0.0432,9,0.0185,0.025,9,0.0
291,0.1759,50,True,0.1031,0.1528,29083409,0.1228,9,0.0261,0.1333,9,0.0001,0.1868,9,0.0677,0.1111,9,0.0378,0.0513,9,0.02,0.012,9,0.0
292,0.2666,50,True,0.1018,0.2226,29083409,0.0772,9,0.0369,0.1012,9,0.0038,0.1432,9,0.0775,0.0694,9,0.0443,0.0246,9,0.0236,0.0216,9,0.0
293,0.2326,50,True,0.1107,0.19,29083409,0.095,9,0.0223,0.1289,9,0.001,0.1624,9,0.063,0.0749,9,0.0305,0.0301,8,0.012,0.016,9,0.0
294,0.2644,50,True,0.1071,0.2223,29083409,0.0493,9,0.0319,0.0899,9,0.004,0.1557,9,0.0701,0.0721,9,0.041,0.0251,9,0.0222,0.0229,9,0.0
295,0.2679,50,True,0.1307,0.2286,29083409,0.0438,9,0.0287,0.0847,9,0.0027,0.1135,9,0.0666,0.0353,9,0.0359,0.0076,9,0.0175,0.0152,9,0.0
296,0.2191,50,True,0.1011,0.1808,29083409,0.0605,10,0.0288,0.1107,10,0.0013,0.1399,9,0.0726,0.071,9,0.0448,0.0363,9,0.0269,0.0218,9,-0.0
297,0.2331,50,True,0.118,0.1982,29083409,0.091,9,0.0303,0.1123,9,0.0012,0.1563,9,0.0665,0.0588,9,0.0358,0.02,9,0.0174,0.018,9,0.0
298,0.256,50,True,0.102,0.2134,29083409,0.056,9,0.0301,0.0918,9,0.0024,0.1387,9,0.0656,0.0611,9,0.0351,0.026,9,0.0172,0.023,9,-0.0
299,0.2517,50,True,0.1026,0.1977,29083409,0.1276,9,0.0261,0.1472,9,0.0006,0.1475,9,0.0743,0.0781,9,0.0434,0.0372,9,0.024,0.0184,9,0.0
300,0.1954,50,True,0.0819,0.1606,29083409,0.1169,8,0.0264,0.1365,8,0.0002,0.1435,8,0.0629,0.0678,8,0.0356,0.0356,8,0.0188,0.0211,8,0.0
301,0.2405,50,True,0.1269,0.1995,29083409,0.082,9,0.0252,0.1289,9,0.0007,0.1502,9,0.0682,0.0902,9,0.0387,0.0373,9,0.0207,0.0252,9,0.0
302,0.2652,50,True,0.0947,0.2207,29083409,0.0371,9,0.03,0.0829,9,0.0027,0.0828,9,0.0572,0.024,9,0.0296,0.0029,9,0.0134,0.0209,9,0.0
303,0.2327,50,True,0.1057,0.1897,29083409,0.0683,9,0.027,0.1036,9,0.0015,0.1282,9,0.068,0.0654,9,0.0381,0.0289,9,0.0197,0.0165,9,-0.0
304,0.2666,50,True,0.1166,0.2257,29083409,0.0875,9,0.0341,0.103,9,0.0032,0.1249,9,0.0692,0.0601,9,0.0409,0.0213,9,0.0229,0.0262,9,0.0
305,0.2912,50,True,0.1194,0.2428,29083409,0.063,9,0.0347,0.0811,9,0.0041,0.0984,9,0.0652,0.0422,9,0.0357,0.009,9,0.0178,0.0165,9,-0.0
306,0.2056,50,True,0.0828,0.1637,29083409,0.0892,9,0.0298,0.136,9,0.0005,0.1315,9,0.0688,0.0737,9,0.042,0.0335,9,0.0249,0.0149,9,0.0
307,0.2595,50,True,0.1061,0.2116,29083409,0.0248,9,0.0263,0.0815,9,0.0026,0.1836,9,0.0816,0.0879,9,0.0487,0.042,9,0.0276,0.018,9,0.0
308,0.2187,50,True,0.0835,0.1878,29083409,0.0704,9,0.0316,0.103,9,0.0023,0.1566,9,0.0717,0.08,9,0.0391,0.0314,9,0.0194,0.0263,9,-0.0
309,0.2616,50,True,0.1251,0.2191,29083409,0.0429,9,0.0347,0.0813,9,0.0046,0.1318,9,0.0729,0.0556,9,0.0415,0.0193,9,0.0219,0.0205,8,-0.0
310,0.2327,50,True,0.1323,0.2029,29083409,0.0938,9,0.0267,0.1128,9,0.001,0.1519,9,0.0666,0.0825,9,0.037,0.0255,9,0.0192,0.0148,9,0.0
311,0.2087,50,True,0.0929,0.1742,29083409,0.0787,9,0.0334,0.0945,9,0.0029,0.1159,9,0.0644,0.0434,9,0.032,0.0106,9,0.0138,0.0092,9,0.0
312,0.2231,50,True,0.1141,0.1892,29083409,0.099,9,0.0259,0.1129,9,0.0006,0.1831,9,0.0685,0.1248,9,0.0417,0.0732,9,0.0251,0.021,8,-0.0
313,0.2686,50,True,0.1139,0.2219,29083409,0.0386,9,0.0287,0.0697,9,0.0018,0.0832,9,0.0556,0.0318,9,0.0282,0.0105,9,0.0125,0.0161,9,0.0
314,0.2426,50,True,0.1052,0.2039,29083409,0.1049,9,0.0315,0.1224,9,0.0015,0.2114,9,0.0828,0.1072,9,0.0482,0.0423,9,0.0264,0.0191,9,0.0
315,0.2446,50,True,0.0914,0.1935,29083409,0.0527,9,0.0317,0.0846,9,0.0028,0.1038,9,0.0662,0.0465,9,0.0365,0.0166,9,0.0186,0.016,9,0.0
316,0.2309,50,True,0.1016,0.1903,29083409,0.0107,9,0.032,0.085,9,0.0039,0.0939,9,0.0607,0.0366,9,0.0333,0.0056,9,0.0165,0.0115,9,-0.0
317,0.2313,50,True,0.1154,0.1968,29083409,0.073,9,0.0285,0.0912,9,0.0021,0.1066,9,0.0614,0.0361,9,0.0342,0.0121,9,0.0175,0.0163,9,0.0
318,0.2132,50,True,0.1062,0.1772,29083409,0.1265,9,0.0255,0.1377,9,0.0005,0.1502,9,0.0682,0.0633,9,0.0363,0.0261,9,0.0172,0.0189,8,-0.0
319,0.2579,50,True,0.1109,0.2104,29083409,0.1037,9,0.0256,0.1173,9,0.001,0.1404,9,0.0611,0.0646,9,0.0328,0.0203,9,0.016,0.0117,9,0.0
320,0.2244,50,True,0.1417,0.205,29083409,0.0609,9,0.0267,0.1049,9,0.0025,0.1868,9,0.0756,0.1121,9,0.0505,0.0621,9,0.0337,0.0264,9,0.0
321,0.2479,50,True,0.1438,0.2071,29083409,0.1262,9,0.027,0.144,8,0.0012,0.1813,9,0.0687,0.0883,9,0.0397,0.0528,9,0.0214,0.0273,8,0.0
322,0.2221,50,True,0.1058,0.198,29083409,0.0476,9,0.0287,0.0817,9,0.0013,0.129,9,0.0651,0.0692,9,0.0345,0.0275,9,0.0166,0.0202,8,0.0
323,0.1864,50,True,0.1108,0.1572,29083409,0.0718,10,0.0321,0.1049,10,0.0027,0.1488,9,0.0738,0.0826,9,0.0433,0.038,9,0.0243,0.0174,9,-0.0
324,0.2565,50,True,0.1217,0.2157,29083409,0.0407,9,0.0247,0.0922,9,0.0023,0.0837,9,0.0585,0.0411,9,0.0331,0.0202,9,0.0176,0.0265,9,0.0
325,0.2353,50,True,0.1309,0.1977,29083409,0.0989,9,0.0261,0.1196,9,0.0012,0.1634,9,0.0699,0.1014,9,0.0426,0.0523,9,0.0254,0.0129,9,-0.0
326,0.2464,50,True,0.1027,0.2049,29083409,0.1003,9,0.029,0.121,9,0.0012,0.2097,9,0.0797,0.124,9,0.0478,0.0728,9,0.0277,0.0233,9,0.0
327,0.2608,50,True,0.1122,0.2233,29083409,0.0474,10,0.0351,0.07,10,0.006,0.1466,9,0.073,0.0691,9,0.0411,0.0219,9,0.0213,0.0174,9,0.0
328,0.2197,50,True,0.0983,0.1831,29083409,0.0598,9,0.0362,0.0962,9,0.0075,0.1381,9,0.0738,0.0831,9,0.0498,0.0413,9,0.033,0.0186,9,0.0
329,0.2354,50,True,0.1176,0.1948,29083409,0.0465,10,0.0265,0.0796,10,0.0037,0.1603,9,0.0643,0.0749,9,0.0352,0.0233,9,0.0176,0.015,9,0.0
330,0.2425,50,True,0.093,0.2048,29083409,0.0781,9,0.0315,0.1051,9,0.0024,0.1427,9,0.0684,0.0657,9,0.038,0.0277,9,0.0196,0.0174,9,0.0
331,0.1886,50,True,0.0777,0.1526,29083409,0.0883,9,0.0232,0.1304,9,0.0,0.1569,9,0.0697,0.096,9,0.0422,0.0524,9,0.0249,0.0321,9,0.0
332,0.2391,50,True,0.0947,0.1978,29083409,0.0596,9,0.0328,0.0975,9,0.0024,0.1469,9,0.0644,0.0601,9,0.0341,0.0227,9,0.0162,0.0165,9,0.0
333,0.2769,50,True,0.0944,0.2181,29083409,0.0417,9,0.0334,0.1018,9,0.0045,0.1095,9,0.0671,0.0457,9,0.0381,0.0155,9,0.0201,0.0276,9,0.0
334,0.2315,50,True,0.1004,0.1951,29083409,0.0657,9,0.0259,0.0988,9,0.0008,0.1099,9,0.0591,0.0383,9,0.0308,0.013,9,0.0145,0.0216,9,0.0
335,0.1855,50,True,0.0669,0.1517,29083409,0.1065,9,0.0258,0.1289,9,0.0002,0.1475,9,0.0617,0.0764,9,0.0334,0.0375,9,0.0169,0.0167,9,-0.0
336,0.2277,50,True,0.1114,0.1919,29083409,0.0871,9,0.0287,0.1058,9,0.0011,0.1512,9,0.0649,0.0732,9,0.0363,0.0362,9,0.019,0.0151,9,-0.0
337,0.2187,50,True,0.0986,0.1765,29083409,0.1109,9,0.0294,0.1288,9,0.0006,0.1244,9,0.066,0.0656,9,0.038,0.0289,9,0.0206,0.0131,9,-0.0
338,0.2162,50,True,0.1148,0.1852,29083409,0.0841,8,0.0248,0.1067,8,0.0003,0.1741,9,0.0695,0.0853,9,0.0412,0.0432,9,0.0238,0.0115,8,0.0
339,0.2141,50,True,0.1003,0.182,29083409,0.1032,9,0.0315,0.1238,9,0.0014,0.1689,9,0.0739,0.083,9,0.0422,0.0335,9,0.0229,0.0208,9,-0.0
340,0.2002,50,True,0.0948,0.1688,29083409,0.1355,9,0.028,0.1586,9,0.0005,0.1559,9,0.0672,0.0829,9,0.0396,0.0397,9,0.0226,0.0155,9,0.0
341,0.1867,50,True,0.0909,0.1496,29083409,0.0701,9,0.0269,0.11,9,0.0004,0.1325,9,0.0572,0.0473,9,0.0295,0.0167,9,0.0136,0.0225,9,-0.0
342,0.2312,50,True,0.1394,0.2007,29083409,0.0978,9,0.0248,0.1118,9,0.0007,0.1367,9,0.0604,0.0544,9,0.0323,0.0197,9,0.0159,0.0168,9,0.0
343,0.1981,50,True,0.1037,0.1645,29083409,0.1189,9,0.0247,0.1406,9,0.0002,0.181,9,0.0721,0.1028,9,0.0435,0.0413,9,0.0253,0.019,8,0.0
346,0.2175,50,True,0.1115,0.188,29083409,0.1229,9,0.0243,0.141,9,0.0005,0.1209,9,0.0593,0.0509,9,0.0313,0.023,9,0.0149,0.0198,9,0.0
347,0.2222,50,True,0.0867,0.1823,29083409,0.0341,9,0.0273,0.0763,9,0.0021,0.1676,9,0.075,0.0877,9,0.0448,0.038,9,0.0255,0.0258,9,0.0
348,0.1965,50,True,0.091,0.17,29083409,0.0666,9,0.0311,0.0946,9,0.0016,0.1344,9,0.0688,0.0646,9,0.0375,0.0164,9,0.0185,0.0141,9,0.0
349,0.2052,50,True,0.1054,0.1792,29083409,0.092,9,0.0313,0.1053,9,0.002,0.1483,9,0.0717,0.0874,9,0.041,0.0447,9,0.0224,0.0151,9,0.0
350,0.2051,50,True,0.1066,0.1712,29083409,0.066,9,0.0278,0.0755,9,0.0014,0.1404,9,0.0717,0.0914,9,0.0432,0.0473,9,0.0256,0.0111,9,0.0
351,0.2361,50,True,0.0966,0.1997,29083409,0.0424,9,0.0251,0.0749,9,0.0018,0.1453,9,0.0643,0.0759,9,0.0385,0.031,9,0.0223,0.0191,9,-0.0
352,0.2546,50,True,0.1388,0.2142,29083409,0.097,9,0.0312,0.1147,9,0.0015,0.1732,9,0.0735,0.1017,9,0.0439,0.0442,9,0.0253,0.019,9,0.0
353,0.2011,50,True,0.1171,0.1671,29083409,0.1136,9,0.0262,0.124,9,0.0006,0.1364,9,0.0649,0.0685,9,0.038,0.0348,9,0.0215,0.0168,9,0.0
354,0.2109,50,True,0.1064,0.1858,29083409,0.0728,9,0.0302,0.083,9,0.0029,0.0746,9,0.0535,0.0137,9,0.0267,0.0004,9,0.0113,0.0111,9,-0.0
355,0.2913,50,True,0.1333,0.2417,29083409,0.039,9,0.0279,0.0707,9,0.0035,0.0808,9,0.0567,0.0276,9,0.0307,0.0066,9,0.0153,0.0191,9,-0.0
356,0.2304,50,True,0.1212,0.1954,29083409,0.0625,8,0.0262,0.1069,8,0.0018,0.1222,9,0.0648,0.0533,9,0.0385,0.0248,9,0.0217,0.0213,8,-0.0
357,0.2228,50,True,0.1206,0.1957,29083409,0.0658,9,0.029,0.0729,9,0.0025,0.1295,9,0.0683,0.0618,9,0.0385,0.0255,9,0.0203,0.0112,9,0.0
358,0.2553,50,True,0.1452,0.2183,29083409,0.0381,9,0.0305,0.0705,9,0.0035,0.1525,9,0.0695,0.0807,9,0.0433,0.0352,9,0.026,0.0161,9,0.0
359,0.2501,50,True,0.0835,0.2057,29083409,0.0915,9,0.0309,0.109,9,0.0019,0.1451,9,0.0628,0.0558,9,0.033,0.0144,9,0.0156,0.0179,9,0.0
360,0.2276,50,True,0.107,0.1836,29083409,0.0732,9,0.0322,0.1177,9,0.0017,0.1487,9,0.0692,0.0751,9,0.0425,0.0264,9,0.0253,0.026,9,0.0
361,0.2476,50,True,0.107,0.2101,29083409,0.0519,9,0.0301,0.0935,9,0.0034,0.1425,9,0.0648,0.0676,9,0.0361,0.0222,9,0.0184,0.0152,9,0.0
362,0.2489,50,True,0.1314,0.2137,29083409,0.0686,9,0.0265,0.088,9,0.0017,0.1278,9,0.062,0.0507,9,0.033,0.0145,9,0.0159,0.0126,9,-0.0
363,0.2166,50,True,0.0747,0.1721,29083409,0.0976,9,0.029,0.1167,9,0.0011,0.1238,9,0.0649,0.0437,9,0.0318,0.0083,9,0.0133,0.0205,9,0.0
364,0.2145,50,True,0.0824,0.1846,29083409,0.0741,9,0.0323,0.1035,9,0.0024,0.0839,9,0.0603,0.0188,9,0.0286,0.0005,9,0.0111,0.0162,9,0.0
365,0.2631,50,True,0.0943,0.2089,29083409,0.089,9,0.0296,0.1019,9,0.0018,0.1431,9,0.0631,0.0634,9,0.0337,0.0207,9,0.0165,0.0193,9,0.0
366,0.2109,50,True,0.0984,0.1655,29083409,0.0974,9,0.0277,0.1478,9,0.0011,0.1332,9,0.0635,0.0674,9,0.0361,0.0239,9,0.0192,0.0294,9,0.0
367,0.2058,50,True,0.0991,0.1746,29083409,0.056,9,0.0298,0.098,9,0.003,0.156,9,0.0803,0.0864,9,0.0485,0.0499,9,0.0281,0.0158,9,0.0
368,0.2712,50,True,0.1152,0.2307,29083409,0.088,9,0.0327,0.1013,9,0.0026,0.149,9,0.0691,0.0803,9,0.0374,0.0138,9,0.0183,0.0156,9,0.0
369,0.2497,50,True,0.0941,0.2029,29083409,0.0124,9,0.0234,0.0767,9,0.0012,0.0836,9,0.0616,0.0299,9,0.0316,0.0034,9,0.0141,0.0152,9,0.0
370,0.266,50,True,0.1184,0.2252,29083409,0.0444,9,0.0333,0.0795,9,0.0059,0.1031,9,0.0632,0.0489,9,0.0355,0.0209,9,0.0187,0.0217,9,0.0
371,0.2313,50,True,0.1208,0.2044,29028833,0.023,10,0.0326,0.0252,10,0.0175,0.0284,8,0.0392,0.0035,7,0.006,0.0017,7,0.0003,0.027,10,-0.0
372,0.2594,50,True,0.1349,0.2211,29083409,0.078,9,0.0284,0.0985,9,0.0017,0.1557,9,0.0783,0.0777,9,0.0471,0.0468,9,0.0273,0.0134,9,-0.0
373,0.3167,50,True,0.1377,0.2708,29083409,0.0255,9,0.031,0.0612,9,0.0062,0.1402,9,0.0668,0.0718,9,0.0363,0.0256,9,0.0182,0.0244,8,0.0
374,0.2391,50,True,0.1002,0.2004,29083409,0.047,10,0.0299,0.0828,9,0.0036,0.1582,9,0.0783,0.0866,9,0.047,0.0367,9,0.027,0.0148,9,0.0
375,0.2555,50,True,0.1302,0.2161,29083409,0.0352,10,0.0319,0.0693,10,0.0048,0.0957,9,0.0647,0.0444,9,0.0373,0.0156,9,0.0205,0.0145,9,0.0
376,0.2237,50,True,0.062,0.1791,29083409,0.031,10,0.0316,0.0942,10,0.0024,0.137,9,0.0744,0.0591,9,0.0399,0.017,9,0.019,0.0207,9,0.0
377,0.231,50,True,0.0985,0.1965,29083409,0.078,9,0.0307,0.0872,9,0.0022,0.142,9,0.0697,0.0703,9,0.0394,0.0329,9,0.0208,0.0145,9,0.0
378,0.2435,50,True,0.0946,0.1996,29083409,0.0769,9,0.0319,0.103,9,0.0026,0.1176,9,0.0693,0.0625,9,0.0394,0.023,9,0.021,0.0152,9,0.0
379,0.2239,50,True,0.1048,0.1914,29083409,0.0613,9,0.0264,0.109,9,0.0017,0.1877,9,0.0772,0.1074,9,0.0458,0.0665,9,0.026,0.0211,9,0.0
380,0.2215,50,True,0.0959,0.1741,29083409,0.0335,9,0.0299,0.0644,9,0.0033,0.0971,9,0.0631,0.0265,9,0.0335,0.0054,9,0.016,0.0218,9,0.0
381,0.2462,50,True,0.1114,0.2076,29083409,0.0196,9,0.025,0.0535,9,0.0037,0.1279,9,0.064,0.0615,9,0.0367,0.0227,9,0.0199,0.009,8,0.0
382,0.2153,50,True,0.1235,0.1839,29083409,0.0478,9,0.0295,0.0744,9,0.0021,0.118,9,0.0638,0.0379,9,0.0365,0.0183,9,0.0196,0.0115,9,0.0
383,0.2401,50,True,0.1401,0.2139,29083409,0.0901,9,0.0271,0.108,9,0.0014,0.1374,9,0.062,0.0661,9,0.0346,0.0252,9,0.0182,0.013,9,0.0
384,0.205,50,True,0.0903,0.1786,29083409,0.0796,9,0.0271,0.1045,9,0.0013,0.1153,9,0.0581,0.0491,9,0.0324,0.0116,9,0.0169,0.0217,9,0.0
385,0.225,50,True,0.0997,0.1898,29083409,0.0869,9,0.032,0.116,9,0.002,0.1486,9,0.0702,0.0708,9,0.0402,0.0268,9,0.0218,0.0175,9,-0.0
386,0.1811,50,True,0.0714,0.1493,29083409,0.1235,9,0.0311,0.1273,9,0.0006,0.2023,9,0.0753,0.0991,9,0.0437,0.0324,9,0.0239,0.023,9,0.0
387,0.2488,50,True,0.1073,0.1993,29083409,0.0747,9,0.0259,0.1059,9,0.002,0.124,9,0.0626,0.0545,9,0.0338,0.0175,9,0.0167,0.0147,9,0.0
388,0.1976,50,True,0.0893,0.1679,29083409,0.0984,9,0.0244,0.1194,9,0.0005,0.1605,9,0.071,0.0972,9,0.0426,0.0547,9,0.0247,0.0183,9,0.0
389,0.2776,50,True,0.131,0.2394,29083409,0.0686,9,0.0349,0.083,9,0.004,0.1748,9,0.0772,0.0814,9,0.0466,0.0361,9,0.0272,0.0193,9,-0.0
390,0.2003,50,True,0.0881,0.1607,29083409,0.1268,9,0.0284,0.1438,9,0.0006,0.1523,9,0.0672,0.1011,9,0.0394,0.0419,9,0.0222,0.0169,8,-0.0
391,0.2438,50,True,0.0999,0.2019,29083409,0.0789,9,0.0315,0.1034,9,0.0021,0.1479,9,0.0757,0.0806,9,0.0459,0.0366,9,0.0269,0.0214,9,-0.0
392,0.2352,50,True,0.0955,0.1868,29083409,0.1089,9,0.026,0.1305,9,0.0005,0.18,9,0.0671,0.0797,9,0.0392,0.0425,9,0.022,0.0193,9,-0.0
393,0.218,50,True,0.1029,0.1746,29083409,0.1035,9,0.0254,0.1281,9,0.0006,0.1977,9,0.0768,0.1015,9,0.0475,0.0547,9,0.0286,0.0165,9,0.0
394,0.2523,50,True,0.0888,0.205,29083409,0.0591,9,0.0247,0.1012,9,0.0014,0.1249,9,0.0664,0.0622,9,0.0369,0.0183,9,0.0189,0.0207,9,-0.0
395,0.2232,50,True,0.0898,0.1807,29083409,0.0929,10,0.0301,0.1449,9,0.0023,0.1163,9,0.0676,0.0585,9,0.0385,0.0211,9,0.0208,0.0261,9,0.0
396,0.2171,50,True,0.0876,0.1799,29083409,0.0773,9,0.0276,0.0876,9,0.0016,0.1315,9,0.0675,0.0555,9,0.0369,0.02,9,0.0184,0.0255,9,0.0
397,0.2088,50,True,0.0738,0.1713,29083409,0.0848,9,0.0276,0.1063,9,0.002,0.1179,9,0.0665,0.0515,9,0.041,0.0218,9,0.0244,0.0163,9,0.0
398,0.2661,50,True,0.1123,0.2237,29083409,0.0146,10,0.0316,0.0773,10,0.005,0.1197,9,0.0655,0.0581,9,0.0405,0.0287,9,0.0244,0.02,9,0.0
399,0.2455,50,True,0.1162,0.2057,29083409,0.1041,9,0.0311,0.1217,9,0.0017,0.141,9,0.059,0.0607,9,0.0303,0.0143,9,0.0139,0.0154,9,0.0
400,0.2373,50,True,0.081,0.1886,29083409,0.0808,9,0.0279,0.1321,9,0.0014,0.1162,9,0.0686,0.0508,9,0.0403,0.0203,9,0.0224,0.0264,9,-0.0
401,0.2407,50,True,0.1346,0.2064,29083409,0.0108,9,0.035,0.0652,9,0.0065,0.1002,9,0.0677,0.0439,9,0.0374,0.0103,9,0.0187,0.0087,9,0.0
402,0.2677,50,True,0.1164,0.2251,29083409,0.039,10,0.0271,0.0665,10,0.0038,0.1036,9,0.0627,0.0536,9,0.0374,0.0196,9,0.0215,0.0144,9,0.0
403,0.2837,50,True,0.1147,0.2356,29083409,0.0608,9,0.031,0.0938,9,0.0024,0.0956,9,0.0604,0.0318,9,0.0313,0.0074,9,0.0144,0.0277,8,0.0
404,0.2262,50,True,0.0804,0.1838,29083409,0.047,9,0.0301,0.131,9,0.0006,0.1181,9,0.0678,0.0564,9,0.037,0.0141,9,0.0183,0.0208,9,0.0
405,0.7203,50,True,0.5971,0.6384,28775154,0.0307,5,0.0117,0.016,5,0.0088,0.0063,1,0.0001,0.0766,1,0.0356,0.1488,1,0.1098,0.0296,2,0.0
406,0.2237,50,True,0.1013,0.186,29083409,0.0805,9,0.0268,0.1009,9,0.0012,0.0903,9,0.0644,0.0377,9,0.036,0.0168,9,0.0188,0.0146,9,0.0
407,0.2546,50,True,0.1251,0.2172,29083409,0.0392,9,0.0265,0.0712,9,0.0019,0.0779,9,0.052,0.0208,9,0.0271,0.0011,9,0.0125,0.0253,9,-0.0
408,0.2235,50,True,0.1125,0.1927,29083409,0.0556,9,0.0274,0.0802,9,0.0023,0.0809,9,0.0595,0.0266,9,0.0304,0.009,9,0.0135,0.0172,9,0.0
409,0.209,50,True,0.1218,0.1773,29083409,0.0982,9,0.0272,0.1171,9,0.0007,0.1482,9,0.0665,0.0762,9,0.0387,0.0341,9,0.0213,0.0141,9,-0.0
410,0.2025,50,True,0.067,0.1591,29083409,0.087,9,0.0255,0.1395,9,0.0003,0.1598,9,0.0778,0.0819,9,0.0477,0.045,9,0.0287,0.0248,9,0.0
411,0.2003,50,True,0.0983,0.1637,29083409,0.0477,9,0.0259,0.1013,9,0.0006,0.1284,9,0.0657,0.0573,9,0.0396,0.0277,9,0.023,0.0254,8,0.0
412,0.227,50,True,0.1268,0.1981,29083409,0.0737,9,0.027,0.0932,9,0.0013,0.1137,9,0.0586,0.0481,9,0.0299,0.0064,9,0.0136,0.0083,9,0.0
413,0.2301,50,True,0.1204,0.2029,29083409,0.0811,9,0.0294,0.094,9,0.0025,0.1556,9,0.0706,0.0845,9,0.04,0.0418,9,0.0213,0.0137,9,0.0
414,0.2337,50,True,0.093,0.1874,29083409,0.0961,9,0.0287,0.1085,9,0.0007,0.1478,9,0.0704,0.0734,9,0.038,0.0313,9,0.0187,0.0126,9,-0.0
415,0.2249,50,True,0.1082,0.2011,29083409,0.0808,9,0.033,0.1099,9,0.0023,0.1857,9,0.075,0.1044,9,0.0431,0.0435,9,0.0233,0.0258,9,0.0
416,0.3166,50,True,0.1632,0.2584,29083409,0.0111,9,0.0301,0.0467,9,0.0066,0.0645,9,0.0582,0.0211,9,0.0317,0.0022,9,0.0154,0.0136,9,0.0
418,0.2437,50,True,0.1246,0.2064,29083409,0.054,9,0.0328,0.0821,9,0.0045,0.1161,9,0.0574,0.0481,9,0.0308,0.0175,9,0.015,0.0205,9,0.0
419,0.25,50,True,0.1151,0.2145,29083409,0.0493,9,0.0295,0.0738,9,0.0021,0.1299,9,0.0701,0.0785,9,0.0416,0.0336,9,0.0237,0.0184,9,0.0
420,0.2567,50,True,0.1071,0.2127,29083409,0.0499,8,0.0214,0.0967,8,0.0006,0.1106,9,0.0623,0.0539,9,0.0348,0.0186,9,0.018,0.0351,8,0.0
421,0.2316,50,True,0.1102,0.2012,29083409,0.0636,9,0.026,0.0864,9,0.0004,0.0929,9,0.0577,0.0314,9,0.03,0.007,9,0.0139,0.0162,9,0.0
422,0.1832,50,True,0.0967,0.1532,29083409,0.1217,9,0.0257,0.1352,9,0.0004,0.0955,9,0.0559,0.0401,9,0.0299,0.0108,9,0.0145,0.015,9,-0.0
423,0.1937,50,True,0.0869,0.1679,29083409,0.1023,9,0.0299,0.1194,9,0.0004,0.111,9,0.0583,0.0434,9,0.0315,0.0137,9,0.0157,0.0208,9,-0.0
424,0.2783,50,True,0.1189,0.2313,29083409,0.0799,9,0.0285,0.0963,9,0.002,0.142,9,0.067,0.066,9,0.0377,0.0336,9,0.0199,0.0212,9,0.0
425,0.227,50,True,0.0857,0.1823,29083409,0.0626,9,0.0286,0.1038,9,0.001,0.1483,9,0.0699,0.0782,9,0.0374,0.0338,9,0.0181,0.0165,8,0.0
426,0.2063,50,True,0.0894,0.1871,29083409,0.0471,9,0.0255,0.0872,9,0.0017,0.1338,8,0.0627,0.0768,8,0.0359,0.0289,8,0.0194,0.0228,8,0.0
427,0.2312,50,True,0.1236,0.1962,29083409,0.05,9,0.0272,0.0835,9,0.0012,0.1578,9,0.0689,0.097,9,0.0411,0.0448,9,0.0239,0.0136,9,-0.0
428,0.2724,50,True,0.1371,0.2343,29083409,0.0672,9,0.0258,0.1001,9,0.0025,0.1447,9,0.0669,0.0739,9,0.0418,0.0389,9,0.0255,0.0184,8,0.0
429,0.2999,50,True,0.1241,0.2474,29083409,0.0543,9,0.0309,0.0912,9,0.0042,0.1046,9,0.0613,0.0463,9,0.0349,0.0161,9,0.0186,0.0282,9,0.0
430,0.2009,50,True,0.1079,0.1698,29083409,0.0912,9,0.0269,0.1143,9,0.0015,0.1431,9,0.0718,0.0853,9,0.0429,0.0362,9,0.0248,0.0212,9,0.0
431,0.1628,50,True,0.0665,0.127,29083409,0.0849,9,0.0239,0.1363,9,0.0003,0.1092,9,0.0566,0.0467,9,0.03,0.0193,9,0.0143,0.0305,8,0.0
432,0.2278,50,True,0.0797,0.1932,29083409,0.0968,9,0.0315,0.1225,9,0.0011,0.1447,9,0.0694,0.0804,9,0.039,0.0283,9,0.0207,0.0214,9,0.0
433,0.2348,50,True,0.1186,0.2041,29083409,0.0863,9,0.0226,0.1115,9,0.0014,0.1557,9,0.0695,0.0769,9,0.0425,0.0402,9,0.0254,0.027,8,0.0
434,0.236,50,True,0.1208,0.206,29083409,0.1043,9,0.0254,0.1214,9,0.0009,0.1969,9,0.081,0.1334,9,0.0512,0.0694,9,0.032,0.0182,9,0.0
435,0.2084,50,True,0.0754,0.1694,29083409,0.0807,9,0.0284,0.1006,9,0.0024,0.1328,10,0.0633,0.0602,10,0.0372,0.0299,10,0.021,0.0178,9,0.0
436,0.2254,50,True,0.1116,0.189,29083409,0.1395,9,0.023,0.154,9,0.0,0.1412,9,0.0559,0.0639,9,0.0302,0.0189,9,0.0149,0.0225,9,0.0
437,0.2522,50,True,0.1142,0.2117,29083409,0.0821,9,0.0326,0.0964,9,0.0026,0.1666,9,0.0697,0.0704,9,0.0375,0.0248,9,0.0182,0.0119,9,0.0
438,0.2757,50,True,0.1378,0.2329,29083409,0.0395,9,0.028,0.078,9,0.0046,0.1357,9,0.0623,0.0524,9,0.0351,0.0187,9,0.0184,0.0211,9,-0.0
439,0.2173,50,True,0.1148,0.1876,29083409,0.0898,9,0.0305,0.111,9,0.001,0.1149,9,0.0632,0.0602,9,0.0373,0.019,9,0.0209,0.0111,9,0.0
440,0.2505,50,True,0.1166,0.2162,29083409,0.0214,9,0.0302,0.0661,9,0.0055,0.1151,9,0.0647,0.0421,9,0.0336,0.0063,9,0.0153,0.0184,9,0.0
441,0.2483,50,True,0.1401,0.2156,29083409,0.065,9,0.0253,0.1148,9,0.0014,0.1091,9,0.0557,0.0355,9,0.0287,0.0103,9,0.013,0.0229,9,0.0
442,0.2787,50,True,0.1509,0.2455,29083409,0.073,9,0.0311,0.0905,9,0.005,0.1229,9,0.0652,0.0639,9,0.0366,0.0277,9,0.0192,0.0125,9,0.0
443,0.2475,50,True,0.123,0.2248,29083409,0.0595,9,0.0333,0.0811,9,0.0052,0.1415,9,0.0631,0.0601,9,0.0334,0.0184,9,0.0161,0.0303,9,-0.0
444,0.2358,50,True,0.1582,0.2056,29083409,0.0801,9,0.0244,0.0946,9,0.0011,0.113,9,0.0623,0.0435,9,0.0325,0.02,9,0.0154,0.0136,9,0.0
445,0.2574,50,True,0.1142,0.2149,29083409,0.0942,9,0.0288,0.1087,9,0.0011,0.1848,9,0.0668,0.0831,9,0.0374,0.0276,9,0.0199,0.0178,9,0.0
446,0.254,50,True,0.1059,0.2035,29083409,0.0934,9,0.026,0.1404,9,0.0012,0.169,9,0.0679,0.0861,9,0.037,0.0351,9,0.0188,0.0272,9,-0.0
447,0.2488,50,True,0.1345,0.2078,29083409,0.0768,9,0.0268,0.0977,9,0.0026,0.1087,9,0.0618,0.048,9,0.0337,0.0146,9,0.0172,0.0188,9,0.0
448,0.2002,50,True,0.1004,0.1725,29083409,0.1117,9,0.0293,0.1274,9,0.0013,0.1807,9,0.0811,0.1022,9,0.0489,0.0476,9,0.0285,0.0235,9,0.0
449,0.1934,50,True,0.106,0.1671,29083409,0.1312,9,0.021,0.1574,9,0.0001,0.1957,9,0.0622,0.0934,9,0.0326,0.0392,9,0.0154,0.0174,9,0.0
450,0.2362,50,True,0.1294,0.2063,29083409,0.0862,9,0.0219,0.1008,9,0.0008,0.1019,9,0.0604,0.0427,9,0.033,0.016,9,0.0168,0.0199,9,0.0
451,0.2416,50,True,0.1226,0.1991,29083409,0.0549,9,0.0274,0.0864,9,0.0029,0.1678,9,0.0803,0.0828,9,0.0474,0.0452,9,0.0265,0.0202,9,0.0
452,0.2179,50,True,0.1197,0.1963,29083409,0.0704,9,0.0277,0.0906,9,0.0018,0.0864,9,0.0574,0.0231,9,0.0313,0.0008,9,0.0155,0.0081,9,-0.0
453,0.2501,50,True,0.0867,0.2076,29083409,0.0268,9,0.0249,0.0754,9,0.002,0.1106,9,0.0604,0.0333,9,0.0314,0.0069,9,0.0147,0.0221,9,0.0
454,0.2101,50,True,0.1178,0.1852,29083409,0.0973,9,0.025,0.1267,9,0.0009,0.1436,9,0.064,0.071,9,0.0375,0.0326,9,0.0212,0.0368,8,0.0
455,0.2076,50,True,0.1086,0.1835,29083409,0.1172,9,0.0282,0.1401,9,0.0006,0.1856,9,0.0771,0.1031,9,0.0451,0.0453,9,0.0252,0.0198,9,-0.0
456,0.2334,50,True,0.1093,0.1992,29083409,0.0988,9,0.0309,0.1107,9,0.0022,0.1742,9,0.0781,0.0979,9,0.0479,0.061,9,0.0286,0.0211,9,0.0
457,0.1973,50,True,0.0798,0.1722,29083409,0.0721,9,0.0259,0.1121,9,0.0006,0.1538,9,0.0683,0.0827,9,0.0387,0.0355,9,0.0207,0.0266,9,-0.0
458,0.1345,50,True,0.0631,0.1121,29083409,0.1178,9,0.0268,0.1416,9,0.0009,0.1256,9,0.0651,0.0621,9,0.0397,0.0228,9,0.0231,0.015,9,0.0
459,0.2245,50,True,0.0841,0.1814,29083409,0.0638,9,0.031,0.1091,9,0.0027,0.1431,9,0.0736,0.0721,9,0.0439,0.0318,9,0.0251,0.0216,9,0.0
460,0.2069,50,True,0.0954,0.1703,29083409,0.1031,8,0.0238,0.1229,8,0.0005,0.1924,8,0.0674,0.1272,8,0.0416,0.076,8,0.0252,0.0148,8,-0.0
461,0.2689,50,True,0.1179,0.222,29083409,0.0449,9,0.0326,0.0801,9,0.0022,0.1302,9,0.0652,0.0584,9,0.0355,0.0181,9,0.0178,0.0141,8,0.0
462,0.2086,50,True,0.1067,0.175,29083409,0.1032,10,0.0253,0.1163,10,0.0001,0.1356,9,0.068,0.0635,10,0.0347,0.008,10,0.0153,0.0136,10,0.0
463,0.2072,50,True,0.104,0.1751,29083409,0.1043,9,0.0221,0.132,9,0.0002,0.1987,9,0.0714,0.1186,9,0.0401,0.0489,9,0.0211,0.0256,9,0.0
464,0.2311,50,True,0.097,0.1952,29083409,0.0444,9,0.0269,0.082,9,0.002,0.1376,9,0.0653,0.0532,9,0.0344,0.0161,9,0.0162,0.0119,9,0.0
465,0.2759,50,True,0.1122,0.2331,29083409,0.0493,9,0.0303,0.0905,9,0.0027,0.1495,9,0.0699,0.0786,9,0.0381,0.0387,9,0.0193,0.0177,9,0.0
466,0.3064,50,True,0.1449,0.2552,29083409,0.0708,9,0.033,0.0897,9,0.0042,0.0862,9,0.0633,0.0321,9,0.0328,0.0059,9,0.015,0.0176,9,0.0
467,0.2072,50,True,0.0911,0.1715,29083409,0.1226,9,0.0258,0.1415,9,0.0004,0.1819,9,0.0664,0.1136,9,0.0385,0.0398,9,0.0211,0.0139,9,0.0
468,0.2467,50,True,0.1435,0.2115,29083409,0.0822,8,0.0221,0.1056,8,0.0005,0.1427,9,0.0584,0.0496,9,0.0316,0.0137,9,0.0157,0.0129,8,0.0
469,0.2428,50,True,0.1071,0.2007,29083409,0.1203,9,0.0266,0.1302,9,0.0019,0.1961,9,0.074,0.1325,9,0.0439,0.0598,9,0.025,0.0158,8,0.0
470,0.2312,50,True,0.0848,0.1947,29083409,0.0513,9,0.0299,0.0911,9,0.0027,0.1703,9,0.0685,0.076,9,0.0381,0.0321,9,0.0198,0.0133,8,0.0
471,0.2103,50,True,0.1118,0.1889,29083409,0.0665,9,0.0269,0.1091,9,0.0012,0.1584,9,0.0673,0.0695,9,0.0395,0.0266,9,0.0221,0.0214,9,0.0
472,0.2329,50,True,0.1158,0.1976,29083409,0.0669,9,0.0292,0.1187,9,0.0016,0.1541,9,0.0735,0.077,9,0.043,0.0349,9,0.0239,0.0202,9,0.0
473,0.2483,50,True,0.1379,0.2165,29083409,0.0194,9,0.03,0.0663,9,0.005,0.142,9,0.0654,0.0472,9,0.0389,0.0207,9,0.0219,0.013,9,-0.0
474,0.2213,50,True,0.1127,0.1876,29083409,0.0937,9,0.0251,0.1124,9,0.0008,0.1791,9,0.0704,0.0848,9,0.0408,0.0263,9,0.0224,0.0084,9,0.0
475,0.3109,50,True,0.1529,0.2609,29083409,0.0301,9,0.029,0.0611,9,0.0058,0.12,9,0.0627,0.0645,9,0.0345,0.0226,9,0.0173,0.0289,9,0.0
476,0.2448,50,True,0.1239,0.2042,29083409,0.0876,10,0.026,0.1018,10,0.0014,0.0853,10,0.0562,0.0265,10,0.0296,0.0038,9,0.014,0.0093,9,0.0
477,0.2718,50,True,0.1005,0.2196,29083409,0.0343,10,0.0323,0.0684,10,0.0037,0.1478,9,0.067,0.0598,9,0.0362,0.0237,9,0.0176,0.0127,8,-0.0
478,0.2491,50,True,0.1164,0.2196,29083409,0.0179,9,0.0273,0.0567,9,0.0056,0.1098,9,0.0609,0.0477,9,0.0343,0.0185,9,0.0181,0.0169,9,0.0
479,0.2406,50,True,0.0859,0.1934,29083409,0.0393,9,0.0262,0.0897,9,0.0023,0.1594,9,0.0713,0.0785,9,0.0415,0.0392,9,0.023,0.0203,9,-0.0
480,0.2143,50,True,0.0977,0.1793,29083409,0.0248,10,0.0307,0.0848,10,0.0055,0.1323,9,0.0722,0.0731,9,0.0439,0.0406,9,0.0256,0.0181,9,0.0
481,0.2256,50,True,0.0846,0.1945,29083409,0.0233,9,0.0277,0.0752,9,0.0019,0.1682,9,0.07,0.0976,9,0.0428,0.0511,9,0.0256,0.0142,9,0.0
482,0.2656,50,True,0.1331,0.2236,29083409,0.0477,9,0.0239,0.087,9,0.0014,0.1306,9,0.0618,0.0677,9,0.0337,0.027,9,0.0171,0.0168,8,-0.0
483,0.2099,50,True,0.0873,0.179,29083409,0.074,9,0.0252,0.102,9,0.0004,0.1092,9,0.0604,0.0558,9,0.0345,0.0264,9,0.0188,0.0274,9,0.0
484,0.2567,50,True,0.1234,0.2214,29083409,0.0273,9,0.0256,0.08,9,0.0024,0.1121,9,0.0631,0.063,9,0.0349,0.0322,9,0.0181,0.0194,9,0.0
485,0.2309,50,True,0.0975,0.1927,29083409,0.1094,10,0.0273,0.1306,10,0.0008,0.0837,9,0.0541,0.0313,9,0.0267,0.0037,9,0.0114,0.0205,10,0.0
486,0.2142,50,True,0.096,0.1824,29083409,0.1033,10,0.0301,0.1197,9,0.0014,0.1255,9,0.0643,0.0485,9,0.0361,0.0168,9,0.0187,0.0236,9,0.0
487,0.249,50,True,0.1401,0.2144,29083409,0.114,9,0.0262,0.1281,9,0.0011,0.0966,9,0.0571,0.0333,9,0.0324,0.006,9,0.017,0.0226,9,0.0
488,0.2552,50,True,0.12,0.2211,29083409,0.0827,9,0.0289,0.1054,9,0.0012,0.1648,9,0.0739,0.0882,9,0.0435,0.0367,9,0.0245,0.0196,9,-0.0
489,0.2151,50,True,0.1039,0.1807,29083409,0.0772,9,0.0289,0.1211,9,0.0006,0.1807,9,0.0729,0.1036,9,0.0447,0.0496,9,0.0267,0.021,9,0.0
490,0.2927,50,True,0.125,0.2358,29083409,0.0437,9,0.0255,0.092,9,0.0022,0.1197,9,0.0603,0.0633,9,0.0335,0.0324,9,0.0174,0.0226,9,0.0
491,0.1847,50,True,0.0902,0.154,29083409,0.0922,10,0.0333,0.0987,10,0.0027,0.1636,9,0.0705,0.0921,9,0.0419,0.0441,9,0.0241,0.0063,9,-0.0
492,0.2244,50,True,0.1047,0.1879,29083409,0.0711,9,0.026,0.0847,9,0.0008,0.0937,9,0.0637,0.0431,9,0.0361,0.0167,9,0.0192,0.0125,8,0.0
493,0.2663,50,True,0.0978,0.2114,29083409,0.0588,9,0.0312,0.0873,9,0.0021,0.1403,9,0.0729,0.0787,9,0.0458,0.0443,9,0.028,0.0243,9,0.0
494,0.2817,50,True,0.0955,0.2281,29083409,0.0639,9,0.0348,0.099,9,0.0031,0.192,9,0.0878,0.1092,9,0.0529,0.0531,9,0.0303,0.0196,9,0.0
495,0.1931,50,True,0.1201,0.1659,29083409,0.1301,9,0.0271,0.1453,9,0.0003,0.174,9,0.0671,0.0885,9,0.0389,0.0269,9,0.0214,0.02,9,0.0
496,0.2143,50,True,0.1278,0.1815,29083409,0.0627,9,0.0245,0.1037,9,0.0022,0.1195,9,0.0606,0.0613,9,0.0317,0.0197,9,0.0151,0.0186,9,-0.0
497,0.2423,50,True,0.1066,0.2046,29083409,0.0512,9,0.0277,0.0809,9,0.0034,0.1307,10,0.0664,0.0833,9,0.0387,0.039,9,0.0219,0.0161,9,-0.0
498,0.2203,50,True,0.076,0.1856,29083409,0.0782,9,0.0316,0.1218,9,0.0017,0.0963,9,0.0581,0.0285,9,0.03,0.0061,9,0.0135,0.0279,9,0.0
5,0.4128,50,True,0.3682,0.3775,25307932,0.0068,9,0.0532,0.0009,9,0.0235,0.1984,9,0.0966,0.1393,9,0.0542,0.0529,9,0.0276,0.0,9,0.0
503,0.2357,50,True,0.1256,0.2005,28985567,0.0567,8,0.0206,0.0825,8,0.0,0.1415,8,0.0537,0.0511,8,0.0236,0.0258,8,0.0085,0.0155,8,0.0
504,0.5959,50,True,0.344,0.5428,28985567,0.042,8,0.0198,0.0573,8,0.0005,0.0742,7,0.0404,0.0198,7,0.0138,0.0056,7,0.0028,0.0232,7,0.0
505,0.3378,50,True,0.2764,0.34,28985567,0.0057,9,0.008,0.0004,9,0.0019,0.0,7,0.0134,0.0196,6,0.0,0.0455,6,0.0107,0.0014,7,-0.0
506,0.4604,50,True,0.2866,0.4231,28985567,0.0115,8,0.0321,0.0183,8,0.0061,0.0896,8,0.0389,0.0063,7,0.0105,0.0,7,0.0008,0.0121,7,0.0
507,0.2123,50,True,0.1198,0.2131,28985567,0.0284,7,0.0021,0.0485,7,0.0036,0.0258,6,0.038,0.0005,6,0.0108,0.0014,5,0.0009,0.0071,7,-0.0
508,0.5573,50,True,0.3622,0.528,28985567,0.0007,8,0.0403,0.0037,8,0.0162,0.1788,6,0.0889,0.1059,6,0.0464,0.0665,6,0.022,0.0126,7,0.0
509,0.2218,50,True,0.0974,0.1845,29083409,0.0976,9,0.0268,0.1246,9,0.0006,0.1194,9,0.0653,0.0544,9,0.0382,0.0206,9,0.0214,0.0212,9,0.0
510,0.2319,50,True,0.1194,0.199,29083409,0.0894,9,0.0284,0.1092,9,0.0019,0.1242,9,0.0669,0.0651,9,0.0386,0.0318,9,0.0212,0.0139,9,-0.0
511,0.1963,50,True,0.1036,0.1631,29083409,0.0991,9,0.0227,0.1376,9,0.0006,0.1678,9,0.073,0.0804,9,0.0412,0.0394,9,0.0214,0.0253,9,-0.0
512,0.2421,50,True,0.1334,0.2056,29083409,0.0622,9,0.0273,0.0893,9,0.0035,0.0946,9,0.0625,0.0313,9,0.036,0.0088,9,0.0195,0.0185,8,0.0
513,0.2631,50,True,0.0979,0.2138,29083409,0.0685,9,0.0311,0.1096,9,0.0022,0.1645,9,0.0748,0.0728,9,0.0446,0.026,9,0.0254,0.015,9,0.0
514,0.2338,50,True,0.105,0.1986,29083409,0.0884,9,0.0248,0.104,9,0.0012,0.1222,9,0.0627,0.0704,9,0.0349,0.0217,9,0.0181,0.0205,9,0.0
515,0.217,50,True,0.127,0.1934,29083409,0.0944,9,0.0264,0.1195,9,0.0021,0.1402,9,0.069,0.0805,9,0.0408,0.0308,9,0.0229,0.0141,9,-0.0
516,0.1935,50,True,0.1325,0.1681,29083409,0.1061,9,0.0199,0.1296,9,0.0,0.1676,9,0.0687,0.0905,10,0.0424,0.0484,10,0.0255,0.0137,9,0.0
517,0.2264,50,True,0.1384,0.2068,29083409,0.0706,9,0.0282,0.0908,9,0.0015,0.1398,9,0.0703,0.0647,9,0.0446,0.0279,9,0.0278,0.022,9,-0.0
518,0.2299,50,True,0.1495,0.2095,29083409,0.044,9,0.0292,0.0563,9,0.0043,0.1016,9,0.0696,0.0413,9,0.0415,0.0079,9,0.0233,0.0073,9,0.0
519,0.223,50,True,0.1092,0.1835,29083409,0.1332,9,0.0268,0.1422,9,0.0012,0.1229,9,0.0706,0.0796,9,0.0439,0.0392,9,0.0268,0.0274,9,-0.0
520,0.2461,50,True,0.1123,0.2088,29083409,0.0635,9,0.0295,0.103,9,0.0023,0.1483,9,0.0633,0.0577,9,0.0362,0.0159,9,0.0194,0.0157,9,0.0
521,0.1905,50,True,0.0923,0.1651,29083409,0.0258,9,0.0326,0.0745,9,0.0066,0.132,9,0.0674,0.067,9,0.0392,0.018,9,0.0211,0.0209,9,0.0
522,0.2476,50,True,0.1226,0.2175,29083409,0.0382,9,0.0272,0.0845,9,0.003,0.144,9,0.0682,0.0808,9,0.039,0.0376,9,0.0209,0.0216,9,0.0
523,0.2511,50,True,0.0998,0.2092,29083409,0.0586,9,0.0295,0.1078,9,0.0021,0.1409,9,0.0691,0.0813,9,0.0401,0.0286,9,0.0222,0.0155,9,0.0
524,0.2304,50,True,0.0913,0.192,29083409,0.033,9,0.0243,0.0714,9,0.0013,0.0865,9,0.0588,0.036,9,0.0305,0.0068,9,0.0141,0.02,9,-0.0
525,0.1926,50,True,0.1024,0.1661,29083409,0.0722,9,0.0233,0.116,9,0.0008,0.1815,9,0.0673,0.1004,9,0.0378,0.0576,9,0.0197,0.0232,9,0.0
526,0.2269,50,True,0.0868,0.1879,29083409,0.064,9,0.0304,0.1112,9,0.0018,0.1285,9,0.0679,0.0503,9,0.036,0.0122,9,0.0171,0.0167,9,0.0
527,0.2319,50,True,0.1013,0.1962,29083409,0.0861,9,0.0306,0.106,9,0.0013,0.1083,9,0.0632,0.024,9,0.0319,0.0043,9,0.0136,0.0183,9,-0.0
528,0.2658,50,True,0.1356,0.2259,29083409,0.0466,9,0.0297,0.0685,9,0.0042,0.0858,9,0.0594,0.0331,9,0.0324,0.0065,9,0.0162,0.0104,9,0.0
529,0.2469,50,True,0.1205,0.2133,29083409,0.0077,9,0.0219,0.0731,9,0.003,0.1179,9,0.0609,0.0618,9,0.0335,0.029,9,0.0172,0.0179,9,0.0
530,0.2145,50,True,0.0941,0.1796,29083409,0.0861,9,0.0326,0.1167,9,0.0039,0.1569,9,0.0769,0.0823,9,0.0483,0.0333,9,0.0294,0.0214,9,0.0
531,0.2459,50,True,0.1185,0.2066,29083409,0.0495,9,0.0231,0.0847,9,0.0012,0.1224,9,0.0664,0.0685,9,0.0362,0.0271,9,0.018,0.0154,9,0.0
532,0.2238,50,True,0.093,0.1843,29083409,0.0905,9,0.0284,0.1343,9,0.0014,0.1246,9,0.0648,0.0718,9,0.0379,0.0314,9,0.021,0.03,9,-0.0
533,0.2746,50,True,0.1009,0.2182,29083409,0.0747,9,0.0326,0.1212,9,0.0026,0.169,9,0.0797,0.0951,9,0.0438,0.0396,9,0.022,0.0267,9,-0.0
534,0.2516,50,True,0.136,0.2187,29083409,0.06,9,0.029,0.0776,9,0.0021,0.1319,9,0.0604,0.0521,9,0.0319,0.0188,9,0.0153,0.0073,9,0.0
535,0.1561,50,True,0.0773,0.1333,29083409,0.1079,8,0.0275,0.1225,8,0.001,0.1254,9,0.0621,0.0606,9,0.0373,0.0277,9,0.0214,0.0158,8,-0.0
536,0.2829,50,True,0.1238,0.2328,29083409,0.0827,9,0.0244,0.0974,9,0.002,0.1129,9,0.0632,0.0554,9,0.0342,0.0248,9,0.0169,0.0157,9,0.0
537,0.2721,50,True,0.1157,0.2334,27260156,0.0565,9,0.0266,0.0719,9,0.0022,0.0959,9,0.0482,0.0265,8,0.0215,0.0028,8,0.0078,0.0108,9,0.0
538,0.3129,50,True,0.1374,0.2563,27260156,0.0401,9,0.0265,0.0864,9,0.0025,0.0715,9,0.0468,0.0164,9,0.0211,0.0002,9,0.0076,0.0253,8,-0.0
539,0.24,50,True,0.0946,0.1989,27260156,0.0617,9,0.0244,0.0957,9,0.0007,0.0662,9,0.0449,0.0129,9,0.0199,0.0004,9,0.007,0.0119,9,0.0
540,0.3074,50,True,0.1147,0.2557,27260156,0.0234,9,0.0287,0.0762,9,0.0048,0.0859,9,0.0442,0.017,8,0.0184,0.0002,8,0.0056,0.0228,8,0.0
541,0.251,50,True,0.1427,0.2074,27260156,0.0534,9,0.0246,0.0896,9,0.0023,0.0633,9,0.045,0.0148,9,0.0206,0.0008,8,0.0077,0.0221,8,0.0
542,0.2345,50,True,0.1166,0.1912,27260156,0.0884,9,0.028,0.0995,9,0.0008,0.1013,9,0.0557,0.0426,9,0.0264,0.0067,8,0.0107,0.0115,9,0.0
543,0.3101,50,True,0.1306,0.2559,27260156,0.0436,9,0.0296,0.0782,9,0.0043,0.0821,9,0.0493,0.0169,9,0.0228,0.0004,9,0.0086,0.0165,9,-0.0
544,0.2727,50,True,0.1054,0.2155,27260156,0.0372,9,0.0241,0.1001,9,0.0009,0.0989,9,0.0459,0.0165,8,0.02,0.0001,8,0.0067,0.0146,8,0.0
545,0.2621,50,True,0.1309,0.2193,27260156,0.0801,9,0.025,0.0933,9,0.0013,0.0891,9,0.0498,0.0242,9,0.0218,0.0009,8,0.0076,0.0177,9,0.0
546,0.2499,50,True,0.1201,0.2088,27260156,0.0786,9,0.0259,0.0897,9,0.0016,0.0974,9,0.0517,0.0389,9,0.0267,0.0107,9,0.0125,0.0158,9,0.0
547,0.2952,50,True,0.1116,0.2327,27260156,0.0238,9,0.0274,0.074,9,0.0026,0.0689,8,0.0489,0.0103,8,0.0202,0.0004,8,0.0061,0.0118,8,0.0
548,0.2636,50,True,0.0992,0.2099,27260156,0.0628,9,0.0247,0.1,9,0.0006,0.0772,9,0.0396,0.011,9,0.0157,0.0009,9,0.0044,0.0218,8,0.0
549,0.2897,50,True,0.1063,0.2325,27260156,0.0294,9,0.0257,0.0826,9,0.0031,0.0488,8,0.0414,0.004,8,0.0176,0.0008,8,0.0057,0.0147,9,0.0
550,0.3013,50,True,0.1504,0.2504,27260156,0.0073,10,0.0269,0.0669,10,0.0068,0.0488,9,0.0469,0.0049,9,0.0205,0.0002,8,0.0069,0.0145,9,0.0
551,0.3044,50,True,0.1149,0.2511,27260156,0.021,9,0.0277,0.0729,9,0.0038,0.098,9,0.0517,0.0259,9,0.0226,0.0022,8,0.0076,0.0159,8,0.0
552,0.2479,50,True,0.1131,0.1995,27260156,0.0479,9,0.0207,0.0842,9,0.0006,0.0876,8,0.0462,0.0233,8,0.0196,0.0028,8,0.0064,0.0144,8,0.0
553,0.2711,50,True,0.1038,0.2187,27260156,0.0433,9,0.0274,0.1061,9,0.0025,0.1058,9,0.0507,0.0275,9,0.0226,0.0005,8,0.0079,0.0197,9,0.0
554,0.2757,50,True,0.1138,0.2179,27260156,0.0345,9,0.0239,0.0876,9,0.0015,0.0461,8,0.0429,0.0075,8,0.0176,0.0029,8,0.0052,0.0163,8,0.0
555,0.2573,50,True,0.0915,0.2051,27260156,0.0513,9,0.0276,0.0926,9,0.002,0.1134,9,0.0572,0.0393,9,0.0284,0.0115,9,0.0123,0.0108,8,0.0
556,0.2704,50,True,0.1299,0.2264,27260156,0.0875,9,0.0267,0.0979,9,0.0024,0.0777,9,0.0418,0.014,9,0.0173,0.0009,9,0.0052,0.0164,8,0.0
557,0.3332,50,True,0.1324,0.2691,27260156,0.0288,9,0.028,0.0739,9,0.0042,0.0401,9,0.0386,0.0018,9,0.0152,0.0035,9,0.0041,0.0234,8,0.0
558,0.3041,50,True,0.1102,0.2493,27260156,0.0607,9,0.0295,0.0757,9,0.0032,0.0673,9,0.0456,0.0076,9,0.0197,0.0004,9,0.0066,0.0157,8,0.0
559,0.2476,50,True,0.085,0.1931,27260156,0.061,9,0.0259,0.0914,9,0.0014,0.0506,10,0.0431,0.0077,10,0.0187,0.0005,9,0.0064,0.0189,9,-0.0
560,0.2452,50,True,0.1128,0.2017,27260156,0.0579,9,0.0268,0.0954,9,0.0013,0.0871,9,0.0478,0.0278,10,0.0224,0.004,9,0.009,0.0181,9,0.0
561,0.2807,50,True,0.1427,0.2377,27260156,0.009,9,0.0205,0.0676,9,0.0027,0.023,9,0.034,0.0001,8,0.0124,0.0115,8,0.0028,0.0092,9,0.0
562,0.2565,50,True,0.1642,0.2159,27260156,0.0378,9,0.0256,0.0666,9,0.0031,0.0425,9,0.0357,0.0011,9,0.0146,0.0044,9,0.0042,0.012,9,0.0
563,0.2902,50,True,0.1283,0.236,27260156,0.0238,9,0.0264,0.0664,9,0.0038,0.016,9,0.0355,0.002,9,0.0137,0.0213,9,0.0034,0.0145,8,0.0
564,0.2267,50,True,0.09,0.1806,27260156,0.0647,10,0.0234,0.116,10,0.0004,0.0622,9,0.0438,0.0087,9,0.0187,0.0003,9,0.0061,0.0094,9,0.0
565,0.3058,50,True,0.1101,0.2502,27260156,0.025,9,0.028,0.0764,9,0.0039,0.0577,9,0.0421,0.003,9,0.0178,0.0014,9,0.0056,0.0209,8,0.0
566,0.2943,50,True,0.1132,0.2424,27260156,0.0536,9,0.0284,0.0878,9,0.0041,0.0349,9,0.0398,0.0,8,0.0145,0.0109,8,0.003,0.0228,8,-0.0
567,0.2788,50,True,0.1282,0.2227,27260156,0.0486,9,0.0229,0.085,9,0.0019,0.0458,8,0.0362,0.001,8,0.0126,0.0065,8,0.0024,0.0166,8,0.0
568,0.2683,50,True,0.1191,0.2197,27260156,0.0507,9,0.0264,0.0871,9,0.0019,0.1024,9,0.0559,0.0302,9,0.0271,0.0079,8,0.0113,0.0121,8,0.0
569,0.308,50,True,0.0994,0.2404,27260156,0.0458,9,0.025,0.1071,9,0.0025,0.0539,9,0.0421,0.006,8,0.0177,0.0016,8,0.0056,0.0231,9,-0.0
570,0.219,50,True,0.1266,0.1903,26673326,0.0539,9,0.0291,0.0705,9,0.0013,0.1267,8,0.0721,0.0609,8,0.0332,0.0283,8,0.0128,0.0096,8,0.0
571,0.2306,50,True,0.1904,0.2209,26673326,0.0519,9,0.0215,0.0925,9,0.0,0.1342,7,0.0823,0.0728,7,0.0358,0.0317,7,0.0128,0.0221,9,0.0
572,0.1919,50,True,0.0897,0.1658,26673326,0.105,10,0.0235,0.118,9,0.0001,0.1332,8,0.0754,0.0602,8,0.0329,0.0129,8,0.0114,0.012,10,0.0
573,0.2629,50,True,0.1069,0.2216,26673326,0.06,9,0.0225,0.0835,9,0.0007,0.1649,9,0.0655,0.0804,9,0.0246,0.0226,8,0.0062,0.0141,9,-0.0
574,0.2542,50,True,0.116,0.2224,27760321,0.0071,10,0.0236,0.0185,10,0.0058,0.0095,8,0.0397,0.0047,8,0.0059,0.0293,9,0.0007,0.009,9,0.0
575,0.2796,50,True,0.2032,0.2671,27760321,0.0001,9,0.0316,0.006,9,0.0123,0.0305,8,0.0469,0.0001,8,0.0108,0.0173,8,0.0001,0.0089,9,-0.0
576,0.2806,50,True,0.1658,0.2669,27760321,0.0103,9,0.0317,0.0281,9,0.0099,0.176,8,0.0903,0.0839,8,0.051,0.0453,8,0.0281,0.0166,8,0.0
577,0.3079,50,True,0.1889,0.2689,27760321,0.0072,9,0.0244,0.0299,9,0.0072,0.1272,9,0.0897,0.0787,9,0.051,0.0429,9,0.0278,0.0114,8,0.0
583,0.5296,50,True,0.4347,0.5272,28877469,0.0496,6,0.0062,0.0618,6,0.013,0.0867,4,0.0706,0.0357,4,0.0153,0.0029,4,0.0001,0.0122,7,-0.0
597,0.4852,50,True,0.3648,0.4441,29662178,0.0255,10,0.0278,0.0361,10,0.0029,0.144,9,0.0787,0.0726,9,0.0417,0.0429,9,0.0211,0.0064,9,0.0
6,0.4129,50,True,0.3582,0.3924,25307932,0.1965,8,0.1084,0.135,8,0.1031,0.0099,3,0.0069,0.0,3,0.0062,0.0025,3,0.0372,0.0071,6,0.0
613,0.1294,50,True,0.195,0.1461,29576454,0.0502,8,0.0253,0.0094,8,0.0017,0.0006,5,0.0106,0.0083,5,0.004,0.0254,5,0.038,0.0136,8,0.0
614,0.2136,50,True,0.1307,0.1918,29576454,0.0131,7,0.0327,0.0289,7,0.0063,0.0495,8,0.0366,0.016,7,0.0133,0.0003,7,0.0032,0.005,7,0.0
629,0.1645,50,True,0.0866,0.1588,28700943,0.0673,10,0.0353,0.0146,10,0.0289,0.1775,8,0.0955,0.1154,8,0.0637,0.0885,8,0.0437,0.0221,10,-0.0
66,0.3229,50,True,0.1185,0.2859,28162770,0.0708,9,0.0342,0.0918,9,0.0056,0.1941,9,0.0575,0.1104,9,0.0275,0.0642,9,0.0116,0.0503,9,0.0
67,0.3035,50,True,0.1054,0.2647,28162770,0.0847,8,0.0374,0.1063,8,0.0025,0.2249,8,0.0795,0.1578,8,0.0485,0.1178,8,0.0293,0.0377,8,-0.0
68,0.4178,50,True,0.1943,0.3831,28162770,0.0875,8,0.0286,0.1012,8,0.0014,0.1916,8,0.0671,0.1168,8,0.0382,0.0709,8,0.0212,0.0277,7,0.0
689,0.4508,50,True,0.2927,0.4349,30898113,0.0015,6,0.0209,0.0068,6,0.0028,0.0004,6,0.0219,0.0069,6,0.0016,0.0175,5,0.0021,0.0071,5,0.0
69,0.271,50,True,0.0941,0.2377,28162770,0.0355,10,0.0298,0.08,10,0.0038,0.1697,9,0.0617,0.0692,9,0.0279,0.0216,9,0.0105,0.0266,9,0.0
691,0.2472,50,True,0.1036,0.214,30971826,0.0001,9,0.0325,0.0452,9,0.0126,0.1085,9,0.051,0.0379,9,0.024,0.0108,8,0.0095,0.0142,9,0.0
692,0.2148,50,True,0.0841,0.1778,30971826,0.0717,9,0.0307,0.1274,9,0.0041,0.0755,9,0.0485,0.0173,9,0.0216,0.0018,9,0.0077,0.0209,9,0.0
693,0.1929,50,True,0.0553,0.15,30971826,0.0268,10,0.028,0.107,10,0.0041,0.1358,8,0.0608,0.0749,8,0.0335,0.023,8,0.0173,0.0223,9,0.0
694,0.1985,50,True,0.0971,0.167,30971826,0.0612,9,0.0314,0.1043,9,0.0035,0.1236,9,0.06,0.062,9,0.0321,0.0186,9,0.016,0.0139,9,0.0
695,0.197,50,True,0.0883,0.1659,30971826,0.1043,9,0.0279,0.1232,9,0.0008,0.146,9,0.0615,0.0642,9,0.0309,0.0263,9,0.014,0.0148,9,0.0
696,0.1922,50,True,0.077,0.1576,30971826,0.0307,9,0.0234,0.1211,9,0.0016,0.1939,9,0.0605,0.1119,9,0.0316,0.0758,9,0.0159,0.025,9,0.0
697,0.2106,50,True,0.091,0.1711,30971826,0.0897,10,0.0325,0.1086,10,0.0029,0.1809,9,0.0677,0.0971,9,0.0379,0.0473,9,0.0204,0.0138,9,0.0
698,0.1794,50,True,0.0655,0.1348,30971826,0.0343,10,0.0243,0.1209,10,0.002,0.136,10,0.0643,0.0679,10,0.0343,0.0203,10,0.0167,0.0165,10,0.0
699,0.2404,50,True,0.0925,0.1914,30971826,0.0742,9,0.0249,0.1211,9,0.002,0.1313,9,0.0555,0.0634,9,0.0252,0.0248,9,0.0097,0.0186,9,0.0
70,0.2978,50,True,0.1253,0.2761,28162770,0.0756,9,0.0316,0.0892,9,0.0043,0.1789,9,0.0681,0.0997,8,0.0361,0.063,8,0.0179,0.0326,8,0.0
700,0.2182,50,True,0.0843,0.186,30971826,0.0544,10,0.0292,0.0972,9,0.0029,0.1534,9,0.0575,0.0862,9,0.0292,0.0341,9,0.0138,0.0165,9,0.0
701,0.2128,50,True,0.1215,0.1853,30971826,0.0201,9,0.0296,0.0793,9,0.007,0.0933,9,0.0467,0.0143,9,0.021,0.0006,9,0.008,0.0148,9,-0.0
702,0.2314,50,True,0.0886,0.1977,30971826,0.0355,9,0.0309,0.0771,9,0.0064,0.1372,9,0.0595,0.058,9,0.0286,0.0131,9,0.012,0.0215,9,0.0
703,0.1797,50,True,0.1205,0.1599,30971826,0.0482,9,0.0266,0.092,9,0.006,0.1694,9,0.0596,0.09,9,0.0312,0.0435,9,0.0152,0.022,9,0.0
704,0.1871,50,True,0.0828,0.1578,30971826,0.0521,9,0.0298,0.0983,9,0.0014,0.1456,9,0.0656,0.0553,9,0.0332,0.0236,9,0.0152,0.0183,9,0.0
705,0.2599,50,True,0.1359,0.2097,30971826,0.0594,9,0.0301,0.1043,9,0.0052,0.1237,9,0.0614,0.0631,9,0.0347,0.0188,9,0.0186,0.0185,9,0.0
706,0.2227,50,True,0.0759,0.1763,30971826,0.0301,10,0.0301,0.0807,10,0.0027,0.0895,10,0.0536,0.0305,10,0.0259,0.005,10,0.0109,0.0125,10,-0.0
707,0.2832,50,True,0.1397,0.2537,30971826,0.0025,10,0.0298,0.0292,10,0.0081,0.0154,10,0.0409,0.0003,10,0.0188,0.0162,10,0.0069,0.0086,9,-0.0
708,0.2836,50,True,0.1256,0.2387,30971826,0.0098,10,0.0322,0.0576,10,0.0101,0.0797,10,0.0538,0.0238,10,0.0254,0.0035,10,0.0099,0.0176,10,0.0
709,0.1832,50,True,0.0646,0.1396,30971826,0.0591,9,0.0301,0.1289,9,0.0032,0.1283,9,0.0626,0.0472,9,0.034,0.0115,9,0.0173,0.0212,9,0.0
71,0.3364,50,True,0.1621,0.3022,28162770,0.0177,10,0.0284,0.0469,10,0.0077,0.1127,9,0.0546,0.0506,9,0.0247,0.0218,9,0.0094,0.029,9,0.0
710,0.206,50,True,0.0753,0.1674,30971826,0.0482,9,0.0328,0.105,9,0.0046,0.157,9,0.0616,0.0578,9,0.0342,0.0174,9,0.0179,0.0193,9,0.0
711,0.2428,50,True,0.0955,0.1973,30971826,0.0946,9,0.028,0.1436,9,0.0023,0.133,9,0.0561,0.0403,9,0.0274,0.0085,9,0.0115,0.0319,9,0.0
712,0.2077,50,True,0.0982,0.1745,30971826,0.0527,10,0.0316,0.0847,10,0.0048,0.0914,10,0.0547,0.034,10,0.0289,0.0117,10,0.0144,0.0154,10,0.0
713,0.1702,50,True,0.1025,0.148,30971826,0.0655,9,0.0323,0.1026,9,0.0025,0.2011,9,0.0654,0.1005,9,0.037,0.033,9,0.0199,0.0176,9,0.0
714,0.1426,50,True,0.0611,0.1156,30971826,0.0488,9,0.0236,0.1151,9,0.0016,0.1295,9,0.0617,0.0485,9,0.0323,0.0217,9,0.0153,0.0119,9,0.0
715,0.139,50,True,0.0301,0.1047,30971826,0.0325,9,0.0318,0.1181,9,0.0053,0.125,9,0.0767,0.0648,9,0.0445,0.0295,9,0.0244,0.0208,9,-0.0
716,0.1668,50,True,0.0828,0.1386,30971826,0.0358,9,0.0324,0.0985,9,0.0063,0.1182,9,0.068,0.0498,9,0.0398,0.018,9,0.0221,0.0143,9,0.0
717,0.239,50,True,0.1209,0.2001,30971826,0.0464,9,0.0292,0.0726,9,0.007,0.1512,9,0.0604,0.0643,9,0.0311,0.0291,9,0.0147,0.0206,9,0.0
718,0.1591,50,True,0.0573,0.1293,30971826,0.0508,9,0.0318,0.1154,9,0.0017,0.1342,9,0.0645,0.0624,9,0.0341,0.0329,9,0.017,0.0138,9,0.0
719,0.2485,50,True,0.1025,0.2006,30971826,0.0306,9,0.0316,0.0895,9,0.0046,0.1444,9,0.0667,0.0748,9,0.0353,0.0328,9,0.0175,0.011,9,0.0
72,0.3274,50,True,0.1291,0.2926,28162770,0.0732,9,0.0324,0.0915,9,0.0037,0.1519,9,0.0621,0.0701,9,0.0324,0.0284,9,0.0156,0.0223,9,0.0
720,0.2138,50,True,0.096,0.1685,30971826,0.0494,9,0.0289,0.1249,9,0.0033,0.1259,9,0.07,0.055,9,0.0373,0.0147,9,0.0178,0.0286,9,0.0
721,0.2028,50,True,0.0685,0.1673,30971826,0.0415,9,0.037,0.096,9,0.0064,0.1594,9,0.0681,0.0727,9,0.0363,0.0143,9,0.0177,0.0218,9,0.0
722,0.2086,50,True,0.0912,0.1831,30971826,0.0137,8,0.0357,0.1107,8,0.0111,0.1617,7,0.0855,0.0866,7,0.0571,0.0475,7,0.0378,0.0324,8,0.0
723,0.2089,50,True,0.0869,0.1723,30971826,0.0522,10,0.0404,0.0933,10,0.0082,0.1429,9,0.0827,0.0659,9,0.0555,0.0248,9,0.0374,0.0206,9,0.0
724,0.2234,50,True,0.094,0.1878,30971826,0.0507,9,0.0282,0.0956,9,0.0032,0.0322,9,0.0408,0.0011,9,0.0152,0.0135,9,0.0034,0.0135,8,0.0
725,0.1386,50,True,0.072,0.1238,30971826,0.0568,9,0.0302,0.1311,9,0.0044,0.1236,9,0.0659,0.0593,9,0.0381,0.0209,9,0.0205,0.0069,9,0.0
726,0.1811,50,True,0.0685,0.1523,30971826,0.0329,9,0.0278,0.139,8,0.0032,0.1535,8,0.0615,0.079,8,0.032,0.0271,8,0.0151,0.0207,8,0.0
727,0.2053,50,True,0.0551,0.1618,30971826,0.061,9,0.0276,0.1219,9,0.0025,0.0962,9,0.0619,0.0329,9,0.0327,0.0086,9,0.0153,0.0272,9,0.0
728,0.2835,50,True,0.1196,0.2416,30971826,0.009,9,0.0225,0.0613,9,0.0047,0.0458,9,0.0371,0.0124,9,0.0124,0.0003,8,0.0022,0.013,9,0.0
729,0.2548,50,True,0.1052,0.2103,30971826,0.0143,9,0.0284,0.0829,9,0.004,0.1326,9,0.0577,0.0599,9,0.0296,0.0196,9,0.014,0.0208,9,-0.0
73,0.2939,50,True,0.0989,0.2655,28162770,0.0516,9,0.0355,0.0842,9,0.0068,0.1584,9,0.0698,0.0964,8,0.0398,0.0637,8,0.0221,0.0448,8,0.0
730,0.128,50,True,0.0362,0.1073,30971826,0.0001,8,0.0281,0.0773,8,0.009,0.0506,7,0.0471,0.0084,8,0.0209,0.0009,8,0.0069,0.0293,8,0.0
731,0.2082,50,True,0.1044,0.1667,30971826,0.0462,9,0.027,0.1082,9,0.0025,0.1084,9,0.0512,0.0376,9,0.0252,0.0092,9,0.011,0.016,9,0.0
732,0.246,50,True,0.117,0.2115,30971826,0.0657,9,0.0284,0.0915,9,0.0048,0.1303,9,0.0666,0.0675,9,0.0362,0.0197,9,0.0181,0.0184,9,-0.0
733,0.2151,50,True,0.1258,0.1997,30971826,0.0336,9,0.0336,0.0641,9,0.0134,0.1287,9,0.0688,0.0525,9,0.0414,0.0225,9,0.0243,0.0315,9,0.0
734,0.2328,50,True,0.1114,0.2057,30971826,0.0157,9,0.0273,0.0684,9,0.0057,0.0963,9,0.0495,0.0318,9,0.0218,0.0052,9,0.0077,0.0126,8,0.0
735,0.2341,50,True,0.1009,0.1948,30971826,0.112,9,0.0298,0.1225,9,0.0016,0.1816,9,0.0563,0.0796,9,0.0278,0.0218,9,0.0122,0.0212,9,-0.0
736,0.1562,50,True,0.0819,0.1345,30971826,0.0689,9,0.0253,0.1138,9,0.0039,0.1092,9,0.0516,0.0393,9,0.025,0.0072,9,0.0106,0.0217,9,0.0
737,0.2193,50,True,0.1438,0.1881,30971826,0.0438,9,0.031,0.1031,9,0.0052,0.1535,9,0.0611,0.0533,8,0.0346,0.0172,8,0.0181,0.014,9,0.0
738,0.2375,50,True,0.1341,0.1962,30971826,0.0402,9,0.0278,0.1097,9,0.0043,0.1419,9,0.0635,0.0669,9,0.0335,0.0226,9,0.0167,0.0123,9,0.0
739,0.1543,50,True,0.0544,0.1295,30971826,0.0585,9,0.0261,0.1155,9,0.0025,0.1493,9,0.0526,0.0871,9,0.0256,0.033,9,0.0112,0.0137,9,-0.0
74,0.3123,50,True,0.1299,0.283,28162770,0.0309,10,0.0336,0.0676,10,0.0061,0.1351,9,0.0632,0.0469,9,0.0342,0.025,9,0.0173,0.0355,9,0.0
740,0.2308,50,True,0.0806,0.1884,30971826,0.026,9,0.037,0.0868,9,0.0059,0.1227,9,0.0646,0.0502,9,0.0336,0.0172,9,0.0158,0.0116,9,0.0
741,0.2175,50,True,0.1091,0.1823,30971826,0.0634,10,0.0259,0.1079,10,0.0025,0.049,10,0.0467,0.0106,10,0.0211,0.0,10,0.0077,0.0181,10,0.0
742,0.1359,50,True,0.0802,0.1108,30971826,0.1573,10,0.0266,0.1815,10,0.0001,0.1565,9,0.0688,0.077,9,0.0393,0.04,9,0.0213,0.0133,10,0.0
743,0.2177,50,True,0.0865,0.171,30971826,0.0476,10,0.0355,0.1092,10,0.0076,0.1093,10,0.0681,0.0461,10,0.0404,0.02,10,0.023,0.0255,10,-0.0
744,0.2231,50,True,0.1439,0.1941,30971826,0.0705,9,0.0265,0.1031,9,0.0015,0.1049,9,0.0449,0.0348,9,0.0201,0.0056,9,0.0077,0.0133,9,0.0
745,0.1876,50,True,0.0907,0.1565,30971826,0.0482,9,0.0327,0.081,9,0.0038,0.1299,9,0.0566,0.0599,9,0.0304,0.0187,9,0.0152,0.0072,9,0.0
746,0.1723,50,True,0.0738,0.1431,30971826,0.0412,9,0.0297,0.0802,8,0.0039,0.0596,9,0.0513,0.0171,9,0.0261,0.0019,8,0.0118,0.0187,8,0.0
747,0.2216,50,True,0.1025,0.1843,30971826,0.0193,10,0.0309,0.07,10,0.0042,0.1284,10,0.0576,0.0593,10,0.0308,0.0196,10,0.0154,0.0141,10,0.0
748,0.2768,50,True,0.1641,0.2302,30971826,0.0316,9,0.032,0.0941,9,0.0062,0.1057,9,0.0631,0.0452,9,0.0417,0.0172,9,0.0278,0.01,8,-0.0
749,0.2264,50,True,0.0748,0.175,30971826,0.0171,9,0.0288,0.0696,9,0.0044,0.0727,9,0.0426,0.0156,9,0.019,0.0013,9,0.0069,0.0187,8,-0.0
75,0.4171,50,True,0.2336,0.3905,28162770,0.0647,9,0.0377,0.0768,9,0.007,0.2117,8,0.0689,0.1594,9,0.0413,0.1026,9,0.0248,0.0404,9,0.0
750,0.1819,50,True,0.0721,0.145,30971826,0.0359,9,0.0256,0.0819,9,0.0042,0.065,9,0.0478,0.0117,9,0.0216,0.0004,9,0.0082,0.0149,9,0.0
751,0.1581,50,True,0.0736,0.1284,30971826,0.051,9,0.0313,0.1127,9,0.0037,0.1841,9,0.0619,0.084,9,0.0371,0.0403,9,0.0219,0.019,8,0.0
752,0.2215,50,True,0.0908,0.1917,30971826,0.0387,9,0.0289,0.0952,9,0.0022,0.1747,9,0.0581,0.0901,9,0.0289,0.043,9,0.0131,0.0205,9,0.0
753,0.1634,50,True,0.0621,0.1362,30971826,0.0151,10,0.0212,0.0915,10,0.0035,0.1192,8,0.0434,0.0353,8,0.0181,0.0062,8,0.0057,0.0135,9,-0.0
754,0.2561,50,True,0.0895,0.2111,30971826,0.01,10,0.029,0.04,10,0.006,0.062,9,0.0422,0.0062,9,0.0177,0.0003,9,0.0056,0.0073,9,0.0
755,0.2199,50,True,0.0822,0.179,30971826,0.0213,9,0.03,0.1119,9,0.0061,0.1027,9,0.0488,0.0332,9,0.0227,0.0106,9,0.0089,0.0176,9,0.0
756,0.2314,50,True,0.1213,0.193,30971826,0.0855,10,0.0258,0.1021,10,0.0013,0.0925,10,0.0454,0.031,10,0.0205,0.0045,10,0.0079,0.009,10,0.0
757,0.2094,50,True,0.0962,0.1703,30971826,0.0648,8,0.0292,0.1345,8,0.0029,0.0538,8,0.0388,0.0138,8,0.0141,0.0017,8,0.0029,0.0251,8,0.0
758,0.1967,50,True,0.0958,0.1654,30971826,0.0807,9,0.0286,0.101,9,0.0019,0.1171,9,0.0554,0.0326,9,0.0278,0.0048,9,0.0125,0.0141,9,0.0
759,0.2158,50,True,0.0954,0.178,30971826,0.0209,9,0.0289,0.0695,9,0.0043,0.1124,9,0.056,0.04,9,0.0266,0.0135,8,0.0111,0.0075,9,0.0
76,0.2623,50,True,0.0994,0.2365,28162770,0.0986,9,0.0305,0.1177,9,0.0028,0.2016,9,0.064,0.1112,9,0.0361,0.0628,9,0.0201,0.0401,9,0.0
760,0.2473,50,True,0.0897,0.204,30971826,0.0215,9,0.0271,0.098,9,0.0037,0.1058,9,0.049,0.0367,9,0.0213,0.0064,9,0.0074,0.0199,9,0.0
761,0.2206,50,True,0.0938,0.1803,30971826,0.0551,9,0.025,0.1127,9,0.0009,0.1647,9,0.0517,0.0602,9,0.0242,0.0088,9,0.0097,0.0202,8,0.0
762,0.2095,50,True,0.0838,0.1764,30971826,0.0236,9,0.0325,0.0931,9,0.0046,0.0995,9,0.0508,0.0243,9,0.0233,0.0008,9,0.0087,0.0173,9,0.0
763,0.2088,50,True,0.0725,0.1694,30971826,0.0359,9,0.0302,0.1037,9,0.0033,0.1452,9,0.0557,0.0842,9,0.0268,0.0216,9,0.0113,0.0165,9,0.0
764,0.1836,50,True,0.0557,0.1449,30971826,0.0492,9,0.0323,0.1213,9,0.003,0.1145,9,0.0592,0.055,9,0.0283,0.02,9,0.0116,0.0222,9,0.0
765,0.1826,50,True,0.0549,0.1495,30971826,0.0504,9,0.0293,0.1138,9,0.0023,0.1233,9,0.0605,0.0557,9,0.0328,0.0221,9,0.0169,0.02,9,0.0
766,0.212,50,True,0.1092,0.1808,30971826,0.0756,9,0.0268,0.1139,9,0.0008,0.1744,9,0.065,0.1025,9,0.0369,0.0632,9,0.0207,0.0212,9,-0.0
767,0.118,50,True,0.0429,0.0935,30971826,0.1356,9,0.0245,0.1479,9,0.0003,0.1104,9,0.0578,0.0657,9,0.0291,0.0179,9,0.0131,0.0185,9,0.0
768,0.1972,50,True,0.099,0.163,30971826,0.1322,9,0.0264,0.1502,9,0.0005,0.1779,9,0.0628,0.1051,9,0.0338,0.0417,9,0.0172,0.0149,9,0.0
769,0.197,50,True,0.0826,0.161,30971826,0.0065,9,0.0261,0.0952,9,0.0043,0.1095,9,0.0553,0.0473,9,0.0267,0.0078,9,0.0113,0.0093,9,0.0
77,0.3241,50,True,0.1333,0.3005,28162770,0.0656,10,0.0304,0.084,10,0.0058,0.0626,10,0.045,0.0123,10,0.0196,0.0002,9,0.0068,0.0429,9,0.0
770,0.2568,50,True,0.1181,0.2179,30971826,0.0532,9,0.0332,0.0753,9,0.0062,0.0873,9,0.0505,0.0302,9,0.0254,0.0087,9,0.0114,0.0166,9,0.0
771,0.1412,50,True,0.0539,0.1294,30971826,0.0063,8,0.0443,0.0533,8,0.0302,0.1055,8,0.0583,0.039,8,0.0331,0.0078,8,0.0172,0.0302,8,0.0
772,0.24,50,True,0.0875,0.195,30971826,0.0101,10,0.0303,0.0572,10,0.009,0.0163,9,0.0435,0.0008,10,0.0204,0.0036,10,0.0077,0.0202,9,0.0
773,0.2357,50,True,0.0974,0.1872,30971826,0.0,9,0.0358,0.043,9,0.0108,0.0686,9,0.0678,0.0254,9,0.0382,0.002,9,0.0197,0.0034,8,0.0
774,0.1814,50,True,0.0506,0.1422,30971826,0.0371,10,0.0298,0.0948,10,0.0032,0.1125,9,0.0602,0.0475,9,0.0301,0.0179,9,0.0132,0.0164,10,0.0
775,0.2587,50,True,0.124,0.2224,30971826,0.0001,9,0.0387,0.0569,9,0.0147,0.1436,9,0.0754,0.0577,9,0.0452,0.0154,9,0.0255,0.0095,9,0.0
776,0.2537,50,True,0.0883,0.2033,30971826,0.0051,10,0.0348,0.0955,10,0.0064,0.0903,10,0.0609,0.0304,10,0.0306,0.0025,10,0.0135,0.0127,10,0.0
777,0.2144,50,True,0.0871,0.1664,30971826,0.0216,9,0.0353,0.0887,9,0.0077,0.1031,8,0.0675,0.0246,9,0.0399,0.0084,9,0.0223,0.0202,9,0.0
778,0.2224,50,True,0.139,0.1875,30971826,0.0155,9,0.0334,0.0552,9,0.0101,0.0838,9,0.0616,0.0284,9,0.0369,0.0065,9,0.0212,0.0079,9,0.0
779,0.2106,50,True,0.0767,0.1694,30971826,0.0192,10,0.0346,0.0876,10,0.0071,0.0988,9,0.0634,0.0322,10,0.0363,0.0085,10,0.0196,0.0173,10,0.0
78,0.2794,50,True,0.1078,0.2511,28162770,0.0587,9,0.0342,0.0942,9,0.0052,0.1548,9,0.0632,0.085,9,0.035,0.0501,9,0.0186,0.0493,9,0.0
780,0.1523,50,True,0.0406,0.1219,30971826,0.0637,9,0.0299,0.1377,9,0.0018,0.1278,9,0.0601,0.0708,9,0.0315,0.0181,9,0.0148,0.0222,9,0.0
781,0.1827,50,True,0.0717,0.1479,30971826,0.0043,9,0.0332,0.0614,9,0.0099,0.0813,9,0.0559,0.0213,9,0.0289,0.0026,9,0.0135,0.0225,9,0.0
782,0.1964,50,True,0.082,0.1632,30971826,0.0511,9,0.0204,0.1128,9,0.0014,0.1561,9,0.0754,0.103,9,0.0418,0.0506,9,0.0219,0.025,9,0.0
783,0.2008,50,True,0.0657,0.1604,30971826,0.0253,9,0.0289,0.1179,9,0.0038,0.1142,9,0.056,0.0328,9,0.0259,0.0034,9,0.0099,0.0226,9,0.0
784,0.2701,50,True,0.1224,0.2371,30971826,0.0194,9,0.0332,0.0632,9,0.0086,0.1083,9,0.0575,0.038,9,0.0286,0.0141,9,0.0127,0.0202,8,0.0
785,0.1836,50,True,0.1062,0.155,30971826,0.065,9,0.0276,0.1114,9,0.0034,0.1675,9,0.0612,0.0987,9,0.0329,0.0386,9,0.0166,0.0205,9,0.0
786,0.1519,50,True,0.0635,0.1245,30971826,0.0805,9,0.025,0.1165,9,0.001,0.1823,9,0.0609,0.0964,9,0.0319,0.0389,9,0.0156,0.017,9,0.0
787,0.1905,50,True,0.0765,0.1501,30971826,0.0811,9,0.03,0.11,9,0.0017,0.1691,9,0.0574,0.0901,9,0.0281,0.0494,9,0.0126,0.0284,8,0.0
788,0.1487,50,True,0.0631,0.1211,30971826,0.0721,9,0.0324,0.1125,9,0.0028,0.1333,9,0.0665,0.0821,9,0.0361,0.032,9,0.0186,0.0122,9,0.0
789,0.139,50,True,0.0571,0.123,30971826,0.0199,10,0.0258,0.1248,10,0.0034,0.1207,9,0.0598,0.0487,9,0.0302,0.0085,8,0.0135,0.014,10,-0.0
79,0.4226,50,True,0.1668,0.3687,28162770,0.0982,8,0.0318,0.1133,8,0.0005,0.1354,8,0.0607,0.0685,8,0.0304,0.0266,8,0.0134,0.0463,7,0.0
790,0.2126,50,True,0.0536,0.1749,30971826,0.052,10,0.0317,0.1135,10,0.0033,0.0562,9,0.0558,0.0057,10,0.0275,0.0,10,0.0115,0.0237,10,0.0
791,0.2186,50,True,0.1222,0.1945,30971826,0.0163,10,0.0315,0.0776,10,0.0086,0.0858,9,0.0596,0.0284,10,0.0321,0.004,10,0.0157,0.0143,10,0.0
792,0.1645,50,True,0.0938,0.1414,30971826,0.0867,9,0.0253,0.1262,9,0.0014,0.1224,9,0.0529,0.0585,9,0.0278,0.0167,9,0.0136,0.0181,9,-0.0
793,0.2004,50,True,0.0849,0.1653,30971826,0.0401,9,0.0265,0.0913,9,0.0027,0.1427,9,0.0598,0.0618,9,0.0316,0.033,9,0.0156,0.0193,9,-0.0
794,0.2317,50,True,0.1002,0.1973,30971826,0.0405,9,0.0312,0.0941,9,0.0028,0.1036,9,0.0597,0.0336,9,0.0314,0.0103,9,0.0154,0.0292,9,0.0
795,0.1677,50,True,0.0672,0.1348,30971826,0.0434,9,0.0328,0.1032,9,0.0033,0.131,9,0.0656,0.0682,9,0.0357,0.0277,9,0.0184,0.0143,9,0.0
796,0.2148,50,True,0.0908,0.1837,30971826,0.0521,9,0.0298,0.0755,9,0.0017,0.1032,9,0.0479,0.0269,9,0.0195,0.0011,9,0.0058,0.0102,8,0.0
797,0.2331,50,True,0.1068,0.2054,30971826,0.061,9,0.0334,0.0934,9,0.0028,0.105,9,0.0506,0.0237,9,0.0231,0.0006,9,0.0087,0.0142,9,0.0
798,0.1789,50,True,0.057,0.1437,30971826,0.0482,10,0.0285,0.1165,10,0.0047,0.093,9,0.0594,0.0327,10,0.0301,0.0091,10,0.0137,0.0191,10,0.0
799,0.1801,50,True,0.0978,0.1533,30971826,0.0614,9,0.0241,0.0992,9,0.0026,0.1395,9,0.0599,0.0611,9,0.0276,0.0291,9,0.0111,0.009,9,0.0
80,0.3388,50,True,0.1436,0.3012,28162770,0.0777,9,0.0368,0.1238,9,0.0031,0.162,9,0.0655,0.0872,9,0.0352,0.0534,9,0.0181,0.0574,8,0.0
800,0.196,50,True,0.0845,0.1582,30971826,0.0121,9,0.0232,0.0649,9,0.0028,0.0853,8,0.0444,0.0209,8,0.0192,0.0007,8,0.0064,0.0102,9,0.0
801,0.2046,50,True,0.1058,0.1748,30971826,0.0284,9,0.0241,0.0664,9,0.0037,0.0275,9,0.0412,0.0009,9,0.0158,0.0051,9,0.0038,0.0131,9,0.0
802,0.202,50,True,0.125,0.182,30971826,0.0582,9,0.0268,0.0879,9,0.0029,0.0972,9,0.049,0.0344,9,0.0247,0.0036,9,0.0113,0.0209,9,0.0
803,0.2367,50,True,0.1161,0.2038,30971826,0.0239,9,0.0337,0.0696,9,0.0076,0.0897,9,0.0483,0.0242,9,0.0231,0.0095,9,0.0097,0.014,9,0.0
804,0.1667,50,True,0.0577,0.1305,30971826,0.0289,10,0.021,0.1104,10,0.0023,0.0888,10,0.0505,0.0334,10,0.0238,0.009,10,0.0098,0.0173,10,0.0
805,0.2046,50,True,0.1038,0.1811,30971826,0.0573,9,0.0327,0.1005,9,0.0058,0.1129,9,0.0554,0.0299,9,0.0307,0.0013,9,0.0156,0.0223,9,0.0
806,0.2344,50,True,0.0817,0.1847,30971826,0.0478,9,0.0309,0.1135,9,0.0036,0.115,9,0.0594,0.0473,9,0.0309,0.0169,9,0.0151,0.0128,9,0.0
807,0.2127,50,True,0.0973,0.1818,30971826,0.0535,9,0.0312,0.0828,9,0.0057,0.1394,9,0.0584,0.0627,9,0.0313,0.0151,9,0.0158,0.0189,9,-0.0
808,0.1669,50,True,0.0768,0.1367,30971826,0.0408,9,0.0269,0.0911,9,0.0019,0.0933,9,0.0531,0.0414,9,0.0252,0.0134,9,0.0104,0.0133,8,0.0
809,0.192,50,True,0.0786,0.1533,30971826,0.0817,9,0.0288,0.1291,9,0.0031,0.096,9,0.0565,0.0393,9,0.0287,0.0065,9,0.0132,0.0144,9,-0.0
810,0.1826,50,True,0.0895,0.161,30971826,0.0258,9,0.0281,0.0623,9,0.002,0.1046,9,0.0539,0.0501,9,0.0257,0.0102,9,0.0107,0.0086,9,-0.0
811,0.2583,50,True,0.1045,0.201,30971826,0.01,9,0.0369,0.0586,9,0.0127,0.07,9,0.0593,0.0201,9,0.0335,0.0023,9,0.0172,0.014,9,-0.0
812,0.2224,50,True,0.1106,0.194,30971826,0.0119,10,0.0324,0.0689,10,0.0091,0.0286,10,0.0517,0.0005,10,0.0258,0.0041,10,0.011,0.013,10,-0.0
813,0.1942,50,True,0.116,0.1682,30971826,0.1046,9,0.0256,0.1312,9,0.0014,0.1879,9,0.0592,0.0911,9,0.0301,0.0335,9,0.0139,0.0146,9,0.0
814,0.1644,50,True,0.0696,0.1439,30971826,0.0358,9,0.0356,0.1214,9,0.0066,0.1318,9,0.0813,0.0781,9,0.051,0.0301,9,0.0312,0.0236,8,0.0
815,0.2053,50,True,0.0766,0.1639,30971826,0.0284,10,0.0297,0.1181,10,0.0051,0.1113,9,0.0539,0.0505,10,0.0275,0.0139,10,0.0128,0.0163,10,0.0
816,0.2191,50,True,0.1114,0.1838,30971826,0.0229,9,0.0258,0.0452,9,0.0045,0.0556,9,0.0481,0.0217,9,0.0233,0.0069,9,0.0101,0.0084,9,0.0
817,0.2022,50,True,0.1043,0.1774,30971826,0.0924,9,0.0268,0.1364,9,0.0025,0.1623,9,0.0611,0.107,9,0.036,0.063,9,0.0208,0.0337,9,0.0
818,0.2354,50,True,0.0964,0.2022,30971826,0.0263,9,0.0293,0.0919,9,0.0037,0.1361,9,0.0541,0.056,9,0.0273,0.0232,9,0.0125,0.0125,9,0.0
819,0.187,50,True,0.059,0.1513,30971826,0.037,9,0.0347,0.0913,9,0.0028,0.1385,9,0.0614,0.0531,8,0.0286,0.0134,8,0.0111,0.0139,9,0.0
820,0.2177,50,True,0.1117,0.1895,30971826,0.06,9,0.0285,0.0928,9,0.0028,0.133,9,0.0587,0.072,9,0.0303,0.0314,9,0.0145,0.0165,9,0.0
821,0.2224,50,True,0.1215,0.1931,30971826,0.0595,9,0.0296,0.0985,9,0.0058,0.0896,9,0.0496,0.0345,9,0.0251,0.0026,8,0.0114,0.0185,8,0.0
822,0.1979,50,True,0.0637,0.1531,30971826,0.0518,9,0.0266,0.1251,9,0.0018,0.1794,9,0.0627,0.1256,9,0.0327,0.0691,9,0.016,0.0145,9,-0.0
823,0.1814,50,True,0.0733,0.1459,30971826,0.0973,9,0.0296,0.149,9,0.0025,0.1372,9,0.0597,0.0673,9,0.0323,0.0271,9,0.0163,0.029,9,0.0
824,0.1612,50,True,0.0456,0.1256,30971826,0.0701,9,0.0253,0.1144,9,0.0011,0.1411,9,0.0612,0.0566,9,0.0307,0.0088,9,0.0137,0.0148,9,0.0
825,0.1978,50,True,0.0957,0.1604,30971826,0.0417,9,0.0311,0.1052,9,0.0042,0.0795,9,0.056,0.0335,9,0.0313,0.0032,9,0.0165,0.0134,9,-0.0
826,0.2061,50,True,0.069,0.1644,30971826,0.0296,9,0.0331,0.1152,9,0.0073,0.0669,8,0.0563,0.0082,8,0.0279,0.0008,8,0.0116,0.0226,8,0.0
827,0.2024,50,True,0.0842,0.1656,30971826,0.0418,9,0.031,0.094,9,0.0041,0.121,9,0.0593,0.0451,9,0.0297,0.0118,9,0.0133,0.0173,9,0.0
828,0.1802,50,True,0.0566,0.1408,30971826,0.0441,9,0.0298,0.1036,9,0.0028,0.1584,9,0.0631,0.0774,9,0.0357,0.0332,9,0.0197,0.0141,9,0.0
829,0.1947,50,True,0.0797,0.162,30971826,0.0691,9,0.0336,0.1117,9,0.0025,0.1215,9,0.0581,0.0393,9,0.0287,0.007,9,0.0124,0.0189,9,-0.0
830,0.198,50,True,0.0914,0.163,30971826,0.0039,9,0.0262,0.0801,9,0.0067,0.1134,8,0.0516,0.0359,8,0.0259,0.0092,8,0.0115,0.0127,9,0.0
831,0.2049,50,True,0.0895,0.1657,30971826,0.0714,9,0.0257,0.1171,9,0.0015,0.1259,9,0.0509,0.0485,9,0.022,0.0057,9,0.0076,0.0145,9,0.0
832,0.1549,50,True,0.0353,0.1234,30971826,0.0349,10,0.0229,0.145,10,0.0008,0.1763,9,0.0551,0.0927,10,0.0269,0.047,10,0.0119,0.0153,10,-0.0
833,0.2039,50,True,0.0787,0.1633,30971826,0.0716,9,0.0303,0.1247,9,0.0021,0.1152,9,0.0543,0.0543,9,0.0257,0.0165,9,0.0107,0.0154,9,0.0
834,0.2358,50,True,0.1073,0.1964,30971826,0.0163,9,0.028,0.0868,9,0.0048,0.1465,9,0.0542,0.0606,9,0.0257,0.0202,9,0.0105,0.0211,9,0.0
835,0.2325,50,True,0.1116,0.1944,30971826,0.0392,9,0.0325,0.1089,9,0.0061,0.1388,9,0.06,0.082,9,0.0299,0.0316,9,0.0135,0.0188,9,0.0
836,0.2164,50,True,0.0932,0.1923,30971826,0.0141,9,0.0302,0.0665,9,0.005,0.1118,9,0.0572,0.038,9,0.0275,0.0088,9,0.0115,0.0095,9,0.0
837,0.1522,50,True,0.0605,0.1233,30971826,0.1281,9,0.0322,0.1383,9,0.002,0.1332,9,0.0616,0.0577,9,0.0322,0.0185,9,0.0154,0.021,9,0.0
838,0.2104,50,True,0.0757,0.164,30971826,0.024,9,0.0384,0.1132,9,0.0052,0.1348,9,0.0743,0.053,9,0.0437,0.0162,9,0.0245,0.0212,9,0.0
839,0.1941,50,True,0.0872,0.1558,30971826,0.011,9,0.0355,0.0627,9,0.0086,0.1488,9,0.0671,0.054,9,0.0386,0.0135,9,0.0209,0.0111,9,0.0
840,0.198,50,True,0.0628,0.1621,30971826,0.0062,9,0.027,0.0939,9,0.0048,0.0755,9,0.0571,0.0243,9,0.0267,0.0031,8,0.0101,0.0184,9,0.0
841,0.1799,50,True,0.0634,0.1465,30971826,0.0358,9,0.0242,0.0649,9,0.0017,0.1072,9,0.0406,0.0231,9,0.0156,0.0016,9,0.0042,0.0223,9,0.0
842,0.2203,50,True,0.0987,0.1833,30971826,0.0345,9,0.0236,0.085,9,0.0016,0.1526,9,0.0466,0.0555,9,0.019,0.0104,9,0.0059,0.0141,9,0.0
843,0.1959,50,True,0.0703,0.1626,30971826,0.0179,10,0.0248,0.0802,10,0.0049,0.1114,9,0.054,0.0453,10,0.0247,0.0159,10,0.0094,0.0222,10,-0.0
844,0.2379,50,True,0.1136,0.2004,30971826,0.049,9,0.0296,0.0793,9,0.0042,0.1527,9,0.0542,0.0856,9,0.0276,0.0318,9,0.013,0.0136,9,0.0
845,0.2615,50,True,0.1694,0.2236,30971826,0.0371,9,0.0268,0.0523,9,0.0056,0.1239,8,0.0475,0.0593,8,0.0257,0.0312,8,0.0133,0.0068,8,0.0
846,0.2042,50,True,0.0647,0.1618,30971826,0.0392,9,0.0312,0.1069,9,0.0044,0.1294,9,0.0554,0.0441,9,0.0266,0.0099,8,0.0109,0.0239,9,0.0
847,0.2386,50,True,0.0932,0.1952,30971826,0.0408,9,0.0294,0.0737,9,0.0057,0.0636,8,0.0482,0.0166,8,0.0218,0.0003,8,0.0081,0.0125,8,0.0
848,0.2212,50,True,0.097,0.1826,30971826,0.0112,10,0.0291,0.0736,10,0.007,0.0389,10,0.0469,0.0057,10,0.0227,0.0,10,0.0096,0.0173,10,0.0
849,0.124,50,True,0.0168,0.0958,30971826,0.0079,8,0.0326,0.0964,8,0.0126,0.026,7,0.0659,0.0022,7,0.0335,0.0015,7,0.0141,0.0417,8,0.0
85,0.1431,50,True,0.1433,0.146,28145866,0.0939,7,0.0586,0.0271,7,0.0308,0.0975,2,0.0642,0.0336,2,0.008,0.0068,1,0.0012,0.0271,7,0.0
850,0.1796,50,True,0.0562,0.1437,30971826,0.0237,9,0.0262,0.109,9,0.0035,0.0945,9,0.052,0.03,9,0.0227,0.0065,9,0.0079,0.0263,9,0.0
851,0.2432,50,True,0.0953,0.2064,30971826,0.024,10,0.0331,0.0768,10,0.009,0.0988,9,0.0613,0.0271,10,0.0337,0.0036,10,0.017,0.0239,10,0.0
852,0.2289,50,True,0.115,0.186,30971826,0.034,10,0.0293,0.0741,10,0.0076,0.1261,9,0.0565,0.036,9,0.0289,0.0097,10,0.0135,0.0065,10,0.0
853,0.171,50,True,0.0757,0.1423,30971826,0.0435,9,0.0371,0.1096,9,0.0077,0.1227,9,0.0729,0.0508,9,0.0465,0.0217,9,0.0295,0.0208,9,0.0
854,0.2265,50,True,0.0904,0.1898,30971826,0.0846,9,0.0307,0.1256,9,0.0031,0.1426,9,0.0613,0.0642,9,0.0326,0.0183,9,0.0161,0.0216,9,0.0
855,0.2035,50,True,0.068,0.1589,30971826,0.0706,9,0.0309,0.1122,9,0.002,0.1711,9,0.0652,0.0914,9,0.0344,0.0448,9,0.0171,0.0154,9,0.0
856,0.3248,50,True,0.1284,0.2671,30971826,0.0309,9,0.0326,0.0778,9,0.0054,0.1535,9,0.0584,0.0633,9,0.0287,0.0154,9,0.0123,0.0207,8,0.0
857,0.1792,50,True,0.099,0.1573,30971826,0.0149,9,0.0298,0.0784,9,0.0136,0.0776,9,0.0524,0.0205,9,0.0275,0.0017,9,0.013,0.032,9,-0.0
858,0.1652,50,True,0.1179,0.1537,30971826,0.0202,9,0.0229,0.0419,9,0.0042,0.0793,9,0.0516,0.0242,8,0.0234,0.0038,8,0.0088,0.0097,9,0.0
859,0.224,50,True,0.0817,0.19,30971826,0.0525,9,0.0328,0.0932,9,0.0067,0.1346,9,0.0557,0.0545,9,0.03,0.0177,9,0.0152,0.0205,9,-0.0
860,0.2729,50,True,0.1541,0.2463,30971826,0.0703,9,0.0388,0.1062,9,0.0095,0.0899,9,0.0656,0.0299,9,0.0403,0.0058,9,0.0239,0.0166,9,0.0
861,0.2442,50,True,0.1137,0.2053,30971826,0.0129,10,0.0298,0.075,10,0.0082,0.0751,9,0.0561,0.0222,10,0.031,0.0018,10,0.0158,0.0223,10,0.0
862,0.2161,50,True,0.0833,0.1783,30971826,0.0256,9,0.0217,0.0887,9,0.0018,0.1304,8,0.0653,0.0532,8,0.0336,0.0215,8,0.0158,0.0215,8,0.0
863,0.2639,50,True,0.1277,0.2398,30971826,0.0119,9,0.0372,0.0551,9,0.0161,0.0442,9,0.0561,0.0098,9,0.0297,0.0011,9,0.0135,0.0221,9,0.0
864,0.2377,50,True,0.105,0.1967,30971826,0.0299,9,0.0343,0.0887,9,0.007,0.0872,9,0.0587,0.0228,9,0.029,0.0019,9,0.0125,0.0136,9,0.0
865,0.1932,50,True,0.0736,0.1601,30971826,0.0119,9,0.0175,0.0875,9,0.0011,0.0897,9,0.0457,0.015,9,0.0177,0.0003,9,0.0049,0.0161,8,0.0
866,0.1836,50,True,0.0684,0.1598,30971826,0.0268,9,0.0365,0.0947,9,0.0104,0.0856,9,0.0624,0.0361,9,0.037,0.006,9,0.0205,0.034,9,0.0
867,0.2108,50,True,0.0988,0.1731,30971826,0.0711,10,0.0264,0.1104,10,0.003,0.1052,9,0.06,0.0488,9,0.0313,0.0131,9,0.0147,0.0244,10,0.0
868,0.2806,50,True,0.1141,0.2373,30971826,0.0374,9,0.0278,0.0956,9,0.0041,0.1244,9,0.0626,0.0527,8,0.0289,0.0085,8,0.011,0.0233,9,0.0
869,0.2264,50,True,0.08,0.1905,30971826,0.0202,10,0.0266,0.0832,10,0.0036,0.1246,9,0.0493,0.0483,9,0.0224,0.0131,9,0.0086,0.0182,9,-0.0
870,0.1941,50,True,0.084,0.1584,30971826,0.0735,9,0.0293,0.1121,9,0.003,0.1022,9,0.053,0.0432,9,0.0273,0.0064,9,0.013,0.019,9,0.0
871,0.2222,50,True,0.0814,0.1802,30971826,0.0394,9,0.0304,0.0912,9,0.0038,0.1844,9,0.0679,0.0891,9,0.0355,0.0406,9,0.0171,0.0266,8,-0.0
872,0.1641,50,True,0.0857,0.1351,30971826,0.1082,9,0.0238,0.1537,9,0.0002,0.1737,9,0.0675,0.0958,9,0.0361,0.0446,9,0.018,0.0252,9,0.0
873,0.1331,50,True,0.0443,0.1097,30971826,0.0492,9,0.0259,0.1113,9,0.0042,0.153,9,0.0683,0.0735,9,0.038,0.0397,9,0.0197,0.0199,9,0.0
874,0.194,50,True,0.0671,0.1685,30971826,0.0487,9,0.0273,0.0893,9,0.0019,0.0861,9,0.043,0.0163,9,0.0168,0.0013,9,0.0043,0.0171,9,0.0
875,0.1743,50,True,0.0542,0.1412,30971826,0.0825,10,0.0269,0.1413,10,0.002,0.1807,9,0.0668,0.1133,9,0.0372,0.0571,9,0.0199,0.024,10,0.0
876,0.1611,50,True,0.0564,0.1222,30971826,0.0372,9,0.0269,0.1285,9,0.0012,0.1454,9,0.0543,0.0609,9,0.0254,0.0118,9,0.0103,0.0205,9,0.0
877,0.1674,50,True,0.0587,0.1404,30971826,0.0429,9,0.0268,0.1047,9,0.0025,0.1536,9,0.0594,0.0745,9,0.0326,0.0377,9,0.0172,0.0242,9,-0.0
878,0.195,50,True,0.0884,0.1604,30971826,0.1009,9,0.0259,0.1255,9,0.0023,0.1698,9,0.0643,0.0974,9,0.0334,0.0419,9,0.016,0.0143,9,0.0
879,0.2077,50,True,0.0933,0.1746,30971826,0.0953,9,0.0372,0.1025,9,0.0032,0.1593,9,0.0672,0.079,9,0.034,0.0203,9,0.0154,0.0175,9,0.0
880,0.2061,50,True,0.0814,0.165,30971826,0.0186,9,0.032,0.1047,9,0.0058,0.1653,9,0.0628,0.0915,9,0.0333,0.0322,9,0.0164,0.0131,9,-0.0
881,0.2072,50,True,0.0613,0.1633,30971826,0.0652,9,0.0223,0.1378,9,0.0007,0.128,9,0.0477,0.0491,9,0.0219,0.0164,8,0.0086,0.0251,9,0.0
882,0.1908,50,True,0.0887,0.155,30971826,0.0958,9,0.033,0.1102,9,0.0042,0.1119,9,0.0697,0.0532,9,0.0412,0.0269,9,0.0235,0.0159,9,0.0
883,0.2122,50,True,0.0914,0.1745,30971826,0.0281,9,0.0298,0.0617,9,0.0054,0.0638,9,0.0501,0.0206,9,0.0267,0.0008,9,0.0128,0.0072,9,0.0
884,0.2186,50,True,0.0836,0.1746,30971826,0.0073,9,0.0314,0.0896,9,0.0064,0.1624,9,0.0667,0.0753,9,0.0382,0.0304,9,0.0208,0.0194,9,-0.0
885,0.249,50,True,0.1475,0.218,30971826,0.0555,9,0.0295,0.0878,9,0.0039,0.2084,8,0.0619,0.1311,8,0.035,0.069,8,0.0195,0.0154,9,0.0
886,0.1834,50,True,0.0998,0.1597,30971826,0.1042,10,0.0249,0.1258,10,0.0013,0.1101,10,0.0527,0.0573,10,0.0275,0.0127,10,0.0131,0.0181,10,0.0
887,0.1939,50,True,0.0874,0.1593,30971826,0.0508,9,0.0385,0.0973,9,0.009,0.0857,9,0.051,0.0221,9,0.0288,0.0004,9,0.0154,0.0148,8,0.0
888,0.2177,50,True,0.0792,0.1681,30971826,0.0296,9,0.0303,0.1257,9,0.0047,0.1287,9,0.0648,0.0682,9,0.0367,0.0302,9,0.02,0.0195,9,0.0
889,0.2134,50,True,0.0884,0.1748,30971826,0.0979,9,0.0237,0.1415,9,0.0003,0.1435,9,0.0544,0.0598,9,0.0286,0.0154,9,0.0142,0.0148,9,0.0
89,0.7475,50,True,0.5448,0.7005,28611215,0.018,6,0.0207,0.0267,6,0.0004,0.0396,7,0.0737,0.0104,7,0.0306,0.0008,6,0.0088,0.0357,6,-0.0
890,0.3052,50,True,0.0841,0.2413,30971826,0.0375,9,0.0297,0.112,9,0.0043,0.0703,9,0.0482,0.0115,9,0.0254,0.0004,9,0.0122,0.0429,8,0.0
891,0.1906,50,True,0.0687,0.1474,30971826,0.0575,9,0.0258,0.1304,9,0.0017,0.2058,9,0.0664,0.1105,9,0.0358,0.0595,9,0.0183,0.0203,9,0.0
892,0.2174,50,True,0.0864,0.1792,30971826,0.0241,10,0.0323,0.0736,10,0.0055,0.0797,9,0.0536,0.0314,9,0.0261,0.0036,9,0.0108,0.0141,9,0.0
893,0.213,50,True,0.0807,0.1763,30971826,0.0158,9,0.0306,0.0732,9,0.0044,0.0941,9,0.0523,0.0304,9,0.0269,0.0057,9,0.0125,0.0197,9,0.0
894,0.163,50,True,0.0566,0.1325,30971826,0.0436,10,0.0265,0.1481,10,0.0033,0.1429,9,0.0536,0.0597,9,0.0278,0.0327,9,0.0133,0.0241,9,0.0
895,0.2225,50,True,0.0853,0.1843,30971826,0.0534,9,0.0302,0.0913,9,0.0027,0.1102,9,0.0584,0.037,9,0.0292,0.0076,9,0.013,0.0107,8,0.0
896,0.1551,50,True,0.0959,0.1395,30971826,0.102,9,0.0264,0.1152,9,0.0003,0.1291,9,0.0535,0.0295,9,0.0246,0.0022,9,0.0092,0.0105,8,0.0
897,0.1812,50,True,0.0546,0.1401,30971826,0.0543,9,0.0316,0.1713,8,0.002,0.0732,8,0.05,0.0136,8,0.0226,0.0017,8,0.0081,0.031,8,0.0
898,0.2219,50,True,0.0908,0.179,30971826,0.0235,8,0.0309,0.1064,8,0.0056,0.1428,8,0.0545,0.0648,8,0.0293,0.0173,8,0.0144,0.0165,8,0.0
899,0.151,50,True,0.0481,0.1228,30971826,0.0404,10,0.0296,0.1589,10,0.0055,0.101,10,0.0498,0.0294,10,0.0249,0.0061,10,0.0108,0.0228,9,0.0
900,0.1908,50,True,0.0775,0.1647,30971826,0.0695,9,0.0308,0.1109,9,0.0019,0.1378,9,0.054,0.0621,9,0.0282,0.0188,9,0.0137,0.017,9,0.0
901,0.1812,50,True,0.1061,0.1628,30971826,0.0658,9,0.0248,0.1016,9,0.0038,0.0118,9,0.0443,0.0002,9,0.0238,0.0075,9,0.0116,0.0141,9,-0.0
902,0.2261,50,True,0.0591,0.1776,30971826,0.0661,9,0.0332,0.1461,9,0.0033,0.1024,9,0.0693,0.0342,9,0.0371,0.0052,9,0.0177,0.0344,9,-0.0
903,0.2284,50,True,0.0993,0.1975,30971826,0.0558,9,0.036,0.1018,9,0.0096,0.1217,9,0.0553,0.07,9,0.0301,0.0269,9,0.0154,0.0297,9,0.0
904,0.1219,50,True,0.0543,0.106,30971826,0.0586,9,0.0172,0.1504,9,0.0017,0.1473,8,0.0545,0.0673,8,0.0246,0.0328,8,0.0094,0.0206,10,0.0
905,0.1475,50,True,0.0583,0.1218,30971826,0.0469,9,0.0254,0.1102,9,0.0009,0.133,9,0.0581,0.072,9,0.0312,0.0317,9,0.0159,0.0201,9,0.0
906,0.212,50,True,0.0806,0.1726,30971826,0.0606,9,0.0267,0.1258,9,0.0027,0.129,9,0.0654,0.0699,9,0.0382,0.0262,9,0.0214,0.0283,9,0.0
907,0.2773,50,True,0.115,0.2366,30971826,0.0203,9,0.0302,0.0538,9,0.006,0.073,9,0.0491,0.0144,9,0.0226,0.0001,9,0.0086,0.015,8,-0.0
908,0.1763,50,True,0.1083,0.1475,30971826,0.0442,9,0.0288,0.0675,9,0.0043,0.0865,9,0.0479,0.0308,9,0.0241,0.0046,9,0.0111,0.0063,9,0.0
909,0.2719,50,True,0.1436,0.2359,30971826,0.0135,9,0.0344,0.0518,9,0.008,0.098,9,0.0476,0.0128,9,0.0211,0.0003,9,0.0074,0.0109,8,0.0
910,0.1912,50,True,0.0866,0.1626,30971826,0.0932,9,0.029,0.1138,9,0.0022,0.1396,9,0.0547,0.0476,9,0.0265,0.0064,9,0.0111,0.0199,9,-0.0
911,0.2057,50,True,0.0844,0.18,30971826,0.0385,9,0.0354,0.0862,9,0.0063,0.118,9,0.0624,0.0607,9,0.0336,0.0289,9,0.0169,0.0247,9,-0.0
912,0.1961,50,True,0.1131,0.1708,30971826,0.0275,9,0.0349,0.0681,9,0.0065,0.1401,9,0.0576,0.0568,9,0.032,0.0281,9,0.0169,0.0132,9,0.0
913,0.2684,50,True,0.1342,0.2376,30971826,0.0022,9,0.035,0.0161,9,0.0193,0.1341,9,0.0654,0.0553,9,0.0373,0.0264,9,0.0203,0.0211,9,0.0
914,0.2099,50,True,0.0913,0.18,30971826,0.0147,9,0.039,0.0863,9,0.0097,0.1004,9,0.069,0.0401,9,0.0406,0.0089,9,0.0226,0.019,9,0.0
915,0.2518,50,True,0.1055,0.2111,30971826,0.0441,10,0.0266,0.0876,10,0.0025,0.0929,10,0.0517,0.0349,10,0.0227,0.0086,10,0.0081,0.0096,9,-0.0
916,0.1923,50,True,0.1124,0.1632,30971826,0.049,10,0.0273,0.0847,10,0.0043,0.0805,10,0.0552,0.0205,10,0.0275,0.0012,10,0.0118,0.0135,10,0.0
917,0.2191,50,True,0.104,0.1847,30971826,0.0362,9,0.027,0.0508,9,0.0048,0.1166,9,0.0516,0.0496,9,0.0247,0.0157,8,0.0107,0.0056,8,-0.0
918,0.1586,50,True,0.0747,0.1315,30971826,0.1039,9,0.0293,0.1499,9,0.0024,0.1403,8,0.0642,0.0603,8,0.0379,0.0225,8,0.0214,0.0221,8,0.0
919,0.2413,50,True,0.1174,0.2021,30971826,0.0595,9,0.0311,0.1145,9,0.0047,0.1993,9,0.0623,0.0964,9,0.0359,0.0374,9,0.0199,0.0154,9,0.0
920,0.2052,50,True,0.1108,0.1725,30971826,0.0731,10,0.0288,0.1201,10,0.003,0.1388,8,0.0615,0.0591,8,0.0356,0.0201,8,0.0201,0.0127,9,0.0
921,0.1511,50,True,0.0633,0.1216,30971826,0.0484,9,0.0298,0.1106,9,0.003,0.0805,9,0.0524,0.0306,9,0.0272,0.0029,9,0.0127,0.0142,9,0.0
922,0.2135,50,True,0.0819,0.166,30971826,0.0169,9,0.0355,0.0942,9,0.0058,0.1648,9,0.0771,0.1017,9,0.0477,0.0506,9,0.0289,0.0155,9,0.0
923,0.2435,50,True,0.1202,0.201,30971826,0.079,9,0.0235,0.0975,9,0.0013,0.1099,9,0.0455,0.0416,9,0.0209,0.0095,9,0.0085,0.0083,8,-0.0
924,0.1736,50,True,0.0863,0.1435,30971826,0.1088,9,0.0267,0.1231,9,0.0007,0.1712,9,0.0638,0.0866,9,0.0339,0.0343,9,0.017,0.0146,9,0.0
925,0.2398,50,True,0.0849,0.1907,30971826,0.0251,9,0.031,0.114,9,0.0028,0.1505,9,0.062,0.0611,9,0.0321,0.0157,9,0.0152,0.0233,9,0.0
926,0.2109,50,True,0.0723,0.17,30971826,0.0077,9,0.0354,0.0578,9,0.0086,0.1617,9,0.0533,0.0688,9,0.0251,0.0137,9,0.0101,0.0127,9,0.0
927,0.2918,50,True,0.1293,0.2474,30971826,0.0151,10,0.0265,0.0676,10,0.0048,0.1176,10,0.0577,0.0378,10,0.0241,0.006,10,0.0074,0.0118,10,0.0
928,0.2263,50,True,0.0831,0.1767,30971826,0.0481,9,0.0284,0.0914,9,0.006,0.1206,9,0.0567,0.0513,9,0.0295,0.0166,9,0.014,0.0232,9,0.0
929,0.2144,50,True,0.1119,0.1819,30971826,0.0276,9,0.0257,0.078,9,0.0035,0.2054,9,0.0627,0.1291,9,0.0321,0.0542,9,0.0155,0.014,9,-0.0
930,0.2574,50,True,0.0993,0.2133,30971826,0.012,9,0.0297,0.0548,9,0.0051,0.0658,8,0.0502,0.0131,8,0.0247,0.0,8,0.0102,0.0129,8,0.0
931,0.2606,50,True,0.1089,0.2124,30971826,0.0345,9,0.0272,0.0881,9,0.0041,0.0865,9,0.0523,0.0361,9,0.0253,0.0122,9,0.0106,0.0192,9,0.0
932,0.23,50,True,0.1139,0.1936,30971826,0.0127,9,0.0255,0.0389,9,0.0022,0.0181,9,0.0347,0.0002,8,0.0128,0.0043,8,0.0029,0.0049,8,0.0
933,0.253,50,True,0.1216,0.2148,30971826,0.033,8,0.0343,0.0927,8,0.0084,0.0725,9,0.0561,0.0074,9,0.031,0.0023,9,0.0155,0.0169,8,0.0
934,0.1512,50,True,0.0318,0.1114,30971826,0.0368,10,0.0294,0.1348,10,0.0039,0.1224,10,0.0556,0.0347,10,0.0292,0.0059,10,0.0137,0.016,10,0.0
935,0.2177,50,True,0.0941,0.1765,30971826,0.0434,9,0.0287,0.0802,9,0.0026,0.0993,9,0.0522,0.0393,9,0.0264,0.0065,9,0.0122,0.0141,8,0.0
936,0.2058,50,True,0.0778,0.1651,30971826,0.0459,9,0.0287,0.1008,9,0.0034,0.0967,9,0.0506,0.0294,9,0.0241,0.004,9,0.0098,0.0246,8,0.0
937,0.2108,50,True,0.1237,0.184,30971826,0.1018,10,0.0292,0.1162,10,0.002,0.1729,9,0.0568,0.0814,9,0.029,0.0353,9,0.0136,0.0141,10,0.0
938,0.192,50,True,0.0756,0.162,30971826,0.0642,9,0.0301,0.0972,9,0.002,0.1131,9,0.055,0.0555,9,0.0265,0.0115,9,0.0113,0.012,9,0.0
939,0.1779,50,True,0.0696,0.1436,30971826,0.0456,9,0.028,0.1188,9,0.0022,0.1731,9,0.0712,0.0897,9,0.04,0.0423,9,0.0217,0.016,9,0.0
940,0.2206,50,True,0.0977,0.1746,30971826,0.0136,9,0.0249,0.0926,9,0.0051,0.1067,8,0.0551,0.036,8,0.0257,0.0079,8,0.0099,0.0099,8,-0.0
941,0.2045,50,True,0.0816,0.1648,30971826,0.0446,9,0.0308,0.1052,9,0.0022,0.1048,9,0.0621,0.0509,9,0.0316,0.0178,9,0.0146,0.0228,9,-0.0
942,0.268,50,True,0.1023,0.222,30971826,0.0144,9,0.0285,0.0826,9,0.0037,0.1009,9,0.0486,0.0214,9,0.0219,0.0006,9,0.0081,0.0152,9,0.0
943,0.1526,50,True,0.0741,0.1267,30971826,0.0728,9,0.0348,0.1071,9,0.0049,0.1119,9,0.0717,0.0354,9,0.0451,0.0063,9,0.0273,0.0098,9,0.0
944,0.2846,50,True,0.1478,0.2439,30971826,0.0136,9,0.0284,0.0549,9,0.0076,0.0861,9,0.0581,0.0234,9,0.0288,0.0039,9,0.0124,0.0161,9,-0.0
945,0.2258,50,True,0.1073,0.1959,30971826,0.0441,9,0.0284,0.0838,9,0.004,0.1093,9,0.052,0.0358,9,0.0253,0.0095,9,0.0109,0.0176,9,-0.0
946,0.1895,50,True,0.1253,0.1612,30971826,0.0828,9,0.031,0.1091,9,0.0035,0.1677,8,0.0629,0.084,8,0.0375,0.0349,8,0.0216,0.0109,9,0.0
947,0.2619,50,True,0.106,0.214,30971826,0.009,10,0.0282,0.0556,10,0.0045,0.0332,9,0.053,0.0061,9,0.0268,0.0001,9,0.0118,0.0122,9,-0.0
948,0.2628,50,True,0.148,0.2244,30971826,0.0285,9,0.0377,0.0725,9,0.0092,0.1102,9,0.0713,0.0529,9,0.0482,0.0161,9,0.0322,0.0159,9,0.0
949,0.2022,50,True,0.0988,0.163,30971826,0.0608,9,0.0257,0.0922,9,0.0032,0.0834,9,0.0452,0.0367,9,0.0211,0.0032,9,0.0084,0.0095,9,0.0
950,0.2284,50,True,0.1432,0.191,30971826,0.0537,9,0.0229,0.084,9,0.0013,0.0881,8,0.0467,0.0198,9,0.0249,0.0013,9,0.012,0.0043,9,-0.0
951,0.2332,50,True,0.0995,0.1959,30971826,0.0554,9,0.0395,0.0872,9,0.0066,0.169,9,0.0669,0.0718,9,0.0342,0.018,9,0.0154,0.0153,9,0.0
952,0.2164,50,True,0.0982,0.1797,30971826,0.0321,10,0.0314,0.0954,10,0.0059,0.1487,9,0.0606,0.0518,9,0.0299,0.0135,9,0.013,0.0182,9,0.0
953,0.2421,50,True,0.1208,0.201,30971826,0.0608,9,0.031,0.0983,9,0.0038,0.0556,9,0.0464,0.0066,9,0.022,0.0003,9,0.0088,0.0174,9,0.0
954,0.2098,50,True,0.1152,0.2001,30971826,0.0349,9,0.0351,0.0576,9,0.0154,0.1319,8,0.0626,0.08,8,0.0393,0.0306,8,0.0244,0.0285,9,0.0
955,0.2074,50,True,0.0976,0.175,30971826,0.04,9,0.022,0.0701,9,0.0031,0.075,8,0.0473,0.0265,8,0.0203,0.0005,8,0.0068,0.0194,8,0.0
956,0.1854,50,True,0.0483,0.1425,30971826,0.0266,9,0.03,0.1141,9,0.0024,0.1359,9,0.0649,0.0616,8,0.0331,0.0212,8,0.0151,0.0227,9,0.0
957,0.1678,50,True,0.0668,0.1297,30971826,0.0456,9,0.023,0.1034,9,0.0007,0.1154,9,0.0561,0.0601,9,0.0272,0.0244,9,0.0117,0.011,9,0.0
958,0.185,50,True,0.067,0.1433,30971826,0.0714,9,0.0264,0.1158,9,0.0017,0.1085,9,0.0577,0.0444,9,0.0276,0.0096,9,0.0115,0.0181,9,0.0
959,0.1894,50,True,0.0979,0.1563,30971826,0.0131,9,0.026,0.0858,9,0.0048,0.1298,9,0.0569,0.0542,9,0.0304,0.0206,9,0.015,0.0142,9,0.0
960,0.2504,50,True,0.1004,0.2015,30971826,0.0045,10,0.0442,0.0532,9,0.0209,0.0726,7,0.0784,0.0148,7,0.037,0.0,7,0.0131,0.0223,8,0.0
961,0.156,50,True,0.0547,0.1279,30971826,0.117,10,0.0246,0.1741,9,0.0004,0.1952,9,0.0632,0.1116,9,0.0335,0.0593,9,0.0169,0.035,9,0.0
962,0.2016,50,True,0.1179,0.1736,30971826,0.069,9,0.03,0.1067,9,0.0015,0.1395,9,0.0639,0.0719,9,0.0322,0.02,9,0.0147,0.0149,9,0.0
963,0.1867,50,True,0.0762,0.1464,30971826,0.0809,9,0.0249,0.1143,9,0.0008,0.1136,9,0.0524,0.0501,9,0.0252,0.0147,9,0.0107,0.0133,9,0.0
964,0.206,50,True,0.108,0.1796,30971826,0.0744,9,0.0231,0.1296,9,0.0006,0.2292,9,0.0575,0.1134,9,0.028,0.0534,9,0.0124,0.0193,9,0.0
965,0.203,50,True,0.1037,0.1705,30971826,0.0482,9,0.0238,0.1048,9,0.002,0.1458,9,0.0493,0.0546,9,0.0227,0.0239,9,0.009,0.0197,9,0.0
966,0.2273,50,True,0.1033,0.1886,30971826,0.0403,9,0.0309,0.101,9,0.0034,0.1311,9,0.0602,0.0565,9,0.0311,0.0171,9,0.0147,0.0183,9,0.0
967,0.2373,50,True,0.1141,0.1982,30971826,0.0448,9,0.0294,0.0798,9,0.0043,0.1129,9,0.0611,0.0565,9,0.0377,0.0245,9,0.0231,0.0126,9,0.0
968,0.1958,50,True,0.1036,0.1619,30971826,0.0597,9,0.0298,0.0944,9,0.002,0.1915,9,0.0636,0.1086,9,0.0325,0.0378,9,0.0155,0.0117,9,0.0
969,0.1455,50,True,0.0765,0.1241,30971826,0.1243,9,0.0272,0.148,9,0.0004,0.2012,9,0.0615,0.1106,9,0.0336,0.0643,9,0.0178,0.0104,9,0.0
970,0.1472,50,True,0.0687,0.1207,30971826,0.0526,9,0.029,0.098,9,0.0028,0.1444,9,0.0634,0.0712,9,0.0368,0.0323,9,0.0204,0.0145,9,0.0
971,0.2076,50,True,0.1082,0.1795,30971826,0.087,9,0.0302,0.1317,9,0.0021,0.1893,9,0.0658,0.0936,9,0.0366,0.0398,9,0.0196,0.0187,9,-0.0
972,0.1701,50,True,0.0599,0.1413,30971826,0.0173,10,0.0213,0.0911,10,0.0027,0.1436,9,0.048,0.0445,9,0.0205,0.0196,9,0.0069,0.0123,9,0.0
973,0.1363,50,True,0.0493,0.1081,30971826,0.0431,9,0.0275,0.1705,9,0.0015,0.1638,9,0.073,0.0885,9,0.0418,0.0444,9,0.023,0.0137,9,0.0
974,0.157,50,True,0.0745,0.1256,30971826,0.0351,10,0.0292,0.1526,10,0.0058,0.124,10,0.0684,0.0675,10,0.0384,0.0278,10,0.02,0.0239,10,0.0
975,0.145,50,True,0.0736,0.1218,30971826,0.0724,9,0.0284,0.1322,9,0.0033,0.2335,9,0.073,0.1367,9,0.0457,0.0817,9,0.0286,0.0132,9,0.0
976,0.2327,50,True,0.0943,0.1941,30971826,0.0211,9,0.0355,0.0766,9,0.0065,0.1398,9,0.0607,0.0768,9,0.0307,0.0255,9,0.0139,0.012,9,0.0
977,0.1961,50,True,0.0883,0.1686,30971826,0.0343,9,0.0288,0.0814,9,0.0056,0.0813,9,0.0506,0.0248,9,0.0242,0.0051,9,0.01,0.0164,9,0.0
978,0.2286,50,True,0.1072,0.1926,30971826,0.0306,9,0.0245,0.0646,9,0.0019,0.0502,9,0.0378,0.0073,9,0.0142,0.0006,8,0.0035,0.0065,9,0.0
979,0.2125,50,True,0.1153,0.1713,30971826,0.0173,9,0.0306,0.0698,9,0.0046,0.0791,9,0.0555,0.0301,9,0.029,0.0092,9,0.0139,0.0185,8,0.0
980,0.2346,50,True,0.0944,0.1994,30971826,0.0557,9,0.0305,0.1179,9,0.0041,0.0849,9,0.055,0.0283,9,0.027,0.0027,9,0.0115,0.0287,9,0.0
981,0.222,50,True,0.1175,0.1858,30971826,0.0218,9,0.0266,0.0488,9,0.0053,0.028,9,0.0376,0.0004,9,0.0143,0.0102,9,0.0036,0.0117,9,0.0
982,0.2273,50,True,0.0935,0.1886,30971826,0.0376,9,0.0303,0.1095,9,0.0056,0.1286,9,0.0621,0.0524,9,0.0328,0.0141,9,0.016,0.0181,9,0.0
983,0.2606,50,True,0.1025,0.2174,30971826,0.0153,9,0.0323,0.0486,9,0.0076,0.1163,9,0.0563,0.0348,8,0.027,0.0075,8,0.0112,0.016,8,0.0
984,0.2741,50,True,0.1211,0.2383,30971826,0.0216,10,0.0311,0.0567,10,0.0057,0.1116,8,0.0573,0.0371,8,0.0279,0.0061,8,0.0118,0.0129,8,-0.0
985,0.2215,50,True,0.0688,0.1787,30971826,0.0454,10,0.0292,0.0746,10,0.0031,0.1007,9,0.0533,0.0354,9,0.0253,0.0081,8,0.0104,0.0179,9,0.0
986,0.157,50,True,0.0599,0.1242,30971826,0.0541,9,0.0275,0.1237,8,0.0019,0.082,8,0.0471,0.0252,8,0.0216,0.0008,8,0.0083,0.0139,8,0.0
987,0.2014,50,True,0.1197,0.1727,30971826,0.0433,9,0.0253,0.0678,9,0.0029,0.0856,9,0.0426,0.0229,9,0.0179,0.0006,9,0.0057,0.0047,9,0.0
988,0.2207,50,True,0.1246,0.1836,30971826,0.1332,9,0.0294,0.1405,9,0.0013,0.1641,9,0.0657,0.1069,9,0.0378,0.0562,9,0.0215,0.0146,9,-0.0
989,0.1497,50,True,0.0635,0.1252,30971826,0.0758,9,0.028,0.122,9,0.0016,0.1686,9,0.063,0.106,9,0.0339,0.0447,9,0.0173,0.0261,9,-0.0
990,0.1844,50,True,0.0949,0.1552,30971826,0.0561,9,0.0251,0.0916,9,0.0032,0.0967,9,0.0478,0.0435,9,0.0237,0.0127,9,0.0108,0.0117,9,0.0
991,0.2122,50,True,0.0998,0.1814,30971826,0.0391,9,0.0276,0.0884,9,0.0036,0.1518,9,0.0635,0.0761,9,0.0338,0.0267,9,0.0167,0.014,9,0.0
992,0.1608,50,True,0.0532,0.1309,30971826,0.0485,9,0.028,0.1145,9,0.0036,0.1295,9,0.0462,0.0477,9,0.0211,0.0148,9,0.0082,0.0195,9,0.0
993,0.1964,50,True,0.0993,0.1702,30971826,0.0715,9,0.0271,0.1103,9,0.001,0.1128,9,0.0528,0.0476,9,0.0271,0.0128,9,0.013,0.0201,9,0.0
994,0.1997,50,True,0.0797,0.1525,30971826,0.0311,10,0.0298,0.1118,10,0.0041,0.0789,10,0.0518,0.0257,10,0.0257,0.0037,10,0.0114,0.0218,10,0.0
995,0.1517,50,True,0.0588,0.1321,30971826,0.0026,9,0.0314,0.0854,9,0.0086,0.0518,8,0.0606,0.0172,8,0.0306,0.0011,8,0.0131,0.0174,9,0.0
996,0.2618,50,True,0.1151,0.2263,30971826,0.0009,9,0.0334,0.0619,9,0.0122,0.1022,9,0.0616,0.0479,9,0.0337,0.0126,9,0.0172,0.0209,9,0.0
997,0.1896,50,True,0.064,0.1496,30971826,0.0066,8,0.0376,0.0956,8,0.0155,0.0391,8,0.0597,0.0056,7,0.0281,0.001,7,0.0106,0.0146,8,0.0
998,0.1564,50,True,0.1084,0.1399,30971826,0.1074,9,0.0284,0.1341,9,0.0021,0.175,9,0.0681,0.104,9,0.0392,0.0588,9,0.0219,0.0177,9,0.0
999,0.1823,50,True,0.0817,0.1499,30971826,0.0993,9,0.029,0.1234,9,0.0013,0.0931,9,0.0457,0.0153,9,0.0178,0.0017,9,0.005,0.0123,9,0.0
