mapping,family,set_token,size,hits
A1 SMPDB x MW-union(all human studies),smpdb,set_2ea504427c,55,43
A1 SMPDB x MW-union(all human studies),smpdb,set_6cedf5e797,21,11
A1 SMPDB x MW-union(all human studies),smpdb,set_2269f3f803,66,48
A1 SMPDB x MW-union(all human studies),smpdb,set_88b55fb0f6,34,23
A1 SMPDB x MW-union(all human studies),smpdb,set_62f7838c4b,27,15
A1 SMPDB x MW-union(all human studies),smpdb,set_8f14919c57,30,23
A1 SMPDB x MW-union(all human studies),smpdb,set_6a07e89aca,17,11
A1 SMPDB x MW-union(all human studies),smpdb,set_ee5450b2bd,29,10
A1 SMPDB x MW-union(all human studies),smpdb,set_1e739fc094,18,12
A1 SMPDB x MW-union(all human studies),smpdb,set_dc3ecf91c4,26,13
A1 SMPDB x MW-union(all human studies),smpdb,set_91963c7ed3,25,17
A1 SMPDB x MW-union(all human studies),smpdb,set_fe4be9692e,41,30
A1 SMPDB x MW-union(all human studies),smpdb,set_cafeb96a19,20,11
A1 SMPDB x MW-union(all human studies),smpdb,set_ad39336678,18,13
A1 SMPDB x MW-union(all human studies),smpdb,set_17971c5e65,51,40
A1 SMPDB x MW-union(all human studies),smpdb,set_cebba23029,12,7
A1 SMPDB x MW-union(all human studies),smpdb,set_0c94cdb580,47,34
A1 SMPDB x MW-union(all human studies),smpdb,set_4138901fbd,40,17
A1 SMPDB x MW-union(all human studies),smpdb,set_2a8a0c2c46,29,21
A1 SMPDB x MW-union(all human studies),smpdb,set_92fd5187ca,21,15
A1 SMPDB x MW-union(all human studies),smpdb,set_ebe56592ba,25,18
A1 SMPDB x MW-union(all human studies),smpdb,set_f6749acc3e,28,13
A1 SMPDB x MW-union(all human studies),smpdb,set_02ce992066,26,14
A1 SMPDB x MW-union(all human studies),smpdb,set_6c6f6fe984,27,19
A1 SMPDB x MW-union(all human studies),smpdb,set_144dc4b8a3,59,36
A1 SMPDB x MW-union(all human studies),smpdb,set_36e1adacc2,43,32
A1 SMPDB x MW-union(all human studies),smpdb,set_3ad12c9721,39,27
A1 SMPDB x MW-union(all human studies),smpdb,set_b2e59f9fd9,64,41
A1 SMPDB x MW-union(all human studies),smpdb,set_12e6179242,11,7
A1 SMPDB x MW-union(all human studies),smpdb,set_c73206817a,27,21
A1 SMPDB x MW-union(all human studies),smpdb,set_7611dca40a,24,22
A1 SMPDB x MW-union(all human studies),smpdb,set_306c9f6cd5,21,17
A1 SMPDB x MW-union(all human studies),smpdb,set_dcac348055,23,10
A1 SMPDB x MW-union(all human studies),smpdb,set_8dc114a9ed,29,22
A1 SMPDB x MW-union(all human studies),smpdb,set_b8bafd02ba,42,29
A1 SMPDB x MW-union(all human studies),smpdb,set_6ff8c01e5e,30,21
A1 SMPDB x MW-union(all human studies),smpdb,set_97bf5c8dbb,58,48
A1 SMPDB x MW-union(all human studies),smpdb,set_d8299a4fe5,37,26
A1 SMPDB x MW-union(all human studies),smpdb,set_a84483e0f0,73,54
A1 SMPDB x MW-union(all human studies),smpdb,set_923880e871,43,18
A1 SMPDB x MW-union(all human studies),smpdb,set_d968f73897,14,11
A1 SMPDB x MW-union(all human studies),smpdb,set_4155aad91f,29,20
A1 SMPDB x MW-union(all human studies),smpdb,set_d997a612d8,34,13
A1 SMPDB x MW-union(all human studies),smpdb,set_d786d26975,17,14
A1 SMPDB x MW-union(all human studies),smpdb,set_1d6e8ac05b,33,26
A1 SMPDB x MW-union(all human studies),smpdb,set_a68d7485f6,30,22
A1 SMPDB x MW-union(all human studies),smpdb,set_5bbb159ce1,27,21
A1 SMPDB x MW-union(all human studies),smpdb,set_15ceb8b840,44,32
A1 SMPDB x MW-union(all human studies),smpdb,set_e0c210b392,61,46
A1 SMPDB x MW-union(all human studies),smpdb,set_20f50bea95,30,20
A1 SMPDB x MW-union(all human studies),smpdb,set_0aff08fe79,19,6
A1 SMPDB x MW-union(all human studies),smpdb,set_007eaa1a85,7,4
A1 SMPDB x MW-union(all human studies),smpdb,set_3944272443,33,25
A1 SMPDB x MW-union(all human studies),smpdb,set_4c4dde4cee,31,20
A1 SMPDB x MW-union(all human studies),smpdb,set_e8b09d796f,19,12
A1 SMPDB x MW-union(all human studies),smpdb,set_fb49fea8a3,13,11
A1 SMPDB x MW-union(all human studies),smpdb,set_e6f8cfb763,49,37
A1 SMPDB x MW-union(all human studies),smpdb,set_928b2c583e,19,15
A1 SMPDB x MW-union(all human studies),smpdb,set_26e5cf99ef,28,14
A1 SMPDB x MW-union(all human studies),smpdb,set_29ebf3f3da,67,44
A1 SMPDB x MW-union(all human studies),smpdb,set_501cd3859e,9,7
A1 SMPDB x MW-union(all human studies),smpdb,set_af90147001,23,15
A1 SMPDB x MW-union(all human studies),smpdb,set_49e86234df,10,10
A1 SMPDB x MW-union(all human studies),smpdb,set_dda94f81b4,9,6
A1 SMPDB x MW-union(all human studies),smpdb,set_32901117b9,11,8
A1 SMPDB x MW-union(all human studies),smpdb,set_3b7769be62,31,25
A1 SMPDB x MW-union(all human studies),smpdb,set_fd311e4727,10,8
A1 SMPDB x MW-union(all human studies),smpdb,set_5f262e7d07,42,25
A1 SMPDB x MW-union(all human studies),smpdb,set_e6b18b1d2f,19,13
A1 SMPDB x MW-union(all human studies),smpdb,set_f314f1647f,17,10
A1 SMPDB x MW-union(all human studies),smpdb,set_966d757772,18,12
A1 SMPDB x MW-union(all human studies),smpdb,set_674ec21534,18,10
A1 SMPDB x MW-union(all human studies),smpdb,set_a008ea69fd,24,14
A1 SMPDB x MW-union(all human studies),smpdb,set_bde45c348a,18,15
A1 SMPDB x MW-union(all human studies),smpdb,set_20adf3af55,8,6
A1 SMPDB x MW-union(all human studies),smpdb,set_aa627ee9ea,35,28
A1 SMPDB x MW-union(all human studies),smpdb,set_77ee06219f,8,5
A1 SMPDB x MW-union(all human studies),smpdb,set_62e609c277,9,6
A1 SMPDB x MW-union(all human studies),smpdb,set_f4b9260b4b,20,9
A1 SMPDB x MW-union(all human studies),smpdb,set_e5b926ced6,19,6
A1 SMPDB x MW-union(all human studies),smpdb,set_4d9c07d737,12,7
A1 SMPDB x MW-union(all human studies),smpdb,set_6df9eeb96b,20,15
A1 SMPDB x MW-union(all human studies),smpdb,set_e3cebc5231,22,17
A1 SMPDB x MW-union(all human studies),smpdb,set_e5e97c1720,9,6
A1 SMPDB x MW-union(all human studies),smpdb,set_0cc612debf,10,1
A1 SMPDB x MW-union(all human studies),smpdb,set_c04495224e,18,8
A1 SMPDB x MW-union(all human studies),smpdb,set_4d4c6aa3d4,19,11
A1 SMPDB x MW-union(all human studies),smpdb,set_f31d7f72d0,25,11
A1 SMPDB x MW-union(all human studies),smpdb,set_5a2792f9ed,27,13
A1 SMPDB x MW-union(all human studies),smpdb,set_2449669e02,57,44
A1 SMPDB x MW-union(all human studies),smpdb,set_cc3c0c7380,4,4
A1 SMPDB x MW-union(all human studies),smpdb,set_04adb3a3ac,13,7
A1 SMPDB x MW-union(all human studies),smpdb,set_c0c8e93789,15,12
A1 SMPDB x MW-union(all human studies),smpdb,set_72f4cd6e8d,9,6
A1 SMPDB x MW-union(all human studies),smpdb,set_15e079b75b,11,8
A1 SMPDB x MW-union(all human studies),smpdb,set_056f221c55,12,9
A1 SMPDB x MW-union(all human studies),smpdb,set_187a2777ed,21,15
A1 SMPDB x MW-union(all human studies),smpdb,set_60b84238d1,24,15
A1 SMPDB x MW-union(all human studies) :: size_lt20,smpdb,set_6a07e89aca,17,11
A1 SMPDB x MW-union(all human studies) :: size_lt20,smpdb,set_1e739fc094,18,12
A1 SMPDB x MW-union(all human studies) :: size_lt20,smpdb,set_ad39336678,18,13
A1 SMPDB x MW-union(all human studies) :: size_lt20,smpdb,set_cebba23029,12,7
A1 SMPDB x MW-union(all human studies) :: size_lt20,smpdb,set_12e6179242,11,7
A1 SMPDB x MW-union(all human studies) :: size_lt20,smpdb,set_d968f73897,14,11
A1 SMPDB x MW-union(all human studies) :: size_lt20,smpdb,set_d786d26975,17,14
A1 SMPDB x MW-union(all human studies) :: size_lt20,smpdb,set_0aff08fe79,19,6
A1 SMPDB x MW-union(all human studies) :: size_lt20,smpdb,set_007eaa1a85,7,4
A1 SMPDB x MW-union(all human studies) :: size_lt20,smpdb,set_e8b09d796f,19,12
A1 SMPDB x MW-union(all human studies) :: size_lt20,smpdb,set_fb49fea8a3,13,11
A1 SMPDB x MW-union(all human studies) :: size_lt20,smpdb,set_928b2c583e,19,15
A1 SMPDB x MW-union(all human studies) :: size_lt20,smpdb,set_501cd3859e,9,7
A1 SMPDB x MW-union(all human studies) :: size_lt20,smpdb,set_49e86234df,10,10
A1 SMPDB x MW-union(all human studies) :: size_lt20,smpdb,set_dda94f81b4,9,6
A1 SMPDB x MW-union(all human studies) :: size_lt20,smpdb,set_32901117b9,11,8
A1 SMPDB x MW-union(all human studies) :: size_lt20,smpdb,set_fd311e4727,10,8
A1 SMPDB x MW-union(all human studies) :: size_lt20,smpdb,set_e6b18b1d2f,19,13
A1 SMPDB x MW-union(all human studies) :: size_lt20,smpdb,set_f314f1647f,17,10
A1 SMPDB x MW-union(all human studies) :: size_lt20,smpdb,set_966d757772,18,12
A1 SMPDB x MW-union(all human studies) :: size_lt20,smpdb,set_674ec21534,18,10
A1 SMPDB x MW-union(all human studies) :: size_lt20,smpdb,set_bde45c348a,18,15
A1 SMPDB x MW-union(all human studies) :: size_lt20,smpdb,set_20adf3af55,8,6
A1 SMPDB x MW-union(all human studies) :: size_lt20,smpdb,set_77ee06219f,8,5
A1 SMPDB x MW-union(all human studies) :: size_lt20,smpdb,set_62e609c277,9,6
A1 SMPDB x MW-union(all human studies) :: size_lt20,smpdb,set_e5b926ced6,19,6
A1 SMPDB x MW-union(all human studies) :: size_lt20,smpdb,set_4d9c07d737,12,7
A1 SMPDB x MW-union(all human studies) :: size_lt20,smpdb,set_e5e97c1720,9,6
A1 SMPDB x MW-union(all human studies) :: size_lt20,smpdb,set_0cc612debf,10,1
A1 SMPDB x MW-union(all human studies) :: size_lt20,smpdb,set_c04495224e,18,8
A1 SMPDB x MW-union(all human studies) :: size_lt20,smpdb,set_4d4c6aa3d4,19,11
A1 SMPDB x MW-union(all human studies) :: size_lt20,smpdb,set_cc3c0c7380,4,4
A1 SMPDB x MW-union(all human studies) :: size_lt20,smpdb,set_04adb3a3ac,13,7
A1 SMPDB x MW-union(all human studies) :: size_lt20,smpdb,set_c0c8e93789,15,12
A1 SMPDB x MW-union(all human studies) :: size_lt20,smpdb,set_72f4cd6e8d,9,6
A1 SMPDB x MW-union(all human studies) :: size_lt20,smpdb,set_15e079b75b,11,8
A1 SMPDB x MW-union(all human studies) :: size_lt20,smpdb,set_056f221c55,12,9
A1 SMPDB x MW-union(all human studies) :: size_20to40,smpdb,set_6cedf5e797,21,11
A1 SMPDB x MW-union(all human studies) :: size_20to40,smpdb,set_88b55fb0f6,34,23
A1 SMPDB x MW-union(all human studies) :: size_20to40,smpdb,set_62f7838c4b,27,15
A1 SMPDB x MW-union(all human studies) :: size_20to40,smpdb,set_8f14919c57,30,23
A1 SMPDB x MW-union(all human studies) :: size_20to40,smpdb,set_ee5450b2bd,29,10
A1 SMPDB x MW-union(all human studies) :: size_20to40,smpdb,set_dc3ecf91c4,26,13
A1 SMPDB x MW-union(all human studies) :: size_20to40,smpdb,set_91963c7ed3,25,17
A1 SMPDB x MW-union(all human studies) :: size_20to40,smpdb,set_cafeb96a19,20,11
A1 SMPDB x MW-union(all human studies) :: size_20to40,smpdb,set_4138901fbd,40,17
A1 SMPDB x MW-union(all human studies) :: size_20to40,smpdb,set_2a8a0c2c46,29,21
A1 SMPDB x MW-union(all human studies) :: size_20to40,smpdb,set_92fd5187ca,21,15
A1 SMPDB x MW-union(all human studies) :: size_20to40,smpdb,set_ebe56592ba,25,18
A1 SMPDB x MW-union(all human studies) :: size_20to40,smpdb,set_f6749acc3e,28,13
A1 SMPDB x MW-union(all human studies) :: size_20to40,smpdb,set_02ce992066,26,14
A1 SMPDB x MW-union(all human studies) :: size_20to40,smpdb,set_6c6f6fe984,27,19
A1 SMPDB x MW-union(all human studies) :: size_20to40,smpdb,set_3ad12c9721,39,27
A1 SMPDB x MW-union(all human studies) :: size_20to40,smpdb,set_c73206817a,27,21
A1 SMPDB x MW-union(all human studies) :: size_20to40,smpdb,set_7611dca40a,24,22
A1 SMPDB x MW-union(all human studies) :: size_20to40,smpdb,set_306c9f6cd5,21,17
A1 SMPDB x MW-union(all human studies) :: size_20to40,smpdb,set_dcac348055,23,10
A1 SMPDB x MW-union(all human studies) :: size_20to40,smpdb,set_8dc114a9ed,29,22
A1 SMPDB x MW-union(all human studies) :: size_20to40,smpdb,set_6ff8c01e5e,30,21
A1 SMPDB x MW-union(all human studies) :: size_20to40,smpdb,set_d8299a4fe5,37,26
A1 SMPDB x MW-union(all human studies) :: size_20to40,smpdb,set_4155aad91f,29,20
A1 SMPDB x MW-union(all human studies) :: size_20to40,smpdb,set_d997a612d8,34,13
A1 SMPDB x MW-union(all human studies) :: size_20to40,smpdb,set_1d6e8ac05b,33,26
A1 SMPDB x MW-union(all human studies) :: size_20to40,smpdb,set_a68d7485f6,30,22
A1 SMPDB x MW-union(all human studies) :: size_20to40,smpdb,set_5bbb159ce1,27,21
A1 SMPDB x MW-union(all human studies) :: size_20to40,smpdb,set_20f50bea95,30,20
A1 SMPDB x MW-union(all human studies) :: size_20to40,smpdb,set_3944272443,33,25
A1 SMPDB x MW-union(all human studies) :: size_20to40,smpdb,set_4c4dde4cee,31,20
A1 SMPDB x MW-union(all human studies) :: size_20to40,smpdb,set_26e5cf99ef,28,14
A1 SMPDB x MW-union(all human studies) :: size_20to40,smpdb,set_af90147001,23,15
A1 SMPDB x MW-union(all human studies) :: size_20to40,smpdb,set_3b7769be62,31,25
A1 SMPDB x MW-union(all human studies) :: size_20to40,smpdb,set_a008ea69fd,24,14
A1 SMPDB x MW-union(all human studies) :: size_20to40,smpdb,set_aa627ee9ea,35,28
A1 SMPDB x MW-union(all human studies) :: size_20to40,smpdb,set_f4b9260b4b,20,9
A1 SMPDB x MW-union(all human studies) :: size_20to40,smpdb,set_6df9eeb96b,20,15
A1 SMPDB x MW-union(all human studies) :: size_20to40,smpdb,set_e3cebc5231,22,17
A1 SMPDB x MW-union(all human studies) :: size_20to40,smpdb,set_f31d7f72d0,25,11
A1 SMPDB x MW-union(all human studies) :: size_20to40,smpdb,set_5a2792f9ed,27,13
A1 SMPDB x MW-union(all human studies) :: size_20to40,smpdb,set_187a2777ed,21,15
A1 SMPDB x MW-union(all human studies) :: size_20to40,smpdb,set_60b84238d1,24,15
A1 SMPDB x MW-union(all human studies) :: size_gt40,smpdb,set_2ea504427c,55,43
A1 SMPDB x MW-union(all human studies) :: size_gt40,smpdb,set_2269f3f803,66,48
A1 SMPDB x MW-union(all human studies) :: size_gt40,smpdb,set_fe4be9692e,41,30
A1 SMPDB x MW-union(all human studies) :: size_gt40,smpdb,set_17971c5e65,51,40
A1 SMPDB x MW-union(all human studies) :: size_gt40,smpdb,set_0c94cdb580,47,34
A1 SMPDB x MW-union(all human studies) :: size_gt40,smpdb,set_144dc4b8a3,59,36
A1 SMPDB x MW-union(all human studies) :: size_gt40,smpdb,set_36e1adacc2,43,32
A1 SMPDB x MW-union(all human studies) :: size_gt40,smpdb,set_b2e59f9fd9,64,41
A1 SMPDB x MW-union(all human studies) :: size_gt40,smpdb,set_b8bafd02ba,42,29
A1 SMPDB x MW-union(all human studies) :: size_gt40,smpdb,set_97bf5c8dbb,58,48
A1 SMPDB x MW-union(all human studies) :: size_gt40,smpdb,set_a84483e0f0,73,54
A1 SMPDB x MW-union(all human studies) :: size_gt40,smpdb,set_923880e871,43,18
A1 SMPDB x MW-union(all human studies) :: size_gt40,smpdb,set_15ceb8b840,44,32
A1 SMPDB x MW-union(all human studies) :: size_gt40,smpdb,set_e0c210b392,61,46
A1 SMPDB x MW-union(all human studies) :: size_gt40,smpdb,set_e6f8cfb763,49,37
A1 SMPDB x MW-union(all human studies) :: size_gt40,smpdb,set_29ebf3f3da,67,44
A1 SMPDB x MW-union(all human studies) :: size_gt40,smpdb,set_5f262e7d07,42,25
A1 SMPDB x MW-union(all human studies) :: size_gt40,smpdb,set_2449669e02,57,44
A2 SMPDB x MW-single-broadest-study,smpdb,set_2ea504427c,55,11
A2 SMPDB x MW-single-broadest-study,smpdb,set_6cedf5e797,21,2
A2 SMPDB x MW-single-broadest-study,smpdb,set_2269f3f803,66,22
A2 SMPDB x MW-single-broadest-study,smpdb,set_88b55fb0f6,34,5
A2 SMPDB x MW-single-broadest-study,smpdb,set_62f7838c4b,27,7
A2 SMPDB x MW-single-broadest-study,smpdb,set_8f14919c57,30,9
A2 SMPDB x MW-single-broadest-study,smpdb,set_6a07e89aca,17,2
A2 SMPDB x MW-single-broadest-study,smpdb,set_ee5450b2bd,29,3
A2 SMPDB x MW-single-broadest-study,smpdb,set_1e739fc094,18,6
A2 SMPDB x MW-single-broadest-study,smpdb,set_dc3ecf91c4,26,2
A2 SMPDB x MW-single-broadest-study,smpdb,set_91963c7ed3,25,3
A2 SMPDB x MW-single-broadest-study,smpdb,set_fe4be9692e,41,3
A2 SMPDB x MW-single-broadest-study,smpdb,set_cafeb96a19,20,3
A2 SMPDB x MW-single-broadest-study,smpdb,set_ad39336678,18,2
A2 SMPDB x MW-single-broadest-study,smpdb,set_17971c5e65,51,17
A2 SMPDB x MW-single-broadest-study,smpdb,set_cebba23029,12,1
A2 SMPDB x MW-single-broadest-study,smpdb,set_0c94cdb580,47,4
A2 SMPDB x MW-single-broadest-study,smpdb,set_4138901fbd,40,2
A2 SMPDB x MW-single-broadest-study,smpdb,set_2a8a0c2c46,29,3
A2 SMPDB x MW-single-broadest-study,smpdb,set_92fd5187ca,21,3
A2 SMPDB x MW-single-broadest-study,smpdb,set_ebe56592ba,25,3
A2 SMPDB x MW-single-broadest-study,smpdb,set_f6749acc3e,28,1
A2 SMPDB x MW-single-broadest-study,smpdb,set_02ce992066,26,3
A2 SMPDB x MW-single-broadest-study,smpdb,set_6c6f6fe984,27,2
A2 SMPDB x MW-single-broadest-study,smpdb,set_144dc4b8a3,59,8
A2 SMPDB x MW-single-broadest-study,smpdb,set_36e1adacc2,43,10
A2 SMPDB x MW-single-broadest-study,smpdb,set_3ad12c9721,39,6
A2 SMPDB x MW-single-broadest-study,smpdb,set_b2e59f9fd9,64,15
A2 SMPDB x MW-single-broadest-study,smpdb,set_12e6179242,11,3
A2 SMPDB x MW-single-broadest-study,smpdb,set_c73206817a,27,5
A2 SMPDB x MW-single-broadest-study,smpdb,set_7611dca40a,24,4
A2 SMPDB x MW-single-broadest-study,smpdb,set_306c9f6cd5,21,3
A2 SMPDB x MW-single-broadest-study,smpdb,set_dcac348055,23,2
A2 SMPDB x MW-single-broadest-study,smpdb,set_8dc114a9ed,29,8
A2 SMPDB x MW-single-broadest-study,smpdb,set_b8bafd02ba,42,6
A2 SMPDB x MW-single-broadest-study,smpdb,set_6ff8c01e5e,30,7
A2 SMPDB x MW-single-broadest-study,smpdb,set_97bf5c8dbb,58,13
A2 SMPDB x MW-single-broadest-study,smpdb,set_d8299a4fe5,37,7
A2 SMPDB x MW-single-broadest-study,smpdb,set_a84483e0f0,73,13
A2 SMPDB x MW-single-broadest-study,smpdb,set_923880e871,43,2
A2 SMPDB x MW-single-broadest-study,smpdb,set_d968f73897,14,2
A2 SMPDB x MW-single-broadest-study,smpdb,set_4155aad91f,29,5
A2 SMPDB x MW-single-broadest-study,smpdb,set_d997a612d8,34,1
A2 SMPDB x MW-single-broadest-study,smpdb,set_d786d26975,17,3
A2 SMPDB x MW-single-broadest-study,smpdb,set_1d6e8ac05b,33,8
A2 SMPDB x MW-single-broadest-study,smpdb,set_a68d7485f6,30,6
A2 SMPDB x MW-single-broadest-study,smpdb,set_5bbb159ce1,27,9
A2 SMPDB x MW-single-broadest-study,smpdb,set_15ceb8b840,44,5
A2 SMPDB x MW-single-broadest-study,smpdb,set_e0c210b392,61,19
A2 SMPDB x MW-single-broadest-study,smpdb,set_20f50bea95,30,4
A2 SMPDB x MW-single-broadest-study,smpdb,set_0aff08fe79,19,2
A2 SMPDB x MW-single-broadest-study,smpdb,set_007eaa1a85,7,2
A2 SMPDB x MW-single-broadest-study,smpdb,set_3944272443,33,9
A2 SMPDB x MW-single-broadest-study,smpdb,set_4c4dde4cee,31,4
A2 SMPDB x MW-single-broadest-study,smpdb,set_e8b09d796f,19,3
A2 SMPDB x MW-single-broadest-study,smpdb,set_fb49fea8a3,13,2
A2 SMPDB x MW-single-broadest-study,smpdb,set_e6f8cfb763,49,7
A2 SMPDB x MW-single-broadest-study,smpdb,set_928b2c583e,19,2
A2 SMPDB x MW-single-broadest-study,smpdb,set_26e5cf99ef,28,3
A2 SMPDB x MW-single-broadest-study,smpdb,set_29ebf3f3da,67,13
A2 SMPDB x MW-single-broadest-study,smpdb,set_501cd3859e,9,0
A2 SMPDB x MW-single-broadest-study,smpdb,set_af90147001,23,2
A2 SMPDB x MW-single-broadest-study,smpdb,set_49e86234df,10,0
A2 SMPDB x MW-single-broadest-study,smpdb,set_dda94f81b4,9,3
A2 SMPDB x MW-single-broadest-study,smpdb,set_32901117b9,11,3
A2 SMPDB x MW-single-broadest-study,smpdb,set_3b7769be62,31,5
A2 SMPDB x MW-single-broadest-study,smpdb,set_fd311e4727,10,3
A2 SMPDB x MW-single-broadest-study,smpdb,set_5f262e7d07,42,5
A2 SMPDB x MW-single-broadest-study,smpdb,set_e6b18b1d2f,19,3
A2 SMPDB x MW-single-broadest-study,smpdb,set_f314f1647f,17,1
A2 SMPDB x MW-single-broadest-study,smpdb,set_966d757772,18,5
A2 SMPDB x MW-single-broadest-study,smpdb,set_674ec21534,18,0
A2 SMPDB x MW-single-broadest-study,smpdb,set_a008ea69fd,24,1
A2 SMPDB x MW-single-broadest-study,smpdb,set_bde45c348a,18,1
A2 SMPDB x MW-single-broadest-study,smpdb,set_20adf3af55,8,2
A2 SMPDB x MW-single-broadest-study,smpdb,set_aa627ee9ea,35,9
A2 SMPDB x MW-single-broadest-study,smpdb,set_77ee06219f,8,1
A2 SMPDB x MW-single-broadest-study,smpdb,set_62e609c277,9,2
A2 SMPDB x MW-single-broadest-study,smpdb,set_f4b9260b4b,20,2
A2 SMPDB x MW-single-broadest-study,smpdb,set_e5b926ced6,19,1
A2 SMPDB x MW-single-broadest-study,smpdb,set_4d9c07d737,12,0
A2 SMPDB x MW-single-broadest-study,smpdb,set_6df9eeb96b,20,5
A2 SMPDB x MW-single-broadest-study,smpdb,set_e3cebc5231,22,5
A2 SMPDB x MW-single-broadest-study,smpdb,set_e5e97c1720,9,3
A2 SMPDB x MW-single-broadest-study,smpdb,set_0cc612debf,10,0
A2 SMPDB x MW-single-broadest-study,smpdb,set_c04495224e,18,0
A2 SMPDB x MW-single-broadest-study,smpdb,set_4d4c6aa3d4,19,0
A2 SMPDB x MW-single-broadest-study,smpdb,set_f31d7f72d0,25,1
A2 SMPDB x MW-single-broadest-study,smpdb,set_5a2792f9ed,27,1
A2 SMPDB x MW-single-broadest-study,smpdb,set_2449669e02,57,12
A2 SMPDB x MW-single-broadest-study,smpdb,set_cc3c0c7380,4,1
A2 SMPDB x MW-single-broadest-study,smpdb,set_04adb3a3ac,13,1
A2 SMPDB x MW-single-broadest-study,smpdb,set_c0c8e93789,15,2
A2 SMPDB x MW-single-broadest-study,smpdb,set_72f4cd6e8d,9,0
A2 SMPDB x MW-single-broadest-study,smpdb,set_15e079b75b,11,0
A2 SMPDB x MW-single-broadest-study,smpdb,set_056f221c55,12,1
A2 SMPDB x MW-single-broadest-study,smpdb,set_187a2777ed,21,3
A2 SMPDB x MW-single-broadest-study,smpdb,set_60b84238d1,24,5
A2 SMPDB x MW-single-broadest-study :: size_lt20,smpdb,set_6a07e89aca,17,2
A2 SMPDB x MW-single-broadest-study :: size_lt20,smpdb,set_1e739fc094,18,6
A2 SMPDB x MW-single-broadest-study :: size_lt20,smpdb,set_ad39336678,18,2
A2 SMPDB x MW-single-broadest-study :: size_lt20,smpdb,set_cebba23029,12,1
A2 SMPDB x MW-single-broadest-study :: size_lt20,smpdb,set_12e6179242,11,3
A2 SMPDB x MW-single-broadest-study :: size_lt20,smpdb,set_d968f73897,14,2
A2 SMPDB x MW-single-broadest-study :: size_lt20,smpdb,set_d786d26975,17,3
A2 SMPDB x MW-single-broadest-study :: size_lt20,smpdb,set_0aff08fe79,19,2
A2 SMPDB x MW-single-broadest-study :: size_lt20,smpdb,set_007eaa1a85,7,2
A2 SMPDB x MW-single-broadest-study :: size_lt20,smpdb,set_e8b09d796f,19,3
A2 SMPDB x MW-single-broadest-study :: size_lt20,smpdb,set_fb49fea8a3,13,2
A2 SMPDB x MW-single-broadest-study :: size_lt20,smpdb,set_928b2c583e,19,2
A2 SMPDB x MW-single-broadest-study :: size_lt20,smpdb,set_501cd3859e,9,0
A2 SMPDB x MW-single-broadest-study :: size_lt20,smpdb,set_49e86234df,10,0
A2 SMPDB x MW-single-broadest-study :: size_lt20,smpdb,set_dda94f81b4,9,3
A2 SMPDB x MW-single-broadest-study :: size_lt20,smpdb,set_32901117b9,11,3
A2 SMPDB x MW-single-broadest-study :: size_lt20,smpdb,set_fd311e4727,10,3
A2 SMPDB x MW-single-broadest-study :: size_lt20,smpdb,set_e6b18b1d2f,19,3
A2 SMPDB x MW-single-broadest-study :: size_lt20,smpdb,set_f314f1647f,17,1
A2 SMPDB x MW-single-broadest-study :: size_lt20,smpdb,set_966d757772,18,5
A2 SMPDB x MW-single-broadest-study :: size_lt20,smpdb,set_674ec21534,18,0
A2 SMPDB x MW-single-broadest-study :: size_lt20,smpdb,set_bde45c348a,18,1
A2 SMPDB x MW-single-broadest-study :: size_lt20,smpdb,set_20adf3af55,8,2
A2 SMPDB x MW-single-broadest-study :: size_lt20,smpdb,set_77ee06219f,8,1
A2 SMPDB x MW-single-broadest-study :: size_lt20,smpdb,set_62e609c277,9,2
A2 SMPDB x MW-single-broadest-study :: size_lt20,smpdb,set_e5b926ced6,19,1
A2 SMPDB x MW-single-broadest-study :: size_lt20,smpdb,set_4d9c07d737,12,0
A2 SMPDB x MW-single-broadest-study :: size_lt20,smpdb,set_e5e97c1720,9,3
A2 SMPDB x MW-single-broadest-study :: size_lt20,smpdb,set_0cc612debf,10,0
A2 SMPDB x MW-single-broadest-study :: size_lt20,smpdb,set_c04495224e,18,0
A2 SMPDB x MW-single-broadest-study :: size_lt20,smpdb,set_4d4c6aa3d4,19,0
A2 SMPDB x MW-single-broadest-study :: size_lt20,smpdb,set_cc3c0c7380,4,1
A2 SMPDB x MW-single-broadest-study :: size_lt20,smpdb,set_04adb3a3ac,13,1
A2 SMPDB x MW-single-broadest-study :: size_lt20,smpdb,set_c0c8e93789,15,2
A2 SMPDB x MW-single-broadest-study :: size_lt20,smpdb,set_72f4cd6e8d,9,0
A2 SMPDB x MW-single-broadest-study :: size_lt20,smpdb,set_15e079b75b,11,0
A2 SMPDB x MW-single-broadest-study :: size_lt20,smpdb,set_056f221c55,12,1
A2 SMPDB x MW-single-broadest-study :: size_20to40,smpdb,set_6cedf5e797,21,2
A2 SMPDB x MW-single-broadest-study :: size_20to40,smpdb,set_88b55fb0f6,34,5
A2 SMPDB x MW-single-broadest-study :: size_20to40,smpdb,set_62f7838c4b,27,7
A2 SMPDB x MW-single-broadest-study :: size_20to40,smpdb,set_8f14919c57,30,9
A2 SMPDB x MW-single-broadest-study :: size_20to40,smpdb,set_ee5450b2bd,29,3
A2 SMPDB x MW-single-broadest-study :: size_20to40,smpdb,set_dc3ecf91c4,26,2
A2 SMPDB x MW-single-broadest-study :: size_20to40,smpdb,set_91963c7ed3,25,3
A2 SMPDB x MW-single-broadest-study :: size_20to40,smpdb,set_cafeb96a19,20,3
A2 SMPDB x MW-single-broadest-study :: size_20to40,smpdb,set_4138901fbd,40,2
A2 SMPDB x MW-single-broadest-study :: size_20to40,smpdb,set_2a8a0c2c46,29,3
A2 SMPDB x MW-single-broadest-study :: size_20to40,smpdb,set_92fd5187ca,21,3
A2 SMPDB x MW-single-broadest-study :: size_20to40,smpdb,set_ebe56592ba,25,3
A2 SMPDB x MW-single-broadest-study :: size_20to40,smpdb,set_f6749acc3e,28,1
A2 SMPDB x MW-single-broadest-study :: size_20to40,smpdb,set_02ce992066,26,3
A2 SMPDB x MW-single-broadest-study :: size_20to40,smpdb,set_6c6f6fe984,27,2
A2 SMPDB x MW-single-broadest-study :: size_20to40,smpdb,set_3ad12c9721,39,6
A2 SMPDB x MW-single-broadest-study :: size_20to40,smpdb,set_c73206817a,27,5
A2 SMPDB x MW-single-broadest-study :: size_20to40,smpdb,set_7611dca40a,24,4
A2 SMPDB x MW-single-broadest-study :: size_20to40,smpdb,set_306c9f6cd5,21,3
A2 SMPDB x MW-single-broadest-study :: size_20to40,smpdb,set_dcac348055,23,2
A2 SMPDB x MW-single-broadest-study :: size_20to40,smpdb,set_8dc114a9ed,29,8
A2 SMPDB x MW-single-broadest-study :: size_20to40,smpdb,set_6ff8c01e5e,30,7
A2 SMPDB x MW-single-broadest-study :: size_20to40,smpdb,set_d8299a4fe5,37,7
A2 SMPDB x MW-single-broadest-study :: size_20to40,smpdb,set_4155aad91f,29,5
A2 SMPDB x MW-single-broadest-study :: size_20to40,smpdb,set_d997a612d8,34,1
A2 SMPDB x MW-single-broadest-study :: size_20to40,smpdb,set_1d6e8ac05b,33,8
A2 SMPDB x MW-single-broadest-study :: size_20to40,smpdb,set_a68d7485f6,30,6
A2 SMPDB x MW-single-broadest-study :: size_20to40,smpdb,set_5bbb159ce1,27,9
A2 SMPDB x MW-single-broadest-study :: size_20to40,smpdb,set_20f50bea95,30,4
A2 SMPDB x MW-single-broadest-study :: size_20to40,smpdb,set_3944272443,33,9
A2 SMPDB x MW-single-broadest-study :: size_20to40,smpdb,set_4c4dde4cee,31,4
A2 SMPDB x MW-single-broadest-study :: size_20to40,smpdb,set_26e5cf99ef,28,3
A2 SMPDB x MW-single-broadest-study :: size_20to40,smpdb,set_af90147001,23,2
A2 SMPDB x MW-single-broadest-study :: size_20to40,smpdb,set_3b7769be62,31,5
A2 SMPDB x MW-single-broadest-study :: size_20to40,smpdb,set_a008ea69fd,24,1
A2 SMPDB x MW-single-broadest-study :: size_20to40,smpdb,set_aa627ee9ea,35,9
A2 SMPDB x MW-single-broadest-study :: size_20to40,smpdb,set_f4b9260b4b,20,2
A2 SMPDB x MW-single-broadest-study :: size_20to40,smpdb,set_6df9eeb96b,20,5
A2 SMPDB x MW-single-broadest-study :: size_20to40,smpdb,set_e3cebc5231,22,5
A2 SMPDB x MW-single-broadest-study :: size_20to40,smpdb,set_f31d7f72d0,25,1
A2 SMPDB x MW-single-broadest-study :: size_20to40,smpdb,set_5a2792f9ed,27,1
A2 SMPDB x MW-single-broadest-study :: size_20to40,smpdb,set_187a2777ed,21,3
A2 SMPDB x MW-single-broadest-study :: size_20to40,smpdb,set_60b84238d1,24,5
A2 SMPDB x MW-single-broadest-study :: size_gt40,smpdb,set_2ea504427c,55,11
A2 SMPDB x MW-single-broadest-study :: size_gt40,smpdb,set_2269f3f803,66,22
A2 SMPDB x MW-single-broadest-study :: size_gt40,smpdb,set_fe4be9692e,41,3
A2 SMPDB x MW-single-broadest-study :: size_gt40,smpdb,set_17971c5e65,51,17
A2 SMPDB x MW-single-broadest-study :: size_gt40,smpdb,set_0c94cdb580,47,4
A2 SMPDB x MW-single-broadest-study :: size_gt40,smpdb,set_144dc4b8a3,59,8
A2 SMPDB x MW-single-broadest-study :: size_gt40,smpdb,set_36e1adacc2,43,10
A2 SMPDB x MW-single-broadest-study :: size_gt40,smpdb,set_b2e59f9fd9,64,15
A2 SMPDB x MW-single-broadest-study :: size_gt40,smpdb,set_b8bafd02ba,42,6
A2 SMPDB x MW-single-broadest-study :: size_gt40,smpdb,set_97bf5c8dbb,58,13
A2 SMPDB x MW-single-broadest-study :: size_gt40,smpdb,set_a84483e0f0,73,13
A2 SMPDB x MW-single-broadest-study :: size_gt40,smpdb,set_923880e871,43,2
A2 SMPDB x MW-single-broadest-study :: size_gt40,smpdb,set_15ceb8b840,44,5
A2 SMPDB x MW-single-broadest-study :: size_gt40,smpdb,set_e0c210b392,61,19
A2 SMPDB x MW-single-broadest-study :: size_gt40,smpdb,set_e6f8cfb763,49,7
A2 SMPDB x MW-single-broadest-study :: size_gt40,smpdb,set_29ebf3f3da,67,13
A2 SMPDB x MW-single-broadest-study :: size_gt40,smpdb,set_5f262e7d07,42,5
A2 SMPDB x MW-single-broadest-study :: size_gt40,smpdb,set_2449669e02,57,12
A3 SMPDB x MW-single-median-study,smpdb,set_2ea504427c,55,0
A3 SMPDB x MW-single-median-study,smpdb,set_6cedf5e797,21,0
A3 SMPDB x MW-single-median-study,smpdb,set_2269f3f803,66,0
A3 SMPDB x MW-single-median-study,smpdb,set_88b55fb0f6,34,0
A3 SMPDB x MW-single-median-study,smpdb,set_62f7838c4b,27,0
A3 SMPDB x MW-single-median-study,smpdb,set_8f14919c57,30,0
A3 SMPDB x MW-single-median-study,smpdb,set_6a07e89aca,17,0
A3 SMPDB x MW-single-median-study,smpdb,set_ee5450b2bd,29,0
A3 SMPDB x MW-single-median-study,smpdb,set_1e739fc094,18,0
A3 SMPDB x MW-single-median-study,smpdb,set_dc3ecf91c4,26,0
A3 SMPDB x MW-single-median-study,smpdb,set_91963c7ed3,25,0
A3 SMPDB x MW-single-median-study,smpdb,set_fe4be9692e,41,0
A3 SMPDB x MW-single-median-study,smpdb,set_cafeb96a19,20,0
A3 SMPDB x MW-single-median-study,smpdb,set_ad39336678,18,4
A3 SMPDB x MW-single-median-study,smpdb,set_17971c5e65,51,0
A3 SMPDB x MW-single-median-study,smpdb,set_cebba23029,12,0
A3 SMPDB x MW-single-median-study,smpdb,set_0c94cdb580,47,2
A3 SMPDB x MW-single-median-study,smpdb,set_4138901fbd,40,0
A3 SMPDB x MW-single-median-study,smpdb,set_2a8a0c2c46,29,0
A3 SMPDB x MW-single-median-study,smpdb,set_92fd5187ca,21,0
A3 SMPDB x MW-single-median-study,smpdb,set_ebe56592ba,25,0
A3 SMPDB x MW-single-median-study,smpdb,set_f6749acc3e,28,0
A3 SMPDB x MW-single-median-study,smpdb,set_02ce992066,26,0
A3 SMPDB x MW-single-median-study,smpdb,set_6c6f6fe984,27,0
A3 SMPDB x MW-single-median-study,smpdb,set_144dc4b8a3,59,0
A3 SMPDB x MW-single-median-study,smpdb,set_36e1adacc2,43,0
A3 SMPDB x MW-single-median-study,smpdb,set_3ad12c9721,39,9
A3 SMPDB x MW-single-median-study,smpdb,set_b2e59f9fd9,64,3
A3 SMPDB x MW-single-median-study,smpdb,set_12e6179242,11,0
A3 SMPDB x MW-single-median-study,smpdb,set_c73206817a,27,0
A3 SMPDB x MW-single-median-study,smpdb,set_7611dca40a,24,1
A3 SMPDB x MW-single-median-study,smpdb,set_306c9f6cd5,21,0
A3 SMPDB x MW-single-median-study,smpdb,set_dcac348055,23,0
A3 SMPDB x MW-single-median-study,smpdb,set_8dc114a9ed,29,0
A3 SMPDB x MW-single-median-study,smpdb,set_b8bafd02ba,42,0
A3 SMPDB x MW-single-median-study,smpdb,set_6ff8c01e5e,30,0
A3 SMPDB x MW-single-median-study,smpdb,set_97bf5c8dbb,58,0
A3 SMPDB x MW-single-median-study,smpdb,set_d8299a4fe5,37,0
A3 SMPDB x MW-single-median-study,smpdb,set_a84483e0f0,73,0
A3 SMPDB x MW-single-median-study,smpdb,set_923880e871,43,1
A3 SMPDB x MW-single-median-study,smpdb,set_d968f73897,14,0
A3 SMPDB x MW-single-median-study,smpdb,set_4155aad91f,29,0
A3 SMPDB x MW-single-median-study,smpdb,set_d997a612d8,34,1
A3 SMPDB x MW-single-median-study,smpdb,set_d786d26975,17,0
A3 SMPDB x MW-single-median-study,smpdb,set_1d6e8ac05b,33,1
A3 SMPDB x MW-single-median-study,smpdb,set_a68d7485f6,30,0
A3 SMPDB x MW-single-median-study,smpdb,set_5bbb159ce1,27,0
A3 SMPDB x MW-single-median-study,smpdb,set_15ceb8b840,44,0
A3 SMPDB x MW-single-median-study,smpdb,set_e0c210b392,61,0
A3 SMPDB x MW-single-median-study,smpdb,set_20f50bea95,30,0
A3 SMPDB x MW-single-median-study,smpdb,set_0aff08fe79,19,0
A3 SMPDB x MW-single-median-study,smpdb,set_007eaa1a85,7,0
A3 SMPDB x MW-single-median-study,smpdb,set_3944272443,33,0
A3 SMPDB x MW-single-median-study,smpdb,set_4c4dde4cee,31,0
A3 SMPDB x MW-single-median-study,smpdb,set_e8b09d796f,19,0
A3 SMPDB x MW-single-median-study,smpdb,set_fb49fea8a3,13,0
A3 SMPDB x MW-single-median-study,smpdb,set_e6f8cfb763,49,0
A3 SMPDB x MW-single-median-study,smpdb,set_928b2c583e,19,0
A3 SMPDB x MW-single-median-study,smpdb,set_26e5cf99ef,28,0
A3 SMPDB x MW-single-median-study,smpdb,set_29ebf3f3da,67,1
A3 SMPDB x MW-single-median-study,smpdb,set_501cd3859e,9,0
A3 SMPDB x MW-single-median-study,smpdb,set_af90147001,23,0
A3 SMPDB x MW-single-median-study,smpdb,set_49e86234df,10,0
A3 SMPDB x MW-single-median-study,smpdb,set_dda94f81b4,9,0
A3 SMPDB x MW-single-median-study,smpdb,set_32901117b9,11,0
A3 SMPDB x MW-single-median-study,smpdb,set_3b7769be62,31,0
A3 SMPDB x MW-single-median-study,smpdb,set_fd311e4727,10,0
A3 SMPDB x MW-single-median-study,smpdb,set_5f262e7d07,42,1
A3 SMPDB x MW-single-median-study,smpdb,set_e6b18b1d2f,19,1
A3 SMPDB x MW-single-median-study,smpdb,set_f314f1647f,17,0
A3 SMPDB x MW-single-median-study,smpdb,set_966d757772,18,0
A3 SMPDB x MW-single-median-study,smpdb,set_674ec21534,18,0
A3 SMPDB x MW-single-median-study,smpdb,set_a008ea69fd,24,0
A3 SMPDB x MW-single-median-study,smpdb,set_bde45c348a,18,0
A3 SMPDB x MW-single-median-study,smpdb,set_20adf3af55,8,0
A3 SMPDB x MW-single-median-study,smpdb,set_aa627ee9ea,35,1
A3 SMPDB x MW-single-median-study,smpdb,set_77ee06219f,8,0
A3 SMPDB x MW-single-median-study,smpdb,set_62e609c277,9,0
A3 SMPDB x MW-single-median-study,smpdb,set_f4b9260b4b,20,0
A3 SMPDB x MW-single-median-study,smpdb,set_e5b926ced6,19,0
A3 SMPDB x MW-single-median-study,smpdb,set_4d9c07d737,12,0
A3 SMPDB x MW-single-median-study,smpdb,set_6df9eeb96b,20,0
A3 SMPDB x MW-single-median-study,smpdb,set_e3cebc5231,22,0
A3 SMPDB x MW-single-median-study,smpdb,set_e5e97c1720,9,0
A3 SMPDB x MW-single-median-study,smpdb,set_0cc612debf,10,0
A3 SMPDB x MW-single-median-study,smpdb,set_c04495224e,18,1
A3 SMPDB x MW-single-median-study,smpdb,set_4d4c6aa3d4,19,0
A3 SMPDB x MW-single-median-study,smpdb,set_f31d7f72d0,25,0
A3 SMPDB x MW-single-median-study,smpdb,set_5a2792f9ed,27,1
A3 SMPDB x MW-single-median-study,smpdb,set_2449669e02,57,1
A3 SMPDB x MW-single-median-study,smpdb,set_cc3c0c7380,4,0
A3 SMPDB x MW-single-median-study,smpdb,set_04adb3a3ac,13,0
A3 SMPDB x MW-single-median-study,smpdb,set_c0c8e93789,15,0
A3 SMPDB x MW-single-median-study,smpdb,set_72f4cd6e8d,9,0
A3 SMPDB x MW-single-median-study,smpdb,set_15e079b75b,11,0
A3 SMPDB x MW-single-median-study,smpdb,set_056f221c55,12,0
A3 SMPDB x MW-single-median-study,smpdb,set_187a2777ed,21,0
A3 SMPDB x MW-single-median-study,smpdb,set_60b84238d1,24,0
A3 SMPDB x MW-single-median-study :: size_lt20,smpdb,set_6a07e89aca,17,0
A3 SMPDB x MW-single-median-study :: size_lt20,smpdb,set_1e739fc094,18,0
A3 SMPDB x MW-single-median-study :: size_lt20,smpdb,set_ad39336678,18,4
A3 SMPDB x MW-single-median-study :: size_lt20,smpdb,set_cebba23029,12,0
A3 SMPDB x MW-single-median-study :: size_lt20,smpdb,set_12e6179242,11,0
A3 SMPDB x MW-single-median-study :: size_lt20,smpdb,set_d968f73897,14,0
A3 SMPDB x MW-single-median-study :: size_lt20,smpdb,set_d786d26975,17,0
A3 SMPDB x MW-single-median-study :: size_lt20,smpdb,set_0aff08fe79,19,0
A3 SMPDB x MW-single-median-study :: size_lt20,smpdb,set_007eaa1a85,7,0
A3 SMPDB x MW-single-median-study :: size_lt20,smpdb,set_e8b09d796f,19,0
A3 SMPDB x MW-single-median-study :: size_lt20,smpdb,set_fb49fea8a3,13,0
A3 SMPDB x MW-single-median-study :: size_lt20,smpdb,set_928b2c583e,19,0
A3 SMPDB x MW-single-median-study :: size_lt20,smpdb,set_501cd3859e,9,0
A3 SMPDB x MW-single-median-study :: size_lt20,smpdb,set_49e86234df,10,0
A3 SMPDB x MW-single-median-study :: size_lt20,smpdb,set_dda94f81b4,9,0
A3 SMPDB x MW-single-median-study :: size_lt20,smpdb,set_32901117b9,11,0
A3 SMPDB x MW-single-median-study :: size_lt20,smpdb,set_fd311e4727,10,0
A3 SMPDB x MW-single-median-study :: size_lt20,smpdb,set_e6b18b1d2f,19,1
A3 SMPDB x MW-single-median-study :: size_lt20,smpdb,set_f314f1647f,17,0
A3 SMPDB x MW-single-median-study :: size_lt20,smpdb,set_966d757772,18,0
A3 SMPDB x MW-single-median-study :: size_lt20,smpdb,set_674ec21534,18,0
A3 SMPDB x MW-single-median-study :: size_lt20,smpdb,set_bde45c348a,18,0
A3 SMPDB x MW-single-median-study :: size_lt20,smpdb,set_20adf3af55,8,0
A3 SMPDB x MW-single-median-study :: size_lt20,smpdb,set_77ee06219f,8,0
A3 SMPDB x MW-single-median-study :: size_lt20,smpdb,set_62e609c277,9,0
A3 SMPDB x MW-single-median-study :: size_lt20,smpdb,set_e5b926ced6,19,0
A3 SMPDB x MW-single-median-study :: size_lt20,smpdb,set_4d9c07d737,12,0
A3 SMPDB x MW-single-median-study :: size_lt20,smpdb,set_e5e97c1720,9,0
A3 SMPDB x MW-single-median-study :: size_lt20,smpdb,set_0cc612debf,10,0
A3 SMPDB x MW-single-median-study :: size_lt20,smpdb,set_c04495224e,18,1
A3 SMPDB x MW-single-median-study :: size_lt20,smpdb,set_4d4c6aa3d4,19,0
A3 SMPDB x MW-single-median-study :: size_lt20,smpdb,set_cc3c0c7380,4,0
A3 SMPDB x MW-single-median-study :: size_lt20,smpdb,set_04adb3a3ac,13,0
A3 SMPDB x MW-single-median-study :: size_lt20,smpdb,set_c0c8e93789,15,0
A3 SMPDB x MW-single-median-study :: size_lt20,smpdb,set_72f4cd6e8d,9,0
A3 SMPDB x MW-single-median-study :: size_lt20,smpdb,set_15e079b75b,11,0
A3 SMPDB x MW-single-median-study :: size_lt20,smpdb,set_056f221c55,12,0
A3 SMPDB x MW-single-median-study :: size_20to40,smpdb,set_6cedf5e797,21,0
A3 SMPDB x MW-single-median-study :: size_20to40,smpdb,set_88b55fb0f6,34,0
A3 SMPDB x MW-single-median-study :: size_20to40,smpdb,set_62f7838c4b,27,0
A3 SMPDB x MW-single-median-study :: size_20to40,smpdb,set_8f14919c57,30,0
A3 SMPDB x MW-single-median-study :: size_20to40,smpdb,set_ee5450b2bd,29,0
A3 SMPDB x MW-single-median-study :: size_20to40,smpdb,set_dc3ecf91c4,26,0
A3 SMPDB x MW-single-median-study :: size_20to40,smpdb,set_91963c7ed3,25,0
A3 SMPDB x MW-single-median-study :: size_20to40,smpdb,set_cafeb96a19,20,0
A3 SMPDB x MW-single-median-study :: size_20to40,smpdb,set_4138901fbd,40,0
A3 SMPDB x MW-single-median-study :: size_20to40,smpdb,set_2a8a0c2c46,29,0
A3 SMPDB x MW-single-median-study :: size_20to40,smpdb,set_92fd5187ca,21,0
A3 SMPDB x MW-single-median-study :: size_20to40,smpdb,set_ebe56592ba,25,0
A3 SMPDB x MW-single-median-study :: size_20to40,smpdb,set_f6749acc3e,28,0
A3 SMPDB x MW-single-median-study :: size_20to40,smpdb,set_02ce992066,26,0
A3 SMPDB x MW-single-median-study :: size_20to40,smpdb,set_6c6f6fe984,27,0
A3 SMPDB x MW-single-median-study :: size_20to40,smpdb,set_3ad12c9721,39,9
A3 SMPDB x MW-single-median-study :: size_20to40,smpdb,set_c73206817a,27,0
A3 SMPDB x MW-single-median-study :: size_20to40,smpdb,set_7611dca40a,24,1
A3 SMPDB x MW-single-median-study :: size_20to40,smpdb,set_306c9f6cd5,21,0
A3 SMPDB x MW-single-median-study :: size_20to40,smpdb,set_dcac348055,23,0
A3 SMPDB x MW-single-median-study :: size_20to40,smpdb,set_8dc114a9ed,29,0
A3 SMPDB x MW-single-median-study :: size_20to40,smpdb,set_6ff8c01e5e,30,0
A3 SMPDB x MW-single-median-study :: size_20to40,smpdb,set_d8299a4fe5,37,0
A3 SMPDB x MW-single-median-study :: size_20to40,smpdb,set_4155aad91f,29,0
A3 SMPDB x MW-single-median-study :: size_20to40,smpdb,set_d997a612d8,34,1
A3 SMPDB x MW-single-median-study :: size_20to40,smpdb,set_1d6e8ac05b,33,1
A3 SMPDB x MW-single-median-study :: size_20to40,smpdb,set_a68d7485f6,30,0
A3 SMPDB x MW-single-median-study :: size_20to40,smpdb,set_5bbb159ce1,27,0
A3 SMPDB x MW-single-median-study :: size_20to40,smpdb,set_20f50bea95,30,0
A3 SMPDB x MW-single-median-study :: size_20to40,smpdb,set_3944272443,33,0
A3 SMPDB x MW-single-median-study :: size_20to40,smpdb,set_4c4dde4cee,31,0
A3 SMPDB x MW-single-median-study :: size_20to40,smpdb,set_26e5cf99ef,28,0
A3 SMPDB x MW-single-median-study :: size_20to40,smpdb,set_af90147001,23,0
A3 SMPDB x MW-single-median-study :: size_20to40,smpdb,set_3b7769be62,31,0
A3 SMPDB x MW-single-median-study :: size_20to40,smpdb,set_a008ea69fd,24,0
A3 SMPDB x MW-single-median-study :: size_20to40,smpdb,set_aa627ee9ea,35,1
A3 SMPDB x MW-single-median-study :: size_20to40,smpdb,set_f4b9260b4b,20,0
A3 SMPDB x MW-single-median-study :: size_20to40,smpdb,set_6df9eeb96b,20,0
A3 SMPDB x MW-single-median-study :: size_20to40,smpdb,set_e3cebc5231,22,0
A3 SMPDB x MW-single-median-study :: size_20to40,smpdb,set_f31d7f72d0,25,0
A3 SMPDB x MW-single-median-study :: size_20to40,smpdb,set_5a2792f9ed,27,1
A3 SMPDB x MW-single-median-study :: size_20to40,smpdb,set_187a2777ed,21,0
A3 SMPDB x MW-single-median-study :: size_20to40,smpdb,set_60b84238d1,24,0
A3 SMPDB x MW-single-median-study :: size_gt40,smpdb,set_2ea504427c,55,0
A3 SMPDB x MW-single-median-study :: size_gt40,smpdb,set_2269f3f803,66,0
A3 SMPDB x MW-single-median-study :: size_gt40,smpdb,set_fe4be9692e,41,0
A3 SMPDB x MW-single-median-study :: size_gt40,smpdb,set_17971c5e65,51,0
A3 SMPDB x MW-single-median-study :: size_gt40,smpdb,set_0c94cdb580,47,2
A3 SMPDB x MW-single-median-study :: size_gt40,smpdb,set_144dc4b8a3,59,0
A3 SMPDB x MW-single-median-study :: size_gt40,smpdb,set_36e1adacc2,43,0
A3 SMPDB x MW-single-median-study :: size_gt40,smpdb,set_b2e59f9fd9,64,3
A3 SMPDB x MW-single-median-study :: size_gt40,smpdb,set_b8bafd02ba,42,0
A3 SMPDB x MW-single-median-study :: size_gt40,smpdb,set_97bf5c8dbb,58,0
A3 SMPDB x MW-single-median-study :: size_gt40,smpdb,set_a84483e0f0,73,0
A3 SMPDB x MW-single-median-study :: size_gt40,smpdb,set_923880e871,43,1
A3 SMPDB x MW-single-median-study :: size_gt40,smpdb,set_15ceb8b840,44,0
A3 SMPDB x MW-single-median-study :: size_gt40,smpdb,set_e0c210b392,61,0
A3 SMPDB x MW-single-median-study :: size_gt40,smpdb,set_e6f8cfb763,49,0
A3 SMPDB x MW-single-median-study :: size_gt40,smpdb,set_29ebf3f3da,67,1
A3 SMPDB x MW-single-median-study :: size_gt40,smpdb,set_5f262e7d07,42,1
A3 SMPDB x MW-single-median-study :: size_gt40,smpdb,set_2449669e02,57,1
A4 SMPDB x detected-in->=10pct-of-studies,smpdb,set_2ea504427c,55,29
A4 SMPDB x detected-in->=10pct-of-studies,smpdb,set_6cedf5e797,21,5
A4 SMPDB x detected-in->=10pct-of-studies,smpdb,set_2269f3f803,66,15
A4 SMPDB x detected-in->=10pct-of-studies,smpdb,set_88b55fb0f6,34,17
A4 SMPDB x detected-in->=10pct-of-studies,smpdb,set_62f7838c4b,27,10
A4 SMPDB x detected-in->=10pct-of-studies,smpdb,set_8f14919c57,30,18
A4 SMPDB x detected-in->=10pct-of-studies,smpdb,set_6a07e89aca,17,9
A4 SMPDB x detected-in->=10pct-of-studies,smpdb,set_ee5450b2bd,29,7
A4 SMPDB x detected-in->=10pct-of-studies,smpdb,set_1e739fc094,18,4
A4 SMPDB x detected-in->=10pct-of-studies,smpdb,set_dc3ecf91c4,26,10
A4 SMPDB x detected-in->=10pct-of-studies,smpdb,set_91963c7ed3,25,15
A4 SMPDB x detected-in->=10pct-of-studies,smpdb,set_fe4be9692e,41,15
A4 SMPDB x detected-in->=10pct-of-studies,smpdb,set_cafeb96a19,20,5
A4 SMPDB x detected-in->=10pct-of-studies,smpdb,set_ad39336678,18,3
A4 SMPDB x detected-in->=10pct-of-studies,smpdb,set_17971c5e65,51,27
A4 SMPDB x detected-in->=10pct-of-studies,smpdb,set_cebba23029,12,3
A4 SMPDB x detected-in->=10pct-of-studies,smpdb,set_0c94cdb580,47,9
A4 SMPDB x detected-in->=10pct-of-studies,smpdb,set_4138901fbd,40,8
A4 SMPDB x detected-in->=10pct-of-studies,smpdb,set_2a8a0c2c46,29,11
A4 SMPDB x detected-in->=10pct-of-studies,smpdb,set_92fd5187ca,21,7
A4 SMPDB x detected-in->=10pct-of-studies,smpdb,set_ebe56592ba,25,7
A4 SMPDB x detected-in->=10pct-of-studies,smpdb,set_f6749acc3e,28,8
A4 SMPDB x detected-in->=10pct-of-studies,smpdb,set_02ce992066,26,9
A4 SMPDB x detected-in->=10pct-of-studies,smpdb,set_6c6f6fe984,27,13
A4 SMPDB x detected-in->=10pct-of-studies,smpdb,set_144dc4b8a3,59,21
A4 SMPDB x detected-in->=10pct-of-studies,smpdb,set_36e1adacc2,43,24
A4 SMPDB x detected-in->=10pct-of-studies,smpdb,set_3ad12c9721,39,15
A4 SMPDB x detected-in->=10pct-of-studies,smpdb,set_b2e59f9fd9,64,20
A4 SMPDB x detected-in->=10pct-of-studies,smpdb,set_12e6179242,11,4
A4 SMPDB x detected-in->=10pct-of-studies,smpdb,set_c73206817a,27,11
A4 SMPDB x detected-in->=10pct-of-studies,smpdb,set_7611dca40a,24,14
A4 SMPDB x detected-in->=10pct-of-studies,smpdb,set_306c9f6cd5,21,13
A4 SMPDB x detected-in->=10pct-of-studies,smpdb,set_dcac348055,23,3
A4 SMPDB x detected-in->=10pct-of-studies,smpdb,set_8dc114a9ed,29,15
A4 SMPDB x detected-in->=10pct-of-studies,smpdb,set_b8bafd02ba,42,21
A4 SMPDB x detected-in->=10pct-of-studies,smpdb,set_6ff8c01e5e,30,15
A4 SMPDB x detected-in->=10pct-of-studies,smpdb,set_97bf5c8dbb,58,27
A4 SMPDB x detected-in->=10pct-of-studies,smpdb,set_d8299a4fe5,37,17
A4 SMPDB x detected-in->=10pct-of-studies,smpdb,set_a84483e0f0,73,30
A4 SMPDB x detected-in->=10pct-of-studies,smpdb,set_923880e871,43,9
A4 SMPDB x detected-in->=10pct-of-studies,smpdb,set_d968f73897,14,7
A4 SMPDB x detected-in->=10pct-of-studies,smpdb,set_4155aad91f,29,9
A4 SMPDB x detected-in->=10pct-of-studies,smpdb,set_d997a612d8,34,6
A4 SMPDB x detected-in->=10pct-of-studies,smpdb,set_d786d26975,17,10
A4 SMPDB x detected-in->=10pct-of-studies,smpdb,set_1d6e8ac05b,33,18
A4 SMPDB x detected-in->=10pct-of-studies,smpdb,set_a68d7485f6,30,16
A4 SMPDB x detected-in->=10pct-of-studies,smpdb,set_5bbb159ce1,27,18
A4 SMPDB x detected-in->=10pct-of-studies,smpdb,set_15ceb8b840,44,18
A4 SMPDB x detected-in->=10pct-of-studies,smpdb,set_e0c210b392,61,23
A4 SMPDB x detected-in->=10pct-of-studies,smpdb,set_20f50bea95,30,15
A4 SMPDB x detected-in->=10pct-of-studies,smpdb,set_0aff08fe79,19,4
A4 SMPDB x detected-in->=10pct-of-studies,smpdb,set_007eaa1a85,7,3
A4 SMPDB x detected-in->=10pct-of-studies,smpdb,set_3944272443,33,19
A4 SMPDB x detected-in->=10pct-of-studies,smpdb,set_4c4dde4cee,31,6
A4 SMPDB x detected-in->=10pct-of-studies,smpdb,set_e8b09d796f,19,6
A4 SMPDB x detected-in->=10pct-of-studies,smpdb,set_fb49fea8a3,13,6
A4 SMPDB x detected-in->=10pct-of-studies,smpdb,set_e6f8cfb763,49,24
A4 SMPDB x detected-in->=10pct-of-studies,smpdb,set_928b2c583e,19,8
A4 SMPDB x detected-in->=10pct-of-studies,smpdb,set_26e5cf99ef,28,6
A4 SMPDB x detected-in->=10pct-of-studies,smpdb,set_29ebf3f3da,67,6
A4 SMPDB x detected-in->=10pct-of-studies,smpdb,set_501cd3859e,9,5
A4 SMPDB x detected-in->=10pct-of-studies,smpdb,set_af90147001,23,13
A4 SMPDB x detected-in->=10pct-of-studies,smpdb,set_49e86234df,10,7
A4 SMPDB x detected-in->=10pct-of-studies,smpdb,set_dda94f81b4,9,4
A4 SMPDB x detected-in->=10pct-of-studies,smpdb,set_32901117b9,11,7
A4 SMPDB x detected-in->=10pct-of-studies,smpdb,set_3b7769be62,31,19
A4 SMPDB x detected-in->=10pct-of-studies,smpdb,set_fd311e4727,10,6
A4 SMPDB x detected-in->=10pct-of-studies,smpdb,set_5f262e7d07,42,6
A4 SMPDB x detected-in->=10pct-of-studies,smpdb,set_e6b18b1d2f,19,11
A4 SMPDB x detected-in->=10pct-of-studies,smpdb,set_f314f1647f,17,9
A4 SMPDB x detected-in->=10pct-of-studies,smpdb,set_966d757772,18,9
A4 SMPDB x detected-in->=10pct-of-studies,smpdb,set_674ec21534,18,7
A4 SMPDB x detected-in->=10pct-of-studies,smpdb,set_a008ea69fd,24,8
A4 SMPDB x detected-in->=10pct-of-studies,smpdb,set_bde45c348a,18,7
A4 SMPDB x detected-in->=10pct-of-studies,smpdb,set_20adf3af55,8,4
A4 SMPDB x detected-in->=10pct-of-studies,smpdb,set_aa627ee9ea,35,11
A4 SMPDB x detected-in->=10pct-of-studies,smpdb,set_77ee06219f,8,5
A4 SMPDB x detected-in->=10pct-of-studies,smpdb,set_62e609c277,9,4
A4 SMPDB x detected-in->=10pct-of-studies,smpdb,set_f4b9260b4b,20,6
A4 SMPDB x detected-in->=10pct-of-studies,smpdb,set_e5b926ced6,19,5
A4 SMPDB x detected-in->=10pct-of-studies,smpdb,set_4d9c07d737,12,4
A4 SMPDB x detected-in->=10pct-of-studies,smpdb,set_6df9eeb96b,20,12
A4 SMPDB x detected-in->=10pct-of-studies,smpdb,set_e3cebc5231,22,13
A4 SMPDB x detected-in->=10pct-of-studies,smpdb,set_e5e97c1720,9,5
A4 SMPDB x detected-in->=10pct-of-studies,smpdb,set_0cc612debf,10,1
A4 SMPDB x detected-in->=10pct-of-studies,smpdb,set_c04495224e,18,5
A4 SMPDB x detected-in->=10pct-of-studies,smpdb,set_4d4c6aa3d4,19,7
A4 SMPDB x detected-in->=10pct-of-studies,smpdb,set_f31d7f72d0,25,7
A4 SMPDB x detected-in->=10pct-of-studies,smpdb,set_5a2792f9ed,27,9
A4 SMPDB x detected-in->=10pct-of-studies,smpdb,set_2449669e02,57,31
A4 SMPDB x detected-in->=10pct-of-studies,smpdb,set_cc3c0c7380,4,4
A4 SMPDB x detected-in->=10pct-of-studies,smpdb,set_04adb3a3ac,13,2
A4 SMPDB x detected-in->=10pct-of-studies,smpdb,set_c0c8e93789,15,11
A4 SMPDB x detected-in->=10pct-of-studies,smpdb,set_72f4cd6e8d,9,5
A4 SMPDB x detected-in->=10pct-of-studies,smpdb,set_15e079b75b,11,7
A4 SMPDB x detected-in->=10pct-of-studies,smpdb,set_056f221c55,12,8
A4 SMPDB x detected-in->=10pct-of-studies,smpdb,set_187a2777ed,21,6
A4 SMPDB x detected-in->=10pct-of-studies,smpdb,set_60b84238d1,24,8
A4 SMPDB x detected-in->=10pct-of-studies :: size_lt20,smpdb,set_6a07e89aca,17,9
A4 SMPDB x detected-in->=10pct-of-studies :: size_lt20,smpdb,set_1e739fc094,18,4
A4 SMPDB x detected-in->=10pct-of-studies :: size_lt20,smpdb,set_ad39336678,18,3
A4 SMPDB x detected-in->=10pct-of-studies :: size_lt20,smpdb,set_cebba23029,12,3
A4 SMPDB x detected-in->=10pct-of-studies :: size_lt20,smpdb,set_12e6179242,11,4
A4 SMPDB x detected-in->=10pct-of-studies :: size_lt20,smpdb,set_d968f73897,14,7
A4 SMPDB x detected-in->=10pct-of-studies :: size_lt20,smpdb,set_d786d26975,17,10
A4 SMPDB x detected-in->=10pct-of-studies :: size_lt20,smpdb,set_0aff08fe79,19,4
A4 SMPDB x detected-in->=10pct-of-studies :: size_lt20,smpdb,set_007eaa1a85,7,3
A4 SMPDB x detected-in->=10pct-of-studies :: size_lt20,smpdb,set_e8b09d796f,19,6
A4 SMPDB x detected-in->=10pct-of-studies :: size_lt20,smpdb,set_fb49fea8a3,13,6
A4 SMPDB x detected-in->=10pct-of-studies :: size_lt20,smpdb,set_928b2c583e,19,8
A4 SMPDB x detected-in->=10pct-of-studies :: size_lt20,smpdb,set_501cd3859e,9,5
A4 SMPDB x detected-in->=10pct-of-studies :: size_lt20,smpdb,set_49e86234df,10,7
A4 SMPDB x detected-in->=10pct-of-studies :: size_lt20,smpdb,set_dda94f81b4,9,4
A4 SMPDB x detected-in->=10pct-of-studies :: size_lt20,smpdb,set_32901117b9,11,7
A4 SMPDB x detected-in->=10pct-of-studies :: size_lt20,smpdb,set_fd311e4727,10,6
A4 SMPDB x detected-in->=10pct-of-studies :: size_lt20,smpdb,set_e6b18b1d2f,19,11
A4 SMPDB x detected-in->=10pct-of-studies :: size_lt20,smpdb,set_f314f1647f,17,9
A4 SMPDB x detected-in->=10pct-of-studies :: size_lt20,smpdb,set_966d757772,18,9
A4 SMPDB x detected-in->=10pct-of-studies :: size_lt20,smpdb,set_674ec21534,18,7
A4 SMPDB x detected-in->=10pct-of-studies :: size_lt20,smpdb,set_bde45c348a,18,7
A4 SMPDB x detected-in->=10pct-of-studies :: size_lt20,smpdb,set_20adf3af55,8,4
A4 SMPDB x detected-in->=10pct-of-studies :: size_lt20,smpdb,set_77ee06219f,8,5
A4 SMPDB x detected-in->=10pct-of-studies :: size_lt20,smpdb,set_62e609c277,9,4
A4 SMPDB x detected-in->=10pct-of-studies :: size_lt20,smpdb,set_e5b926ced6,19,5
A4 SMPDB x detected-in->=10pct-of-studies :: size_lt20,smpdb,set_4d9c07d737,12,4
A4 SMPDB x detected-in->=10pct-of-studies :: size_lt20,smpdb,set_e5e97c1720,9,5
A4 SMPDB x detected-in->=10pct-of-studies :: size_lt20,smpdb,set_0cc612debf,10,1
A4 SMPDB x detected-in->=10pct-of-studies :: size_lt20,smpdb,set_c04495224e,18,5
A4 SMPDB x detected-in->=10pct-of-studies :: size_lt20,smpdb,set_4d4c6aa3d4,19,7
A4 SMPDB x detected-in->=10pct-of-studies :: size_lt20,smpdb,set_cc3c0c7380,4,4
A4 SMPDB x detected-in->=10pct-of-studies :: size_lt20,smpdb,set_04adb3a3ac,13,2
A4 SMPDB x detected-in->=10pct-of-studies :: size_lt20,smpdb,set_c0c8e93789,15,11
A4 SMPDB x detected-in->=10pct-of-studies :: size_lt20,smpdb,set_72f4cd6e8d,9,5
A4 SMPDB x detected-in->=10pct-of-studies :: size_lt20,smpdb,set_15e079b75b,11,7
A4 SMPDB x detected-in->=10pct-of-studies :: size_lt20,smpdb,set_056f221c55,12,8
A4 SMPDB x detected-in->=10pct-of-studies :: size_20to40,smpdb,set_6cedf5e797,21,5
A4 SMPDB x detected-in->=10pct-of-studies :: size_20to40,smpdb,set_88b55fb0f6,34,17
A4 SMPDB x detected-in->=10pct-of-studies :: size_20to40,smpdb,set_62f7838c4b,27,10
A4 SMPDB x detected-in->=10pct-of-studies :: size_20to40,smpdb,set_8f14919c57,30,18
A4 SMPDB x detected-in->=10pct-of-studies :: size_20to40,smpdb,set_ee5450b2bd,29,7
A4 SMPDB x detected-in->=10pct-of-studies :: size_20to40,smpdb,set_dc3ecf91c4,26,10
A4 SMPDB x detected-in->=10pct-of-studies :: size_20to40,smpdb,set_91963c7ed3,25,15
A4 SMPDB x detected-in->=10pct-of-studies :: size_20to40,smpdb,set_cafeb96a19,20,5
A4 SMPDB x detected-in->=10pct-of-studies :: size_20to40,smpdb,set_4138901fbd,40,8
A4 SMPDB x detected-in->=10pct-of-studies :: size_20to40,smpdb,set_2a8a0c2c46,29,11
A4 SMPDB x detected-in->=10pct-of-studies :: size_20to40,smpdb,set_92fd5187ca,21,7
A4 SMPDB x detected-in->=10pct-of-studies :: size_20to40,smpdb,set_ebe56592ba,25,7
A4 SMPDB x detected-in->=10pct-of-studies :: size_20to40,smpdb,set_f6749acc3e,28,8
A4 SMPDB x detected-in->=10pct-of-studies :: size_20to40,smpdb,set_02ce992066,26,9
A4 SMPDB x detected-in->=10pct-of-studies :: size_20to40,smpdb,set_6c6f6fe984,27,13
A4 SMPDB x detected-in->=10pct-of-studies :: size_20to40,smpdb,set_3ad12c9721,39,15
A4 SMPDB x detected-in->=10pct-of-studies :: size_20to40,smpdb,set_c73206817a,27,11
A4 SMPDB x detected-in->=10pct-of-studies :: size_20to40,smpdb,set_7611dca40a,24,14
A4 SMPDB x detected-in->=10pct-of-studies :: size_20to40,smpdb,set_306c9f6cd5,21,13
A4 SMPDB x detected-in->=10pct-of-studies :: size_20to40,smpdb,set_dcac348055,23,3
A4 SMPDB x detected-in->=10pct-of-studies :: size_20to40,smpdb,set_8dc114a9ed,29,15
A4 SMPDB x detected-in->=10pct-of-studies :: size_20to40,smpdb,set_6ff8c01e5e,30,15
A4 SMPDB x detected-in->=10pct-of-studies :: size_20to40,smpdb,set_d8299a4fe5,37,17
A4 SMPDB x detected-in->=10pct-of-studies :: size_20to40,smpdb,set_4155aad91f,29,9
A4 SMPDB x detected-in->=10pct-of-studies :: size_20to40,smpdb,set_d997a612d8,34,6
A4 SMPDB x detected-in->=10pct-of-studies :: size_20to40,smpdb,set_1d6e8ac05b,33,18
A4 SMPDB x detected-in->=10pct-of-studies :: size_20to40,smpdb,set_a68d7485f6,30,16
A4 SMPDB x detected-in->=10pct-of-studies :: size_20to40,smpdb,set_5bbb159ce1,27,18
A4 SMPDB x detected-in->=10pct-of-studies :: size_20to40,smpdb,set_20f50bea95,30,15
A4 SMPDB x detected-in->=10pct-of-studies :: size_20to40,smpdb,set_3944272443,33,19
A4 SMPDB x detected-in->=10pct-of-studies :: size_20to40,smpdb,set_4c4dde4cee,31,6
A4 SMPDB x detected-in->=10pct-of-studies :: size_20to40,smpdb,set_26e5cf99ef,28,6
A4 SMPDB x detected-in->=10pct-of-studies :: size_20to40,smpdb,set_af90147001,23,13
A4 SMPDB x detected-in->=10pct-of-studies :: size_20to40,smpdb,set_3b7769be62,31,19
A4 SMPDB x detected-in->=10pct-of-studies :: size_20to40,smpdb,set_a008ea69fd,24,8
A4 SMPDB x detected-in->=10pct-of-studies :: size_20to40,smpdb,set_aa627ee9ea,35,11
A4 SMPDB x detected-in->=10pct-of-studies :: size_20to40,smpdb,set_f4b9260b4b,20,6
A4 SMPDB x detected-in->=10pct-of-studies :: size_20to40,smpdb,set_6df9eeb96b,20,12
A4 SMPDB x detected-in->=10pct-of-studies :: size_20to40,smpdb,set_e3cebc5231,22,13
A4 SMPDB x detected-in->=10pct-of-studies :: size_20to40,smpdb,set_f31d7f72d0,25,7
A4 SMPDB x detected-in->=10pct-of-studies :: size_20to40,smpdb,set_5a2792f9ed,27,9
A4 SMPDB x detected-in->=10pct-of-studies :: size_20to40,smpdb,set_187a2777ed,21,6
A4 SMPDB x detected-in->=10pct-of-studies :: size_20to40,smpdb,set_60b84238d1,24,8
A4 SMPDB x detected-in->=10pct-of-studies :: size_gt40,smpdb,set_2ea504427c,55,29
A4 SMPDB x detected-in->=10pct-of-studies :: size_gt40,smpdb,set_2269f3f803,66,15
A4 SMPDB x detected-in->=10pct-of-studies :: size_gt40,smpdb,set_fe4be9692e,41,15
A4 SMPDB x detected-in->=10pct-of-studies :: size_gt40,smpdb,set_17971c5e65,51,27
A4 SMPDB x detected-in->=10pct-of-studies :: size_gt40,smpdb,set_0c94cdb580,47,9
A4 SMPDB x detected-in->=10pct-of-studies :: size_gt40,smpdb,set_144dc4b8a3,59,21
A4 SMPDB x detected-in->=10pct-of-studies :: size_gt40,smpdb,set_36e1adacc2,43,24
A4 SMPDB x detected-in->=10pct-of-studies :: size_gt40,smpdb,set_b2e59f9fd9,64,20
A4 SMPDB x detected-in->=10pct-of-studies :: size_gt40,smpdb,set_b8bafd02ba,42,21
A4 SMPDB x detected-in->=10pct-of-studies :: size_gt40,smpdb,set_97bf5c8dbb,58,27
A4 SMPDB x detected-in->=10pct-of-studies :: size_gt40,smpdb,set_a84483e0f0,73,30
A4 SMPDB x detected-in->=10pct-of-studies :: size_gt40,smpdb,set_923880e871,43,9
A4 SMPDB x detected-in->=10pct-of-studies :: size_gt40,smpdb,set_15ceb8b840,44,18
A4 SMPDB x detected-in->=10pct-of-studies :: size_gt40,smpdb,set_e0c210b392,61,23
A4 SMPDB x detected-in->=10pct-of-studies :: size_gt40,smpdb,set_e6f8cfb763,49,24
A4 SMPDB x detected-in->=10pct-of-studies :: size_gt40,smpdb,set_29ebf3f3da,67,6
A4 SMPDB x detected-in->=10pct-of-studies :: size_gt40,smpdb,set_5f262e7d07,42,6
A4 SMPDB x detected-in->=10pct-of-studies :: size_gt40,smpdb,set_2449669e02,57,31
A5 SMPDB sweep :: detected in >=0% of studies,smpdb_sweep,set_2ea504427c,55,43
A5 SMPDB sweep :: detected in >=0% of studies,smpdb_sweep,set_6cedf5e797,21,11
A5 SMPDB sweep :: detected in >=0% of studies,smpdb_sweep,set_2269f3f803,66,48
A5 SMPDB sweep :: detected in >=0% of studies,smpdb_sweep,set_88b55fb0f6,34,23
A5 SMPDB sweep :: detected in >=0% of studies,smpdb_sweep,set_62f7838c4b,27,15
A5 SMPDB sweep :: detected in >=0% of studies,smpdb_sweep,set_8f14919c57,30,23
A5 SMPDB sweep :: detected in >=0% of studies,smpdb_sweep,set_6a07e89aca,17,11
A5 SMPDB sweep :: detected in >=0% of studies,smpdb_sweep,set_ee5450b2bd,29,10
A5 SMPDB sweep :: detected in >=0% of studies,smpdb_sweep,set_1e739fc094,18,12
A5 SMPDB sweep :: detected in >=0% of studies,smpdb_sweep,set_dc3ecf91c4,26,13
A5 SMPDB sweep :: detected in >=0% of studies,smpdb_sweep,set_91963c7ed3,25,17
A5 SMPDB sweep :: detected in >=0% of studies,smpdb_sweep,set_fe4be9692e,41,30
A5 SMPDB sweep :: detected in >=0% of studies,smpdb_sweep,set_cafeb96a19,20,11
A5 SMPDB sweep :: detected in >=0% of studies,smpdb_sweep,set_ad39336678,18,13
A5 SMPDB sweep :: detected in >=0% of studies,smpdb_sweep,set_17971c5e65,51,40
A5 SMPDB sweep :: detected in >=0% of studies,smpdb_sweep,set_cebba23029,12,7
A5 SMPDB sweep :: detected in >=0% of studies,smpdb_sweep,set_0c94cdb580,47,34
A5 SMPDB sweep :: detected in >=0% of studies,smpdb_sweep,set_4138901fbd,40,17
A5 SMPDB sweep :: detected in >=0% of studies,smpdb_sweep,set_2a8a0c2c46,29,21
A5 SMPDB sweep :: detected in >=0% of studies,smpdb_sweep,set_92fd5187ca,21,15
A5 SMPDB sweep :: detected in >=0% of studies,smpdb_sweep,set_ebe56592ba,25,18
A5 SMPDB sweep :: detected in >=0% of studies,smpdb_sweep,set_f6749acc3e,28,13
A5 SMPDB sweep :: detected in >=0% of studies,smpdb_sweep,set_02ce992066,26,14
A5 SMPDB sweep :: detected in >=0% of studies,smpdb_sweep,set_6c6f6fe984,27,19
A5 SMPDB sweep :: detected in >=0% of studies,smpdb_sweep,set_144dc4b8a3,59,36
A5 SMPDB sweep :: detected in >=0% of studies,smpdb_sweep,set_36e1adacc2,43,32
A5 SMPDB sweep :: detected in >=0% of studies,smpdb_sweep,set_3ad12c9721,39,27
A5 SMPDB sweep :: detected in >=0% of studies,smpdb_sweep,set_b2e59f9fd9,64,41
A5 SMPDB sweep :: detected in >=0% of studies,smpdb_sweep,set_12e6179242,11,7
A5 SMPDB sweep :: detected in >=0% of studies,smpdb_sweep,set_c73206817a,27,21
A5 SMPDB sweep :: detected in >=0% of studies,smpdb_sweep,set_7611dca40a,24,22
A5 SMPDB sweep :: detected in >=0% of studies,smpdb_sweep,set_306c9f6cd5,21,17
A5 SMPDB sweep :: detected in >=0% of studies,smpdb_sweep,set_dcac348055,23,10
A5 SMPDB sweep :: detected in >=0% of studies,smpdb_sweep,set_8dc114a9ed,29,22
A5 SMPDB sweep :: detected in >=0% of studies,smpdb_sweep,set_b8bafd02ba,42,29
A5 SMPDB sweep :: detected in >=0% of studies,smpdb_sweep,set_6ff8c01e5e,30,21
A5 SMPDB sweep :: detected in >=0% of studies,smpdb_sweep,set_97bf5c8dbb,58,48
A5 SMPDB sweep :: detected in >=0% of studies,smpdb_sweep,set_d8299a4fe5,37,26
A5 SMPDB sweep :: detected in >=0% of studies,smpdb_sweep,set_a84483e0f0,73,54
A5 SMPDB sweep :: detected in >=0% of studies,smpdb_sweep,set_923880e871,43,18
A5 SMPDB sweep :: detected in >=0% of studies,smpdb_sweep,set_d968f73897,14,11
A5 SMPDB sweep :: detected in >=0% of studies,smpdb_sweep,set_4155aad91f,29,20
A5 SMPDB sweep :: detected in >=0% of studies,smpdb_sweep,set_d997a612d8,34,13
A5 SMPDB sweep :: detected in >=0% of studies,smpdb_sweep,set_d786d26975,17,14
A5 SMPDB sweep :: detected in >=0% of studies,smpdb_sweep,set_1d6e8ac05b,33,26
A5 SMPDB sweep :: detected in >=0% of studies,smpdb_sweep,set_a68d7485f6,30,22
A5 SMPDB sweep :: detected in >=0% of studies,smpdb_sweep,set_5bbb159ce1,27,21
A5 SMPDB sweep :: detected in >=0% of studies,smpdb_sweep,set_15ceb8b840,44,32
A5 SMPDB sweep :: detected in >=0% of studies,smpdb_sweep,set_e0c210b392,61,46
A5 SMPDB sweep :: detected in >=0% of studies,smpdb_sweep,set_20f50bea95,30,20
A5 SMPDB sweep :: detected in >=0% of studies,smpdb_sweep,set_0aff08fe79,19,6
A5 SMPDB sweep :: detected in >=0% of studies,smpdb_sweep,set_007eaa1a85,7,4
A5 SMPDB sweep :: detected in >=0% of studies,smpdb_sweep,set_3944272443,33,25
A5 SMPDB sweep :: detected in >=0% of studies,smpdb_sweep,set_4c4dde4cee,31,20
A5 SMPDB sweep :: detected in >=0% of studies,smpdb_sweep,set_e8b09d796f,19,12
A5 SMPDB sweep :: detected in >=0% of studies,smpdb_sweep,set_fb49fea8a3,13,11
A5 SMPDB sweep :: detected in >=0% of studies,smpdb_sweep,set_e6f8cfb763,49,37
A5 SMPDB sweep :: detected in >=0% of studies,smpdb_sweep,set_928b2c583e,19,15
A5 SMPDB sweep :: detected in >=0% of studies,smpdb_sweep,set_26e5cf99ef,28,14
A5 SMPDB sweep :: detected in >=0% of studies,smpdb_sweep,set_29ebf3f3da,67,44
A5 SMPDB sweep :: detected in >=0% of studies,smpdb_sweep,set_501cd3859e,9,7
A5 SMPDB sweep :: detected in >=0% of studies,smpdb_sweep,set_af90147001,23,15
A5 SMPDB sweep :: detected in >=0% of studies,smpdb_sweep,set_49e86234df,10,10
A5 SMPDB sweep :: detected in >=0% of studies,smpdb_sweep,set_dda94f81b4,9,6
A5 SMPDB sweep :: detected in >=0% of studies,smpdb_sweep,set_32901117b9,11,8
A5 SMPDB sweep :: detected in >=0% of studies,smpdb_sweep,set_3b7769be62,31,25
A5 SMPDB sweep :: detected in >=0% of studies,smpdb_sweep,set_fd311e4727,10,8
A5 SMPDB sweep :: detected in >=0% of studies,smpdb_sweep,set_5f262e7d07,42,25
A5 SMPDB sweep :: detected in >=0% of studies,smpdb_sweep,set_e6b18b1d2f,19,13
A5 SMPDB sweep :: detected in >=0% of studies,smpdb_sweep,set_f314f1647f,17,10
A5 SMPDB sweep :: detected in >=0% of studies,smpdb_sweep,set_966d757772,18,12
A5 SMPDB sweep :: detected in >=0% of studies,smpdb_sweep,set_674ec21534,18,10
A5 SMPDB sweep :: detected in >=0% of studies,smpdb_sweep,set_a008ea69fd,24,14
A5 SMPDB sweep :: detected in >=0% of studies,smpdb_sweep,set_bde45c348a,18,15
A5 SMPDB sweep :: detected in >=0% of studies,smpdb_sweep,set_20adf3af55,8,6
A5 SMPDB sweep :: detected in >=0% of studies,smpdb_sweep,set_aa627ee9ea,35,28
A5 SMPDB sweep :: detected in >=0% of studies,smpdb_sweep,set_77ee06219f,8,5
A5 SMPDB sweep :: detected in >=0% of studies,smpdb_sweep,set_62e609c277,9,6
A5 SMPDB sweep :: detected in >=0% of studies,smpdb_sweep,set_f4b9260b4b,20,9
A5 SMPDB sweep :: detected in >=0% of studies,smpdb_sweep,set_e5b926ced6,19,6
A5 SMPDB sweep :: detected in >=0% of studies,smpdb_sweep,set_4d9c07d737,12,7
A5 SMPDB sweep :: detected in >=0% of studies,smpdb_sweep,set_6df9eeb96b,20,15
A5 SMPDB sweep :: detected in >=0% of studies,smpdb_sweep,set_e3cebc5231,22,17
A5 SMPDB sweep :: detected in >=0% of studies,smpdb_sweep,set_e5e97c1720,9,6
A5 SMPDB sweep :: detected in >=0% of studies,smpdb_sweep,set_0cc612debf,10,1
A5 SMPDB sweep :: detected in >=0% of studies,smpdb_sweep,set_c04495224e,18,8
A5 SMPDB sweep :: detected in >=0% of studies,smpdb_sweep,set_4d4c6aa3d4,19,11
A5 SMPDB sweep :: detected in >=0% of studies,smpdb_sweep,set_f31d7f72d0,25,11
A5 SMPDB sweep :: detected in >=0% of studies,smpdb_sweep,set_5a2792f9ed,27,13
A5 SMPDB sweep :: detected in >=0% of studies,smpdb_sweep,set_2449669e02,57,44
A5 SMPDB sweep :: detected in >=0% of studies,smpdb_sweep,set_cc3c0c7380,4,4
A5 SMPDB sweep :: detected in >=0% of studies,smpdb_sweep,set_04adb3a3ac,13,7
A5 SMPDB sweep :: detected in >=0% of studies,smpdb_sweep,set_c0c8e93789,15,12
A5 SMPDB sweep :: detected in >=0% of studies,smpdb_sweep,set_72f4cd6e8d,9,6
A5 SMPDB sweep :: detected in >=0% of studies,smpdb_sweep,set_15e079b75b,11,8
A5 SMPDB sweep :: detected in >=0% of studies,smpdb_sweep,set_056f221c55,12,9
A5 SMPDB sweep :: detected in >=0% of studies,smpdb_sweep,set_187a2777ed,21,15
A5 SMPDB sweep :: detected in >=0% of studies,smpdb_sweep,set_60b84238d1,24,15
A5 SMPDB sweep :: detected in >=0% of studies :: size_lt20,smpdb_sweep,set_6a07e89aca,17,11
A5 SMPDB sweep :: detected in >=0% of studies :: size_lt20,smpdb_sweep,set_1e739fc094,18,12
A5 SMPDB sweep :: detected in >=0% of studies :: size_lt20,smpdb_sweep,set_ad39336678,18,13
A5 SMPDB sweep :: detected in >=0% of studies :: size_lt20,smpdb_sweep,set_cebba23029,12,7
A5 SMPDB sweep :: detected in >=0% of studies :: size_lt20,smpdb_sweep,set_12e6179242,11,7
A5 SMPDB sweep :: detected in >=0% of studies :: size_lt20,smpdb_sweep,set_d968f73897,14,11
A5 SMPDB sweep :: detected in >=0% of studies :: size_lt20,smpdb_sweep,set_d786d26975,17,14
A5 SMPDB sweep :: detected in >=0% of studies :: size_lt20,smpdb_sweep,set_0aff08fe79,19,6
A5 SMPDB sweep :: detected in >=0% of studies :: size_lt20,smpdb_sweep,set_007eaa1a85,7,4
A5 SMPDB sweep :: detected in >=0% of studies :: size_lt20,smpdb_sweep,set_e8b09d796f,19,12
A5 SMPDB sweep :: detected in >=0% of studies :: size_lt20,smpdb_sweep,set_fb49fea8a3,13,11
A5 SMPDB sweep :: detected in >=0% of studies :: size_lt20,smpdb_sweep,set_928b2c583e,19,15
A5 SMPDB sweep :: detected in >=0% of studies :: size_lt20,smpdb_sweep,set_501cd3859e,9,7
A5 SMPDB sweep :: detected in >=0% of studies :: size_lt20,smpdb_sweep,set_49e86234df,10,10
A5 SMPDB sweep :: detected in >=0% of studies :: size_lt20,smpdb_sweep,set_dda94f81b4,9,6
A5 SMPDB sweep :: detected in >=0% of studies :: size_lt20,smpdb_sweep,set_32901117b9,11,8
A5 SMPDB sweep :: detected in >=0% of studies :: size_lt20,smpdb_sweep,set_fd311e4727,10,8
A5 SMPDB sweep :: detected in >=0% of studies :: size_lt20,smpdb_sweep,set_e6b18b1d2f,19,13
A5 SMPDB sweep :: detected in >=0% of studies :: size_lt20,smpdb_sweep,set_f314f1647f,17,10
A5 SMPDB sweep :: detected in >=0% of studies :: size_lt20,smpdb_sweep,set_966d757772,18,12
A5 SMPDB sweep :: detected in >=0% of studies :: size_lt20,smpdb_sweep,set_674ec21534,18,10
A5 SMPDB sweep :: detected in >=0% of studies :: size_lt20,smpdb_sweep,set_bde45c348a,18,15
A5 SMPDB sweep :: detected in >=0% of studies :: size_lt20,smpdb_sweep,set_20adf3af55,8,6
A5 SMPDB sweep :: detected in >=0% of studies :: size_lt20,smpdb_sweep,set_77ee06219f,8,5
A5 SMPDB sweep :: detected in >=0% of studies :: size_lt20,smpdb_sweep,set_62e609c277,9,6
A5 SMPDB sweep :: detected in >=0% of studies :: size_lt20,smpdb_sweep,set_e5b926ced6,19,6
A5 SMPDB sweep :: detected in >=0% of studies :: size_lt20,smpdb_sweep,set_4d9c07d737,12,7
A5 SMPDB sweep :: detected in >=0% of studies :: size_lt20,smpdb_sweep,set_e5e97c1720,9,6
A5 SMPDB sweep :: detected in >=0% of studies :: size_lt20,smpdb_sweep,set_0cc612debf,10,1
A5 SMPDB sweep :: detected in >=0% of studies :: size_lt20,smpdb_sweep,set_c04495224e,18,8
A5 SMPDB sweep :: detected in >=0% of studies :: size_lt20,smpdb_sweep,set_4d4c6aa3d4,19,11
A5 SMPDB sweep :: detected in >=0% of studies :: size_lt20,smpdb_sweep,set_cc3c0c7380,4,4
A5 SMPDB sweep :: detected in >=0% of studies :: size_lt20,smpdb_sweep,set_04adb3a3ac,13,7
A5 SMPDB sweep :: detected in >=0% of studies :: size_lt20,smpdb_sweep,set_c0c8e93789,15,12
A5 SMPDB sweep :: detected in >=0% of studies :: size_lt20,smpdb_sweep,set_72f4cd6e8d,9,6
A5 SMPDB sweep :: detected in >=0% of studies :: size_lt20,smpdb_sweep,set_15e079b75b,11,8
A5 SMPDB sweep :: detected in >=0% of studies :: size_lt20,smpdb_sweep,set_056f221c55,12,9
A5 SMPDB sweep :: detected in >=1% of studies,smpdb_sweep,set_2ea504427c,55,39
A5 SMPDB sweep :: detected in >=1% of studies,smpdb_sweep,set_6cedf5e797,21,8
A5 SMPDB sweep :: detected in >=1% of studies,smpdb_sweep,set_2269f3f803,66,35
A5 SMPDB sweep :: detected in >=1% of studies,smpdb_sweep,set_88b55fb0f6,34,21
A5 SMPDB sweep :: detected in >=1% of studies,smpdb_sweep,set_62f7838c4b,27,13
A5 SMPDB sweep :: detected in >=1% of studies,smpdb_sweep,set_8f14919c57,30,21
A5 SMPDB sweep :: detected in >=1% of studies,smpdb_sweep,set_6a07e89aca,17,10
A5 SMPDB sweep :: detected in >=1% of studies,smpdb_sweep,set_ee5450b2bd,29,8
A5 SMPDB sweep :: detected in >=1% of studies,smpdb_sweep,set_1e739fc094,18,10
A5 SMPDB sweep :: detected in >=1% of studies,smpdb_sweep,set_dc3ecf91c4,26,12
A5 SMPDB sweep :: detected in >=1% of studies,smpdb_sweep,set_91963c7ed3,25,16
A5 SMPDB sweep :: detected in >=1% of studies,smpdb_sweep,set_fe4be9692e,41,24
A5 SMPDB sweep :: detected in >=1% of studies,smpdb_sweep,set_cafeb96a19,20,9
A5 SMPDB sweep :: detected in >=1% of studies,smpdb_sweep,set_ad39336678,18,12
A5 SMPDB sweep :: detected in >=1% of studies,smpdb_sweep,set_17971c5e65,51,36
A5 SMPDB sweep :: detected in >=1% of studies,smpdb_sweep,set_cebba23029,12,6
A5 SMPDB sweep :: detected in >=1% of studies,smpdb_sweep,set_0c94cdb580,47,24
A5 SMPDB sweep :: detected in >=1% of studies,smpdb_sweep,set_4138901fbd,40,14
A5 SMPDB sweep :: detected in >=1% of studies,smpdb_sweep,set_2a8a0c2c46,29,20
A5 SMPDB sweep :: detected in >=1% of studies,smpdb_sweep,set_92fd5187ca,21,15
A5 SMPDB sweep :: detected in >=1% of studies,smpdb_sweep,set_ebe56592ba,25,18
A5 SMPDB sweep :: detected in >=1% of studies,smpdb_sweep,set_f6749acc3e,28,12
A5 SMPDB sweep :: detected in >=1% of studies,smpdb_sweep,set_02ce992066,26,14
A5 SMPDB sweep :: detected in >=1% of studies,smpdb_sweep,set_6c6f6fe984,27,19
A5 SMPDB sweep :: detected in >=1% of studies,smpdb_sweep,set_144dc4b8a3,59,29
A5 SMPDB sweep :: detected in >=1% of studies,smpdb_sweep,set_36e1adacc2,43,28
A5 SMPDB sweep :: detected in >=1% of studies,smpdb_sweep,set_3ad12c9721,39,24
A5 SMPDB sweep :: detected in >=1% of studies,smpdb_sweep,set_b2e59f9fd9,64,30
A5 SMPDB sweep :: detected in >=1% of studies,smpdb_sweep,set_12e6179242,11,6
A5 SMPDB sweep :: detected in >=1% of studies,smpdb_sweep,set_c73206817a,27,17
A5 SMPDB sweep :: detected in >=1% of studies,smpdb_sweep,set_7611dca40a,24,21
A5 SMPDB sweep :: detected in >=1% of studies,smpdb_sweep,set_306c9f6cd5,21,17
A5 SMPDB sweep :: detected in >=1% of studies,smpdb_sweep,set_dcac348055,23,10
A5 SMPDB sweep :: detected in >=1% of studies,smpdb_sweep,set_8dc114a9ed,29,21
A5 SMPDB sweep :: detected in >=1% of studies,smpdb_sweep,set_b8bafd02ba,42,26
A5 SMPDB sweep :: detected in >=1% of studies,smpdb_sweep,set_6ff8c01e5e,30,21
A5 SMPDB sweep :: detected in >=1% of studies,smpdb_sweep,set_97bf5c8dbb,58,43
A5 SMPDB sweep :: detected in >=1% of studies,smpdb_sweep,set_d8299a4fe5,37,26
A5 SMPDB sweep :: detected in >=1% of studies,smpdb_sweep,set_a84483e0f0,73,47
A5 SMPDB sweep :: detected in >=1% of studies,smpdb_sweep,set_923880e871,43,13
A5 SMPDB sweep :: detected in >=1% of studies,smpdb_sweep,set_d968f73897,14,10
A5 SMPDB sweep :: detected in >=1% of studies,smpdb_sweep,set_4155aad91f,29,16
A5 SMPDB sweep :: detected in >=1% of studies,smpdb_sweep,set_d997a612d8,34,10
A5 SMPDB sweep :: detected in >=1% of studies,smpdb_sweep,set_d786d26975,17,13
A5 SMPDB sweep :: detected in >=1% of studies,smpdb_sweep,set_1d6e8ac05b,33,24
A5 SMPDB sweep :: detected in >=1% of studies,smpdb_sweep,set_a68d7485f6,30,20
A5 SMPDB sweep :: detected in >=1% of studies,smpdb_sweep,set_5bbb159ce1,27,21
A5 SMPDB sweep :: detected in >=1% of studies,smpdb_sweep,set_15ceb8b840,44,28
A5 SMPDB sweep :: detected in >=1% of studies,smpdb_sweep,set_e0c210b392,61,36
A5 SMPDB sweep :: detected in >=1% of studies,smpdb_sweep,set_20f50bea95,30,20
A5 SMPDB sweep :: detected in >=1% of studies,smpdb_sweep,set_0aff08fe79,19,5
A5 SMPDB sweep :: detected in >=1% of studies,smpdb_sweep,set_007eaa1a85,7,4
A5 SMPDB sweep :: detected in >=1% of studies,smpdb_sweep,set_3944272443,33,24
A5 SMPDB sweep :: detected in >=1% of studies,smpdb_sweep,set_4c4dde4cee,31,17
A5 SMPDB sweep :: detected in >=1% of studies,smpdb_sweep,set_e8b09d796f,19,9
A5 SMPDB sweep :: detected in >=1% of studies,smpdb_sweep,set_fb49fea8a3,13,10
A5 SMPDB sweep :: detected in >=1% of studies,smpdb_sweep,set_e6f8cfb763,49,35
A5 SMPDB sweep :: detected in >=1% of studies,smpdb_sweep,set_928b2c583e,19,13
A5 SMPDB sweep :: detected in >=1% of studies,smpdb_sweep,set_26e5cf99ef,28,10
A5 SMPDB sweep :: detected in >=1% of studies,smpdb_sweep,set_29ebf3f3da,67,26
A5 SMPDB sweep :: detected in >=1% of studies,smpdb_sweep,set_501cd3859e,9,7
A5 SMPDB sweep :: detected in >=1% of studies,smpdb_sweep,set_af90147001,23,15
A5 SMPDB sweep :: detected in >=1% of studies,smpdb_sweep,set_49e86234df,10,9
A5 SMPDB sweep :: detected in >=1% of studies,smpdb_sweep,set_dda94f81b4,9,6
A5 SMPDB sweep :: detected in >=1% of studies,smpdb_sweep,set_32901117b9,11,8
A5 SMPDB sweep :: detected in >=1% of studies,smpdb_sweep,set_3b7769be62,31,24
A5 SMPDB sweep :: detected in >=1% of studies,smpdb_sweep,set_fd311e4727,10,8
A5 SMPDB sweep :: detected in >=1% of studies,smpdb_sweep,set_5f262e7d07,42,16
A5 SMPDB sweep :: detected in >=1% of studies,smpdb_sweep,set_e6b18b1d2f,19,13
A5 SMPDB sweep :: detected in >=1% of studies,smpdb_sweep,set_f314f1647f,17,10
A5 SMPDB sweep :: detected in >=1% of studies,smpdb_sweep,set_966d757772,18,11
A5 SMPDB sweep :: detected in >=1% of studies,smpdb_sweep,set_674ec21534,18,10
A5 SMPDB sweep :: detected in >=1% of studies,smpdb_sweep,set_a008ea69fd,24,13
A5 SMPDB sweep :: detected in >=1% of studies,smpdb_sweep,set_bde45c348a,18,13
A5 SMPDB sweep :: detected in >=1% of studies,smpdb_sweep,set_20adf3af55,8,6
A5 SMPDB sweep :: detected in >=1% of studies,smpdb_sweep,set_aa627ee9ea,35,23
A5 SMPDB sweep :: detected in >=1% of studies,smpdb_sweep,set_77ee06219f,8,5
A5 SMPDB sweep :: detected in >=1% of studies,smpdb_sweep,set_62e609c277,9,6
A5 SMPDB sweep :: detected in >=1% of studies,smpdb_sweep,set_f4b9260b4b,20,7
A5 SMPDB sweep :: detected in >=1% of studies,smpdb_sweep,set_e5b926ced6,19,5
A5 SMPDB sweep :: detected in >=1% of studies,smpdb_sweep,set_4d9c07d737,12,6
A5 SMPDB sweep :: detected in >=1% of studies,smpdb_sweep,set_6df9eeb96b,20,14
A5 SMPDB sweep :: detected in >=1% of studies,smpdb_sweep,set_e3cebc5231,22,16
A5 SMPDB sweep :: detected in >=1% of studies,smpdb_sweep,set_e5e97c1720,9,6
A5 SMPDB sweep :: detected in >=1% of studies,smpdb_sweep,set_0cc612debf,10,1
A5 SMPDB sweep :: detected in >=1% of studies,smpdb_sweep,set_c04495224e,18,8
A5 SMPDB sweep :: detected in >=1% of studies,smpdb_sweep,set_4d4c6aa3d4,19,9
A5 SMPDB sweep :: detected in >=1% of studies,smpdb_sweep,set_f31d7f72d0,25,9
A5 SMPDB sweep :: detected in >=1% of studies,smpdb_sweep,set_5a2792f9ed,27,12
A5 SMPDB sweep :: detected in >=1% of studies,smpdb_sweep,set_2449669e02,57,42
A5 SMPDB sweep :: detected in >=1% of studies,smpdb_sweep,set_cc3c0c7380,4,4
A5 SMPDB sweep :: detected in >=1% of studies,smpdb_sweep,set_04adb3a3ac,13,4
A5 SMPDB sweep :: detected in >=1% of studies,smpdb_sweep,set_c0c8e93789,15,12
A5 SMPDB sweep :: detected in >=1% of studies,smpdb_sweep,set_72f4cd6e8d,9,6
A5 SMPDB sweep :: detected in >=1% of studies,smpdb_sweep,set_15e079b75b,11,8
A5 SMPDB sweep :: detected in >=1% of studies,smpdb_sweep,set_056f221c55,12,9
A5 SMPDB sweep :: detected in >=1% of studies,smpdb_sweep,set_187a2777ed,21,12
A5 SMPDB sweep :: detected in >=1% of studies,smpdb_sweep,set_60b84238d1,24,13
A5 SMPDB sweep :: detected in >=1% of studies :: size_lt20,smpdb_sweep,set_6a07e89aca,17,10
A5 SMPDB sweep :: detected in >=1% of studies :: size_lt20,smpdb_sweep,set_1e739fc094,18,10
A5 SMPDB sweep :: detected in >=1% of studies :: size_lt20,smpdb_sweep,set_ad39336678,18,12
A5 SMPDB sweep :: detected in >=1% of studies :: size_lt20,smpdb_sweep,set_cebba23029,12,6
A5 SMPDB sweep :: detected in >=1% of studies :: size_lt20,smpdb_sweep,set_12e6179242,11,6
A5 SMPDB sweep :: detected in >=1% of studies :: size_lt20,smpdb_sweep,set_d968f73897,14,10
A5 SMPDB sweep :: detected in >=1% of studies :: size_lt20,smpdb_sweep,set_d786d26975,17,13
A5 SMPDB sweep :: detected in >=1% of studies :: size_lt20,smpdb_sweep,set_0aff08fe79,19,5
A5 SMPDB sweep :: detected in >=1% of studies :: size_lt20,smpdb_sweep,set_007eaa1a85,7,4
A5 SMPDB sweep :: detected in >=1% of studies :: size_lt20,smpdb_sweep,set_e8b09d796f,19,9
A5 SMPDB sweep :: detected in >=1% of studies :: size_lt20,smpdb_sweep,set_fb49fea8a3,13,10
A5 SMPDB sweep :: detected in >=1% of studies :: size_lt20,smpdb_sweep,set_928b2c583e,19,13
A5 SMPDB sweep :: detected in >=1% of studies :: size_lt20,smpdb_sweep,set_501cd3859e,9,7
A5 SMPDB sweep :: detected in >=1% of studies :: size_lt20,smpdb_sweep,set_49e86234df,10,9
A5 SMPDB sweep :: detected in >=1% of studies :: size_lt20,smpdb_sweep,set_dda94f81b4,9,6
A5 SMPDB sweep :: detected in >=1% of studies :: size_lt20,smpdb_sweep,set_32901117b9,11,8
A5 SMPDB sweep :: detected in >=1% of studies :: size_lt20,smpdb_sweep,set_fd311e4727,10,8
A5 SMPDB sweep :: detected in >=1% of studies :: size_lt20,smpdb_sweep,set_e6b18b1d2f,19,13
A5 SMPDB sweep :: detected in >=1% of studies :: size_lt20,smpdb_sweep,set_f314f1647f,17,10
A5 SMPDB sweep :: detected in >=1% of studies :: size_lt20,smpdb_sweep,set_966d757772,18,11
A5 SMPDB sweep :: detected in >=1% of studies :: size_lt20,smpdb_sweep,set_674ec21534,18,10
A5 SMPDB sweep :: detected in >=1% of studies :: size_lt20,smpdb_sweep,set_bde45c348a,18,13
A5 SMPDB sweep :: detected in >=1% of studies :: size_lt20,smpdb_sweep,set_20adf3af55,8,6
A5 SMPDB sweep :: detected in >=1% of studies :: size_lt20,smpdb_sweep,set_77ee06219f,8,5
A5 SMPDB sweep :: detected in >=1% of studies :: size_lt20,smpdb_sweep,set_62e609c277,9,6
A5 SMPDB sweep :: detected in >=1% of studies :: size_lt20,smpdb_sweep,set_e5b926ced6,19,5
A5 SMPDB sweep :: detected in >=1% of studies :: size_lt20,smpdb_sweep,set_4d9c07d737,12,6
A5 SMPDB sweep :: detected in >=1% of studies :: size_lt20,smpdb_sweep,set_e5e97c1720,9,6
A5 SMPDB sweep :: detected in >=1% of studies :: size_lt20,smpdb_sweep,set_0cc612debf,10,1
A5 SMPDB sweep :: detected in >=1% of studies :: size_lt20,smpdb_sweep,set_c04495224e,18,8
A5 SMPDB sweep :: detected in >=1% of studies :: size_lt20,smpdb_sweep,set_4d4c6aa3d4,19,9
A5 SMPDB sweep :: detected in >=1% of studies :: size_lt20,smpdb_sweep,set_cc3c0c7380,4,4
A5 SMPDB sweep :: detected in >=1% of studies :: size_lt20,smpdb_sweep,set_04adb3a3ac,13,4
A5 SMPDB sweep :: detected in >=1% of studies :: size_lt20,smpdb_sweep,set_c0c8e93789,15,12
A5 SMPDB sweep :: detected in >=1% of studies :: size_lt20,smpdb_sweep,set_72f4cd6e8d,9,6
A5 SMPDB sweep :: detected in >=1% of studies :: size_lt20,smpdb_sweep,set_15e079b75b,11,8
A5 SMPDB sweep :: detected in >=1% of studies :: size_lt20,smpdb_sweep,set_056f221c55,12,9
A5 SMPDB sweep :: detected in >=5% of studies,smpdb_sweep,set_2ea504427c,55,31
A5 SMPDB sweep :: detected in >=5% of studies,smpdb_sweep,set_6cedf5e797,21,5
A5 SMPDB sweep :: detected in >=5% of studies,smpdb_sweep,set_2269f3f803,66,26
A5 SMPDB sweep :: detected in >=5% of studies,smpdb_sweep,set_88b55fb0f6,34,19
A5 SMPDB sweep :: detected in >=5% of studies,smpdb_sweep,set_62f7838c4b,27,11
A5 SMPDB sweep :: detected in >=5% of studies,smpdb_sweep,set_8f14919c57,30,18
A5 SMPDB sweep :: detected in >=5% of studies,smpdb_sweep,set_6a07e89aca,17,10
A5 SMPDB sweep :: detected in >=5% of studies,smpdb_sweep,set_ee5450b2bd,29,7
A5 SMPDB sweep :: detected in >=5% of studies,smpdb_sweep,set_1e739fc094,18,9
A5 SMPDB sweep :: detected in >=5% of studies,smpdb_sweep,set_dc3ecf91c4,26,11
A5 SMPDB sweep :: detected in >=5% of studies,smpdb_sweep,set_91963c7ed3,25,16
A5 SMPDB sweep :: detected in >=5% of studies,smpdb_sweep,set_fe4be9692e,41,17
A5 SMPDB sweep :: detected in >=5% of studies,smpdb_sweep,set_cafeb96a19,20,7
A5 SMPDB sweep :: detected in >=5% of studies,smpdb_sweep,set_ad39336678,18,9
A5 SMPDB sweep :: detected in >=5% of studies,smpdb_sweep,set_17971c5e65,51,29
A5 SMPDB sweep :: detected in >=5% of studies,smpdb_sweep,set_cebba23029,12,4
A5 SMPDB sweep :: detected in >=5% of studies,smpdb_sweep,set_0c94cdb580,47,11
A5 SMPDB sweep :: detected in >=5% of studies,smpdb_sweep,set_4138901fbd,40,9
A5 SMPDB sweep :: detected in >=5% of studies,smpdb_sweep,set_2a8a0c2c46,29,14
A5 SMPDB sweep :: detected in >=5% of studies,smpdb_sweep,set_92fd5187ca,21,9
A5 SMPDB sweep :: detected in >=5% of studies,smpdb_sweep,set_ebe56592ba,25,11
A5 SMPDB sweep :: detected in >=5% of studies,smpdb_sweep,set_f6749acc3e,28,9
A5 SMPDB sweep :: detected in >=5% of studies,smpdb_sweep,set_02ce992066,26,10
A5 SMPDB sweep :: detected in >=5% of studies,smpdb_sweep,set_6c6f6fe984,27,16
A5 SMPDB sweep :: detected in >=5% of studies,smpdb_sweep,set_144dc4b8a3,59,22
A5 SMPDB sweep :: detected in >=5% of studies,smpdb_sweep,set_36e1adacc2,43,25
A5 SMPDB sweep :: detected in >=5% of studies,smpdb_sweep,set_3ad12c9721,39,16
A5 SMPDB sweep :: detected in >=5% of studies,smpdb_sweep,set_b2e59f9fd9,64,23
A5 SMPDB sweep :: detected in >=5% of studies,smpdb_sweep,set_12e6179242,11,5
A5 SMPDB sweep :: detected in >=5% of studies,smpdb_sweep,set_c73206817a,27,12
A5 SMPDB sweep :: detected in >=5% of studies,smpdb_sweep,set_7611dca40a,24,15
A5 SMPDB sweep :: detected in >=5% of studies,smpdb_sweep,set_306c9f6cd5,21,15
A5 SMPDB sweep :: detected in >=5% of studies,smpdb_sweep,set_dcac348055,23,4
A5 SMPDB sweep :: detected in >=5% of studies,smpdb_sweep,set_8dc114a9ed,29,17
A5 SMPDB sweep :: detected in >=5% of studies,smpdb_sweep,set_b8bafd02ba,42,23
A5 SMPDB sweep :: detected in >=5% of studies,smpdb_sweep,set_6ff8c01e5e,30,17
A5 SMPDB sweep :: detected in >=5% of studies,smpdb_sweep,set_97bf5c8dbb,58,33
A5 SMPDB sweep :: detected in >=5% of studies,smpdb_sweep,set_d8299a4fe5,37,21
A5 SMPDB sweep :: detected in >=5% of studies,smpdb_sweep,set_a84483e0f0,73,35
A5 SMPDB sweep :: detected in >=5% of studies,smpdb_sweep,set_923880e871,43,9
A5 SMPDB sweep :: detected in >=5% of studies,smpdb_sweep,set_d968f73897,14,8
A5 SMPDB sweep :: detected in >=5% of studies,smpdb_sweep,set_4155aad91f,29,10
A5 SMPDB sweep :: detected in >=5% of studies,smpdb_sweep,set_d997a612d8,34,6
A5 SMPDB sweep :: detected in >=5% of studies,smpdb_sweep,set_d786d26975,17,11
A5 SMPDB sweep :: detected in >=5% of studies,smpdb_sweep,set_1d6e8ac05b,33,19
A5 SMPDB sweep :: detected in >=5% of studies,smpdb_sweep,set_a68d7485f6,30,18
A5 SMPDB sweep :: detected in >=5% of studies,smpdb_sweep,set_5bbb159ce1,27,19
A5 SMPDB sweep :: detected in >=5% of studies,smpdb_sweep,set_15ceb8b840,44,20
A5 SMPDB sweep :: detected in >=5% of studies,smpdb_sweep,set_e0c210b392,61,28
A5 SMPDB sweep :: detected in >=5% of studies,smpdb_sweep,set_20f50bea95,30,18
A5 SMPDB sweep :: detected in >=5% of studies,smpdb_sweep,set_0aff08fe79,19,5
A5 SMPDB sweep :: detected in >=5% of studies,smpdb_sweep,set_007eaa1a85,7,3
A5 SMPDB sweep :: detected in >=5% of studies,smpdb_sweep,set_3944272443,33,21
A5 SMPDB sweep :: detected in >=5% of studies,smpdb_sweep,set_4c4dde4cee,31,7
A5 SMPDB sweep :: detected in >=5% of studies,smpdb_sweep,set_e8b09d796f,19,7
A5 SMPDB sweep :: detected in >=5% of studies,smpdb_sweep,set_fb49fea8a3,13,6
A5 SMPDB sweep :: detected in >=5% of studies,smpdb_sweep,set_e6f8cfb763,49,28
A5 SMPDB sweep :: detected in >=5% of studies,smpdb_sweep,set_928b2c583e,19,9
A5 SMPDB sweep :: detected in >=5% of studies,smpdb_sweep,set_26e5cf99ef,28,7
A5 SMPDB sweep :: detected in >=5% of studies,smpdb_sweep,set_29ebf3f3da,67,8
A5 SMPDB sweep :: detected in >=5% of studies,smpdb_sweep,set_501cd3859e,9,5
A5 SMPDB sweep :: detected in >=5% of studies,smpdb_sweep,set_af90147001,23,13
A5 SMPDB sweep :: detected in >=5% of studies,smpdb_sweep,set_49e86234df,10,7
A5 SMPDB sweep :: detected in >=5% of studies,smpdb_sweep,set_dda94f81b4,9,4
A5 SMPDB sweep :: detected in >=5% of studies,smpdb_sweep,set_32901117b9,11,7
A5 SMPDB sweep :: detected in >=5% of studies,smpdb_sweep,set_3b7769be62,31,22
A5 SMPDB sweep :: detected in >=5% of studies,smpdb_sweep,set_fd311e4727,10,7
A5 SMPDB sweep :: detected in >=5% of studies,smpdb_sweep,set_5f262e7d07,42,7
A5 SMPDB sweep :: detected in >=5% of studies,smpdb_sweep,set_e6b18b1d2f,19,11
A5 SMPDB sweep :: detected in >=5% of studies,smpdb_sweep,set_f314f1647f,17,10
A5 SMPDB sweep :: detected in >=5% of studies,smpdb_sweep,set_966d757772,18,9
A5 SMPDB sweep :: detected in >=5% of studies,smpdb_sweep,set_674ec21534,18,8
A5 SMPDB sweep :: detected in >=5% of studies,smpdb_sweep,set_a008ea69fd,24,9
A5 SMPDB sweep :: detected in >=5% of studies,smpdb_sweep,set_bde45c348a,18,8
A5 SMPDB sweep :: detected in >=5% of studies,smpdb_sweep,set_20adf3af55,8,5
A5 SMPDB sweep :: detected in >=5% of studies,smpdb_sweep,set_aa627ee9ea,35,15
A5 SMPDB sweep :: detected in >=5% of studies,smpdb_sweep,set_77ee06219f,8,5
A5 SMPDB sweep :: detected in >=5% of studies,smpdb_sweep,set_62e609c277,9,4
A5 SMPDB sweep :: detected in >=5% of studies,smpdb_sweep,set_f4b9260b4b,20,6
A5 SMPDB sweep :: detected in >=5% of studies,smpdb_sweep,set_e5b926ced6,19,5
A5 SMPDB sweep :: detected in >=5% of studies,smpdb_sweep,set_4d9c07d737,12,5
A5 SMPDB sweep :: detected in >=5% of studies,smpdb_sweep,set_6df9eeb96b,20,12
A5 SMPDB sweep :: detected in >=5% of studies,smpdb_sweep,set_e3cebc5231,22,14
A5 SMPDB sweep :: detected in >=5% of studies,smpdb_sweep,set_e5e97c1720,9,6
A5 SMPDB sweep :: detected in >=5% of studies,smpdb_sweep,set_0cc612debf,10,1
A5 SMPDB sweep :: detected in >=5% of studies,smpdb_sweep,set_c04495224e,18,6
A5 SMPDB sweep :: detected in >=5% of studies,smpdb_sweep,set_4d4c6aa3d4,19,7
A5 SMPDB sweep :: detected in >=5% of studies,smpdb_sweep,set_f31d7f72d0,25,7
A5 SMPDB sweep :: detected in >=5% of studies,smpdb_sweep,set_5a2792f9ed,27,9
A5 SMPDB sweep :: detected in >=5% of studies,smpdb_sweep,set_2449669e02,57,35
A5 SMPDB sweep :: detected in >=5% of studies,smpdb_sweep,set_cc3c0c7380,4,4
A5 SMPDB sweep :: detected in >=5% of studies,smpdb_sweep,set_04adb3a3ac,13,3
A5 SMPDB sweep :: detected in >=5% of studies,smpdb_sweep,set_c0c8e93789,15,12
A5 SMPDB sweep :: detected in >=5% of studies,smpdb_sweep,set_72f4cd6e8d,9,5
A5 SMPDB sweep :: detected in >=5% of studies,smpdb_sweep,set_15e079b75b,11,7
A5 SMPDB sweep :: detected in >=5% of studies,smpdb_sweep,set_056f221c55,12,9
A5 SMPDB sweep :: detected in >=5% of studies,smpdb_sweep,set_187a2777ed,21,7
A5 SMPDB sweep :: detected in >=5% of studies,smpdb_sweep,set_60b84238d1,24,8
A5 SMPDB sweep :: detected in >=5% of studies :: size_lt20,smpdb_sweep,set_6a07e89aca,17,10
A5 SMPDB sweep :: detected in >=5% of studies :: size_lt20,smpdb_sweep,set_1e739fc094,18,9
A5 SMPDB sweep :: detected in >=5% of studies :: size_lt20,smpdb_sweep,set_ad39336678,18,9
A5 SMPDB sweep :: detected in >=5% of studies :: size_lt20,smpdb_sweep,set_cebba23029,12,4
A5 SMPDB sweep :: detected in >=5% of studies :: size_lt20,smpdb_sweep,set_12e6179242,11,5
A5 SMPDB sweep :: detected in >=5% of studies :: size_lt20,smpdb_sweep,set_d968f73897,14,8
A5 SMPDB sweep :: detected in >=5% of studies :: size_lt20,smpdb_sweep,set_d786d26975,17,11
A5 SMPDB sweep :: detected in >=5% of studies :: size_lt20,smpdb_sweep,set_0aff08fe79,19,5
A5 SMPDB sweep :: detected in >=5% of studies :: size_lt20,smpdb_sweep,set_007eaa1a85,7,3
A5 SMPDB sweep :: detected in >=5% of studies :: size_lt20,smpdb_sweep,set_e8b09d796f,19,7
A5 SMPDB sweep :: detected in >=5% of studies :: size_lt20,smpdb_sweep,set_fb49fea8a3,13,6
A5 SMPDB sweep :: detected in >=5% of studies :: size_lt20,smpdb_sweep,set_928b2c583e,19,9
A5 SMPDB sweep :: detected in >=5% of studies :: size_lt20,smpdb_sweep,set_501cd3859e,9,5
A5 SMPDB sweep :: detected in >=5% of studies :: size_lt20,smpdb_sweep,set_49e86234df,10,7
A5 SMPDB sweep :: detected in >=5% of studies :: size_lt20,smpdb_sweep,set_dda94f81b4,9,4
A5 SMPDB sweep :: detected in >=5% of studies :: size_lt20,smpdb_sweep,set_32901117b9,11,7
A5 SMPDB sweep :: detected in >=5% of studies :: size_lt20,smpdb_sweep,set_fd311e4727,10,7
A5 SMPDB sweep :: detected in >=5% of studies :: size_lt20,smpdb_sweep,set_e6b18b1d2f,19,11
A5 SMPDB sweep :: detected in >=5% of studies :: size_lt20,smpdb_sweep,set_f314f1647f,17,10
A5 SMPDB sweep :: detected in >=5% of studies :: size_lt20,smpdb_sweep,set_966d757772,18,9
A5 SMPDB sweep :: detected in >=5% of studies :: size_lt20,smpdb_sweep,set_674ec21534,18,8
A5 SMPDB sweep :: detected in >=5% of studies :: size_lt20,smpdb_sweep,set_bde45c348a,18,8
A5 SMPDB sweep :: detected in >=5% of studies :: size_lt20,smpdb_sweep,set_20adf3af55,8,5
A5 SMPDB sweep :: detected in >=5% of studies :: size_lt20,smpdb_sweep,set_77ee06219f,8,5
A5 SMPDB sweep :: detected in >=5% of studies :: size_lt20,smpdb_sweep,set_62e609c277,9,4
A5 SMPDB sweep :: detected in >=5% of studies :: size_lt20,smpdb_sweep,set_e5b926ced6,19,5
A5 SMPDB sweep :: detected in >=5% of studies :: size_lt20,smpdb_sweep,set_4d9c07d737,12,5
A5 SMPDB sweep :: detected in >=5% of studies :: size_lt20,smpdb_sweep,set_e5e97c1720,9,6
A5 SMPDB sweep :: detected in >=5% of studies :: size_lt20,smpdb_sweep,set_0cc612debf,10,1
A5 SMPDB sweep :: detected in >=5% of studies :: size_lt20,smpdb_sweep,set_c04495224e,18,6
A5 SMPDB sweep :: detected in >=5% of studies :: size_lt20,smpdb_sweep,set_4d4c6aa3d4,19,7
A5 SMPDB sweep :: detected in >=5% of studies :: size_lt20,smpdb_sweep,set_cc3c0c7380,4,4
A5 SMPDB sweep :: detected in >=5% of studies :: size_lt20,smpdb_sweep,set_04adb3a3ac,13,3
A5 SMPDB sweep :: detected in >=5% of studies :: size_lt20,smpdb_sweep,set_c0c8e93789,15,12
A5 SMPDB sweep :: detected in >=5% of studies :: size_lt20,smpdb_sweep,set_72f4cd6e8d,9,5
A5 SMPDB sweep :: detected in >=5% of studies :: size_lt20,smpdb_sweep,set_15e079b75b,11,7
A5 SMPDB sweep :: detected in >=5% of studies :: size_lt20,smpdb_sweep,set_056f221c55,12,9
A5 SMPDB sweep :: detected in >=10% of studies,smpdb_sweep,set_2ea504427c,55,28
A5 SMPDB sweep :: detected in >=10% of studies,smpdb_sweep,set_6cedf5e797,21,4
A5 SMPDB sweep :: detected in >=10% of studies,smpdb_sweep,set_2269f3f803,66,13
A5 SMPDB sweep :: detected in >=10% of studies,smpdb_sweep,set_88b55fb0f6,34,15
A5 SMPDB sweep :: detected in >=10% of studies,smpdb_sweep,set_62f7838c4b,27,9
A5 SMPDB sweep :: detected in >=10% of studies,smpdb_sweep,set_8f14919c57,30,18
A5 SMPDB sweep :: detected in >=10% of studies,smpdb_sweep,set_6a07e89aca,17,9
A5 SMPDB sweep :: detected in >=10% of studies,smpdb_sweep,set_ee5450b2bd,29,7
A5 SMPDB sweep :: detected in >=10% of studies,smpdb_sweep,set_1e739fc094,18,4
A5 SMPDB sweep :: detected in >=10% of studies,smpdb_sweep,set_dc3ecf91c4,26,10
A5 SMPDB sweep :: detected in >=10% of studies,smpdb_sweep,set_91963c7ed3,25,13
A5 SMPDB sweep :: detected in >=10% of studies,smpdb_sweep,set_fe4be9692e,41,14
A5 SMPDB sweep :: detected in >=10% of studies,smpdb_sweep,set_cafeb96a19,20,5
A5 SMPDB sweep :: detected in >=10% of studies,smpdb_sweep,set_ad39336678,18,3
A5 SMPDB sweep :: detected in >=10% of studies,smpdb_sweep,set_17971c5e65,51,26
A5 SMPDB sweep :: detected in >=10% of studies,smpdb_sweep,set_cebba23029,12,3
A5 SMPDB sweep :: detected in >=10% of studies,smpdb_sweep,set_0c94cdb580,47,7
A5 SMPDB sweep :: detected in >=10% of studies,smpdb_sweep,set_4138901fbd,40,8
A5 SMPDB sweep :: detected in >=10% of studies,smpdb_sweep,set_2a8a0c2c46,29,11
A5 SMPDB sweep :: detected in >=10% of studies,smpdb_sweep,set_92fd5187ca,21,7
A5 SMPDB sweep :: detected in >=10% of studies,smpdb_sweep,set_ebe56592ba,25,5
A5 SMPDB sweep :: detected in >=10% of studies,smpdb_sweep,set_f6749acc3e,28,8
A5 SMPDB sweep :: detected in >=10% of studies,smpdb_sweep,set_02ce992066,26,8
A5 SMPDB sweep :: detected in >=10% of studies,smpdb_sweep,set_6c6f6fe984,27,11
A5 SMPDB sweep :: detected in >=10% of studies,smpdb_sweep,set_144dc4b8a3,59,20
A5 SMPDB sweep :: detected in >=10% of studies,smpdb_sweep,set_36e1adacc2,43,24
A5 SMPDB sweep :: detected in >=10% of studies,smpdb_sweep,set_3ad12c9721,39,14
A5 SMPDB sweep :: detected in >=10% of studies,smpdb_sweep,set_b2e59f9fd9,64,19
A5 SMPDB sweep :: detected in >=10% of studies,smpdb_sweep,set_12e6179242,11,4
A5 SMPDB sweep :: detected in >=10% of studies,smpdb_sweep,set_c73206817a,27,9
A5 SMPDB sweep :: detected in >=10% of studies,smpdb_sweep,set_7611dca40a,24,13
A5 SMPDB sweep :: detected in >=10% of studies,smpdb_sweep,set_306c9f6cd5,21,13
A5 SMPDB sweep :: detected in >=10% of studies,smpdb_sweep,set_dcac348055,23,3
A5 SMPDB sweep :: detected in >=10% of studies,smpdb_sweep,set_8dc114a9ed,29,15
A5 SMPDB sweep :: detected in >=10% of studies,smpdb_sweep,set_b8bafd02ba,42,20
A5 SMPDB sweep :: detected in >=10% of studies,smpdb_sweep,set_6ff8c01e5e,30,14
A5 SMPDB sweep :: detected in >=10% of studies,smpdb_sweep,set_97bf5c8dbb,58,26
A5 SMPDB sweep :: detected in >=10% of studies,smpdb_sweep,set_d8299a4fe5,37,16
A5 SMPDB sweep :: detected in >=10% of studies,smpdb_sweep,set_a84483e0f0,73,28
A5 SMPDB sweep :: detected in >=10% of studies,smpdb_sweep,set_923880e871,43,8
A5 SMPDB sweep :: detected in >=10% of studies,smpdb_sweep,set_d968f73897,14,6
A5 SMPDB sweep :: detected in >=10% of studies,smpdb_sweep,set_4155aad91f,29,8
A5 SMPDB sweep :: detected in >=10% of studies,smpdb_sweep,set_d997a612d8,34,4
A5 SMPDB sweep :: detected in >=10% of studies,smpdb_sweep,set_d786d26975,17,10
A5 SMPDB sweep :: detected in >=10% of studies,smpdb_sweep,set_1d6e8ac05b,33,17
A5 SMPDB sweep :: detected in >=10% of studies,smpdb_sweep,set_a68d7485f6,30,16
A5 SMPDB sweep :: detected in >=10% of studies,smpdb_sweep,set_5bbb159ce1,27,18
A5 SMPDB sweep :: detected in >=10% of studies,smpdb_sweep,set_15ceb8b840,44,16
A5 SMPDB sweep :: detected in >=10% of studies,smpdb_sweep,set_e0c210b392,61,21
A5 SMPDB sweep :: detected in >=10% of studies,smpdb_sweep,set_20f50bea95,30,14
A5 SMPDB sweep :: detected in >=10% of studies,smpdb_sweep,set_0aff08fe79,19,3
A5 SMPDB sweep :: detected in >=10% of studies,smpdb_sweep,set_007eaa1a85,7,3
A5 SMPDB sweep :: detected in >=10% of studies,smpdb_sweep,set_3944272443,33,19
A5 SMPDB sweep :: detected in >=10% of studies,smpdb_sweep,set_4c4dde4cee,31,5
A5 SMPDB sweep :: detected in >=10% of studies,smpdb_sweep,set_e8b09d796f,19,6
A5 SMPDB sweep :: detected in >=10% of studies,smpdb_sweep,set_fb49fea8a3,13,5
A5 SMPDB sweep :: detected in >=10% of studies,smpdb_sweep,set_e6f8cfb763,49,22
A5 SMPDB sweep :: detected in >=10% of studies,smpdb_sweep,set_928b2c583e,19,7
A5 SMPDB sweep :: detected in >=10% of studies,smpdb_sweep,set_26e5cf99ef,28,4
A5 SMPDB sweep :: detected in >=10% of studies,smpdb_sweep,set_29ebf3f3da,67,5
A5 SMPDB sweep :: detected in >=10% of studies,smpdb_sweep,set_501cd3859e,9,5
A5 SMPDB sweep :: detected in >=10% of studies,smpdb_sweep,set_af90147001,23,13
A5 SMPDB sweep :: detected in >=10% of studies,smpdb_sweep,set_49e86234df,10,7
A5 SMPDB sweep :: detected in >=10% of studies,smpdb_sweep,set_dda94f81b4,9,4
A5 SMPDB sweep :: detected in >=10% of studies,smpdb_sweep,set_32901117b9,11,7
A5 SMPDB sweep :: detected in >=10% of studies,smpdb_sweep,set_3b7769be62,31,19
A5 SMPDB sweep :: detected in >=10% of studies,smpdb_sweep,set_fd311e4727,10,6
A5 SMPDB sweep :: detected in >=10% of studies,smpdb_sweep,set_5f262e7d07,42,5
A5 SMPDB sweep :: detected in >=10% of studies,smpdb_sweep,set_e6b18b1d2f,19,11
A5 SMPDB sweep :: detected in >=10% of studies,smpdb_sweep,set_f314f1647f,17,9
A5 SMPDB sweep :: detected in >=10% of studies,smpdb_sweep,set_966d757772,18,9
A5 SMPDB sweep :: detected in >=10% of studies,smpdb_sweep,set_674ec21534,18,5
A5 SMPDB sweep :: detected in >=10% of studies,smpdb_sweep,set_a008ea69fd,24,7
A5 SMPDB sweep :: detected in >=10% of studies,smpdb_sweep,set_bde45c348a,18,7
A5 SMPDB sweep :: detected in >=10% of studies,smpdb_sweep,set_20adf3af55,8,4
A5 SMPDB sweep :: detected in >=10% of studies,smpdb_sweep,set_aa627ee9ea,35,10
A5 SMPDB sweep :: detected in >=10% of studies,smpdb_sweep,set_77ee06219f,8,5
A5 SMPDB sweep :: detected in >=10% of studies,smpdb_sweep,set_62e609c277,9,4
A5 SMPDB sweep :: detected in >=10% of studies,smpdb_sweep,set_f4b9260b4b,20,6
A5 SMPDB sweep :: detected in >=10% of studies,smpdb_sweep,set_e5b926ced6,19,5
A5 SMPDB sweep :: detected in >=10% of studies,smpdb_sweep,set_4d9c07d737,12,3
A5 SMPDB sweep :: detected in >=10% of studies,smpdb_sweep,set_6df9eeb96b,20,12
A5 SMPDB sweep :: detected in >=10% of studies,smpdb_sweep,set_e3cebc5231,22,11
A5 SMPDB sweep :: detected in >=10% of studies,smpdb_sweep,set_e5e97c1720,9,5
A5 SMPDB sweep :: detected in >=10% of studies,smpdb_sweep,set_0cc612debf,10,1
A5 SMPDB sweep :: detected in >=10% of studies,smpdb_sweep,set_c04495224e,18,5
A5 SMPDB sweep :: detected in >=10% of studies,smpdb_sweep,set_4d4c6aa3d4,19,6
A5 SMPDB sweep :: detected in >=10% of studies,smpdb_sweep,set_f31d7f72d0,25,6
A5 SMPDB sweep :: detected in >=10% of studies,smpdb_sweep,set_5a2792f9ed,27,8
A5 SMPDB sweep :: detected in >=10% of studies,smpdb_sweep,set_2449669e02,57,28
A5 SMPDB sweep :: detected in >=10% of studies,smpdb_sweep,set_cc3c0c7380,4,4
A5 SMPDB sweep :: detected in >=10% of studies,smpdb_sweep,set_04adb3a3ac,13,2
A5 SMPDB sweep :: detected in >=10% of studies,smpdb_sweep,set_c0c8e93789,15,11
A5 SMPDB sweep :: detected in >=10% of studies,smpdb_sweep,set_72f4cd6e8d,9,5
A5 SMPDB sweep :: detected in >=10% of studies,smpdb_sweep,set_15e079b75b,11,7
A5 SMPDB sweep :: detected in >=10% of studies,smpdb_sweep,set_056f221c55,12,8
A5 SMPDB sweep :: detected in >=10% of studies,smpdb_sweep,set_187a2777ed,21,5
A5 SMPDB sweep :: detected in >=10% of studies,smpdb_sweep,set_60b84238d1,24,7
A5 SMPDB sweep :: detected in >=10% of studies :: size_lt20,smpdb_sweep,set_6a07e89aca,17,9
A5 SMPDB sweep :: detected in >=10% of studies :: size_lt20,smpdb_sweep,set_1e739fc094,18,4
A5 SMPDB sweep :: detected in >=10% of studies :: size_lt20,smpdb_sweep,set_ad39336678,18,3
A5 SMPDB sweep :: detected in >=10% of studies :: size_lt20,smpdb_sweep,set_cebba23029,12,3
A5 SMPDB sweep :: detected in >=10% of studies :: size_lt20,smpdb_sweep,set_12e6179242,11,4
A5 SMPDB sweep :: detected in >=10% of studies :: size_lt20,smpdb_sweep,set_d968f73897,14,6
A5 SMPDB sweep :: detected in >=10% of studies :: size_lt20,smpdb_sweep,set_d786d26975,17,10
A5 SMPDB sweep :: detected in >=10% of studies :: size_lt20,smpdb_sweep,set_0aff08fe79,19,3
A5 SMPDB sweep :: detected in >=10% of studies :: size_lt20,smpdb_sweep,set_007eaa1a85,7,3
A5 SMPDB sweep :: detected in >=10% of studies :: size_lt20,smpdb_sweep,set_e8b09d796f,19,6
A5 SMPDB sweep :: detected in >=10% of studies :: size_lt20,smpdb_sweep,set_fb49fea8a3,13,5
A5 SMPDB sweep :: detected in >=10% of studies :: size_lt20,smpdb_sweep,set_928b2c583e,19,7
A5 SMPDB sweep :: detected in >=10% of studies :: size_lt20,smpdb_sweep,set_501cd3859e,9,5
A5 SMPDB sweep :: detected in >=10% of studies :: size_lt20,smpdb_sweep,set_49e86234df,10,7
A5 SMPDB sweep :: detected in >=10% of studies :: size_lt20,smpdb_sweep,set_dda94f81b4,9,4
A5 SMPDB sweep :: detected in >=10% of studies :: size_lt20,smpdb_sweep,set_32901117b9,11,7
A5 SMPDB sweep :: detected in >=10% of studies :: size_lt20,smpdb_sweep,set_fd311e4727,10,6
A5 SMPDB sweep :: detected in >=10% of studies :: size_lt20,smpdb_sweep,set_e6b18b1d2f,19,11
A5 SMPDB sweep :: detected in >=10% of studies :: size_lt20,smpdb_sweep,set_f314f1647f,17,9
A5 SMPDB sweep :: detected in >=10% of studies :: size_lt20,smpdb_sweep,set_966d757772,18,9
A5 SMPDB sweep :: detected in >=10% of studies :: size_lt20,smpdb_sweep,set_674ec21534,18,5
A5 SMPDB sweep :: detected in >=10% of studies :: size_lt20,smpdb_sweep,set_bde45c348a,18,7
A5 SMPDB sweep :: detected in >=10% of studies :: size_lt20,smpdb_sweep,set_20adf3af55,8,4
A5 SMPDB sweep :: detected in >=10% of studies :: size_lt20,smpdb_sweep,set_77ee06219f,8,5
A5 SMPDB sweep :: detected in >=10% of studies :: size_lt20,smpdb_sweep,set_62e609c277,9,4
A5 SMPDB sweep :: detected in >=10% of studies :: size_lt20,smpdb_sweep,set_e5b926ced6,19,5
A5 SMPDB sweep :: detected in >=10% of studies :: size_lt20,smpdb_sweep,set_4d9c07d737,12,3
A5 SMPDB sweep :: detected in >=10% of studies :: size_lt20,smpdb_sweep,set_e5e97c1720,9,5
A5 SMPDB sweep :: detected in >=10% of studies :: size_lt20,smpdb_sweep,set_0cc612debf,10,1
A5 SMPDB sweep :: detected in >=10% of studies :: size_lt20,smpdb_sweep,set_c04495224e,18,5
A5 SMPDB sweep :: detected in >=10% of studies :: size_lt20,smpdb_sweep,set_4d4c6aa3d4,19,6
A5 SMPDB sweep :: detected in >=10% of studies :: size_lt20,smpdb_sweep,set_cc3c0c7380,4,4
A5 SMPDB sweep :: detected in >=10% of studies :: size_lt20,smpdb_sweep,set_04adb3a3ac,13,2
A5 SMPDB sweep :: detected in >=10% of studies :: size_lt20,smpdb_sweep,set_c0c8e93789,15,11
A5 SMPDB sweep :: detected in >=10% of studies :: size_lt20,smpdb_sweep,set_72f4cd6e8d,9,5
A5 SMPDB sweep :: detected in >=10% of studies :: size_lt20,smpdb_sweep,set_15e079b75b,11,7
A5 SMPDB sweep :: detected in >=10% of studies :: size_lt20,smpdb_sweep,set_056f221c55,12,8
A5 SMPDB sweep :: detected in >=25% of studies,smpdb_sweep,set_2ea504427c,55,11
A5 SMPDB sweep :: detected in >=25% of studies,smpdb_sweep,set_6cedf5e797,21,0
A5 SMPDB sweep :: detected in >=25% of studies,smpdb_sweep,set_2269f3f803,66,5
A5 SMPDB sweep :: detected in >=25% of studies,smpdb_sweep,set_88b55fb0f6,34,6
A5 SMPDB sweep :: detected in >=25% of studies,smpdb_sweep,set_62f7838c4b,27,6
A5 SMPDB sweep :: detected in >=25% of studies,smpdb_sweep,set_8f14919c57,30,10
A5 SMPDB sweep :: detected in >=25% of studies,smpdb_sweep,set_6a07e89aca,17,2
A5 SMPDB sweep :: detected in >=25% of studies,smpdb_sweep,set_ee5450b2bd,29,1
A5 SMPDB sweep :: detected in >=25% of studies,smpdb_sweep,set_1e739fc094,18,1
A5 SMPDB sweep :: detected in >=25% of studies,smpdb_sweep,set_dc3ecf91c4,26,4
A5 SMPDB sweep :: detected in >=25% of studies,smpdb_sweep,set_91963c7ed3,25,4
A5 SMPDB sweep :: detected in >=25% of studies,smpdb_sweep,set_fe4be9692e,41,4
A5 SMPDB sweep :: detected in >=25% of studies,smpdb_sweep,set_cafeb96a19,20,0
A5 SMPDB sweep :: detected in >=25% of studies,smpdb_sweep,set_ad39336678,18,2
A5 SMPDB sweep :: detected in >=25% of studies,smpdb_sweep,set_17971c5e65,51,12
A5 SMPDB sweep :: detected in >=25% of studies,smpdb_sweep,set_cebba23029,12,1
A5 SMPDB sweep :: detected in >=25% of studies,smpdb_sweep,set_0c94cdb580,47,1
A5 SMPDB sweep :: detected in >=25% of studies,smpdb_sweep,set_4138901fbd,40,1
A5 SMPDB sweep :: detected in >=25% of studies,smpdb_sweep,set_2a8a0c2c46,29,2
A5 SMPDB sweep :: detected in >=25% of studies,smpdb_sweep,set_92fd5187ca,21,2
A5 SMPDB sweep :: detected in >=25% of studies,smpdb_sweep,set_ebe56592ba,25,0
A5 SMPDB sweep :: detected in >=25% of studies,smpdb_sweep,set_f6749acc3e,28,4
A5 SMPDB sweep :: detected in >=25% of studies,smpdb_sweep,set_02ce992066,26,5
A5 SMPDB sweep :: detected in >=25% of studies,smpdb_sweep,set_6c6f6fe984,27,2
A5 SMPDB sweep :: detected in >=25% of studies,smpdb_sweep,set_144dc4b8a3,59,6
A5 SMPDB sweep :: detected in >=25% of studies,smpdb_sweep,set_36e1adacc2,43,7
A5 SMPDB sweep :: detected in >=25% of studies,smpdb_sweep,set_3ad12c9721,39,2
A5 SMPDB sweep :: detected in >=25% of studies,smpdb_sweep,set_b2e59f9fd9,64,3
A5 SMPDB sweep :: detected in >=25% of studies,smpdb_sweep,set_12e6179242,11,2
A5 SMPDB sweep :: detected in >=25% of studies,smpdb_sweep,set_c73206817a,27,3
A5 SMPDB sweep :: detected in >=25% of studies,smpdb_sweep,set_7611dca40a,24,2
A5 SMPDB sweep :: detected in >=25% of studies,smpdb_sweep,set_306c9f6cd5,21,3
A5 SMPDB sweep :: detected in >=25% of studies,smpdb_sweep,set_dcac348055,23,0
A5 SMPDB sweep :: detected in >=25% of studies,smpdb_sweep,set_8dc114a9ed,29,3
A5 SMPDB sweep :: detected in >=25% of studies,smpdb_sweep,set_b8bafd02ba,42,3
A5 SMPDB sweep :: detected in >=25% of studies,smpdb_sweep,set_6ff8c01e5e,30,3
A5 SMPDB sweep :: detected in >=25% of studies,smpdb_sweep,set_97bf5c8dbb,58,4
A5 SMPDB sweep :: detected in >=25% of studies,smpdb_sweep,set_d8299a4fe5,37,4
A5 SMPDB sweep :: detected in >=25% of studies,smpdb_sweep,set_a84483e0f0,73,13
A5 SMPDB sweep :: detected in >=25% of studies,smpdb_sweep,set_923880e871,43,3
A5 SMPDB sweep :: detected in >=25% of studies,smpdb_sweep,set_d968f73897,14,2
A5 SMPDB sweep :: detected in >=25% of studies,smpdb_sweep,set_4155aad91f,29,1
A5 SMPDB sweep :: detected in >=25% of studies,smpdb_sweep,set_d997a612d8,34,1
A5 SMPDB sweep :: detected in >=25% of studies,smpdb_sweep,set_d786d26975,17,6
A5 SMPDB sweep :: detected in >=25% of studies,smpdb_sweep,set_1d6e8ac05b,33,7
A5 SMPDB sweep :: detected in >=25% of studies,smpdb_sweep,set_a68d7485f6,30,2
A5 SMPDB sweep :: detected in >=25% of studies,smpdb_sweep,set_5bbb159ce1,27,11
A5 SMPDB sweep :: detected in >=25% of studies,smpdb_sweep,set_15ceb8b840,44,4
A5 SMPDB sweep :: detected in >=25% of studies,smpdb_sweep,set_e0c210b392,61,6
A5 SMPDB sweep :: detected in >=25% of studies,smpdb_sweep,set_20f50bea95,30,3
A5 SMPDB sweep :: detected in >=25% of studies,smpdb_sweep,set_0aff08fe79,19,0
A5 SMPDB sweep :: detected in >=25% of studies,smpdb_sweep,set_007eaa1a85,7,1
A5 SMPDB sweep :: detected in >=25% of studies,smpdb_sweep,set_3944272443,33,9
A5 SMPDB sweep :: detected in >=25% of studies,smpdb_sweep,set_4c4dde4cee,31,0
A5 SMPDB sweep :: detected in >=25% of studies,smpdb_sweep,set_e8b09d796f,19,1
A5 SMPDB sweep :: detected in >=25% of studies,smpdb_sweep,set_fb49fea8a3,13,1
A5 SMPDB sweep :: detected in >=25% of studies,smpdb_sweep,set_e6f8cfb763,49,9
A5 SMPDB sweep :: detected in >=25% of studies,smpdb_sweep,set_928b2c583e,19,2
A5 SMPDB sweep :: detected in >=25% of studies,smpdb_sweep,set_26e5cf99ef,28,0
A5 SMPDB sweep :: detected in >=25% of studies,smpdb_sweep,set_29ebf3f3da,67,2
A5 SMPDB sweep :: detected in >=25% of studies,smpdb_sweep,set_501cd3859e,9,1
A5 SMPDB sweep :: detected in >=25% of studies,smpdb_sweep,set_af90147001,23,4
A5 SMPDB sweep :: detected in >=25% of studies,smpdb_sweep,set_49e86234df,10,1
A5 SMPDB sweep :: detected in >=25% of studies,smpdb_sweep,set_dda94f81b4,9,2
A5 SMPDB sweep :: detected in >=25% of studies,smpdb_sweep,set_32901117b9,11,5
A5 SMPDB sweep :: detected in >=25% of studies,smpdb_sweep,set_3b7769be62,31,6
A5 SMPDB sweep :: detected in >=25% of studies,smpdb_sweep,set_fd311e4727,10,4
A5 SMPDB sweep :: detected in >=25% of studies,smpdb_sweep,set_5f262e7d07,42,0
A5 SMPDB sweep :: detected in >=25% of studies,smpdb_sweep,set_e6b18b1d2f,19,3
A5 SMPDB sweep :: detected in >=25% of studies,smpdb_sweep,set_f314f1647f,17,1
A5 SMPDB sweep :: detected in >=25% of studies,smpdb_sweep,set_966d757772,18,2
A5 SMPDB sweep :: detected in >=25% of studies,smpdb_sweep,set_674ec21534,18,1
A5 SMPDB sweep :: detected in >=25% of studies,smpdb_sweep,set_a008ea69fd,24,2
A5 SMPDB sweep :: detected in >=25% of studies,smpdb_sweep,set_bde45c348a,18,1
A5 SMPDB sweep :: detected in >=25% of studies,smpdb_sweep,set_20adf3af55,8,1
A5 SMPDB sweep :: detected in >=25% of studies,smpdb_sweep,set_aa627ee9ea,35,2
A5 SMPDB sweep :: detected in >=25% of studies,smpdb_sweep,set_77ee06219f,8,1
A5 SMPDB sweep :: detected in >=25% of studies,smpdb_sweep,set_62e609c277,9,2
A5 SMPDB sweep :: detected in >=25% of studies,smpdb_sweep,set_f4b9260b4b,20,1
A5 SMPDB sweep :: detected in >=25% of studies,smpdb_sweep,set_e5b926ced6,19,0
A5 SMPDB sweep :: detected in >=25% of studies,smpdb_sweep,set_4d9c07d737,12,0
A5 SMPDB sweep :: detected in >=25% of studies,smpdb_sweep,set_6df9eeb96b,20,5
A5 SMPDB sweep :: detected in >=25% of studies,smpdb_sweep,set_e3cebc5231,22,4
A5 SMPDB sweep :: detected in >=25% of studies,smpdb_sweep,set_e5e97c1720,9,2
A5 SMPDB sweep :: detected in >=25% of studies,smpdb_sweep,set_0cc612debf,10,0
A5 SMPDB sweep :: detected in >=25% of studies,smpdb_sweep,set_c04495224e,18,1
A5 SMPDB sweep :: detected in >=25% of studies,smpdb_sweep,set_4d4c6aa3d4,19,1
A5 SMPDB sweep :: detected in >=25% of studies,smpdb_sweep,set_f31d7f72d0,25,1
A5 SMPDB sweep :: detected in >=25% of studies,smpdb_sweep,set_5a2792f9ed,27,3
A5 SMPDB sweep :: detected in >=25% of studies,smpdb_sweep,set_2449669e02,57,11
A5 SMPDB sweep :: detected in >=25% of studies,smpdb_sweep,set_cc3c0c7380,4,1
A5 SMPDB sweep :: detected in >=25% of studies,smpdb_sweep,set_04adb3a3ac,13,1
A5 SMPDB sweep :: detected in >=25% of studies,smpdb_sweep,set_c0c8e93789,15,1
A5 SMPDB sweep :: detected in >=25% of studies,smpdb_sweep,set_72f4cd6e8d,9,1
A5 SMPDB sweep :: detected in >=25% of studies,smpdb_sweep,set_15e079b75b,11,1
A5 SMPDB sweep :: detected in >=25% of studies,smpdb_sweep,set_056f221c55,12,2
A5 SMPDB sweep :: detected in >=25% of studies,smpdb_sweep,set_187a2777ed,21,0
A5 SMPDB sweep :: detected in >=25% of studies,smpdb_sweep,set_60b84238d1,24,0
A5 SMPDB sweep :: detected in >=25% of studies :: size_lt20,smpdb_sweep,set_6a07e89aca,17,2
A5 SMPDB sweep :: detected in >=25% of studies :: size_lt20,smpdb_sweep,set_1e739fc094,18,1
A5 SMPDB sweep :: detected in >=25% of studies :: size_lt20,smpdb_sweep,set_ad39336678,18,2
A5 SMPDB sweep :: detected in >=25% of studies :: size_lt20,smpdb_sweep,set_cebba23029,12,1
A5 SMPDB sweep :: detected in >=25% of studies :: size_lt20,smpdb_sweep,set_12e6179242,11,2
A5 SMPDB sweep :: detected in >=25% of studies :: size_lt20,smpdb_sweep,set_d968f73897,14,2
A5 SMPDB sweep :: detected in >=25% of studies :: size_lt20,smpdb_sweep,set_d786d26975,17,6
A5 SMPDB sweep :: detected in >=25% of studies :: size_lt20,smpdb_sweep,set_0aff08fe79,19,0
A5 SMPDB sweep :: detected in >=25% of studies :: size_lt20,smpdb_sweep,set_007eaa1a85,7,1
A5 SMPDB sweep :: detected in >=25% of studies :: size_lt20,smpdb_sweep,set_e8b09d796f,19,1
A5 SMPDB sweep :: detected in >=25% of studies :: size_lt20,smpdb_sweep,set_fb49fea8a3,13,1
A5 SMPDB sweep :: detected in >=25% of studies :: size_lt20,smpdb_sweep,set_928b2c583e,19,2
A5 SMPDB sweep :: detected in >=25% of studies :: size_lt20,smpdb_sweep,set_501cd3859e,9,1
A5 SMPDB sweep :: detected in >=25% of studies :: size_lt20,smpdb_sweep,set_49e86234df,10,1
A5 SMPDB sweep :: detected in >=25% of studies :: size_lt20,smpdb_sweep,set_dda94f81b4,9,2
A5 SMPDB sweep :: detected in >=25% of studies :: size_lt20,smpdb_sweep,set_32901117b9,11,5
A5 SMPDB sweep :: detected in >=25% of studies :: size_lt20,smpdb_sweep,set_fd311e4727,10,4
A5 SMPDB sweep :: detected in >=25% of studies :: size_lt20,smpdb_sweep,set_e6b18b1d2f,19,3
A5 SMPDB sweep :: detected in >=25% of studies :: size_lt20,smpdb_sweep,set_f314f1647f,17,1
A5 SMPDB sweep :: detected in >=25% of studies :: size_lt20,smpdb_sweep,set_966d757772,18,2
A5 SMPDB sweep :: detected in >=25% of studies :: size_lt20,smpdb_sweep,set_674ec21534,18,1
A5 SMPDB sweep :: detected in >=25% of studies :: size_lt20,smpdb_sweep,set_bde45c348a,18,1
A5 SMPDB sweep :: detected in >=25% of studies :: size_lt20,smpdb_sweep,set_20adf3af55,8,1
A5 SMPDB sweep :: detected in >=25% of studies :: size_lt20,smpdb_sweep,set_77ee06219f,8,1
A5 SMPDB sweep :: detected in >=25% of studies :: size_lt20,smpdb_sweep,set_62e609c277,9,2
A5 SMPDB sweep :: detected in >=25% of studies :: size_lt20,smpdb_sweep,set_e5b926ced6,19,0
A5 SMPDB sweep :: detected in >=25% of studies :: size_lt20,smpdb_sweep,set_4d9c07d737,12,0
A5 SMPDB sweep :: detected in >=25% of studies :: size_lt20,smpdb_sweep,set_e5e97c1720,9,2
A5 SMPDB sweep :: detected in >=25% of studies :: size_lt20,smpdb_sweep,set_0cc612debf,10,0
A5 SMPDB sweep :: detected in >=25% of studies :: size_lt20,smpdb_sweep,set_c04495224e,18,1
A5 SMPDB sweep :: detected in >=25% of studies :: size_lt20,smpdb_sweep,set_4d4c6aa3d4,19,1
A5 SMPDB sweep :: detected in >=25% of studies :: size_lt20,smpdb_sweep,set_cc3c0c7380,4,1
A5 SMPDB sweep :: detected in >=25% of studies :: size_lt20,smpdb_sweep,set_04adb3a3ac,13,1
A5 SMPDB sweep :: detected in >=25% of studies :: size_lt20,smpdb_sweep,set_c0c8e93789,15,1
A5 SMPDB sweep :: detected in >=25% of studies :: size_lt20,smpdb_sweep,set_72f4cd6e8d,9,1
A5 SMPDB sweep :: detected in >=25% of studies :: size_lt20,smpdb_sweep,set_15e079b75b,11,1
A5 SMPDB sweep :: detected in >=25% of studies :: size_lt20,smpdb_sweep,set_056f221c55,12,2
A5 SMPDB sweep :: detected in >=50% of studies,smpdb_sweep,set_2ea504427c,55,2
A5 SMPDB sweep :: detected in >=50% of studies,smpdb_sweep,set_6cedf5e797,21,0
A5 SMPDB sweep :: detected in >=50% of studies,smpdb_sweep,set_2269f3f803,66,2
A5 SMPDB sweep :: detected in >=50% of studies,smpdb_sweep,set_88b55fb0f6,34,1
A5 SMPDB sweep :: detected in >=50% of studies,smpdb_sweep,set_62f7838c4b,27,3
A5 SMPDB sweep :: detected in >=50% of studies,smpdb_sweep,set_8f14919c57,30,2
A5 SMPDB sweep :: detected in >=50% of studies,smpdb_sweep,set_6a07e89aca,17,0
A5 SMPDB sweep :: detected in >=50% of studies,smpdb_sweep,set_ee5450b2bd,29,0
A5 SMPDB sweep :: detected in >=50% of studies,smpdb_sweep,set_1e739fc094,18,1
A5 SMPDB sweep :: detected in >=50% of studies,smpdb_sweep,set_dc3ecf91c4,26,1
A5 SMPDB sweep :: detected in >=50% of studies,smpdb_sweep,set_91963c7ed3,25,1
A5 SMPDB sweep :: detected in >=50% of studies,smpdb_sweep,set_fe4be9692e,41,2
A5 SMPDB sweep :: detected in >=50% of studies,smpdb_sweep,set_cafeb96a19,20,0
A5 SMPDB sweep :: detected in >=50% of studies,smpdb_sweep,set_ad39336678,18,0
A5 SMPDB sweep :: detected in >=50% of studies,smpdb_sweep,set_17971c5e65,51,2
A5 SMPDB sweep :: detected in >=50% of studies,smpdb_sweep,set_cebba23029,12,0
A5 SMPDB sweep :: detected in >=50% of studies,smpdb_sweep,set_0c94cdb580,47,0
A5 SMPDB sweep :: detected in >=50% of studies,smpdb_sweep,set_4138901fbd,40,0
A5 SMPDB sweep :: detected in >=50% of studies,smpdb_sweep,set_2a8a0c2c46,29,0
A5 SMPDB sweep :: detected in >=50% of studies,smpdb_sweep,set_92fd5187ca,21,0
A5 SMPDB sweep :: detected in >=50% of studies,smpdb_sweep,set_ebe56592ba,25,0
A5 SMPDB sweep :: detected in >=50% of studies,smpdb_sweep,set_f6749acc3e,28,0
A5 SMPDB sweep :: detected in >=50% of studies,smpdb_sweep,set_02ce992066,26,0
A5 SMPDB sweep :: detected in >=50% of studies,smpdb_sweep,set_6c6f6fe984,27,0
A5 SMPDB sweep :: detected in >=50% of studies,smpdb_sweep,set_144dc4b8a3,59,2
A5 SMPDB sweep :: detected in >=50% of studies,smpdb_sweep,set_36e1adacc2,43,1
A5 SMPDB sweep :: detected in >=50% of studies,smpdb_sweep,set_3ad12c9721,39,0
A5 SMPDB sweep :: detected in >=50% of studies,smpdb_sweep,set_b2e59f9fd9,64,0
A5 SMPDB sweep :: detected in >=50% of studies,smpdb_sweep,set_12e6179242,11,0
A5 SMPDB sweep :: detected in >=50% of studies,smpdb_sweep,set_c73206817a,27,1
A5 SMPDB sweep :: detected in >=50% of studies,smpdb_sweep,set_7611dca40a,24,0
A5 SMPDB sweep :: detected in >=50% of studies,smpdb_sweep,set_306c9f6cd5,21,0
A5 SMPDB sweep :: detected in >=50% of studies,smpdb_sweep,set_dcac348055,23,0
A5 SMPDB sweep :: detected in >=50% of studies,smpdb_sweep,set_8dc114a9ed,29,0
A5 SMPDB sweep :: detected in >=50% of studies,smpdb_sweep,set_b8bafd02ba,42,1
A5 SMPDB sweep :: detected in >=50% of studies,smpdb_sweep,set_6ff8c01e5e,30,2
A5 SMPDB sweep :: detected in >=50% of studies,smpdb_sweep,set_97bf5c8dbb,58,1
A5 SMPDB sweep :: detected in >=50% of studies,smpdb_sweep,set_d8299a4fe5,37,2
A5 SMPDB sweep :: detected in >=50% of studies,smpdb_sweep,set_a84483e0f0,73,2
A5 SMPDB sweep :: detected in >=50% of studies,smpdb_sweep,set_923880e871,43,0
A5 SMPDB sweep :: detected in >=50% of studies,smpdb_sweep,set_d968f73897,14,0
A5 SMPDB sweep :: detected in >=50% of studies,smpdb_sweep,set_4155aad91f,29,1
A5 SMPDB sweep :: detected in >=50% of studies,smpdb_sweep,set_d997a612d8,34,0
A5 SMPDB sweep :: detected in >=50% of studies,smpdb_sweep,set_d786d26975,17,1
A5 SMPDB sweep :: detected in >=50% of studies,smpdb_sweep,set_1d6e8ac05b,33,0
A5 SMPDB sweep :: detected in >=50% of studies,smpdb_sweep,set_a68d7485f6,30,0
A5 SMPDB sweep :: detected in >=50% of studies,smpdb_sweep,set_5bbb159ce1,27,2
A5 SMPDB sweep :: detected in >=50% of studies,smpdb_sweep,set_15ceb8b840,44,0
A5 SMPDB sweep :: detected in >=50% of studies,smpdb_sweep,set_e0c210b392,61,2
A5 SMPDB sweep :: detected in >=50% of studies,smpdb_sweep,set_20f50bea95,30,0
A5 SMPDB sweep :: detected in >=50% of studies,smpdb_sweep,set_0aff08fe79,19,0
A5 SMPDB sweep :: detected in >=50% of studies,smpdb_sweep,set_007eaa1a85,7,0
A5 SMPDB sweep :: detected in >=50% of studies,smpdb_sweep,set_3944272443,33,2
A5 SMPDB sweep :: detected in >=50% of studies,smpdb_sweep,set_4c4dde4cee,31,0
A5 SMPDB sweep :: detected in >=50% of studies,smpdb_sweep,set_e8b09d796f,19,0
A5 SMPDB sweep :: detected in >=50% of studies,smpdb_sweep,set_fb49fea8a3,13,0
A5 SMPDB sweep :: detected in >=50% of studies,smpdb_sweep,set_e6f8cfb763,49,2
A5 SMPDB sweep :: detected in >=50% of studies,smpdb_sweep,set_928b2c583e,19,0
A5 SMPDB sweep :: detected in >=50% of studies,smpdb_sweep,set_26e5cf99ef,28,0
A5 SMPDB sweep :: detected in >=50% of studies,smpdb_sweep,set_29ebf3f3da,67,1
A5 SMPDB sweep :: detected in >=50% of studies,smpdb_sweep,set_501cd3859e,9,0
A5 SMPDB sweep :: detected in >=50% of studies,smpdb_sweep,set_af90147001,23,1
A5 SMPDB sweep :: detected in >=50% of studies,smpdb_sweep,set_49e86234df,10,0
A5 SMPDB sweep :: detected in >=50% of studies,smpdb_sweep,set_dda94f81b4,9,1
A5 SMPDB sweep :: detected in >=50% of studies,smpdb_sweep,set_32901117b9,11,1
A5 SMPDB sweep :: detected in >=50% of studies,smpdb_sweep,set_3b7769be62,31,0
A5 SMPDB sweep :: detected in >=50% of studies,smpdb_sweep,set_fd311e4727,10,1
A5 SMPDB sweep :: detected in >=50% of studies,smpdb_sweep,set_5f262e7d07,42,0
A5 SMPDB sweep :: detected in >=50% of studies,smpdb_sweep,set_e6b18b1d2f,19,0
A5 SMPDB sweep :: detected in >=50% of studies,smpdb_sweep,set_f314f1647f,17,0
A5 SMPDB sweep :: detected in >=50% of studies,smpdb_sweep,set_966d757772,18,1
A5 SMPDB sweep :: detected in >=50% of studies,smpdb_sweep,set_674ec21534,18,0
A5 SMPDB sweep :: detected in >=50% of studies,smpdb_sweep,set_a008ea69fd,24,0
A5 SMPDB sweep :: detected in >=50% of studies,smpdb_sweep,set_bde45c348a,18,0
A5 SMPDB sweep :: detected in >=50% of studies,smpdb_sweep,set_20adf3af55,8,0
A5 SMPDB sweep :: detected in >=50% of studies,smpdb_sweep,set_aa627ee9ea,35,0
A5 SMPDB sweep :: detected in >=50% of studies,smpdb_sweep,set_77ee06219f,8,0
A5 SMPDB sweep :: detected in >=50% of studies,smpdb_sweep,set_62e609c277,9,0
A5 SMPDB sweep :: detected in >=50% of studies,smpdb_sweep,set_f4b9260b4b,20,0
A5 SMPDB sweep :: detected in >=50% of studies,smpdb_sweep,set_e5b926ced6,19,0
A5 SMPDB sweep :: detected in >=50% of studies,smpdb_sweep,set_4d9c07d737,12,0
A5 SMPDB sweep :: detected in >=50% of studies,smpdb_sweep,set_6df9eeb96b,20,0
A5 SMPDB sweep :: detected in >=50% of studies,smpdb_sweep,set_e3cebc5231,22,0
A5 SMPDB sweep :: detected in >=50% of studies,smpdb_sweep,set_e5e97c1720,9,0
A5 SMPDB sweep :: detected in >=50% of studies,smpdb_sweep,set_0cc612debf,10,0
A5 SMPDB sweep :: detected in >=50% of studies,smpdb_sweep,set_c04495224e,18,0
A5 SMPDB sweep :: detected in >=50% of studies,smpdb_sweep,set_4d4c6aa3d4,19,0
A5 SMPDB sweep :: detected in >=50% of studies,smpdb_sweep,set_f31d7f72d0,25,0
A5 SMPDB sweep :: detected in >=50% of studies,smpdb_sweep,set_5a2792f9ed,27,0
A5 SMPDB sweep :: detected in >=50% of studies,smpdb_sweep,set_2449669e02,57,2
A5 SMPDB sweep :: detected in >=50% of studies,smpdb_sweep,set_cc3c0c7380,4,0
A5 SMPDB sweep :: detected in >=50% of studies,smpdb_sweep,set_04adb3a3ac,13,1
A5 SMPDB sweep :: detected in >=50% of studies,smpdb_sweep,set_c0c8e93789,15,0
A5 SMPDB sweep :: detected in >=50% of studies,smpdb_sweep,set_72f4cd6e8d,9,0
A5 SMPDB sweep :: detected in >=50% of studies,smpdb_sweep,set_15e079b75b,11,0
A5 SMPDB sweep :: detected in >=50% of studies,smpdb_sweep,set_056f221c55,12,0
A5 SMPDB sweep :: detected in >=50% of studies,smpdb_sweep,set_187a2777ed,21,0
A5 SMPDB sweep :: detected in >=50% of studies,smpdb_sweep,set_60b84238d1,24,0
A5 SMPDB sweep :: detected in >=50% of studies :: size_lt20,smpdb_sweep,set_6a07e89aca,17,0
A5 SMPDB sweep :: detected in >=50% of studies :: size_lt20,smpdb_sweep,set_1e739fc094,18,1
A5 SMPDB sweep :: detected in >=50% of studies :: size_lt20,smpdb_sweep,set_ad39336678,18,0
A5 SMPDB sweep :: detected in >=50% of studies :: size_lt20,smpdb_sweep,set_cebba23029,12,0
A5 SMPDB sweep :: detected in >=50% of studies :: size_lt20,smpdb_sweep,set_12e6179242,11,0
A5 SMPDB sweep :: detected in >=50% of studies :: size_lt20,smpdb_sweep,set_d968f73897,14,0
A5 SMPDB sweep :: detected in >=50% of studies :: size_lt20,smpdb_sweep,set_d786d26975,17,1
A5 SMPDB sweep :: detected in >=50% of studies :: size_lt20,smpdb_sweep,set_0aff08fe79,19,0
A5 SMPDB sweep :: detected in >=50% of studies :: size_lt20,smpdb_sweep,set_007eaa1a85,7,0
A5 SMPDB sweep :: detected in >=50% of studies :: size_lt20,smpdb_sweep,set_e8b09d796f,19,0
A5 SMPDB sweep :: detected in >=50% of studies :: size_lt20,smpdb_sweep,set_fb49fea8a3,13,0
A5 SMPDB sweep :: detected in >=50% of studies :: size_lt20,smpdb_sweep,set_928b2c583e,19,0
A5 SMPDB sweep :: detected in >=50% of studies :: size_lt20,smpdb_sweep,set_501cd3859e,9,0
A5 SMPDB sweep :: detected in >=50% of studies :: size_lt20,smpdb_sweep,set_49e86234df,10,0
A5 SMPDB sweep :: detected in >=50% of studies :: size_lt20,smpdb_sweep,set_dda94f81b4,9,1
A5 SMPDB sweep :: detected in >=50% of studies :: size_lt20,smpdb_sweep,set_32901117b9,11,1
A5 SMPDB sweep :: detected in >=50% of studies :: size_lt20,smpdb_sweep,set_fd311e4727,10,1
A5 SMPDB sweep :: detected in >=50% of studies :: size_lt20,smpdb_sweep,set_e6b18b1d2f,19,0
A5 SMPDB sweep :: detected in >=50% of studies :: size_lt20,smpdb_sweep,set_f314f1647f,17,0
A5 SMPDB sweep :: detected in >=50% of studies :: size_lt20,smpdb_sweep,set_966d757772,18,1
A5 SMPDB sweep :: detected in >=50% of studies :: size_lt20,smpdb_sweep,set_674ec21534,18,0
A5 SMPDB sweep :: detected in >=50% of studies :: size_lt20,smpdb_sweep,set_bde45c348a,18,0
A5 SMPDB sweep :: detected in >=50% of studies :: size_lt20,smpdb_sweep,set_20adf3af55,8,0
A5 SMPDB sweep :: detected in >=50% of studies :: size_lt20,smpdb_sweep,set_77ee06219f,8,0
A5 SMPDB sweep :: detected in >=50% of studies :: size_lt20,smpdb_sweep,set_62e609c277,9,0
A5 SMPDB sweep :: detected in >=50% of studies :: size_lt20,smpdb_sweep,set_e5b926ced6,19,0
A5 SMPDB sweep :: detected in >=50% of studies :: size_lt20,smpdb_sweep,set_4d9c07d737,12,0
A5 SMPDB sweep :: detected in >=50% of studies :: size_lt20,smpdb_sweep,set_e5e97c1720,9,0
A5 SMPDB sweep :: detected in >=50% of studies :: size_lt20,smpdb_sweep,set_0cc612debf,10,0
A5 SMPDB sweep :: detected in >=50% of studies :: size_lt20,smpdb_sweep,set_c04495224e,18,0
A5 SMPDB sweep :: detected in >=50% of studies :: size_lt20,smpdb_sweep,set_4d4c6aa3d4,19,0
A5 SMPDB sweep :: detected in >=50% of studies :: size_lt20,smpdb_sweep,set_cc3c0c7380,4,0
A5 SMPDB sweep :: detected in >=50% of studies :: size_lt20,smpdb_sweep,set_04adb3a3ac,13,1
A5 SMPDB sweep :: detected in >=50% of studies :: size_lt20,smpdb_sweep,set_c0c8e93789,15,0
A5 SMPDB sweep :: detected in >=50% of studies :: size_lt20,smpdb_sweep,set_72f4cd6e8d,9,0
A5 SMPDB sweep :: detected in >=50% of studies :: size_lt20,smpdb_sweep,set_15e079b75b,11,0
A5 SMPDB sweep :: detected in >=50% of studies :: size_lt20,smpdb_sweep,set_056f221c55,12,0
A5 SMPDB sweep :: detected in >=75% of studies,smpdb_sweep,set_2ea504427c,55,0
A5 SMPDB sweep :: detected in >=75% of studies,smpdb_sweep,set_6cedf5e797,21,0
A5 SMPDB sweep :: detected in >=75% of studies,smpdb_sweep,set_2269f3f803,66,0
A5 SMPDB sweep :: detected in >=75% of studies,smpdb_sweep,set_88b55fb0f6,34,0
A5 SMPDB sweep :: detected in >=75% of studies,smpdb_sweep,set_62f7838c4b,27,0
A5 SMPDB sweep :: detected in >=75% of studies,smpdb_sweep,set_8f14919c57,30,0
A5 SMPDB sweep :: detected in >=75% of studies,smpdb_sweep,set_6a07e89aca,17,0
A5 SMPDB sweep :: detected in >=75% of studies,smpdb_sweep,set_ee5450b2bd,29,0
A5 SMPDB sweep :: detected in >=75% of studies,smpdb_sweep,set_1e739fc094,18,0
A5 SMPDB sweep :: detected in >=75% of studies,smpdb_sweep,set_dc3ecf91c4,26,0
A5 SMPDB sweep :: detected in >=75% of studies,smpdb_sweep,set_91963c7ed3,25,0
A5 SMPDB sweep :: detected in >=75% of studies,smpdb_sweep,set_fe4be9692e,41,0
A5 SMPDB sweep :: detected in >=75% of studies,smpdb_sweep,set_cafeb96a19,20,0
A5 SMPDB sweep :: detected in >=75% of studies,smpdb_sweep,set_ad39336678,18,0
A5 SMPDB sweep :: detected in >=75% of studies,smpdb_sweep,set_17971c5e65,51,0
A5 SMPDB sweep :: detected in >=75% of studies,smpdb_sweep,set_cebba23029,12,0
A5 SMPDB sweep :: detected in >=75% of studies,smpdb_sweep,set_0c94cdb580,47,0
A5 SMPDB sweep :: detected in >=75% of studies,smpdb_sweep,set_4138901fbd,40,0
A5 SMPDB sweep :: detected in >=75% of studies,smpdb_sweep,set_2a8a0c2c46,29,0
A5 SMPDB sweep :: detected in >=75% of studies,smpdb_sweep,set_92fd5187ca,21,0
A5 SMPDB sweep :: detected in >=75% of studies,smpdb_sweep,set_ebe56592ba,25,0
A5 SMPDB sweep :: detected in >=75% of studies,smpdb_sweep,set_f6749acc3e,28,0
A5 SMPDB sweep :: detected in >=75% of studies,smpdb_sweep,set_02ce992066,26,0
A5 SMPDB sweep :: detected in >=75% of studies,smpdb_sweep,set_6c6f6fe984,27,0
A5 SMPDB sweep :: detected in >=75% of studies,smpdb_sweep,set_144dc4b8a3,59,0
A5 SMPDB sweep :: detected in >=75% of studies,smpdb_sweep,set_36e1adacc2,43,0
A5 SMPDB sweep :: detected in >=75% of studies,smpdb_sweep,set_3ad12c9721,39,0
A5 SMPDB sweep :: detected in >=75% of studies,smpdb_sweep,set_b2e59f9fd9,64,0
A5 SMPDB sweep :: detected in >=75% of studies,smpdb_sweep,set_12e6179242,11,0
A5 SMPDB sweep :: detected in >=75% of studies,smpdb_sweep,set_c73206817a,27,0
A5 SMPDB sweep :: detected in >=75% of studies,smpdb_sweep,set_7611dca40a,24,0
A5 SMPDB sweep :: detected in >=75% of studies,smpdb_sweep,set_306c9f6cd5,21,0
A5 SMPDB sweep :: detected in >=75% of studies,smpdb_sweep,set_dcac348055,23,0
A5 SMPDB sweep :: detected in >=75% of studies,smpdb_sweep,set_8dc114a9ed,29,0
A5 SMPDB sweep :: detected in >=75% of studies,smpdb_sweep,set_b8bafd02ba,42,0
A5 SMPDB sweep :: detected in >=75% of studies,smpdb_sweep,set_6ff8c01e5e,30,0
A5 SMPDB sweep :: detected in >=75% of studies,smpdb_sweep,set_97bf5c8dbb,58,0
A5 SMPDB sweep :: detected in >=75% of studies,smpdb_sweep,set_d8299a4fe5,37,0
A5 SMPDB sweep :: detected in >=75% of studies,smpdb_sweep,set_a84483e0f0,73,0
A5 SMPDB sweep :: detected in >=75% of studies,smpdb_sweep,set_923880e871,43,0
A5 SMPDB sweep :: detected in >=75% of studies,smpdb_sweep,set_d968f73897,14,0
A5 SMPDB sweep :: detected in >=75% of studies,smpdb_sweep,set_4155aad91f,29,0
A5 SMPDB sweep :: detected in >=75% of studies,smpdb_sweep,set_d997a612d8,34,0
A5 SMPDB sweep :: detected in >=75% of studies,smpdb_sweep,set_d786d26975,17,0
A5 SMPDB sweep :: detected in >=75% of studies,smpdb_sweep,set_1d6e8ac05b,33,0
A5 SMPDB sweep :: detected in >=75% of studies,smpdb_sweep,set_a68d7485f6,30,0
A5 SMPDB sweep :: detected in >=75% of studies,smpdb_sweep,set_5bbb159ce1,27,0
A5 SMPDB sweep :: detected in >=75% of studies,smpdb_sweep,set_15ceb8b840,44,0
A5 SMPDB sweep :: detected in >=75% of studies,smpdb_sweep,set_e0c210b392,61,0
A5 SMPDB sweep :: detected in >=75% of studies,smpdb_sweep,set_20f50bea95,30,0
A5 SMPDB sweep :: detected in >=75% of studies,smpdb_sweep,set_0aff08fe79,19,0
A5 SMPDB sweep :: detected in >=75% of studies,smpdb_sweep,set_007eaa1a85,7,0
A5 SMPDB sweep :: detected in >=75% of studies,smpdb_sweep,set_3944272443,33,0
A5 SMPDB sweep :: detected in >=75% of studies,smpdb_sweep,set_4c4dde4cee,31,0
A5 SMPDB sweep :: detected in >=75% of studies,smpdb_sweep,set_e8b09d796f,19,0
A5 SMPDB sweep :: detected in >=75% of studies,smpdb_sweep,set_fb49fea8a3,13,0
A5 SMPDB sweep :: detected in >=75% of studies,smpdb_sweep,set_e6f8cfb763,49,0
A5 SMPDB sweep :: detected in >=75% of studies,smpdb_sweep,set_928b2c583e,19,0
A5 SMPDB sweep :: detected in >=75% of studies,smpdb_sweep,set_26e5cf99ef,28,0
A5 SMPDB sweep :: detected in >=75% of studies,smpdb_sweep,set_29ebf3f3da,67,0
A5 SMPDB sweep :: detected in >=75% of studies,smpdb_sweep,set_501cd3859e,9,0
A5 SMPDB sweep :: detected in >=75% of studies,smpdb_sweep,set_af90147001,23,0
A5 SMPDB sweep :: detected in >=75% of studies,smpdb_sweep,set_49e86234df,10,0
A5 SMPDB sweep :: detected in >=75% of studies,smpdb_sweep,set_dda94f81b4,9,0
A5 SMPDB sweep :: detected in >=75% of studies,smpdb_sweep,set_32901117b9,11,0
A5 SMPDB sweep :: detected in >=75% of studies,smpdb_sweep,set_3b7769be62,31,0
A5 SMPDB sweep :: detected in >=75% of studies,smpdb_sweep,set_fd311e4727,10,0
A5 SMPDB sweep :: detected in >=75% of studies,smpdb_sweep,set_5f262e7d07,42,0
A5 SMPDB sweep :: detected in >=75% of studies,smpdb_sweep,set_e6b18b1d2f,19,0
A5 SMPDB sweep :: detected in >=75% of studies,smpdb_sweep,set_f314f1647f,17,0
A5 SMPDB sweep :: detected in >=75% of studies,smpdb_sweep,set_966d757772,18,0
A5 SMPDB sweep :: detected in >=75% of studies,smpdb_sweep,set_674ec21534,18,0
A5 SMPDB sweep :: detected in >=75% of studies,smpdb_sweep,set_a008ea69fd,24,0
A5 SMPDB sweep :: detected in >=75% of studies,smpdb_sweep,set_bde45c348a,18,0
A5 SMPDB sweep :: detected in >=75% of studies,smpdb_sweep,set_20adf3af55,8,0
A5 SMPDB sweep :: detected in >=75% of studies,smpdb_sweep,set_aa627ee9ea,35,0
A5 SMPDB sweep :: detected in >=75% of studies,smpdb_sweep,set_77ee06219f,8,0
A5 SMPDB sweep :: detected in >=75% of studies,smpdb_sweep,set_62e609c277,9,0
A5 SMPDB sweep :: detected in >=75% of studies,smpdb_sweep,set_f4b9260b4b,20,0
A5 SMPDB sweep :: detected in >=75% of studies,smpdb_sweep,set_e5b926ced6,19,0
A5 SMPDB sweep :: detected in >=75% of studies,smpdb_sweep,set_4d9c07d737,12,0
A5 SMPDB sweep :: detected in >=75% of studies,smpdb_sweep,set_6df9eeb96b,20,0
A5 SMPDB sweep :: detected in >=75% of studies,smpdb_sweep,set_e3cebc5231,22,0
A5 SMPDB sweep :: detected in >=75% of studies,smpdb_sweep,set_e5e97c1720,9,0
A5 SMPDB sweep :: detected in >=75% of studies,smpdb_sweep,set_0cc612debf,10,0
A5 SMPDB sweep :: detected in >=75% of studies,smpdb_sweep,set_c04495224e,18,0
A5 SMPDB sweep :: detected in >=75% of studies,smpdb_sweep,set_4d4c6aa3d4,19,0
A5 SMPDB sweep :: detected in >=75% of studies,smpdb_sweep,set_f31d7f72d0,25,0
A5 SMPDB sweep :: detected in >=75% of studies,smpdb_sweep,set_5a2792f9ed,27,0
A5 SMPDB sweep :: detected in >=75% of studies,smpdb_sweep,set_2449669e02,57,0
A5 SMPDB sweep :: detected in >=75% of studies,smpdb_sweep,set_cc3c0c7380,4,0
A5 SMPDB sweep :: detected in >=75% of studies,smpdb_sweep,set_04adb3a3ac,13,0
A5 SMPDB sweep :: detected in >=75% of studies,smpdb_sweep,set_c0c8e93789,15,0
A5 SMPDB sweep :: detected in >=75% of studies,smpdb_sweep,set_72f4cd6e8d,9,0
A5 SMPDB sweep :: detected in >=75% of studies,smpdb_sweep,set_15e079b75b,11,0
A5 SMPDB sweep :: detected in >=75% of studies,smpdb_sweep,set_056f221c55,12,0
A5 SMPDB sweep :: detected in >=75% of studies,smpdb_sweep,set_187a2777ed,21,0
A5 SMPDB sweep :: detected in >=75% of studies,smpdb_sweep,set_60b84238d1,24,0
A5 SMPDB sweep :: detected in >=75% of studies :: size_lt20,smpdb_sweep,set_6a07e89aca,17,0
A5 SMPDB sweep :: detected in >=75% of studies :: size_lt20,smpdb_sweep,set_1e739fc094,18,0
A5 SMPDB sweep :: detected in >=75% of studies :: size_lt20,smpdb_sweep,set_ad39336678,18,0
A5 SMPDB sweep :: detected in >=75% of studies :: size_lt20,smpdb_sweep,set_cebba23029,12,0
A5 SMPDB sweep :: detected in >=75% of studies :: size_lt20,smpdb_sweep,set_12e6179242,11,0
A5 SMPDB sweep :: detected in >=75% of studies :: size_lt20,smpdb_sweep,set_d968f73897,14,0
A5 SMPDB sweep :: detected in >=75% of studies :: size_lt20,smpdb_sweep,set_d786d26975,17,0
A5 SMPDB sweep :: detected in >=75% of studies :: size_lt20,smpdb_sweep,set_0aff08fe79,19,0
A5 SMPDB sweep :: detected in >=75% of studies :: size_lt20,smpdb_sweep,set_007eaa1a85,7,0
A5 SMPDB sweep :: detected in >=75% of studies :: size_lt20,smpdb_sweep,set_e8b09d796f,19,0
A5 SMPDB sweep :: detected in >=75% of studies :: size_lt20,smpdb_sweep,set_fb49fea8a3,13,0
A5 SMPDB sweep :: detected in >=75% of studies :: size_lt20,smpdb_sweep,set_928b2c583e,19,0
A5 SMPDB sweep :: detected in >=75% of studies :: size_lt20,smpdb_sweep,set_501cd3859e,9,0
A5 SMPDB sweep :: detected in >=75% of studies :: size_lt20,smpdb_sweep,set_49e86234df,10,0
A5 SMPDB sweep :: detected in >=75% of studies :: size_lt20,smpdb_sweep,set_dda94f81b4,9,0
A5 SMPDB sweep :: detected in >=75% of studies :: size_lt20,smpdb_sweep,set_32901117b9,11,0
A5 SMPDB sweep :: detected in >=75% of studies :: size_lt20,smpdb_sweep,set_fd311e4727,10,0
A5 SMPDB sweep :: detected in >=75% of studies :: size_lt20,smpdb_sweep,set_e6b18b1d2f,19,0
A5 SMPDB sweep :: detected in >=75% of studies :: size_lt20,smpdb_sweep,set_f314f1647f,17,0
A5 SMPDB sweep :: detected in >=75% of studies :: size_lt20,smpdb_sweep,set_966d757772,18,0
A5 SMPDB sweep :: detected in >=75% of studies :: size_lt20,smpdb_sweep,set_674ec21534,18,0
A5 SMPDB sweep :: detected in >=75% of studies :: size_lt20,smpdb_sweep,set_bde45c348a,18,0
A5 SMPDB sweep :: detected in >=75% of studies :: size_lt20,smpdb_sweep,set_20adf3af55,8,0
A5 SMPDB sweep :: detected in >=75% of studies :: size_lt20,smpdb_sweep,set_77ee06219f,8,0
A5 SMPDB sweep :: detected in >=75% of studies :: size_lt20,smpdb_sweep,set_62e609c277,9,0
A5 SMPDB sweep :: detected in >=75% of studies :: size_lt20,smpdb_sweep,set_e5b926ced6,19,0
A5 SMPDB sweep :: detected in >=75% of studies :: size_lt20,smpdb_sweep,set_4d9c07d737,12,0
A5 SMPDB sweep :: detected in >=75% of studies :: size_lt20,smpdb_sweep,set_e5e97c1720,9,0
A5 SMPDB sweep :: detected in >=75% of studies :: size_lt20,smpdb_sweep,set_0cc612debf,10,0
A5 SMPDB sweep :: detected in >=75% of studies :: size_lt20,smpdb_sweep,set_c04495224e,18,0
A5 SMPDB sweep :: detected in >=75% of studies :: size_lt20,smpdb_sweep,set_4d4c6aa3d4,19,0
A5 SMPDB sweep :: detected in >=75% of studies :: size_lt20,smpdb_sweep,set_cc3c0c7380,4,0
A5 SMPDB sweep :: detected in >=75% of studies :: size_lt20,smpdb_sweep,set_04adb3a3ac,13,0
A5 SMPDB sweep :: detected in >=75% of studies :: size_lt20,smpdb_sweep,set_c0c8e93789,15,0
A5 SMPDB sweep :: detected in >=75% of studies :: size_lt20,smpdb_sweep,set_72f4cd6e8d,9,0
A5 SMPDB sweep :: detected in >=75% of studies :: size_lt20,smpdb_sweep,set_15e079b75b,11,0
A5 SMPDB sweep :: detected in >=75% of studies :: size_lt20,smpdb_sweep,set_056f221c55,12,0
A5 SMPDB sweep :: detected in >=90% of studies,smpdb_sweep,set_2ea504427c,55,0
A5 SMPDB sweep :: detected in >=90% of studies,smpdb_sweep,set_6cedf5e797,21,0
A5 SMPDB sweep :: detected in >=90% of studies,smpdb_sweep,set_2269f3f803,66,0
A5 SMPDB sweep :: detected in >=90% of studies,smpdb_sweep,set_88b55fb0f6,34,0
A5 SMPDB sweep :: detected in >=90% of studies,smpdb_sweep,set_62f7838c4b,27,0
A5 SMPDB sweep :: detected in >=90% of studies,smpdb_sweep,set_8f14919c57,30,0
A5 SMPDB sweep :: detected in >=90% of studies,smpdb_sweep,set_6a07e89aca,17,0
A5 SMPDB sweep :: detected in >=90% of studies,smpdb_sweep,set_ee5450b2bd,29,0
A5 SMPDB sweep :: detected in >=90% of studies,smpdb_sweep,set_1e739fc094,18,0
A5 SMPDB sweep :: detected in >=90% of studies,smpdb_sweep,set_dc3ecf91c4,26,0
A5 SMPDB sweep :: detected in >=90% of studies,smpdb_sweep,set_91963c7ed3,25,0
A5 SMPDB sweep :: detected in >=90% of studies,smpdb_sweep,set_fe4be9692e,41,0
A5 SMPDB sweep :: detected in >=90% of studies,smpdb_sweep,set_cafeb96a19,20,0
A5 SMPDB sweep :: detected in >=90% of studies,smpdb_sweep,set_ad39336678,18,0
A5 SMPDB sweep :: detected in >=90% of studies,smpdb_sweep,set_17971c5e65,51,0
A5 SMPDB sweep :: detected in >=90% of studies,smpdb_sweep,set_cebba23029,12,0
A5 SMPDB sweep :: detected in >=90% of studies,smpdb_sweep,set_0c94cdb580,47,0
A5 SMPDB sweep :: detected in >=90% of studies,smpdb_sweep,set_4138901fbd,40,0
A5 SMPDB sweep :: detected in >=90% of studies,smpdb_sweep,set_2a8a0c2c46,29,0
A5 SMPDB sweep :: detected in >=90% of studies,smpdb_sweep,set_92fd5187ca,21,0
A5 SMPDB sweep :: detected in >=90% of studies,smpdb_sweep,set_ebe56592ba,25,0
A5 SMPDB sweep :: detected in >=90% of studies,smpdb_sweep,set_f6749acc3e,28,0
A5 SMPDB sweep :: detected in >=90% of studies,smpdb_sweep,set_02ce992066,26,0
A5 SMPDB sweep :: detected in >=90% of studies,smpdb_sweep,set_6c6f6fe984,27,0
A5 SMPDB sweep :: detected in >=90% of studies,smpdb_sweep,set_144dc4b8a3,59,0
A5 SMPDB sweep :: detected in >=90% of studies,smpdb_sweep,set_36e1adacc2,43,0
A5 SMPDB sweep :: detected in >=90% of studies,smpdb_sweep,set_3ad12c9721,39,0
A5 SMPDB sweep :: detected in >=90% of studies,smpdb_sweep,set_b2e59f9fd9,64,0
A5 SMPDB sweep :: detected in >=90% of studies,smpdb_sweep,set_12e6179242,11,0
A5 SMPDB sweep :: detected in >=90% of studies,smpdb_sweep,set_c73206817a,27,0
A5 SMPDB sweep :: detected in >=90% of studies,smpdb_sweep,set_7611dca40a,24,0
A5 SMPDB sweep :: detected in >=90% of studies,smpdb_sweep,set_306c9f6cd5,21,0
A5 SMPDB sweep :: detected in >=90% of studies,smpdb_sweep,set_dcac348055,23,0
A5 SMPDB sweep :: detected in >=90% of studies,smpdb_sweep,set_8dc114a9ed,29,0
A5 SMPDB sweep :: detected in >=90% of studies,smpdb_sweep,set_b8bafd02ba,42,0
A5 SMPDB sweep :: detected in >=90% of studies,smpdb_sweep,set_6ff8c01e5e,30,0
A5 SMPDB sweep :: detected in >=90% of studies,smpdb_sweep,set_97bf5c8dbb,58,0
A5 SMPDB sweep :: detected in >=90% of studies,smpdb_sweep,set_d8299a4fe5,37,0
A5 SMPDB sweep :: detected in >=90% of studies,smpdb_sweep,set_a84483e0f0,73,0
A5 SMPDB sweep :: detected in >=90% of studies,smpdb_sweep,set_923880e871,43,0
A5 SMPDB sweep :: detected in >=90% of studies,smpdb_sweep,set_d968f73897,14,0
A5 SMPDB sweep :: detected in >=90% of studies,smpdb_sweep,set_4155aad91f,29,0
A5 SMPDB sweep :: detected in >=90% of studies,smpdb_sweep,set_d997a612d8,34,0
A5 SMPDB sweep :: detected in >=90% of studies,smpdb_sweep,set_d786d26975,17,0
A5 SMPDB sweep :: detected in >=90% of studies,smpdb_sweep,set_1d6e8ac05b,33,0
A5 SMPDB sweep :: detected in >=90% of studies,smpdb_sweep,set_a68d7485f6,30,0
A5 SMPDB sweep :: detected in >=90% of studies,smpdb_sweep,set_5bbb159ce1,27,0
A5 SMPDB sweep :: detected in >=90% of studies,smpdb_sweep,set_15ceb8b840,44,0
A5 SMPDB sweep :: detected in >=90% of studies,smpdb_sweep,set_e0c210b392,61,0
A5 SMPDB sweep :: detected in >=90% of studies,smpdb_sweep,set_20f50bea95,30,0
A5 SMPDB sweep :: detected in >=90% of studies,smpdb_sweep,set_0aff08fe79,19,0
A5 SMPDB sweep :: detected in >=90% of studies,smpdb_sweep,set_007eaa1a85,7,0
A5 SMPDB sweep :: detected in >=90% of studies,smpdb_sweep,set_3944272443,33,0
A5 SMPDB sweep :: detected in >=90% of studies,smpdb_sweep,set_4c4dde4cee,31,0
A5 SMPDB sweep :: detected in >=90% of studies,smpdb_sweep,set_e8b09d796f,19,0
A5 SMPDB sweep :: detected in >=90% of studies,smpdb_sweep,set_fb49fea8a3,13,0
A5 SMPDB sweep :: detected in >=90% of studies,smpdb_sweep,set_e6f8cfb763,49,0
A5 SMPDB sweep :: detected in >=90% of studies,smpdb_sweep,set_928b2c583e,19,0
A5 SMPDB sweep :: detected in >=90% of studies,smpdb_sweep,set_26e5cf99ef,28,0
A5 SMPDB sweep :: detected in >=90% of studies,smpdb_sweep,set_29ebf3f3da,67,0
A5 SMPDB sweep :: detected in >=90% of studies,smpdb_sweep,set_501cd3859e,9,0
A5 SMPDB sweep :: detected in >=90% of studies,smpdb_sweep,set_af90147001,23,0
A5 SMPDB sweep :: detected in >=90% of studies,smpdb_sweep,set_49e86234df,10,0
A5 SMPDB sweep :: detected in >=90% of studies,smpdb_sweep,set_dda94f81b4,9,0
A5 SMPDB sweep :: detected in >=90% of studies,smpdb_sweep,set_32901117b9,11,0
A5 SMPDB sweep :: detected in >=90% of studies,smpdb_sweep,set_3b7769be62,31,0
A5 SMPDB sweep :: detected in >=90% of studies,smpdb_sweep,set_fd311e4727,10,0
A5 SMPDB sweep :: detected in >=90% of studies,smpdb_sweep,set_5f262e7d07,42,0
A5 SMPDB sweep :: detected in >=90% of studies,smpdb_sweep,set_e6b18b1d2f,19,0
A5 SMPDB sweep :: detected in >=90% of studies,smpdb_sweep,set_f314f1647f,17,0
A5 SMPDB sweep :: detected in >=90% of studies,smpdb_sweep,set_966d757772,18,0
A5 SMPDB sweep :: detected in >=90% of studies,smpdb_sweep,set_674ec21534,18,0
A5 SMPDB sweep :: detected in >=90% of studies,smpdb_sweep,set_a008ea69fd,24,0
A5 SMPDB sweep :: detected in >=90% of studies,smpdb_sweep,set_bde45c348a,18,0
A5 SMPDB sweep :: detected in >=90% of studies,smpdb_sweep,set_20adf3af55,8,0
A5 SMPDB sweep :: detected in >=90% of studies,smpdb_sweep,set_aa627ee9ea,35,0
A5 SMPDB sweep :: detected in >=90% of studies,smpdb_sweep,set_77ee06219f,8,0
A5 SMPDB sweep :: detected in >=90% of studies,smpdb_sweep,set_62e609c277,9,0
A5 SMPDB sweep :: detected in >=90% of studies,smpdb_sweep,set_f4b9260b4b,20,0
A5 SMPDB sweep :: detected in >=90% of studies,smpdb_sweep,set_e5b926ced6,19,0
A5 SMPDB sweep :: detected in >=90% of studies,smpdb_sweep,set_4d9c07d737,12,0
A5 SMPDB sweep :: detected in >=90% of studies,smpdb_sweep,set_6df9eeb96b,20,0
A5 SMPDB sweep :: detected in >=90% of studies,smpdb_sweep,set_e3cebc5231,22,0
A5 SMPDB sweep :: detected in >=90% of studies,smpdb_sweep,set_e5e97c1720,9,0
A5 SMPDB sweep :: detected in >=90% of studies,smpdb_sweep,set_0cc612debf,10,0
A5 SMPDB sweep :: detected in >=90% of studies,smpdb_sweep,set_c04495224e,18,0
A5 SMPDB sweep :: detected in >=90% of studies,smpdb_sweep,set_4d4c6aa3d4,19,0
A5 SMPDB sweep :: detected in >=90% of studies,smpdb_sweep,set_f31d7f72d0,25,0
A5 SMPDB sweep :: detected in >=90% of studies,smpdb_sweep,set_5a2792f9ed,27,0
A5 SMPDB sweep :: detected in >=90% of studies,smpdb_sweep,set_2449669e02,57,0
A5 SMPDB sweep :: detected in >=90% of studies,smpdb_sweep,set_cc3c0c7380,4,0
A5 SMPDB sweep :: detected in >=90% of studies,smpdb_sweep,set_04adb3a3ac,13,0
A5 SMPDB sweep :: detected in >=90% of studies,smpdb_sweep,set_c0c8e93789,15,0
A5 SMPDB sweep :: detected in >=90% of studies,smpdb_sweep,set_72f4cd6e8d,9,0
A5 SMPDB sweep :: detected in >=90% of studies,smpdb_sweep,set_15e079b75b,11,0
A5 SMPDB sweep :: detected in >=90% of studies,smpdb_sweep,set_056f221c55,12,0
A5 SMPDB sweep :: detected in >=90% of studies,smpdb_sweep,set_187a2777ed,21,0
A5 SMPDB sweep :: detected in >=90% of studies,smpdb_sweep,set_60b84238d1,24,0
A5 SMPDB sweep :: detected in >=90% of studies :: size_lt20,smpdb_sweep,set_6a07e89aca,17,0
A5 SMPDB sweep :: detected in >=90% of studies :: size_lt20,smpdb_sweep,set_1e739fc094,18,0
A5 SMPDB sweep :: detected in >=90% of studies :: size_lt20,smpdb_sweep,set_ad39336678,18,0
A5 SMPDB sweep :: detected in >=90% of studies :: size_lt20,smpdb_sweep,set_cebba23029,12,0
A5 SMPDB sweep :: detected in >=90% of studies :: size_lt20,smpdb_sweep,set_12e6179242,11,0
A5 SMPDB sweep :: detected in >=90% of studies :: size_lt20,smpdb_sweep,set_d968f73897,14,0
A5 SMPDB sweep :: detected in >=90% of studies :: size_lt20,smpdb_sweep,set_d786d26975,17,0
A5 SMPDB sweep :: detected in >=90% of studies :: size_lt20,smpdb_sweep,set_0aff08fe79,19,0
A5 SMPDB sweep :: detected in >=90% of studies :: size_lt20,smpdb_sweep,set_007eaa1a85,7,0
A5 SMPDB sweep :: detected in >=90% of studies :: size_lt20,smpdb_sweep,set_e8b09d796f,19,0
A5 SMPDB sweep :: detected in >=90% of studies :: size_lt20,smpdb_sweep,set_fb49fea8a3,13,0
A5 SMPDB sweep :: detected in >=90% of studies :: size_lt20,smpdb_sweep,set_928b2c583e,19,0
A5 SMPDB sweep :: detected in >=90% of studies :: size_lt20,smpdb_sweep,set_501cd3859e,9,0
A5 SMPDB sweep :: detected in >=90% of studies :: size_lt20,smpdb_sweep,set_49e86234df,10,0
A5 SMPDB sweep :: detected in >=90% of studies :: size_lt20,smpdb_sweep,set_dda94f81b4,9,0
A5 SMPDB sweep :: detected in >=90% of studies :: size_lt20,smpdb_sweep,set_32901117b9,11,0
A5 SMPDB sweep :: detected in >=90% of studies :: size_lt20,smpdb_sweep,set_fd311e4727,10,0
A5 SMPDB sweep :: detected in >=90% of studies :: size_lt20,smpdb_sweep,set_e6b18b1d2f,19,0
A5 SMPDB sweep :: detected in >=90% of studies :: size_lt20,smpdb_sweep,set_f314f1647f,17,0
A5 SMPDB sweep :: detected in >=90% of studies :: size_lt20,smpdb_sweep,set_966d757772,18,0
A5 SMPDB sweep :: detected in >=90% of studies :: size_lt20,smpdb_sweep,set_674ec21534,18,0
A5 SMPDB sweep :: detected in >=90% of studies :: size_lt20,smpdb_sweep,set_bde45c348a,18,0
A5 SMPDB sweep :: detected in >=90% of studies :: size_lt20,smpdb_sweep,set_20adf3af55,8,0
A5 SMPDB sweep :: detected in >=90% of studies :: size_lt20,smpdb_sweep,set_77ee06219f,8,0
A5 SMPDB sweep :: detected in >=90% of studies :: size_lt20,smpdb_sweep,set_62e609c277,9,0
A5 SMPDB sweep :: detected in >=90% of studies :: size_lt20,smpdb_sweep,set_e5b926ced6,19,0
A5 SMPDB sweep :: detected in >=90% of studies :: size_lt20,smpdb_sweep,set_4d9c07d737,12,0
A5 SMPDB sweep :: detected in >=90% of studies :: size_lt20,smpdb_sweep,set_e5e97c1720,9,0
A5 SMPDB sweep :: detected in >=90% of studies :: size_lt20,smpdb_sweep,set_0cc612debf,10,0
A5 SMPDB sweep :: detected in >=90% of studies :: size_lt20,smpdb_sweep,set_c04495224e,18,0
A5 SMPDB sweep :: detected in >=90% of studies :: size_lt20,smpdb_sweep,set_4d4c6aa3d4,19,0
A5 SMPDB sweep :: detected in >=90% of studies :: size_lt20,smpdb_sweep,set_cc3c0c7380,4,0
A5 SMPDB sweep :: detected in >=90% of studies :: size_lt20,smpdb_sweep,set_04adb3a3ac,13,0
A5 SMPDB sweep :: detected in >=90% of studies :: size_lt20,smpdb_sweep,set_c0c8e93789,15,0
A5 SMPDB sweep :: detected in >=90% of studies :: size_lt20,smpdb_sweep,set_72f4cd6e8d,9,0
A5 SMPDB sweep :: detected in >=90% of studies :: size_lt20,smpdb_sweep,set_15e079b75b,11,0
A5 SMPDB sweep :: detected in >=90% of studies :: size_lt20,smpdb_sweep,set_056f221c55,12,0
B1 KEGG x MW-union (measured coverage),kegg,set_5acb8abe6e,31,18
B1 KEGG x MW-union (measured coverage),kegg,set_dac7270197,20,13
B1 KEGG x MW-union (measured coverage),kegg,set_1869174b7f,37,18
B1 KEGG x MW-union (measured coverage),kegg,set_271ea43c69,61,11
B1 KEGG x MW-union (measured coverage),kegg,set_344072b5f4,56,13
B1 KEGG x MW-union (measured coverage),kegg,set_2138a1c123,46,21
B1 KEGG x MW-union (measured coverage),kegg,set_cfbf9cc030,57,9
B1 KEGG x MW-union (measured coverage),kegg,set_b9a825708e,58,10
B1 KEGG x MW-union (measured coverage),kegg,set_beefda2298,40,9
B1 KEGG x MW-union (measured coverage),kegg,set_54a7056432,50,12
B1 KEGG x MW-union (measured coverage),kegg,set_15cd53708d,57,14
B1 KEGG x MW-union (measured coverage),kegg,set_924bf2354d,47,22
B1 KEGG x MW-union (measured coverage),kegg,set_2227c51bc7,74,7
B1 KEGG x MW-union (measured coverage),kegg,set_2c10c2359c,100,41
B1 KEGG x MW-union (measured coverage),kegg,set_2ebb11183e,12,7
B1 KEGG x MW-union (measured coverage),kegg,set_c093da81c7,24,12
B1 KEGG x MW-union (measured coverage),kegg,set_5267159cc4,101,54
B1 KEGG x MW-union (measured coverage),kegg,set_7bb07bd8ff,22,16
B1 KEGG x MW-union (measured coverage),kegg,set_d8d29165c6,66,37
B1 KEGG x MW-union (measured coverage),kegg,set_7198d2f665,28,20
B1 KEGG x MW-union (measured coverage),kegg,set_6b91b675ac,50,29
B1 KEGG x MW-union (measured coverage),kegg,set_e7aeec8071,68,21
B1 KEGG x MW-union (measured coverage),kegg,set_ae38e946d1,42,19
B1 KEGG x MW-union (measured coverage),kegg,set_b112b5fc60,23,9
B1 KEGG x MW-union (measured coverage),kegg,set_2bc84b9269,56,19
B1 KEGG x MW-union (measured coverage),kegg,set_31c74b8829,71,26
B1 KEGG x MW-union (measured coverage),kegg,set_97b9822845,49,21
B1 KEGG x MW-union (measured coverage),kegg,set_b2ec810fd5,79,36
B1 KEGG x MW-union (measured coverage),kegg,set_d3ba0db0a8,51,11
B1 KEGG x MW-union (measured coverage),kegg,set_3c89f132e9,84,30
B1 KEGG x MW-union (measured coverage),kegg,set_3e0dfa217d,35,10
B1 KEGG x MW-union (measured coverage),kegg,set_624c481a7e,32,21
B1 KEGG x MW-union (measured coverage),kegg,set_19ae6f060f,24,14
B1 KEGG x MW-union (measured coverage),kegg,set_026dce58e5,57,6
B1 KEGG x MW-union (measured coverage),kegg,set_890c7dab5c,27,4
B1 KEGG x MW-union (measured coverage),kegg,set_4acc76344d,71,31
B1 KEGG x MW-union (measured coverage),kegg,set_3af36c8764,38,17
B1 KEGG x MW-union (measured coverage),kegg,set_9fac2bf904,37,8
B1 KEGG x MW-union (measured coverage),kegg,set_db93e5d9eb,10,1
B1 KEGG x MW-union (measured coverage),kegg,set_621efb3299,73,24
B1 KEGG x MW-union (measured coverage),kegg,set_5f5a07f0d2,81,6
B1 KEGG x MW-union (measured coverage),kegg,set_77d1e528cf,5,1
B1 KEGG x MW-union (measured coverage),kegg,set_64e403403c,122,12
B1 KEGG x MW-union (measured coverage),kegg,set_f0391c64ac,38,8
B1 KEGG x MW-union (measured coverage),kegg,set_5ad08f10f9,50,11
B1 KEGG x MW-union (measured coverage),kegg,set_ec1be6de1b,16,3
B1 KEGG x MW-union (measured coverage),kegg,set_7869d1115d,56,12
B1 KEGG x MW-union (measured coverage),kegg,set_22d14bdf46,25,1
B1 KEGG x MW-union (measured coverage),kegg,set_2085dffe34,79,40
B1 KEGG x MW-union (measured coverage),kegg,set_4319123b8c,29,4
B1 KEGG x MW-union (measured coverage),kegg,set_83661c5e7c,67,3
B1 KEGG x MW-union (measured coverage),kegg,set_f1a29f810b,36,14
B1 KEGG x MW-union (measured coverage),kegg,set_472b0fd7fb,32,20
B1 KEGG x MW-union (measured coverage),kegg,set_bcb42d3c63,67,29
B1 KEGG x MW-union (measured coverage),kegg,set_1b0cac50f9,42,22
B1 KEGG x MW-union (measured coverage),kegg,set_f78fd335ec,47,17
B1 KEGG x MW-union (measured coverage),kegg,set_59d512d8f9,35,10
B1 KEGG x MW-union (measured coverage),kegg,set_254f310839,26,24
B1 KEGG x MW-union (measured coverage),kegg,set_6b53931bd8,31,10
B1 KEGG x MW-union (measured coverage),kegg,set_ad1dcf321e,24,10
B1 KEGG x MW-union (measured coverage),kegg,set_9f4a8a2204,29,11
B1 KEGG x MW-union (measured coverage),kegg,set_b56fa8cbb9,55,20
B1 KEGG x MW-union (measured coverage),kegg,set_0189ce5c26,30,18
B1 KEGG x MW-union (measured coverage),kegg,set_0a7251c34c,29,4
B1 KEGG x MW-union (measured coverage),kegg,set_cc871f4693,44,15
B1 KEGG x MW-union (measured coverage),kegg,set_50428d09e6,58,12
B1 KEGG x MW-union (measured coverage),kegg,set_95dd531730,25,11
B1 KEGG x MW-union (measured coverage),kegg,set_3bb7f39946,148,13
B1 KEGG x MW-union (measured coverage),kegg,set_5c4fec496c,47,11
B1 KEGG x MW-union (measured coverage),kegg,set_76a51d8887,20,5
B1 KEGG x MW-union (measured coverage),kegg,set_4adf8811c2,45,14
B1 KEGG x MW-union (measured coverage),kegg,set_5c71a07112,52,22
B1 KEGG x MW-union (measured coverage),kegg,set_13c7b97ae7,121,1
B1 KEGG x MW-union (measured coverage),kegg,set_279c69eef9,87,22
B1 KEGG x MW-union (measured coverage),kegg,set_7f2eeca5ac,52,6
B1 KEGG x MW-union (measured coverage),kegg,set_7a03212d02,74,16
B1 KEGG x MW-union (measured coverage),kegg,set_8ba220eed7,5,4
B1 KEGG x MW-union (measured coverage),kegg,set_e87cd67005,17,12
B1 KEGG x MW-union (measured coverage),kegg,set_8e5071eb36,138,57
B1 KEGG x MW-union (measured coverage),kegg,set_5aeae7a327,5,3
B1 KEGG x MW-union (measured coverage),kegg,set_55eb67eab6,5,2
B1 KEGG x MW-union (measured coverage),kegg,set_e1ab26f58f,7,4
B1 KEGG x MW-union (measured coverage),kegg,set_b49dc63a5b,5,3
B1 KEGG x MW-union (measured coverage),kegg,set_e88e2cb844,11,5
B1 KEGG x MW-union (measured coverage),kegg,set_79085f78ba,10,6
B1 KEGG x MW-union (measured coverage),kegg,set_c2a3f5a6e6,25,15
B1 KEGG x MW-union (measured coverage),kegg,set_2a4af7c554,5,2
B1 KEGG x MW-union (measured coverage),kegg,set_9621b563e7,15,8
B1 KEGG x MW-union (measured coverage),kegg,set_c1c053793d,5,4
B1 KEGG x MW-union (measured coverage),kegg,set_9c62989783,29,6
B1 KEGG x MW-union (measured coverage),kegg,set_6d4de6f3ca,15,10
B1 KEGG x MW-union (measured coverage),kegg,set_403c9be3d5,11,5
B1 KEGG x MW-union (measured coverage),kegg,set_7e5adfe9e9,53,35
B1 KEGG x MW-union (measured coverage),kegg,set_e8aa2a646b,19,8
B1 KEGG x MW-union (measured coverage),kegg,set_f9838e94ed,40,17
B1 KEGG x MW-union (measured coverage),kegg,set_62b5b87fe9,11,5
B1 KEGG x MW-union (measured coverage),kegg,set_724b4b7be8,6,2
B1 KEGG x MW-union (measured coverage),kegg,set_d8b6084b60,6,2
B1 KEGG x MW-union (measured coverage),kegg,set_9d14d04ea2,21,15
B1 KEGG x MW-union (measured coverage),kegg,set_566bf87914,22,10
B1 KEGG x MW-union (measured coverage),kegg,set_0ac3e83773,8,3
B1 KEGG x MW-union (measured coverage),kegg,set_b96ec56a33,29,13
B1 KEGG x MW-union (measured coverage),kegg,set_d751b7bdb1,10,5
B1 KEGG x MW-union (measured coverage),kegg,set_553101a642,5,0
B1 KEGG x MW-union (measured coverage),kegg,set_e0fa59e770,10,5
B1 KEGG x MW-union (measured coverage),kegg,set_1aad4f3cba,16,10
B1 KEGG x MW-union (measured coverage),kegg,set_94700e869a,6,1
B1 KEGG x MW-union (measured coverage),kegg,set_0ce77a05e9,9,3
B1 KEGG x MW-union (measured coverage),kegg,set_abc9fb2339,16,8
B1 KEGG x MW-union (measured coverage),kegg,set_0e11f8b2ab,6,1
B1 KEGG x MW-union (measured coverage),kegg,set_c3d8021806,11,7
B1 KEGG x MW-union (measured coverage),kegg,set_5e83f666ee,31,0
B1 KEGG x MW-union (measured coverage),kegg,set_d9b51b3dfb,14,8
B1 KEGG x MW-union (measured coverage),kegg,set_6dc519cff6,13,1
B1 KEGG x MW-union (measured coverage),kegg,set_f79f8c3a5a,11,0
B1 KEGG x MW-union (measured coverage),kegg,set_bc82882e7a,6,2
B1 KEGG x MW-union (measured coverage),kegg,set_ec651f0509,11,4
B1 KEGG x MW-union (measured coverage),kegg,set_53e92dfd39,11,7
B1 KEGG x MW-union (measured coverage),kegg,set_632551c1e8,8,3
B1 KEGG x MW-union (measured coverage),kegg,set_4f763e6136,9,4
B1 KEGG x MW-union (measured coverage),kegg,set_fd83e9953c,23,14
B1 KEGG x MW-union (measured coverage),kegg,set_fa899e35d7,7,3
B1 KEGG x MW-union (measured coverage),kegg,set_db39372338,12,9
B1 KEGG x MW-union (measured coverage),kegg,set_d15c41421f,5,2
B1 KEGG x MW-union (measured coverage),kegg,set_bd261c68a0,19,8
B1 KEGG x MW-union (measured coverage),kegg,set_48aa3cd808,8,4
B1 KEGG x MW-union (measured coverage),kegg,set_4c5914bafc,12,7
B1 KEGG x MW-union (measured coverage),kegg,set_a99c0b045f,42,28
B1 KEGG x MW-union (measured coverage),kegg,set_0296e3477f,9,6
B1 KEGG x MW-union (measured coverage),kegg,set_1fab907f29,12,8
B1 KEGG x MW-union (measured coverage),kegg,set_ba4632c104,9,4
B1 KEGG x MW-union (measured coverage),kegg,set_9cf63a38e9,8,4
B1 KEGG x MW-union (measured coverage),kegg,set_6f4614e929,32,18
B1 KEGG x MW-union (measured coverage),kegg,set_bc65906fee,8,4
B1 KEGG x MW-union (measured coverage),kegg,set_70bc04718c,35,14
B1 KEGG x MW-union (measured coverage),kegg,set_d11e6830a7,5,1
B1 KEGG x MW-union (measured coverage),kegg,set_e6be6fb001,12,7
B1 KEGG x MW-union (measured coverage),kegg,set_63106581df,6,3
B1 KEGG x MW-union (measured coverage),kegg,set_3111a69a80,24,18
B1 KEGG x MW-union (measured coverage),kegg,set_e186047fad,8,4
B1 KEGG x MW-union (measured coverage),kegg,set_7ae664e506,6,4
B1 KEGG x MW-union (measured coverage),kegg,set_82ad1a2d6c,11,10
B1 KEGG x MW-union (measured coverage),kegg,set_2eb74fe04e,21,13
B1 KEGG x MW-union (measured coverage),kegg,set_af64d22175,11,4
B1 KEGG x MW-union (measured coverage),kegg,set_52b9f4d65d,8,3
B1 KEGG x MW-union (measured coverage),kegg,set_8ee1fdd0ce,12,7
B1 KEGG x MW-union (measured coverage),kegg,set_6007c4b59f,26,20
B1 KEGG x MW-union (measured coverage),kegg,set_1fcf7c4997,14,10
B1 KEGG x MW-union (measured coverage),kegg,set_ee7dc39286,17,10
B1 KEGG x MW-union (measured coverage),kegg,set_b8dfa17746,22,16
B1 KEGG x MW-union (measured coverage),kegg,set_4aba147af4,6,2
B1 KEGG x MW-union (measured coverage),kegg,set_0aea477239,12,10
B1 KEGG x MW-union (measured coverage),kegg,set_869596225e,11,4
B1 KEGG x MW-union (measured coverage),kegg,set_1bc67aa082,9,4
B1 KEGG x MW-union (measured coverage),kegg,set_768310548c,6,3
B1 KEGG x MW-union (measured coverage),kegg,set_45a3270a3a,19,9
B1 KEGG x MW-union (measured coverage),kegg,set_e27de11bfc,9,3
B1 KEGG x MW-union (measured coverage),kegg,set_f9e5f0c541,13,10
B1 KEGG x MW-union (measured coverage),kegg,set_4458d9419b,11,7
B1 KEGG x MW-union (measured coverage),kegg,set_a458a02921,8,4
B1 KEGG x MW-union (measured coverage),kegg,set_ea2d317004,8,3
B1 KEGG x MW-union (measured coverage),kegg,set_e859da17d3,17,9
B1 KEGG x MW-union (measured coverage),kegg,set_ee4fe13061,8,2
B1 KEGG x MW-union (measured coverage),kegg,set_144b2a2f9c,17,7
B1 KEGG x MW-union (measured coverage),kegg,set_e9c8593d4b,14,6
B1 KEGG x MW-union (measured coverage),kegg,set_44a0424b47,15,5
B1 KEGG x MW-union (measured coverage),kegg,set_4cc0961172,27,8
B1 KEGG x MW-union (measured coverage),kegg,set_951b4cb6fa,47,28
B1 KEGG x MW-union (measured coverage),kegg,set_86afea7d99,13,2
B1 KEGG x MW-union (measured coverage),kegg,set_676e2b3cde,97,48
B1 KEGG x MW-union (measured coverage),kegg,set_96ef2b3751,42,23
B1 KEGG x MW-union (measured coverage),kegg,set_13117a3ac2,29,16
B1 KEGG x MW-union (measured coverage),kegg,set_10090b4679,10,5
B1 KEGG x MW-union (measured coverage),kegg,set_c258b8d176,14,3
B1 KEGG x MW-union (measured coverage),kegg,set_ec8f2e7755,20,16
B1 KEGG x MW-union (measured coverage),kegg,set_242e07990f,19,1
B1 KEGG x MW-union (measured coverage),kegg,set_cf7bec92fd,26,11
B1 KEGG x MW-union (measured coverage),kegg,set_6e3df42571,14,3
B1 KEGG x MW-union (measured coverage),kegg,set_0ef80a3e60,6,2
B1 KEGG x MW-union (measured coverage),kegg,set_41fbbd736d,7,2
B1 KEGG x MW-union (measured coverage),kegg,set_ca1f99cd23,5,2
B1 KEGG x MW-union (measured coverage),kegg,set_eadc697c9f,32,8
B1 KEGG x MW-union (measured coverage),kegg,set_8c01cd9f53,7,6
B1 KEGG x MW-union (measured coverage),kegg,set_3a1e9adfa7,9,6
B1 KEGG x MW-union (measured coverage),kegg,set_9cf2b1affb,8,5
B1 KEGG x MW-union (measured coverage),kegg,set_1b1680d957,7,4
B1 KEGG x MW-union (measured coverage),kegg,set_f3e5323118,10,8
B1 KEGG x MW-union (measured coverage),kegg,set_5ea8e34a72,9,2
B1 KEGG x MW-union (measured coverage),kegg,set_70c9d52d44,5,1
B1 KEGG x MW-union (measured coverage),kegg,set_47ec1e9833,14,3
B1 KEGG x MW-union (measured coverage),kegg,set_b2b20bc21d,5,0
B1 KEGG x MW-union (measured coverage),kegg,set_323f57c178,10,3
B1 KEGG x MW-union (measured coverage),kegg,set_8782a703c2,5,1
B1 KEGG x MW-union (measured coverage),kegg,set_9b59d46f35,6,3
B1 KEGG x MW-union (measured coverage),kegg,set_9a677125a0,6,3
B1 KEGG x MW-union (measured coverage),kegg,set_39673ab9a8,8,5
B1 KEGG x MW-union (measured coverage),kegg,set_fef5b6db58,13,5
B1 KEGG x MW-union (measured coverage),kegg,set_defccdb12c,9,1
B1 KEGG x MW-union (measured coverage),kegg,set_4ab589207d,6,2
B1 KEGG x MW-union (measured coverage),kegg,set_ce3e641d29,5,1
B1 KEGG x MW-union (measured coverage),kegg,set_fa1bde903c,5,1
B1 KEGG x MW-union (measured coverage),kegg,set_b44c30992c,5,1
B1 KEGG x MW-union (measured coverage),kegg,set_7b08f7116a,10,0
B1 KEGG x MW-union (measured coverage),kegg,set_0e7bc14c3b,31,16
B1 KEGG x MW-union (measured coverage),kegg,set_d510144f8a,78,0
B1 KEGG x MW-union (measured coverage),kegg,set_87add8c5dc,29,7
B1 KEGG x MW-union (measured coverage),kegg,set_c9e42d4c97,57,12
B1 KEGG x MW-union (measured coverage),kegg,set_ade02f5b1e,15,11
B1 KEGG x MW-union (measured coverage),kegg,set_6009dcdb7e,6,3
B1 KEGG x MW-union (measured coverage),kegg,set_51f864e8c0,14,1
B1 KEGG x MW-union (measured coverage),kegg,set_b4b6cf7f87,37,33
B1 KEGG x MW-union (measured coverage),kegg,set_7006b3f384,11,6
B1 KEGG x MW-union (measured coverage),kegg,set_835931a774,5,4
B1 KEGG x MW-union (measured coverage),kegg,set_bd1153eb26,39,16
B1 KEGG x MW-union (measured coverage),kegg,set_623ad85c2e,14,2
B1 KEGG x MW-union (measured coverage),kegg,set_ee997594a5,8,1
B1 KEGG x MW-union (measured coverage) :: size_lt20,kegg,set_2ebb11183e,12,7
B1 KEGG x MW-union (measured coverage) :: size_lt20,kegg,set_db93e5d9eb,10,1
B1 KEGG x MW-union (measured coverage) :: size_lt20,kegg,set_77d1e528cf,5,1
B1 KEGG x MW-union (measured coverage) :: size_lt20,kegg,set_ec1be6de1b,16,3
B1 KEGG x MW-union (measured coverage) :: size_lt20,kegg,set_8ba220eed7,5,4
B1 KEGG x MW-union (measured coverage) :: size_lt20,kegg,set_e87cd67005,17,12
B1 KEGG x MW-union (measured coverage) :: size_lt20,kegg,set_5aeae7a327,5,3
B1 KEGG x MW-union (measured coverage) :: size_lt20,kegg,set_55eb67eab6,5,2
B1 KEGG x MW-union (measured coverage) :: size_lt20,kegg,set_e1ab26f58f,7,4
B1 KEGG x MW-union (measured coverage) :: size_lt20,kegg,set_b49dc63a5b,5,3
B1 KEGG x MW-union (measured coverage) :: size_lt20,kegg,set_e88e2cb844,11,5
B1 KEGG x MW-union (measured coverage) :: size_lt20,kegg,set_79085f78ba,10,6
B1 KEGG x MW-union (measured coverage) :: size_lt20,kegg,set_2a4af7c554,5,2
B1 KEGG x MW-union (measured coverage) :: size_lt20,kegg,set_9621b563e7,15,8
B1 KEGG x MW-union (measured coverage) :: size_lt20,kegg,set_c1c053793d,5,4
B1 KEGG x MW-union (measured coverage) :: size_lt20,kegg,set_6d4de6f3ca,15,10
B1 KEGG x MW-union (measured coverage) :: size_lt20,kegg,set_403c9be3d5,11,5
B1 KEGG x MW-union (measured coverage) :: size_lt20,kegg,set_e8aa2a646b,19,8
B1 KEGG x MW-union (measured coverage) :: size_lt20,kegg,set_62b5b87fe9,11,5
B1 KEGG x MW-union (measured coverage) :: size_lt20,kegg,set_724b4b7be8,6,2
B1 KEGG x MW-union (measured coverage) :: size_lt20,kegg,set_d8b6084b60,6,2
B1 KEGG x MW-union (measured coverage) :: size_lt20,kegg,set_0ac3e83773,8,3
B1 KEGG x MW-union (measured coverage) :: size_lt20,kegg,set_d751b7bdb1,10,5
B1 KEGG x MW-union (measured coverage) :: size_lt20,kegg,set_553101a642,5,0
B1 KEGG x MW-union (measured coverage) :: size_lt20,kegg,set_e0fa59e770,10,5
B1 KEGG x MW-union (measured coverage) :: size_lt20,kegg,set_1aad4f3cba,16,10
B1 KEGG x MW-union (measured coverage) :: size_lt20,kegg,set_94700e869a,6,1
B1 KEGG x MW-union (measured coverage) :: size_lt20,kegg,set_0ce77a05e9,9,3
B1 KEGG x MW-union (measured coverage) :: size_lt20,kegg,set_abc9fb2339,16,8
B1 KEGG x MW-union (measured coverage) :: size_lt20,kegg,set_0e11f8b2ab,6,1
B1 KEGG x MW-union (measured coverage) :: size_lt20,kegg,set_c3d8021806,11,7
B1 KEGG x MW-union (measured coverage) :: size_lt20,kegg,set_d9b51b3dfb,14,8
B1 KEGG x MW-union (measured coverage) :: size_lt20,kegg,set_6dc519cff6,13,1
B1 KEGG x MW-union (measured coverage) :: size_lt20,kegg,set_f79f8c3a5a,11,0
B1 KEGG x MW-union (measured coverage) :: size_lt20,kegg,set_bc82882e7a,6,2
B1 KEGG x MW-union (measured coverage) :: size_lt20,kegg,set_ec651f0509,11,4
B1 KEGG x MW-union (measured coverage) :: size_lt20,kegg,set_53e92dfd39,11,7
B1 KEGG x MW-union (measured coverage) :: size_lt20,kegg,set_632551c1e8,8,3
B1 KEGG x MW-union (measured coverage) :: size_lt20,kegg,set_4f763e6136,9,4
B1 KEGG x MW-union (measured coverage) :: size_lt20,kegg,set_fa899e35d7,7,3
B1 KEGG x MW-union (measured coverage) :: size_lt20,kegg,set_db39372338,12,9
B1 KEGG x MW-union (measured coverage) :: size_lt20,kegg,set_d15c41421f,5,2
B1 KEGG x MW-union (measured coverage) :: size_lt20,kegg,set_bd261c68a0,19,8
B1 KEGG x MW-union (measured coverage) :: size_lt20,kegg,set_48aa3cd808,8,4
B1 KEGG x MW-union (measured coverage) :: size_lt20,kegg,set_4c5914bafc,12,7
B1 KEGG x MW-union (measured coverage) :: size_lt20,kegg,set_0296e3477f,9,6
B1 KEGG x MW-union (measured coverage) :: size_lt20,kegg,set_1fab907f29,12,8
B1 KEGG x MW-union (measured coverage) :: size_lt20,kegg,set_ba4632c104,9,4
B1 KEGG x MW-union (measured coverage) :: size_lt20,kegg,set_9cf63a38e9,8,4
B1 KEGG x MW-union (measured coverage) :: size_lt20,kegg,set_bc65906fee,8,4
B1 KEGG x MW-union (measured coverage) :: size_lt20,kegg,set_d11e6830a7,5,1
B1 KEGG x MW-union (measured coverage) :: size_lt20,kegg,set_e6be6fb001,12,7
B1 KEGG x MW-union (measured coverage) :: size_lt20,kegg,set_63106581df,6,3
B1 KEGG x MW-union (measured coverage) :: size_lt20,kegg,set_e186047fad,8,4
B1 KEGG x MW-union (measured coverage) :: size_lt20,kegg,set_7ae664e506,6,4
B1 KEGG x MW-union (measured coverage) :: size_lt20,kegg,set_82ad1a2d6c,11,10
B1 KEGG x MW-union (measured coverage) :: size_lt20,kegg,set_af64d22175,11,4
B1 KEGG x MW-union (measured coverage) :: size_lt20,kegg,set_52b9f4d65d,8,3
B1 KEGG x MW-union (measured coverage) :: size_lt20,kegg,set_8ee1fdd0ce,12,7
B1 KEGG x MW-union (measured coverage) :: size_lt20,kegg,set_1fcf7c4997,14,10
B1 KEGG x MW-union (measured coverage) :: size_lt20,kegg,set_ee7dc39286,17,10
B1 KEGG x MW-union (measured coverage) :: size_lt20,kegg,set_4aba147af4,6,2
B1 KEGG x MW-union (measured coverage) :: size_lt20,kegg,set_0aea477239,12,10
B1 KEGG x MW-union (measured coverage) :: size_lt20,kegg,set_869596225e,11,4
B1 KEGG x MW-union (measured coverage) :: size_lt20,kegg,set_1bc67aa082,9,4
B1 KEGG x MW-union (measured coverage) :: size_lt20,kegg,set_768310548c,6,3
B1 KEGG x MW-union (measured coverage) :: size_lt20,kegg,set_45a3270a3a,19,9
B1 KEGG x MW-union (measured coverage) :: size_lt20,kegg,set_e27de11bfc,9,3
B1 KEGG x MW-union (measured coverage) :: size_lt20,kegg,set_f9e5f0c541,13,10
B1 KEGG x MW-union (measured coverage) :: size_lt20,kegg,set_4458d9419b,11,7
B1 KEGG x MW-union (measured coverage) :: size_lt20,kegg,set_a458a02921,8,4
B1 KEGG x MW-union (measured coverage) :: size_lt20,kegg,set_ea2d317004,8,3
B1 KEGG x MW-union (measured coverage) :: size_lt20,kegg,set_e859da17d3,17,9
B1 KEGG x MW-union (measured coverage) :: size_lt20,kegg,set_ee4fe13061,8,2
B1 KEGG x MW-union (measured coverage) :: size_lt20,kegg,set_144b2a2f9c,17,7
B1 KEGG x MW-union (measured coverage) :: size_lt20,kegg,set_e9c8593d4b,14,6
B1 KEGG x MW-union (measured coverage) :: size_lt20,kegg,set_44a0424b47,15,5
B1 KEGG x MW-union (measured coverage) :: size_lt20,kegg,set_86afea7d99,13,2
B1 KEGG x MW-union (measured coverage) :: size_lt20,kegg,set_10090b4679,10,5
B1 KEGG x MW-union (measured coverage) :: size_lt20,kegg,set_c258b8d176,14,3
B1 KEGG x MW-union (measured coverage) :: size_lt20,kegg,set_242e07990f,19,1
B1 KEGG x MW-union (measured coverage) :: size_lt20,kegg,set_6e3df42571,14,3
B1 KEGG x MW-union (measured coverage) :: size_lt20,kegg,set_0ef80a3e60,6,2
B1 KEGG x MW-union (measured coverage) :: size_lt20,kegg,set_41fbbd736d,7,2
B1 KEGG x MW-union (measured coverage) :: size_lt20,kegg,set_ca1f99cd23,5,2
B1 KEGG x MW-union (measured coverage) :: size_lt20,kegg,set_8c01cd9f53,7,6
B1 KEGG x MW-union (measured coverage) :: size_lt20,kegg,set_3a1e9adfa7,9,6
B1 KEGG x MW-union (measured coverage) :: size_lt20,kegg,set_9cf2b1affb,8,5
B1 KEGG x MW-union (measured coverage) :: size_lt20,kegg,set_1b1680d957,7,4
B1 KEGG x MW-union (measured coverage) :: size_lt20,kegg,set_f3e5323118,10,8
B1 KEGG x MW-union (measured coverage) :: size_lt20,kegg,set_5ea8e34a72,9,2
B1 KEGG x MW-union (measured coverage) :: size_lt20,kegg,set_70c9d52d44,5,1
B1 KEGG x MW-union (measured coverage) :: size_lt20,kegg,set_47ec1e9833,14,3
B1 KEGG x MW-union (measured coverage) :: size_lt20,kegg,set_b2b20bc21d,5,0
B1 KEGG x MW-union (measured coverage) :: size_lt20,kegg,set_323f57c178,10,3
B1 KEGG x MW-union (measured coverage) :: size_lt20,kegg,set_8782a703c2,5,1
B1 KEGG x MW-union (measured coverage) :: size_lt20,kegg,set_9b59d46f35,6,3
B1 KEGG x MW-union (measured coverage) :: size_lt20,kegg,set_9a677125a0,6,3
B1 KEGG x MW-union (measured coverage) :: size_lt20,kegg,set_39673ab9a8,8,5
B1 KEGG x MW-union (measured coverage) :: size_lt20,kegg,set_fef5b6db58,13,5
B1 KEGG x MW-union (measured coverage) :: size_lt20,kegg,set_defccdb12c,9,1
B1 KEGG x MW-union (measured coverage) :: size_lt20,kegg,set_4ab589207d,6,2
B1 KEGG x MW-union (measured coverage) :: size_lt20,kegg,set_ce3e641d29,5,1
B1 KEGG x MW-union (measured coverage) :: size_lt20,kegg,set_fa1bde903c,5,1
B1 KEGG x MW-union (measured coverage) :: size_lt20,kegg,set_b44c30992c,5,1
B1 KEGG x MW-union (measured coverage) :: size_lt20,kegg,set_7b08f7116a,10,0
B1 KEGG x MW-union (measured coverage) :: size_lt20,kegg,set_ade02f5b1e,15,11
B1 KEGG x MW-union (measured coverage) :: size_lt20,kegg,set_6009dcdb7e,6,3
B1 KEGG x MW-union (measured coverage) :: size_lt20,kegg,set_51f864e8c0,14,1
B1 KEGG x MW-union (measured coverage) :: size_lt20,kegg,set_7006b3f384,11,6
B1 KEGG x MW-union (measured coverage) :: size_lt20,kegg,set_835931a774,5,4
B1 KEGG x MW-union (measured coverage) :: size_lt20,kegg,set_623ad85c2e,14,2
B1 KEGG x MW-union (measured coverage) :: size_lt20,kegg,set_ee997594a5,8,1
B1 KEGG x MW-union (measured coverage) :: size_20to40,kegg,set_5acb8abe6e,31,18
B1 KEGG x MW-union (measured coverage) :: size_20to40,kegg,set_dac7270197,20,13
B1 KEGG x MW-union (measured coverage) :: size_20to40,kegg,set_1869174b7f,37,18
B1 KEGG x MW-union (measured coverage) :: size_20to40,kegg,set_beefda2298,40,9
B1 KEGG x MW-union (measured coverage) :: size_20to40,kegg,set_c093da81c7,24,12
B1 KEGG x MW-union (measured coverage) :: size_20to40,kegg,set_7bb07bd8ff,22,16
B1 KEGG x MW-union (measured coverage) :: size_20to40,kegg,set_7198d2f665,28,20
B1 KEGG x MW-union (measured coverage) :: size_20to40,kegg,set_b112b5fc60,23,9
B1 KEGG x MW-union (measured coverage) :: size_20to40,kegg,set_3e0dfa217d,35,10
B1 KEGG x MW-union (measured coverage) :: size_20to40,kegg,set_624c481a7e,32,21
B1 KEGG x MW-union (measured coverage) :: size_20to40,kegg,set_19ae6f060f,24,14
B1 KEGG x MW-union (measured coverage) :: size_20to40,kegg,set_890c7dab5c,27,4
B1 KEGG x MW-union (measured coverage) :: size_20to40,kegg,set_3af36c8764,38,17
B1 KEGG x MW-union (measured coverage) :: size_20to40,kegg,set_9fac2bf904,37,8
B1 KEGG x MW-union (measured coverage) :: size_20to40,kegg,set_f0391c64ac,38,8
B1 KEGG x MW-union (measured coverage) :: size_20to40,kegg,set_22d14bdf46,25,1
B1 KEGG x MW-union (measured coverage) :: size_20to40,kegg,set_4319123b8c,29,4
B1 KEGG x MW-union (measured coverage) :: size_20to40,kegg,set_f1a29f810b,36,14
B1 KEGG x MW-union (measured coverage) :: size_20to40,kegg,set_472b0fd7fb,32,20
B1 KEGG x MW-union (measured coverage) :: size_20to40,kegg,set_59d512d8f9,35,10
B1 KEGG x MW-union (measured coverage) :: size_20to40,kegg,set_254f310839,26,24
B1 KEGG x MW-union (measured coverage) :: size_20to40,kegg,set_6b53931bd8,31,10
B1 KEGG x MW-union (measured coverage) :: size_20to40,kegg,set_ad1dcf321e,24,10
B1 KEGG x MW-union (measured coverage) :: size_20to40,kegg,set_9f4a8a2204,29,11
B1 KEGG x MW-union (measured coverage) :: size_20to40,kegg,set_0189ce5c26,30,18
B1 KEGG x MW-union (measured coverage) :: size_20to40,kegg,set_0a7251c34c,29,4
B1 KEGG x MW-union (measured coverage) :: size_20to40,kegg,set_95dd531730,25,11
B1 KEGG x MW-union (measured coverage) :: size_20to40,kegg,set_76a51d8887,20,5
B1 KEGG x MW-union (measured coverage) :: size_20to40,kegg,set_c2a3f5a6e6,25,15
B1 KEGG x MW-union (measured coverage) :: size_20to40,kegg,set_9c62989783,29,6
B1 KEGG x MW-union (measured coverage) :: size_20to40,kegg,set_f9838e94ed,40,17
B1 KEGG x MW-union (measured coverage) :: size_20to40,kegg,set_9d14d04ea2,21,15
B1 KEGG x MW-union (measured coverage) :: size_20to40,kegg,set_566bf87914,22,10
B1 KEGG x MW-union (measured coverage) :: size_20to40,kegg,set_b96ec56a33,29,13
B1 KEGG x MW-union (measured coverage) :: size_20to40,kegg,set_5e83f666ee,31,0
B1 KEGG x MW-union (measured coverage) :: size_20to40,kegg,set_fd83e9953c,23,14
B1 KEGG x MW-union (measured coverage) :: size_20to40,kegg,set_6f4614e929,32,18
B1 KEGG x MW-union (measured coverage) :: size_20to40,kegg,set_70bc04718c,35,14
B1 KEGG x MW-union (measured coverage) :: size_20to40,kegg,set_3111a69a80,24,18
B1 KEGG x MW-union (measured coverage) :: size_20to40,kegg,set_2eb74fe04e,21,13
B1 KEGG x MW-union (measured coverage) :: size_20to40,kegg,set_6007c4b59f,26,20
B1 KEGG x MW-union (measured coverage) :: size_20to40,kegg,set_b8dfa17746,22,16
B1 KEGG x MW-union (measured coverage) :: size_20to40,kegg,set_4cc0961172,27,8
B1 KEGG x MW-union (measured coverage) :: size_20to40,kegg,set_13117a3ac2,29,16
B1 KEGG x MW-union (measured coverage) :: size_20to40,kegg,set_ec8f2e7755,20,16
B1 KEGG x MW-union (measured coverage) :: size_20to40,kegg,set_cf7bec92fd,26,11
B1 KEGG x MW-union (measured coverage) :: size_20to40,kegg,set_eadc697c9f,32,8
B1 KEGG x MW-union (measured coverage) :: size_20to40,kegg,set_0e7bc14c3b,31,16
B1 KEGG x MW-union (measured coverage) :: size_20to40,kegg,set_87add8c5dc,29,7
B1 KEGG x MW-union (measured coverage) :: size_20to40,kegg,set_b4b6cf7f87,37,33
B1 KEGG x MW-union (measured coverage) :: size_20to40,kegg,set_bd1153eb26,39,16
B1 KEGG x MW-union (measured coverage) :: size_gt40,kegg,set_271ea43c69,61,11
B1 KEGG x MW-union (measured coverage) :: size_gt40,kegg,set_344072b5f4,56,13
B1 KEGG x MW-union (measured coverage) :: size_gt40,kegg,set_2138a1c123,46,21
B1 KEGG x MW-union (measured coverage) :: size_gt40,kegg,set_cfbf9cc030,57,9
B1 KEGG x MW-union (measured coverage) :: size_gt40,kegg,set_b9a825708e,58,10
B1 KEGG x MW-union (measured coverage) :: size_gt40,kegg,set_54a7056432,50,12
B1 KEGG x MW-union (measured coverage) :: size_gt40,kegg,set_15cd53708d,57,14
B1 KEGG x MW-union (measured coverage) :: size_gt40,kegg,set_924bf2354d,47,22
B1 KEGG x MW-union (measured coverage) :: size_gt40,kegg,set_2227c51bc7,74,7
B1 KEGG x MW-union (measured coverage) :: size_gt40,kegg,set_2c10c2359c,100,41
B1 KEGG x MW-union (measured coverage) :: size_gt40,kegg,set_5267159cc4,101,54
B1 KEGG x MW-union (measured coverage) :: size_gt40,kegg,set_d8d29165c6,66,37
B1 KEGG x MW-union (measured coverage) :: size_gt40,kegg,set_6b91b675ac,50,29
B1 KEGG x MW-union (measured coverage) :: size_gt40,kegg,set_e7aeec8071,68,21
B1 KEGG x MW-union (measured coverage) :: size_gt40,kegg,set_ae38e946d1,42,19
B1 KEGG x MW-union (measured coverage) :: size_gt40,kegg,set_2bc84b9269,56,19
B1 KEGG x MW-union (measured coverage) :: size_gt40,kegg,set_31c74b8829,71,26
B1 KEGG x MW-union (measured coverage) :: size_gt40,kegg,set_97b9822845,49,21
B1 KEGG x MW-union (measured coverage) :: size_gt40,kegg,set_b2ec810fd5,79,36
B1 KEGG x MW-union (measured coverage) :: size_gt40,kegg,set_d3ba0db0a8,51,11
B1 KEGG x MW-union (measured coverage) :: size_gt40,kegg,set_3c89f132e9,84,30
B1 KEGG x MW-union (measured coverage) :: size_gt40,kegg,set_026dce58e5,57,6
B1 KEGG x MW-union (measured coverage) :: size_gt40,kegg,set_4acc76344d,71,31
B1 KEGG x MW-union (measured coverage) :: size_gt40,kegg,set_621efb3299,73,24
B1 KEGG x MW-union (measured coverage) :: size_gt40,kegg,set_5f5a07f0d2,81,6
B1 KEGG x MW-union (measured coverage) :: size_gt40,kegg,set_64e403403c,122,12
B1 KEGG x MW-union (measured coverage) :: size_gt40,kegg,set_5ad08f10f9,50,11
B1 KEGG x MW-union (measured coverage) :: size_gt40,kegg,set_7869d1115d,56,12
B1 KEGG x MW-union (measured coverage) :: size_gt40,kegg,set_2085dffe34,79,40
B1 KEGG x MW-union (measured coverage) :: size_gt40,kegg,set_83661c5e7c,67,3
B1 KEGG x MW-union (measured coverage) :: size_gt40,kegg,set_bcb42d3c63,67,29
B1 KEGG x MW-union (measured coverage) :: size_gt40,kegg,set_1b0cac50f9,42,22
B1 KEGG x MW-union (measured coverage) :: size_gt40,kegg,set_f78fd335ec,47,17
B1 KEGG x MW-union (measured coverage) :: size_gt40,kegg,set_b56fa8cbb9,55,20
B1 KEGG x MW-union (measured coverage) :: size_gt40,kegg,set_cc871f4693,44,15
B1 KEGG x MW-union (measured coverage) :: size_gt40,kegg,set_50428d09e6,58,12
B1 KEGG x MW-union (measured coverage) :: size_gt40,kegg,set_3bb7f39946,148,13
B1 KEGG x MW-union (measured coverage) :: size_gt40,kegg,set_5c4fec496c,47,11
B1 KEGG x MW-union (measured coverage) :: size_gt40,kegg,set_4adf8811c2,45,14
B1 KEGG x MW-union (measured coverage) :: size_gt40,kegg,set_5c71a07112,52,22
B1 KEGG x MW-union (measured coverage) :: size_gt40,kegg,set_13c7b97ae7,121,1
B1 KEGG x MW-union (measured coverage) :: size_gt40,kegg,set_279c69eef9,87,22
B1 KEGG x MW-union (measured coverage) :: size_gt40,kegg,set_7f2eeca5ac,52,6
B1 KEGG x MW-union (measured coverage) :: size_gt40,kegg,set_7a03212d02,74,16
B1 KEGG x MW-union (measured coverage) :: size_gt40,kegg,set_8e5071eb36,138,57
B1 KEGG x MW-union (measured coverage) :: size_gt40,kegg,set_7e5adfe9e9,53,35
B1 KEGG x MW-union (measured coverage) :: size_gt40,kegg,set_a99c0b045f,42,28
B1 KEGG x MW-union (measured coverage) :: size_gt40,kegg,set_951b4cb6fa,47,28
B1 KEGG x MW-union (measured coverage) :: size_gt40,kegg,set_676e2b3cde,97,48
B1 KEGG x MW-union (measured coverage) :: size_gt40,kegg,set_96ef2b3751,42,23
B1 KEGG x MW-union (measured coverage) :: size_gt40,kegg,set_d510144f8a,78,0
B1 KEGG x MW-union (measured coverage) :: size_gt40,kegg,set_c9e42d4c97,57,12
B2 KEGG x SMPDB/HMDB annotation coverage,kegg,set_5acb8abe6e,31,21
B2 KEGG x SMPDB/HMDB annotation coverage,kegg,set_dac7270197,20,14
B2 KEGG x SMPDB/HMDB annotation coverage,kegg,set_1869174b7f,37,20
B2 KEGG x SMPDB/HMDB annotation coverage,kegg,set_271ea43c69,61,11
B2 KEGG x SMPDB/HMDB annotation coverage,kegg,set_344072b5f4,56,18
B2 KEGG x SMPDB/HMDB annotation coverage,kegg,set_2138a1c123,46,23
B2 KEGG x SMPDB/HMDB annotation coverage,kegg,set_cfbf9cc030,57,9
B2 KEGG x SMPDB/HMDB annotation coverage,kegg,set_b9a825708e,58,10
B2 KEGG x SMPDB/HMDB annotation coverage,kegg,set_beefda2298,40,28
B2 KEGG x SMPDB/HMDB annotation coverage,kegg,set_54a7056432,50,34
B2 KEGG x SMPDB/HMDB annotation coverage,kegg,set_15cd53708d,57,21
B2 KEGG x SMPDB/HMDB annotation coverage,kegg,set_924bf2354d,47,35
B2 KEGG x SMPDB/HMDB annotation coverage,kegg,set_2227c51bc7,74,8
B2 KEGG x SMPDB/HMDB annotation coverage,kegg,set_2c10c2359c,100,60
B2 KEGG x SMPDB/HMDB annotation coverage,kegg,set_2ebb11183e,12,11
B2 KEGG x SMPDB/HMDB annotation coverage,kegg,set_c093da81c7,24,14
B2 KEGG x SMPDB/HMDB annotation coverage,kegg,set_5267159cc4,101,62
B2 KEGG x SMPDB/HMDB annotation coverage,kegg,set_7bb07bd8ff,22,16
B2 KEGG x SMPDB/HMDB annotation coverage,kegg,set_d8d29165c6,66,38
B2 KEGG x SMPDB/HMDB annotation coverage,kegg,set_7198d2f665,28,22
B2 KEGG x SMPDB/HMDB annotation coverage,kegg,set_6b91b675ac,50,34
B2 KEGG x SMPDB/HMDB annotation coverage,kegg,set_e7aeec8071,68,27
B2 KEGG x SMPDB/HMDB annotation coverage,kegg,set_ae38e946d1,42,29
B2 KEGG x SMPDB/HMDB annotation coverage,kegg,set_b112b5fc60,23,9
B2 KEGG x SMPDB/HMDB annotation coverage,kegg,set_2bc84b9269,56,21
B2 KEGG x SMPDB/HMDB annotation coverage,kegg,set_31c74b8829,71,28
B2 KEGG x SMPDB/HMDB annotation coverage,kegg,set_97b9822845,49,21
B2 KEGG x SMPDB/HMDB annotation coverage,kegg,set_b2ec810fd5,79,42
B2 KEGG x SMPDB/HMDB annotation coverage,kegg,set_d3ba0db0a8,51,13
B2 KEGG x SMPDB/HMDB annotation coverage,kegg,set_3c89f132e9,84,38
B2 KEGG x SMPDB/HMDB annotation coverage,kegg,set_3e0dfa217d,35,11
B2 KEGG x SMPDB/HMDB annotation coverage,kegg,set_624c481a7e,32,24
B2 KEGG x SMPDB/HMDB annotation coverage,kegg,set_19ae6f060f,24,17
B2 KEGG x SMPDB/HMDB annotation coverage,kegg,set_026dce58e5,57,7
B2 KEGG x SMPDB/HMDB annotation coverage,kegg,set_890c7dab5c,27,12
B2 KEGG x SMPDB/HMDB annotation coverage,kegg,set_4acc76344d,71,32
B2 KEGG x SMPDB/HMDB annotation coverage,kegg,set_3af36c8764,38,17
B2 KEGG x SMPDB/HMDB annotation coverage,kegg,set_9fac2bf904,37,10
B2 KEGG x SMPDB/HMDB annotation coverage,kegg,set_db93e5d9eb,10,1
B2 KEGG x SMPDB/HMDB annotation coverage,kegg,set_621efb3299,73,27
B2 KEGG x SMPDB/HMDB annotation coverage,kegg,set_5f5a07f0d2,81,9
B2 KEGG x SMPDB/HMDB annotation coverage,kegg,set_77d1e528cf,5,3
B2 KEGG x SMPDB/HMDB annotation coverage,kegg,set_64e403403c,122,14
B2 KEGG x SMPDB/HMDB annotation coverage,kegg,set_f0391c64ac,38,11
B2 KEGG x SMPDB/HMDB annotation coverage,kegg,set_5ad08f10f9,50,23
B2 KEGG x SMPDB/HMDB annotation coverage,kegg,set_ec1be6de1b,16,6
B2 KEGG x SMPDB/HMDB annotation coverage,kegg,set_7869d1115d,56,26
B2 KEGG x SMPDB/HMDB annotation coverage,kegg,set_22d14bdf46,25,2
B2 KEGG x SMPDB/HMDB annotation coverage,kegg,set_2085dffe34,79,56
B2 KEGG x SMPDB/HMDB annotation coverage,kegg,set_4319123b8c,29,5
B2 KEGG x SMPDB/HMDB annotation coverage,kegg,set_83661c5e7c,67,4
B2 KEGG x SMPDB/HMDB annotation coverage,kegg,set_f1a29f810b,36,16
B2 KEGG x SMPDB/HMDB annotation coverage,kegg,set_472b0fd7fb,32,23
B2 KEGG x SMPDB/HMDB annotation coverage,kegg,set_bcb42d3c63,67,36
B2 KEGG x SMPDB/HMDB annotation coverage,kegg,set_1b0cac50f9,42,27
B2 KEGG x SMPDB/HMDB annotation coverage,kegg,set_f78fd335ec,47,19
B2 KEGG x SMPDB/HMDB annotation coverage,kegg,set_59d512d8f9,35,10
B2 KEGG x SMPDB/HMDB annotation coverage,kegg,set_254f310839,26,25
B2 KEGG x SMPDB/HMDB annotation coverage,kegg,set_6b53931bd8,31,11
B2 KEGG x SMPDB/HMDB annotation coverage,kegg,set_ad1dcf321e,24,10
B2 KEGG x SMPDB/HMDB annotation coverage,kegg,set_9f4a8a2204,29,14
B2 KEGG x SMPDB/HMDB annotation coverage,kegg,set_b56fa8cbb9,55,22
B2 KEGG x SMPDB/HMDB annotation coverage,kegg,set_0189ce5c26,30,21
B2 KEGG x SMPDB/HMDB annotation coverage,kegg,set_0a7251c34c,29,5
B2 KEGG x SMPDB/HMDB annotation coverage,kegg,set_cc871f4693,44,23
B2 KEGG x SMPDB/HMDB annotation coverage,kegg,set_50428d09e6,58,21
B2 KEGG x SMPDB/HMDB annotation coverage,kegg,set_95dd531730,25,18
B2 KEGG x SMPDB/HMDB annotation coverage,kegg,set_3bb7f39946,148,28
B2 KEGG x SMPDB/HMDB annotation coverage,kegg,set_5c4fec496c,47,12
B2 KEGG x SMPDB/HMDB annotation coverage,kegg,set_76a51d8887,20,9
B2 KEGG x SMPDB/HMDB annotation coverage,kegg,set_4adf8811c2,45,19
B2 KEGG x SMPDB/HMDB annotation coverage,kegg,set_5c71a07112,52,23
B2 KEGG x SMPDB/HMDB annotation coverage,kegg,set_13c7b97ae7,121,1
B2 KEGG x SMPDB/HMDB annotation coverage,kegg,set_279c69eef9,87,82
B2 KEGG x SMPDB/HMDB annotation coverage,kegg,set_7f2eeca5ac,52,18
B2 KEGG x SMPDB/HMDB annotation coverage,kegg,set_7a03212d02,74,31
B2 KEGG x SMPDB/HMDB annotation coverage,kegg,set_8ba220eed7,5,5
B2 KEGG x SMPDB/HMDB annotation coverage,kegg,set_e87cd67005,17,13
B2 KEGG x SMPDB/HMDB annotation coverage,kegg,set_8e5071eb36,138,64
B2 KEGG x SMPDB/HMDB annotation coverage,kegg,set_5aeae7a327,5,3
B2 KEGG x SMPDB/HMDB annotation coverage,kegg,set_55eb67eab6,5,4
B2 KEGG x SMPDB/HMDB annotation coverage,kegg,set_e1ab26f58f,7,7
B2 KEGG x SMPDB/HMDB annotation coverage,kegg,set_b49dc63a5b,5,5
B2 KEGG x SMPDB/HMDB annotation coverage,kegg,set_e88e2cb844,11,8
B2 KEGG x SMPDB/HMDB annotation coverage,kegg,set_79085f78ba,10,10
B2 KEGG x SMPDB/HMDB annotation coverage,kegg,set_c2a3f5a6e6,25,23
B2 KEGG x SMPDB/HMDB annotation coverage,kegg,set_2a4af7c554,5,5
B2 KEGG x SMPDB/HMDB annotation coverage,kegg,set_9621b563e7,15,14
B2 KEGG x SMPDB/HMDB annotation coverage,kegg,set_c1c053793d,5,5
B2 KEGG x SMPDB/HMDB annotation coverage,kegg,set_9c62989783,29,20
B2 KEGG x SMPDB/HMDB annotation coverage,kegg,set_6d4de6f3ca,15,14
B2 KEGG x SMPDB/HMDB annotation coverage,kegg,set_403c9be3d5,11,10
B2 KEGG x SMPDB/HMDB annotation coverage,kegg,set_7e5adfe9e9,53,38
B2 KEGG x SMPDB/HMDB annotation coverage,kegg,set_e8aa2a646b,19,10
B2 KEGG x SMPDB/HMDB annotation coverage,kegg,set_f9838e94ed,40,21
B2 KEGG x SMPDB/HMDB annotation coverage,kegg,set_62b5b87fe9,11,6
B2 KEGG x SMPDB/HMDB annotation coverage,kegg,set_724b4b7be8,6,6
B2 KEGG x SMPDB/HMDB annotation coverage,kegg,set_d8b6084b60,6,4
B2 KEGG x SMPDB/HMDB annotation coverage,kegg,set_9d14d04ea2,21,17
B2 KEGG x SMPDB/HMDB annotation coverage,kegg,set_566bf87914,22,15
B2 KEGG x SMPDB/HMDB annotation coverage,kegg,set_0ac3e83773,8,5
B2 KEGG x SMPDB/HMDB annotation coverage,kegg,set_b96ec56a33,29,19
B2 KEGG x SMPDB/HMDB annotation coverage,kegg,set_d751b7bdb1,10,8
B2 KEGG x SMPDB/HMDB annotation coverage,kegg,set_553101a642,5,3
B2 KEGG x SMPDB/HMDB annotation coverage,kegg,set_e0fa59e770,10,10
B2 KEGG x SMPDB/HMDB annotation coverage,kegg,set_1aad4f3cba,16,16
B2 KEGG x SMPDB/HMDB annotation coverage,kegg,set_94700e869a,6,6
B2 KEGG x SMPDB/HMDB annotation coverage,kegg,set_0ce77a05e9,9,8
B2 KEGG x SMPDB/HMDB annotation coverage,kegg,set_abc9fb2339,16,9
B2 KEGG x SMPDB/HMDB annotation coverage,kegg,set_0e11f8b2ab,6,2
B2 KEGG x SMPDB/HMDB annotation coverage,kegg,set_c3d8021806,11,11
B2 KEGG x SMPDB/HMDB annotation coverage,kegg,set_5e83f666ee,31,0
B2 KEGG x SMPDB/HMDB annotation coverage,kegg,set_d9b51b3dfb,14,14
B2 KEGG x SMPDB/HMDB annotation coverage,kegg,set_6dc519cff6,13,6
B2 KEGG x SMPDB/HMDB annotation coverage,kegg,set_f79f8c3a5a,11,2
B2 KEGG x SMPDB/HMDB annotation coverage,kegg,set_bc82882e7a,6,5
B2 KEGG x SMPDB/HMDB annotation coverage,kegg,set_ec651f0509,11,7
B2 KEGG x SMPDB/HMDB annotation coverage,kegg,set_53e92dfd39,11,11
B2 KEGG x SMPDB/HMDB annotation coverage,kegg,set_632551c1e8,8,7
B2 KEGG x SMPDB/HMDB annotation coverage,kegg,set_4f763e6136,9,9
B2 KEGG x SMPDB/HMDB annotation coverage,kegg,set_fd83e9953c,23,17
B2 KEGG x SMPDB/HMDB annotation coverage,kegg,set_fa899e35d7,7,7
B2 KEGG x SMPDB/HMDB annotation coverage,kegg,set_db39372338,12,11
B2 KEGG x SMPDB/HMDB annotation coverage,kegg,set_d15c41421f,5,5
B2 KEGG x SMPDB/HMDB annotation coverage,kegg,set_bd261c68a0,19,14
B2 KEGG x SMPDB/HMDB annotation coverage,kegg,set_48aa3cd808,8,8
B2 KEGG x SMPDB/HMDB annotation coverage,kegg,set_4c5914bafc,12,11
B2 KEGG x SMPDB/HMDB annotation coverage,kegg,set_a99c0b045f,42,38
B2 KEGG x SMPDB/HMDB annotation coverage,kegg,set_0296e3477f,9,9
B2 KEGG x SMPDB/HMDB annotation coverage,kegg,set_1fab907f29,12,12
B2 KEGG x SMPDB/HMDB annotation coverage,kegg,set_ba4632c104,9,8
B2 KEGG x SMPDB/HMDB annotation coverage,kegg,set_9cf63a38e9,8,8
B2 KEGG x SMPDB/HMDB annotation coverage,kegg,set_6f4614e929,32,22
B2 KEGG x SMPDB/HMDB annotation coverage,kegg,set_bc65906fee,8,8
B2 KEGG x SMPDB/HMDB annotation coverage,kegg,set_70bc04718c,35,19
B2 KEGG x SMPDB/HMDB annotation coverage,kegg,set_d11e6830a7,5,3
B2 KEGG x SMPDB/HMDB annotation coverage,kegg,set_e6be6fb001,12,11
B2 KEGG x SMPDB/HMDB annotation coverage,kegg,set_63106581df,6,6
B2 KEGG x SMPDB/HMDB annotation coverage,kegg,set_3111a69a80,24,20
B2 KEGG x SMPDB/HMDB annotation coverage,kegg,set_e186047fad,8,8
B2 KEGG x SMPDB/HMDB annotation coverage,kegg,set_7ae664e506,6,6
B2 KEGG x SMPDB/HMDB annotation coverage,kegg,set_82ad1a2d6c,11,11
B2 KEGG x SMPDB/HMDB annotation coverage,kegg,set_2eb74fe04e,21,21
B2 KEGG x SMPDB/HMDB annotation coverage,kegg,set_af64d22175,11,10
B2 KEGG x SMPDB/HMDB annotation coverage,kegg,set_52b9f4d65d,8,5
B2 KEGG x SMPDB/HMDB annotation coverage,kegg,set_8ee1fdd0ce,12,11
B2 KEGG x SMPDB/HMDB annotation coverage,kegg,set_6007c4b59f,26,23
B2 KEGG x SMPDB/HMDB annotation coverage,kegg,set_1fcf7c4997,14,12
B2 KEGG x SMPDB/HMDB annotation coverage,kegg,set_ee7dc39286,17,17
B2 KEGG x SMPDB/HMDB annotation coverage,kegg,set_b8dfa17746,22,22
B2 KEGG x SMPDB/HMDB annotation coverage,kegg,set_4aba147af4,6,6
B2 KEGG x SMPDB/HMDB annotation coverage,kegg,set_0aea477239,12,12
B2 KEGG x SMPDB/HMDB annotation coverage,kegg,set_869596225e,11,8
B2 KEGG x SMPDB/HMDB annotation coverage,kegg,set_1bc67aa082,9,8
B2 KEGG x SMPDB/HMDB annotation coverage,kegg,set_768310548c,6,5
B2 KEGG x SMPDB/HMDB annotation coverage,kegg,set_45a3270a3a,19,14
B2 KEGG x SMPDB/HMDB annotation coverage,kegg,set_e27de11bfc,9,5
B2 KEGG x SMPDB/HMDB annotation coverage,kegg,set_f9e5f0c541,13,12
B2 KEGG x SMPDB/HMDB annotation coverage,kegg,set_4458d9419b,11,9
B2 KEGG x SMPDB/HMDB annotation coverage,kegg,set_a458a02921,8,8
B2 KEGG x SMPDB/HMDB annotation coverage,kegg,set_ea2d317004,8,7
B2 KEGG x SMPDB/HMDB annotation coverage,kegg,set_e859da17d3,17,16
B2 KEGG x SMPDB/HMDB annotation coverage,kegg,set_ee4fe13061,8,8
B2 KEGG x SMPDB/HMDB annotation coverage,kegg,set_144b2a2f9c,17,16
B2 KEGG x SMPDB/HMDB annotation coverage,kegg,set_e9c8593d4b,14,14
B2 KEGG x SMPDB/HMDB annotation coverage,kegg,set_44a0424b47,15,13
B2 KEGG x SMPDB/HMDB annotation coverage,kegg,set_4cc0961172,27,15
B2 KEGG x SMPDB/HMDB annotation coverage,kegg,set_951b4cb6fa,47,35
B2 KEGG x SMPDB/HMDB annotation coverage,kegg,set_86afea7d99,13,7
B2 KEGG x SMPDB/HMDB annotation coverage,kegg,set_676e2b3cde,97,67
B2 KEGG x SMPDB/HMDB annotation coverage,kegg,set_96ef2b3751,42,30
B2 KEGG x SMPDB/HMDB annotation coverage,kegg,set_13117a3ac2,29,27
B2 KEGG x SMPDB/HMDB annotation coverage,kegg,set_10090b4679,10,7
B2 KEGG x SMPDB/HMDB annotation coverage,kegg,set_c258b8d176,14,5
B2 KEGG x SMPDB/HMDB annotation coverage,kegg,set_ec8f2e7755,20,19
B2 KEGG x SMPDB/HMDB annotation coverage,kegg,set_242e07990f,19,11
B2 KEGG x SMPDB/HMDB annotation coverage,kegg,set_cf7bec92fd,26,17
B2 KEGG x SMPDB/HMDB annotation coverage,kegg,set_6e3df42571,14,10
B2 KEGG x SMPDB/HMDB annotation coverage,kegg,set_0ef80a3e60,6,6
B2 KEGG x SMPDB/HMDB annotation coverage,kegg,set_41fbbd736d,7,7
B2 KEGG x SMPDB/HMDB annotation coverage,kegg,set_ca1f99cd23,5,5
B2 KEGG x SMPDB/HMDB annotation coverage,kegg,set_eadc697c9f,32,18
B2 KEGG x SMPDB/HMDB annotation coverage,kegg,set_8c01cd9f53,7,7
B2 KEGG x SMPDB/HMDB annotation coverage,kegg,set_3a1e9adfa7,9,9
B2 KEGG x SMPDB/HMDB annotation coverage,kegg,set_9cf2b1affb,8,8
B2 KEGG x SMPDB/HMDB annotation coverage,kegg,set_1b1680d957,7,7
B2 KEGG x SMPDB/HMDB annotation coverage,kegg,set_f3e5323118,10,10
B2 KEGG x SMPDB/HMDB annotation coverage,kegg,set_5ea8e34a72,9,8
B2 KEGG x SMPDB/HMDB annotation coverage,kegg,set_70c9d52d44,5,5
B2 KEGG x SMPDB/HMDB annotation coverage,kegg,set_47ec1e9833,14,8
B2 KEGG x SMPDB/HMDB annotation coverage,kegg,set_b2b20bc21d,5,3
B2 KEGG x SMPDB/HMDB annotation coverage,kegg,set_323f57c178,10,6
B2 KEGG x SMPDB/HMDB annotation coverage,kegg,set_8782a703c2,5,3
B2 KEGG x SMPDB/HMDB annotation coverage,kegg,set_9b59d46f35,6,6
B2 KEGG x SMPDB/HMDB annotation coverage,kegg,set_9a677125a0,6,6
B2 KEGG x SMPDB/HMDB annotation coverage,kegg,set_39673ab9a8,8,8
B2 KEGG x SMPDB/HMDB annotation coverage,kegg,set_fef5b6db58,13,10
B2 KEGG x SMPDB/HMDB annotation coverage,kegg,set_defccdb12c,9,4
B2 KEGG x SMPDB/HMDB annotation coverage,kegg,set_4ab589207d,6,5
B2 KEGG x SMPDB/HMDB annotation coverage,kegg,set_ce3e641d29,5,5
B2 KEGG x SMPDB/HMDB annotation coverage,kegg,set_fa1bde903c,5,5
B2 KEGG x SMPDB/HMDB annotation coverage,kegg,set_b44c30992c,5,4
B2 KEGG x SMPDB/HMDB annotation coverage,kegg,set_7b08f7116a,10,6
B2 KEGG x SMPDB/HMDB annotation coverage,kegg,set_0e7bc14c3b,31,25
B2 KEGG x SMPDB/HMDB annotation coverage,kegg,set_d510144f8a,78,2
B2 KEGG x SMPDB/HMDB annotation coverage,kegg,set_87add8c5dc,29,9
B2 KEGG x SMPDB/HMDB annotation coverage,kegg,set_c9e42d4c97,57,21
B2 KEGG x SMPDB/HMDB annotation coverage,kegg,set_ade02f5b1e,15,12
B2 KEGG x SMPDB/HMDB annotation coverage,kegg,set_6009dcdb7e,6,6
B2 KEGG x SMPDB/HMDB annotation coverage,kegg,set_51f864e8c0,14,8
B2 KEGG x SMPDB/HMDB annotation coverage,kegg,set_b4b6cf7f87,37,36
B2 KEGG x SMPDB/HMDB annotation coverage,kegg,set_7006b3f384,11,10
B2 KEGG x SMPDB/HMDB annotation coverage,kegg,set_835931a774,5,4
B2 KEGG x SMPDB/HMDB annotation coverage,kegg,set_bd1153eb26,39,26
B2 KEGG x SMPDB/HMDB annotation coverage,kegg,set_623ad85c2e,14,8
B2 KEGG x SMPDB/HMDB annotation coverage,kegg,set_ee997594a5,8,4
B2 KEGG x SMPDB/HMDB annotation coverage :: size_lt20,kegg,set_2ebb11183e,12,11
B2 KEGG x SMPDB/HMDB annotation coverage :: size_lt20,kegg,set_db93e5d9eb,10,1
B2 KEGG x SMPDB/HMDB annotation coverage :: size_lt20,kegg,set_77d1e528cf,5,3
B2 KEGG x SMPDB/HMDB annotation coverage :: size_lt20,kegg,set_ec1be6de1b,16,6
B2 KEGG x SMPDB/HMDB annotation coverage :: size_lt20,kegg,set_8ba220eed7,5,5
B2 KEGG x SMPDB/HMDB annotation coverage :: size_lt20,kegg,set_e87cd67005,17,13
B2 KEGG x SMPDB/HMDB annotation coverage :: size_lt20,kegg,set_5aeae7a327,5,3
B2 KEGG x SMPDB/HMDB annotation coverage :: size_lt20,kegg,set_55eb67eab6,5,4
B2 KEGG x SMPDB/HMDB annotation coverage :: size_lt20,kegg,set_e1ab26f58f,7,7
B2 KEGG x SMPDB/HMDB annotation coverage :: size_lt20,kegg,set_b49dc63a5b,5,5
B2 KEGG x SMPDB/HMDB annotation coverage :: size_lt20,kegg,set_e88e2cb844,11,8
B2 KEGG x SMPDB/HMDB annotation coverage :: size_lt20,kegg,set_79085f78ba,10,10
B2 KEGG x SMPDB/HMDB annotation coverage :: size_lt20,kegg,set_2a4af7c554,5,5
B2 KEGG x SMPDB/HMDB annotation coverage :: size_lt20,kegg,set_9621b563e7,15,14
B2 KEGG x SMPDB/HMDB annotation coverage :: size_lt20,kegg,set_c1c053793d,5,5
B2 KEGG x SMPDB/HMDB annotation coverage :: size_lt20,kegg,set_6d4de6f3ca,15,14
B2 KEGG x SMPDB/HMDB annotation coverage :: size_lt20,kegg,set_403c9be3d5,11,10
B2 KEGG x SMPDB/HMDB annotation coverage :: size_lt20,kegg,set_e8aa2a646b,19,10
B2 KEGG x SMPDB/HMDB annotation coverage :: size_lt20,kegg,set_62b5b87fe9,11,6
B2 KEGG x SMPDB/HMDB annotation coverage :: size_lt20,kegg,set_724b4b7be8,6,6
B2 KEGG x SMPDB/HMDB annotation coverage :: size_lt20,kegg,set_d8b6084b60,6,4
B2 KEGG x SMPDB/HMDB annotation coverage :: size_lt20,kegg,set_0ac3e83773,8,5
B2 KEGG x SMPDB/HMDB annotation coverage :: size_lt20,kegg,set_d751b7bdb1,10,8
B2 KEGG x SMPDB/HMDB annotation coverage :: size_lt20,kegg,set_553101a642,5,3
B2 KEGG x SMPDB/HMDB annotation coverage :: size_lt20,kegg,set_e0fa59e770,10,10
B2 KEGG x SMPDB/HMDB annotation coverage :: size_lt20,kegg,set_1aad4f3cba,16,16
B2 KEGG x SMPDB/HMDB annotation coverage :: size_lt20,kegg,set_94700e869a,6,6
B2 KEGG x SMPDB/HMDB annotation coverage :: size_lt20,kegg,set_0ce77a05e9,9,8
B2 KEGG x SMPDB/HMDB annotation coverage :: size_lt20,kegg,set_abc9fb2339,16,9
B2 KEGG x SMPDB/HMDB annotation coverage :: size_lt20,kegg,set_0e11f8b2ab,6,2
B2 KEGG x SMPDB/HMDB annotation coverage :: size_lt20,kegg,set_c3d8021806,11,11
B2 KEGG x SMPDB/HMDB annotation coverage :: size_lt20,kegg,set_d9b51b3dfb,14,14
B2 KEGG x SMPDB/HMDB annotation coverage :: size_lt20,kegg,set_6dc519cff6,13,6
B2 KEGG x SMPDB/HMDB annotation coverage :: size_lt20,kegg,set_f79f8c3a5a,11,2
B2 KEGG x SMPDB/HMDB annotation coverage :: size_lt20,kegg,set_bc82882e7a,6,5
B2 KEGG x SMPDB/HMDB annotation coverage :: size_lt20,kegg,set_ec651f0509,11,7
B2 KEGG x SMPDB/HMDB annotation coverage :: size_lt20,kegg,set_53e92dfd39,11,11
B2 KEGG x SMPDB/HMDB annotation coverage :: size_lt20,kegg,set_632551c1e8,8,7
B2 KEGG x SMPDB/HMDB annotation coverage :: size_lt20,kegg,set_4f763e6136,9,9
B2 KEGG x SMPDB/HMDB annotation coverage :: size_lt20,kegg,set_fa899e35d7,7,7
B2 KEGG x SMPDB/HMDB annotation coverage :: size_lt20,kegg,set_db39372338,12,11
B2 KEGG x SMPDB/HMDB annotation coverage :: size_lt20,kegg,set_d15c41421f,5,5
B2 KEGG x SMPDB/HMDB annotation coverage :: size_lt20,kegg,set_bd261c68a0,19,14
B2 KEGG x SMPDB/HMDB annotation coverage :: size_lt20,kegg,set_48aa3cd808,8,8
B2 KEGG x SMPDB/HMDB annotation coverage :: size_lt20,kegg,set_4c5914bafc,12,11
B2 KEGG x SMPDB/HMDB annotation coverage :: size_lt20,kegg,set_0296e3477f,9,9
B2 KEGG x SMPDB/HMDB annotation coverage :: size_lt20,kegg,set_1fab907f29,12,12
B2 KEGG x SMPDB/HMDB annotation coverage :: size_lt20,kegg,set_ba4632c104,9,8
B2 KEGG x SMPDB/HMDB annotation coverage :: size_lt20,kegg,set_9cf63a38e9,8,8
B2 KEGG x SMPDB/HMDB annotation coverage :: size_lt20,kegg,set_bc65906fee,8,8
B2 KEGG x SMPDB/HMDB annotation coverage :: size_lt20,kegg,set_d11e6830a7,5,3
B2 KEGG x SMPDB/HMDB annotation coverage :: size_lt20,kegg,set_e6be6fb001,12,11
B2 KEGG x SMPDB/HMDB annotation coverage :: size_lt20,kegg,set_63106581df,6,6
B2 KEGG x SMPDB/HMDB annotation coverage :: size_lt20,kegg,set_e186047fad,8,8
B2 KEGG x SMPDB/HMDB annotation coverage :: size_lt20,kegg,set_7ae664e506,6,6
B2 KEGG x SMPDB/HMDB annotation coverage :: size_lt20,kegg,set_82ad1a2d6c,11,11
B2 KEGG x SMPDB/HMDB annotation coverage :: size_lt20,kegg,set_af64d22175,11,10
B2 KEGG x SMPDB/HMDB annotation coverage :: size_lt20,kegg,set_52b9f4d65d,8,5
B2 KEGG x SMPDB/HMDB annotation coverage :: size_lt20,kegg,set_8ee1fdd0ce,12,11
B2 KEGG x SMPDB/HMDB annotation coverage :: size_lt20,kegg,set_1fcf7c4997,14,12
B2 KEGG x SMPDB/HMDB annotation coverage :: size_lt20,kegg,set_ee7dc39286,17,17
B2 KEGG x SMPDB/HMDB annotation coverage :: size_lt20,kegg,set_4aba147af4,6,6
B2 KEGG x SMPDB/HMDB annotation coverage :: size_lt20,kegg,set_0aea477239,12,12
B2 KEGG x SMPDB/HMDB annotation coverage :: size_lt20,kegg,set_869596225e,11,8
B2 KEGG x SMPDB/HMDB annotation coverage :: size_lt20,kegg,set_1bc67aa082,9,8
B2 KEGG x SMPDB/HMDB annotation coverage :: size_lt20,kegg,set_768310548c,6,5
B2 KEGG x SMPDB/HMDB annotation coverage :: size_lt20,kegg,set_45a3270a3a,19,14
B2 KEGG x SMPDB/HMDB annotation coverage :: size_lt20,kegg,set_e27de11bfc,9,5
B2 KEGG x SMPDB/HMDB annotation coverage :: size_lt20,kegg,set_f9e5f0c541,13,12
B2 KEGG x SMPDB/HMDB annotation coverage :: size_lt20,kegg,set_4458d9419b,11,9
B2 KEGG x SMPDB/HMDB annotation coverage :: size_lt20,kegg,set_a458a02921,8,8
B2 KEGG x SMPDB/HMDB annotation coverage :: size_lt20,kegg,set_ea2d317004,8,7
B2 KEGG x SMPDB/HMDB annotation coverage :: size_lt20,kegg,set_e859da17d3,17,16
B2 KEGG x SMPDB/HMDB annotation coverage :: size_lt20,kegg,set_ee4fe13061,8,8
B2 KEGG x SMPDB/HMDB annotation coverage :: size_lt20,kegg,set_144b2a2f9c,17,16
B2 KEGG x SMPDB/HMDB annotation coverage :: size_lt20,kegg,set_e9c8593d4b,14,14
B2 KEGG x SMPDB/HMDB annotation coverage :: size_lt20,kegg,set_44a0424b47,15,13
B2 KEGG x SMPDB/HMDB annotation coverage :: size_lt20,kegg,set_86afea7d99,13,7
B2 KEGG x SMPDB/HMDB annotation coverage :: size_lt20,kegg,set_10090b4679,10,7
B2 KEGG x SMPDB/HMDB annotation coverage :: size_lt20,kegg,set_c258b8d176,14,5
B2 KEGG x SMPDB/HMDB annotation coverage :: size_lt20,kegg,set_242e07990f,19,11
B2 KEGG x SMPDB/HMDB annotation coverage :: size_lt20,kegg,set_6e3df42571,14,10
B2 KEGG x SMPDB/HMDB annotation coverage :: size_lt20,kegg,set_0ef80a3e60,6,6
B2 KEGG x SMPDB/HMDB annotation coverage :: size_lt20,kegg,set_41fbbd736d,7,7
B2 KEGG x SMPDB/HMDB annotation coverage :: size_lt20,kegg,set_ca1f99cd23,5,5
B2 KEGG x SMPDB/HMDB annotation coverage :: size_lt20,kegg,set_8c01cd9f53,7,7
B2 KEGG x SMPDB/HMDB annotation coverage :: size_lt20,kegg,set_3a1e9adfa7,9,9
B2 KEGG x SMPDB/HMDB annotation coverage :: size_lt20,kegg,set_9cf2b1affb,8,8
B2 KEGG x SMPDB/HMDB annotation coverage :: size_lt20,kegg,set_1b1680d957,7,7
B2 KEGG x SMPDB/HMDB annotation coverage :: size_lt20,kegg,set_f3e5323118,10,10
B2 KEGG x SMPDB/HMDB annotation coverage :: size_lt20,kegg,set_5ea8e34a72,9,8
B2 KEGG x SMPDB/HMDB annotation coverage :: size_lt20,kegg,set_70c9d52d44,5,5
B2 KEGG x SMPDB/HMDB annotation coverage :: size_lt20,kegg,set_47ec1e9833,14,8
B2 KEGG x SMPDB/HMDB annotation coverage :: size_lt20,kegg,set_b2b20bc21d,5,3
B2 KEGG x SMPDB/HMDB annotation coverage :: size_lt20,kegg,set_323f57c178,10,6
B2 KEGG x SMPDB/HMDB annotation coverage :: size_lt20,kegg,set_8782a703c2,5,3
B2 KEGG x SMPDB/HMDB annotation coverage :: size_lt20,kegg,set_9b59d46f35,6,6
B2 KEGG x SMPDB/HMDB annotation coverage :: size_lt20,kegg,set_9a677125a0,6,6
B2 KEGG x SMPDB/HMDB annotation coverage :: size_lt20,kegg,set_39673ab9a8,8,8
B2 KEGG x SMPDB/HMDB annotation coverage :: size_lt20,kegg,set_fef5b6db58,13,10
B2 KEGG x SMPDB/HMDB annotation coverage :: size_lt20,kegg,set_defccdb12c,9,4
B2 KEGG x SMPDB/HMDB annotation coverage :: size_lt20,kegg,set_4ab589207d,6,5
B2 KEGG x SMPDB/HMDB annotation coverage :: size_lt20,kegg,set_ce3e641d29,5,5
B2 KEGG x SMPDB/HMDB annotation coverage :: size_lt20,kegg,set_fa1bde903c,5,5
B2 KEGG x SMPDB/HMDB annotation coverage :: size_lt20,kegg,set_b44c30992c,5,4
B2 KEGG x SMPDB/HMDB annotation coverage :: size_lt20,kegg,set_7b08f7116a,10,6
B2 KEGG x SMPDB/HMDB annotation coverage :: size_lt20,kegg,set_ade02f5b1e,15,12
B2 KEGG x SMPDB/HMDB annotation coverage :: size_lt20,kegg,set_6009dcdb7e,6,6
B2 KEGG x SMPDB/HMDB annotation coverage :: size_lt20,kegg,set_51f864e8c0,14,8
B2 KEGG x SMPDB/HMDB annotation coverage :: size_lt20,kegg,set_7006b3f384,11,10
B2 KEGG x SMPDB/HMDB annotation coverage :: size_lt20,kegg,set_835931a774,5,4
B2 KEGG x SMPDB/HMDB annotation coverage :: size_lt20,kegg,set_623ad85c2e,14,8
B2 KEGG x SMPDB/HMDB annotation coverage :: size_lt20,kegg,set_ee997594a5,8,4
B2 KEGG x SMPDB/HMDB annotation coverage :: size_20to40,kegg,set_5acb8abe6e,31,21
B2 KEGG x SMPDB/HMDB annotation coverage :: size_20to40,kegg,set_dac7270197,20,14
B2 KEGG x SMPDB/HMDB annotation coverage :: size_20to40,kegg,set_1869174b7f,37,20
B2 KEGG x SMPDB/HMDB annotation coverage :: size_20to40,kegg,set_beefda2298,40,28
B2 KEGG x SMPDB/HMDB annotation coverage :: size_20to40,kegg,set_c093da81c7,24,14
B2 KEGG x SMPDB/HMDB annotation coverage :: size_20to40,kegg,set_7bb07bd8ff,22,16
B2 KEGG x SMPDB/HMDB annotation coverage :: size_20to40,kegg,set_7198d2f665,28,22
B2 KEGG x SMPDB/HMDB annotation coverage :: size_20to40,kegg,set_b112b5fc60,23,9
B2 KEGG x SMPDB/HMDB annotation coverage :: size_20to40,kegg,set_3e0dfa217d,35,11
B2 KEGG x SMPDB/HMDB annotation coverage :: size_20to40,kegg,set_624c481a7e,32,24
B2 KEGG x SMPDB/HMDB annotation coverage :: size_20to40,kegg,set_19ae6f060f,24,17
B2 KEGG x SMPDB/HMDB annotation coverage :: size_20to40,kegg,set_890c7dab5c,27,12
B2 KEGG x SMPDB/HMDB annotation coverage :: size_20to40,kegg,set_3af36c8764,38,17
B2 KEGG x SMPDB/HMDB annotation coverage :: size_20to40,kegg,set_9fac2bf904,37,10
B2 KEGG x SMPDB/HMDB annotation coverage :: size_20to40,kegg,set_f0391c64ac,38,11
B2 KEGG x SMPDB/HMDB annotation coverage :: size_20to40,kegg,set_22d14bdf46,25,2
B2 KEGG x SMPDB/HMDB annotation coverage :: size_20to40,kegg,set_4319123b8c,29,5
B2 KEGG x SMPDB/HMDB annotation coverage :: size_20to40,kegg,set_f1a29f810b,36,16
B2 KEGG x SMPDB/HMDB annotation coverage :: size_20to40,kegg,set_472b0fd7fb,32,23
B2 KEGG x SMPDB/HMDB annotation coverage :: size_20to40,kegg,set_59d512d8f9,35,10
B2 KEGG x SMPDB/HMDB annotation coverage :: size_20to40,kegg,set_254f310839,26,25
B2 KEGG x SMPDB/HMDB annotation coverage :: size_20to40,kegg,set_6b53931bd8,31,11
B2 KEGG x SMPDB/HMDB annotation coverage :: size_20to40,kegg,set_ad1dcf321e,24,10
B2 KEGG x SMPDB/HMDB annotation coverage :: size_20to40,kegg,set_9f4a8a2204,29,14
B2 KEGG x SMPDB/HMDB annotation coverage :: size_20to40,kegg,set_0189ce5c26,30,21
B2 KEGG x SMPDB/HMDB annotation coverage :: size_20to40,kegg,set_0a7251c34c,29,5
B2 KEGG x SMPDB/HMDB annotation coverage :: size_20to40,kegg,set_95dd531730,25,18
B2 KEGG x SMPDB/HMDB annotation coverage :: size_20to40,kegg,set_76a51d8887,20,9
B2 KEGG x SMPDB/HMDB annotation coverage :: size_20to40,kegg,set_c2a3f5a6e6,25,23
B2 KEGG x SMPDB/HMDB annotation coverage :: size_20to40,kegg,set_9c62989783,29,20
B2 KEGG x SMPDB/HMDB annotation coverage :: size_20to40,kegg,set_f9838e94ed,40,21
B2 KEGG x SMPDB/HMDB annotation coverage :: size_20to40,kegg,set_9d14d04ea2,21,17
B2 KEGG x SMPDB/HMDB annotation coverage :: size_20to40,kegg,set_566bf87914,22,15
B2 KEGG x SMPDB/HMDB annotation coverage :: size_20to40,kegg,set_b96ec56a33,29,19
B2 KEGG x SMPDB/HMDB annotation coverage :: size_20to40,kegg,set_5e83f666ee,31,0
B2 KEGG x SMPDB/HMDB annotation coverage :: size_20to40,kegg,set_fd83e9953c,23,17
B2 KEGG x SMPDB/HMDB annotation coverage :: size_20to40,kegg,set_6f4614e929,32,22
B2 KEGG x SMPDB/HMDB annotation coverage :: size_20to40,kegg,set_70bc04718c,35,19
B2 KEGG x SMPDB/HMDB annotation coverage :: size_20to40,kegg,set_3111a69a80,24,20
B2 KEGG x SMPDB/HMDB annotation coverage :: size_20to40,kegg,set_2eb74fe04e,21,21
B2 KEGG x SMPDB/HMDB annotation coverage :: size_20to40,kegg,set_6007c4b59f,26,23
B2 KEGG x SMPDB/HMDB annotation coverage :: size_20to40,kegg,set_b8dfa17746,22,22
B2 KEGG x SMPDB/HMDB annotation coverage :: size_20to40,kegg,set_4cc0961172,27,15
B2 KEGG x SMPDB/HMDB annotation coverage :: size_20to40,kegg,set_13117a3ac2,29,27
B2 KEGG x SMPDB/HMDB annotation coverage :: size_20to40,kegg,set_ec8f2e7755,20,19
B2 KEGG x SMPDB/HMDB annotation coverage :: size_20to40,kegg,set_cf7bec92fd,26,17
B2 KEGG x SMPDB/HMDB annotation coverage :: size_20to40,kegg,set_eadc697c9f,32,18
B2 KEGG x SMPDB/HMDB annotation coverage :: size_20to40,kegg,set_0e7bc14c3b,31,25
B2 KEGG x SMPDB/HMDB annotation coverage :: size_20to40,kegg,set_87add8c5dc,29,9
B2 KEGG x SMPDB/HMDB annotation coverage :: size_20to40,kegg,set_b4b6cf7f87,37,36
B2 KEGG x SMPDB/HMDB annotation coverage :: size_20to40,kegg,set_bd1153eb26,39,26
B2 KEGG x SMPDB/HMDB annotation coverage :: size_gt40,kegg,set_271ea43c69,61,11
B2 KEGG x SMPDB/HMDB annotation coverage :: size_gt40,kegg,set_344072b5f4,56,18
B2 KEGG x SMPDB/HMDB annotation coverage :: size_gt40,kegg,set_2138a1c123,46,23
B2 KEGG x SMPDB/HMDB annotation coverage :: size_gt40,kegg,set_cfbf9cc030,57,9
B2 KEGG x SMPDB/HMDB annotation coverage :: size_gt40,kegg,set_b9a825708e,58,10
B2 KEGG x SMPDB/HMDB annotation coverage :: size_gt40,kegg,set_54a7056432,50,34
B2 KEGG x SMPDB/HMDB annotation coverage :: size_gt40,kegg,set_15cd53708d,57,21
B2 KEGG x SMPDB/HMDB annotation coverage :: size_gt40,kegg,set_924bf2354d,47,35
B2 KEGG x SMPDB/HMDB annotation coverage :: size_gt40,kegg,set_2227c51bc7,74,8
B2 KEGG x SMPDB/HMDB annotation coverage :: size_gt40,kegg,set_2c10c2359c,100,60
B2 KEGG x SMPDB/HMDB annotation coverage :: size_gt40,kegg,set_5267159cc4,101,62
B2 KEGG x SMPDB/HMDB annotation coverage :: size_gt40,kegg,set_d8d29165c6,66,38
B2 KEGG x SMPDB/HMDB annotation coverage :: size_gt40,kegg,set_6b91b675ac,50,34
B2 KEGG x SMPDB/HMDB annotation coverage :: size_gt40,kegg,set_e7aeec8071,68,27
B2 KEGG x SMPDB/HMDB annotation coverage :: size_gt40,kegg,set_ae38e946d1,42,29
B2 KEGG x SMPDB/HMDB annotation coverage :: size_gt40,kegg,set_2bc84b9269,56,21
B2 KEGG x SMPDB/HMDB annotation coverage :: size_gt40,kegg,set_31c74b8829,71,28
B2 KEGG x SMPDB/HMDB annotation coverage :: size_gt40,kegg,set_97b9822845,49,21
B2 KEGG x SMPDB/HMDB annotation coverage :: size_gt40,kegg,set_b2ec810fd5,79,42
B2 KEGG x SMPDB/HMDB annotation coverage :: size_gt40,kegg,set_d3ba0db0a8,51,13
B2 KEGG x SMPDB/HMDB annotation coverage :: size_gt40,kegg,set_3c89f132e9,84,38
B2 KEGG x SMPDB/HMDB annotation coverage :: size_gt40,kegg,set_026dce58e5,57,7
B2 KEGG x SMPDB/HMDB annotation coverage :: size_gt40,kegg,set_4acc76344d,71,32
B2 KEGG x SMPDB/HMDB annotation coverage :: size_gt40,kegg,set_621efb3299,73,27
B2 KEGG x SMPDB/HMDB annotation coverage :: size_gt40,kegg,set_5f5a07f0d2,81,9
B2 KEGG x SMPDB/HMDB annotation coverage :: size_gt40,kegg,set_64e403403c,122,14
B2 KEGG x SMPDB/HMDB annotation coverage :: size_gt40,kegg,set_5ad08f10f9,50,23
B2 KEGG x SMPDB/HMDB annotation coverage :: size_gt40,kegg,set_7869d1115d,56,26
B2 KEGG x SMPDB/HMDB annotation coverage :: size_gt40,kegg,set_2085dffe34,79,56
B2 KEGG x SMPDB/HMDB annotation coverage :: size_gt40,kegg,set_83661c5e7c,67,4
B2 KEGG x SMPDB/HMDB annotation coverage :: size_gt40,kegg,set_bcb42d3c63,67,36
B2 KEGG x SMPDB/HMDB annotation coverage :: size_gt40,kegg,set_1b0cac50f9,42,27
B2 KEGG x SMPDB/HMDB annotation coverage :: size_gt40,kegg,set_f78fd335ec,47,19
B2 KEGG x SMPDB/HMDB annotation coverage :: size_gt40,kegg,set_b56fa8cbb9,55,22
B2 KEGG x SMPDB/HMDB annotation coverage :: size_gt40,kegg,set_cc871f4693,44,23
B2 KEGG x SMPDB/HMDB annotation coverage :: size_gt40,kegg,set_50428d09e6,58,21
B2 KEGG x SMPDB/HMDB annotation coverage :: size_gt40,kegg,set_3bb7f39946,148,28
B2 KEGG x SMPDB/HMDB annotation coverage :: size_gt40,kegg,set_5c4fec496c,47,12
B2 KEGG x SMPDB/HMDB annotation coverage :: size_gt40,kegg,set_4adf8811c2,45,19
B2 KEGG x SMPDB/HMDB annotation coverage :: size_gt40,kegg,set_5c71a07112,52,23
B2 KEGG x SMPDB/HMDB annotation coverage :: size_gt40,kegg,set_13c7b97ae7,121,1
B2 KEGG x SMPDB/HMDB annotation coverage :: size_gt40,kegg,set_279c69eef9,87,82
B2 KEGG x SMPDB/HMDB annotation coverage :: size_gt40,kegg,set_7f2eeca5ac,52,18
B2 KEGG x SMPDB/HMDB annotation coverage :: size_gt40,kegg,set_7a03212d02,74,31
B2 KEGG x SMPDB/HMDB annotation coverage :: size_gt40,kegg,set_8e5071eb36,138,64
B2 KEGG x SMPDB/HMDB annotation coverage :: size_gt40,kegg,set_7e5adfe9e9,53,38
B2 KEGG x SMPDB/HMDB annotation coverage :: size_gt40,kegg,set_a99c0b045f,42,38
B2 KEGG x SMPDB/HMDB annotation coverage :: size_gt40,kegg,set_951b4cb6fa,47,35
B2 KEGG x SMPDB/HMDB annotation coverage :: size_gt40,kegg,set_676e2b3cde,97,67
B2 KEGG x SMPDB/HMDB annotation coverage :: size_gt40,kegg,set_96ef2b3751,42,30
B2 KEGG x SMPDB/HMDB annotation coverage :: size_gt40,kegg,set_d510144f8a,78,2
B2 KEGG x SMPDB/HMDB annotation coverage :: size_gt40,kegg,set_c9e42d4c97,57,21
B3 KEGG (incl. global maps) x annotation coverage,kegg,set_5acb8abe6e,31,21
B3 KEGG (incl. global maps) x annotation coverage,kegg,set_dac7270197,20,14
B3 KEGG (incl. global maps) x annotation coverage,kegg,set_1869174b7f,37,20
B3 KEGG (incl. global maps) x annotation coverage,kegg,set_271ea43c69,61,11
B3 KEGG (incl. global maps) x annotation coverage,kegg,set_344072b5f4,56,18
B3 KEGG (incl. global maps) x annotation coverage,kegg,set_2138a1c123,46,23
B3 KEGG (incl. global maps) x annotation coverage,kegg,set_cfbf9cc030,57,9
B3 KEGG (incl. global maps) x annotation coverage,kegg,set_b9a825708e,58,10
B3 KEGG (incl. global maps) x annotation coverage,kegg,set_beefda2298,40,28
B3 KEGG (incl. global maps) x annotation coverage,kegg,set_54a7056432,50,34
B3 KEGG (incl. global maps) x annotation coverage,kegg,set_15cd53708d,57,21
B3 KEGG (incl. global maps) x annotation coverage,kegg,set_924bf2354d,47,35
B3 KEGG (incl. global maps) x annotation coverage,kegg,set_2227c51bc7,74,8
B3 KEGG (incl. global maps) x annotation coverage,kegg,set_2c10c2359c,100,60
B3 KEGG (incl. global maps) x annotation coverage,kegg,set_2ebb11183e,12,11
B3 KEGG (incl. global maps) x annotation coverage,kegg,set_c093da81c7,24,14
B3 KEGG (incl. global maps) x annotation coverage,kegg,set_5267159cc4,101,62
B3 KEGG (incl. global maps) x annotation coverage,kegg,set_7bb07bd8ff,22,16
B3 KEGG (incl. global maps) x annotation coverage,kegg,set_d8d29165c6,66,38
B3 KEGG (incl. global maps) x annotation coverage,kegg,set_7198d2f665,28,22
B3 KEGG (incl. global maps) x annotation coverage,kegg,set_6b91b675ac,50,34
B3 KEGG (incl. global maps) x annotation coverage,kegg,set_e7aeec8071,68,27
B3 KEGG (incl. global maps) x annotation coverage,kegg,set_ae38e946d1,42,29
B3 KEGG (incl. global maps) x annotation coverage,kegg,set_b112b5fc60,23,9
B3 KEGG (incl. global maps) x annotation coverage,kegg,set_2bc84b9269,56,21
B3 KEGG (incl. global maps) x annotation coverage,kegg,set_31c74b8829,71,28
B3 KEGG (incl. global maps) x annotation coverage,kegg,set_97b9822845,49,21
B3 KEGG (incl. global maps) x annotation coverage,kegg,set_b2ec810fd5,79,42
B3 KEGG (incl. global maps) x annotation coverage,kegg,set_d3ba0db0a8,51,13
B3 KEGG (incl. global maps) x annotation coverage,kegg,set_3c89f132e9,84,38
B3 KEGG (incl. global maps) x annotation coverage,kegg,set_3e0dfa217d,35,11
B3 KEGG (incl. global maps) x annotation coverage,kegg,set_624c481a7e,32,24
B3 KEGG (incl. global maps) x annotation coverage,kegg,set_19ae6f060f,24,17
B3 KEGG (incl. global maps) x annotation coverage,kegg,set_026dce58e5,57,7
B3 KEGG (incl. global maps) x annotation coverage,kegg,set_890c7dab5c,27,12
B3 KEGG (incl. global maps) x annotation coverage,kegg,set_4acc76344d,71,32
B3 KEGG (incl. global maps) x annotation coverage,kegg,set_3af36c8764,38,17
B3 KEGG (incl. global maps) x annotation coverage,kegg,set_9fac2bf904,37,10
B3 KEGG (incl. global maps) x annotation coverage,kegg,set_db93e5d9eb,10,1
B3 KEGG (incl. global maps) x annotation coverage,kegg,set_6fbbd65450,1,0
B3 KEGG (incl. global maps) x annotation coverage,kegg,set_59d99e5a0a,4,1
B3 KEGG (incl. global maps) x annotation coverage,kegg,set_621efb3299,73,27
B3 KEGG (incl. global maps) x annotation coverage,kegg,set_5f5a07f0d2,81,9
B3 KEGG (incl. global maps) x annotation coverage,kegg,set_4edfb3203c,4,1
B3 KEGG (incl. global maps) x annotation coverage,kegg,set_77d1e528cf,5,3
B3 KEGG (incl. global maps) x annotation coverage,kegg,set_784c06d794,4,3
B3 KEGG (incl. global maps) x annotation coverage,kegg,set_64e403403c,122,14
B3 KEGG (incl. global maps) x annotation coverage,kegg,set_f0391c64ac,38,11
B3 KEGG (incl. global maps) x annotation coverage,kegg,set_5ad08f10f9,50,23
B3 KEGG (incl. global maps) x annotation coverage,kegg,set_ec1be6de1b,16,6
B3 KEGG (incl. global maps) x annotation coverage,kegg,set_7869d1115d,56,26
B3 KEGG (incl. global maps) x annotation coverage,kegg,set_22d14bdf46,25,2
B3 KEGG (incl. global maps) x annotation coverage,kegg,set_2085dffe34,79,56
B3 KEGG (incl. global maps) x annotation coverage,kegg,set_4319123b8c,29,5
B3 KEGG (incl. global maps) x annotation coverage,kegg,set_83661c5e7c,67,4
B3 KEGG (incl. global maps) x annotation coverage,kegg,set_f1a29f810b,36,16
B3 KEGG (incl. global maps) x annotation coverage,kegg,set_472b0fd7fb,32,23
B3 KEGG (incl. global maps) x annotation coverage,kegg,set_bcb42d3c63,67,36
B3 KEGG (incl. global maps) x annotation coverage,kegg,set_1b0cac50f9,42,27
B3 KEGG (incl. global maps) x annotation coverage,kegg,set_f78fd335ec,47,19
B3 KEGG (incl. global maps) x annotation coverage,kegg,set_59d512d8f9,35,10
B3 KEGG (incl. global maps) x annotation coverage,kegg,set_254f310839,26,25
B3 KEGG (incl. global maps) x annotation coverage,kegg,set_6b53931bd8,31,11
B3 KEGG (incl. global maps) x annotation coverage,kegg,set_ad1dcf321e,24,10
B3 KEGG (incl. global maps) x annotation coverage,kegg,set_9f4a8a2204,29,14
B3 KEGG (incl. global maps) x annotation coverage,kegg,set_b56fa8cbb9,55,22
B3 KEGG (incl. global maps) x annotation coverage,kegg,set_0189ce5c26,30,21
B3 KEGG (incl. global maps) x annotation coverage,kegg,set_0a7251c34c,29,5
B3 KEGG (incl. global maps) x annotation coverage,kegg,set_cc871f4693,44,23
B3 KEGG (incl. global maps) x annotation coverage,kegg,set_50428d09e6,58,21
B3 KEGG (incl. global maps) x annotation coverage,kegg,set_95dd531730,25,18
B3 KEGG (incl. global maps) x annotation coverage,kegg,set_3bb7f39946,148,28
B3 KEGG (incl. global maps) x annotation coverage,kegg,set_5c4fec496c,47,12
B3 KEGG (incl. global maps) x annotation coverage,kegg,set_76a51d8887,20,9
B3 KEGG (incl. global maps) x annotation coverage,kegg,set_4adf8811c2,45,19
B3 KEGG (incl. global maps) x annotation coverage,kegg,set_5c71a07112,52,23
B3 KEGG (incl. global maps) x annotation coverage,kegg,set_13c7b97ae7,121,1
B3 KEGG (incl. global maps) x annotation coverage,kegg,set_279c69eef9,87,82
B3 KEGG (incl. global maps) x annotation coverage,kegg,set_7f2eeca5ac,52,18
B3 KEGG (incl. global maps) x annotation coverage,kegg,set_7a03212d02,74,31
B3 KEGG (incl. global maps) x annotation coverage,kegg,set_06ba6b16dd,3253,751
B3 KEGG (incl. global maps) x annotation coverage,kegg,set_eebc5fdb39,115,66
B3 KEGG (incl. global maps) x annotation coverage,kegg,set_a42c955383,144,32
B3 KEGG (incl. global maps) x annotation coverage,kegg,set_b99c13ca44,122,52
B3 KEGG (incl. global maps) x annotation coverage,kegg,set_4100bd14a8,128,58
B3 KEGG (incl. global maps) x annotation coverage,kegg,set_c80c815b29,58,52
B3 KEGG (incl. global maps) x annotation coverage,kegg,set_365976bcb4,330,128
B3 KEGG (incl. global maps) x annotation coverage,kegg,set_aa3a6625c7,203,29
B3 KEGG (incl. global maps) x annotation coverage,kegg,set_e5b0f2f1c7,16,10
B3 KEGG (incl. global maps) x annotation coverage,kegg,set_a9f58ba5f5,2,2
B3 KEGG (incl. global maps) x annotation coverage,kegg,set_8ba220eed7,5,5
B3 KEGG (incl. global maps) x annotation coverage,kegg,set_e87cd67005,17,13
B3 KEGG (incl. global maps) x annotation coverage,kegg,set_8e5071eb36,138,64
B3 KEGG (incl. global maps) x annotation coverage,kegg,set_bce1dc6d29,1,0
B3 KEGG (incl. global maps) x annotation coverage,kegg,set_8cf1107049,2,0
B3 KEGG (incl. global maps) x annotation coverage,kegg,set_fadd3bd81a,1,0
B3 KEGG (incl. global maps) x annotation coverage,kegg,set_5aeae7a327,5,3
B3 KEGG (incl. global maps) x annotation coverage,kegg,set_55eb67eab6,5,4
B3 KEGG (incl. global maps) x annotation coverage,kegg,set_bab18f1625,4,4
B3 KEGG (incl. global maps) x annotation coverage,kegg,set_e1ab26f58f,7,7
B3 KEGG (incl. global maps) x annotation coverage,kegg,set_b49dc63a5b,5,5
B3 KEGG (incl. global maps) x annotation coverage,kegg,set_e88e2cb844,11,8
B3 KEGG (incl. global maps) x annotation coverage,kegg,set_79085f78ba,10,10
B3 KEGG (incl. global maps) x annotation coverage,kegg,set_c2a3f5a6e6,25,23
B3 KEGG (incl. global maps) x annotation coverage,kegg,set_2a4af7c554,5,5
B3 KEGG (incl. global maps) x annotation coverage,kegg,set_a9f945556c,3,3
B3 KEGG (incl. global maps) x annotation coverage,kegg,set_9621b563e7,15,14
B3 KEGG (incl. global maps) x annotation coverage,kegg,set_c1c053793d,5,5
B3 KEGG (incl. global maps) x annotation coverage,kegg,set_9c62989783,29,20
B3 KEGG (incl. global maps) x annotation coverage,kegg,set_6d4de6f3ca,15,14
B3 KEGG (incl. global maps) x annotation coverage,kegg,set_403c9be3d5,11,10
B3 KEGG (incl. global maps) x annotation coverage,kegg,set_7e5adfe9e9,53,38
B3 KEGG (incl. global maps) x annotation coverage,kegg,set_e8aa2a646b,19,10
B3 KEGG (incl. global maps) x annotation coverage,kegg,set_f9838e94ed,40,21
B3 KEGG (incl. global maps) x annotation coverage,kegg,set_4918c89365,4,4
B3 KEGG (incl. global maps) x annotation coverage,kegg,set_62b5b87fe9,11,6
B3 KEGG (incl. global maps) x annotation coverage,kegg,set_59a041eefc,3,3
B3 KEGG (incl. global maps) x annotation coverage,kegg,set_42e3679984,2,2
B3 KEGG (incl. global maps) x annotation coverage,kegg,set_724b4b7be8,6,6
B3 KEGG (incl. global maps) x annotation coverage,kegg,set_0e666cf960,1,1
B3 KEGG (incl. global maps) x annotation coverage,kegg,set_2c59b18af9,2,2
B3 KEGG (incl. global maps) x annotation coverage,kegg,set_d8b6084b60,6,4
B3 KEGG (incl. global maps) x annotation coverage,kegg,set_3dde237162,1,1
B3 KEGG (incl. global maps) x annotation coverage,kegg,set_9d14d04ea2,21,17
B3 KEGG (incl. global maps) x annotation coverage,kegg,set_9f2aa6ef5c,4,4
B3 KEGG (incl. global maps) x annotation coverage,kegg,set_a10dc60cf5,4,3
B3 KEGG (incl. global maps) x annotation coverage,kegg,set_566bf87914,22,15
B3 KEGG (incl. global maps) x annotation coverage,kegg,set_ddc20eaad2,3,3
B3 KEGG (incl. global maps) x annotation coverage,kegg,set_55a247dcd2,4,4
B3 KEGG (incl. global maps) x annotation coverage,kegg,set_0ac3e83773,8,5
B3 KEGG (incl. global maps) x annotation coverage,kegg,set_33a0e17b43,2,2
B3 KEGG (incl. global maps) x annotation coverage,kegg,set_b96ec56a33,29,19
B3 KEGG (incl. global maps) x annotation coverage,kegg,set_d751b7bdb1,10,8
B3 KEGG (incl. global maps) x annotation coverage,kegg,set_553101a642,5,3
B3 KEGG (incl. global maps) x annotation coverage,kegg,set_d9afacc250,4,4
B3 KEGG (incl. global maps) x annotation coverage,kegg,set_e0fa59e770,10,10
B3 KEGG (incl. global maps) x annotation coverage,kegg,set_1aad4f3cba,16,16
B3 KEGG (incl. global maps) x annotation coverage,kegg,set_d1bc08c557,1,1
B3 KEGG (incl. global maps) x annotation coverage,kegg,set_5d5c67d14b,1,0
B3 KEGG (incl. global maps) x annotation coverage,kegg,set_890076b2e2,1,1
B3 KEGG (incl. global maps) x annotation coverage,kegg,set_a371f39e00,1,1
B3 KEGG (incl. global maps) x annotation coverage,kegg,set_3ffc9d827a,1,1
B3 KEGG (incl. global maps) x annotation coverage,kegg,set_94700e869a,6,6
B3 KEGG (incl. global maps) x annotation coverage,kegg,set_0ce77a05e9,9,8
B3 KEGG (incl. global maps) x annotation coverage,kegg,set_e89486eb1f,3,3
B3 KEGG (incl. global maps) x annotation coverage,kegg,set_abc9fb2339,16,9
B3 KEGG (incl. global maps) x annotation coverage,kegg,set_f2623b4540,2,1
B3 KEGG (incl. global maps) x annotation coverage,kegg,set_0e11f8b2ab,6,2
B3 KEGG (incl. global maps) x annotation coverage,kegg,set_a73b081a6d,1,1
B3 KEGG (incl. global maps) x annotation coverage,kegg,set_c3d8021806,11,11
B3 KEGG (incl. global maps) x annotation coverage,kegg,set_5e83f666ee,31,0
B3 KEGG (incl. global maps) x annotation coverage,kegg,set_d9b51b3dfb,14,14
B3 KEGG (incl. global maps) x annotation coverage,kegg,set_6dc519cff6,13,6
B3 KEGG (incl. global maps) x annotation coverage,kegg,set_f79f8c3a5a,11,2
B3 KEGG (incl. global maps) x annotation coverage,kegg,set_bc82882e7a,6,5
B3 KEGG (incl. global maps) x annotation coverage,kegg,set_3a2f207074,1,0
B3 KEGG (incl. global maps) x annotation coverage,kegg,set_529954fedd,2,0
B3 KEGG (incl. global maps) x annotation coverage,kegg,set_ec651f0509,11,7
B3 KEGG (incl. global maps) x annotation coverage,kegg,set_7eedaea416,4,4
B3 KEGG (incl. global maps) x annotation coverage,kegg,set_45227d9c36,3,3
B3 KEGG (incl. global maps) x annotation coverage,kegg,set_400db98a02,4,4
B3 KEGG (incl. global maps) x annotation coverage,kegg,set_55ee6f703e,4,4
B3 KEGG (incl. global maps) x annotation coverage,kegg,set_75ea69ea82,4,4
B3 KEGG (incl. global maps) x annotation coverage,kegg,set_53e92dfd39,11,11
B3 KEGG (incl. global maps) x annotation coverage,kegg,set_632551c1e8,8,7
B3 KEGG (incl. global maps) x annotation coverage,kegg,set_e06fd05219,4,3
B3 KEGG (incl. global maps) x annotation coverage,kegg,set_d6886ae337,2,2
B3 KEGG (incl. global maps) x annotation coverage,kegg,set_f25f50a7d5,2,2
B3 KEGG (incl. global maps) x annotation coverage,kegg,set_4f763e6136,9,9
B3 KEGG (incl. global maps) x annotation coverage,kegg,set_fd83e9953c,23,17
B3 KEGG (incl. global maps) x annotation coverage,kegg,set_fa899e35d7,7,7
B3 KEGG (incl. global maps) x annotation coverage,kegg,set_db39372338,12,11
B3 KEGG (incl. global maps) x annotation coverage,kegg,set_d15c41421f,5,5
B3 KEGG (incl. global maps) x annotation coverage,kegg,set_bd261c68a0,19,14
B3 KEGG (incl. global maps) x annotation coverage,kegg,set_48aa3cd808,8,8
B3 KEGG (incl. global maps) x annotation coverage,kegg,set_4c5914bafc,12,11
B3 KEGG (incl. global maps) x annotation coverage,kegg,set_a99c0b045f,42,38
B3 KEGG (incl. global maps) x annotation coverage,kegg,set_0296e3477f,9,9
B3 KEGG (incl. global maps) x annotation coverage,kegg,set_1fab907f29,12,12
B3 KEGG (incl. global maps) x annotation coverage,kegg,set_ba4632c104,9,8
B3 KEGG (incl. global maps) x annotation coverage,kegg,set_9cf63a38e9,8,8
B3 KEGG (incl. global maps) x annotation coverage,kegg,set_6f4614e929,32,22
B3 KEGG (incl. global maps) x annotation coverage,kegg,set_bc65906fee,8,8
B3 KEGG (incl. global maps) x annotation coverage,kegg,set_70bc04718c,35,19
B3 KEGG (incl. global maps) x annotation coverage,kegg,set_d11e6830a7,5,3
B3 KEGG (incl. global maps) x annotation coverage,kegg,set_6248efcd8e,4,3
B3 KEGG (incl. global maps) x annotation coverage,kegg,set_e6be6fb001,12,11
B3 KEGG (incl. global maps) x annotation coverage,kegg,set_63106581df,6,6
B3 KEGG (incl. global maps) x annotation coverage,kegg,set_3111a69a80,24,20
B3 KEGG (incl. global maps) x annotation coverage,kegg,set_13e259eb7f,4,3
B3 KEGG (incl. global maps) x annotation coverage,kegg,set_e186047fad,8,8
B3 KEGG (incl. global maps) x annotation coverage,kegg,set_7ae664e506,6,6
B3 KEGG (incl. global maps) x annotation coverage,kegg,set_82ad1a2d6c,11,11
B3 KEGG (incl. global maps) x annotation coverage,kegg,set_2eb74fe04e,21,21
B3 KEGG (incl. global maps) x annotation coverage,kegg,set_af64d22175,11,10
B3 KEGG (incl. global maps) x annotation coverage,kegg,set_52b9f4d65d,8,5
B3 KEGG (incl. global maps) x annotation coverage,kegg,set_8ee1fdd0ce,12,11
B3 KEGG (incl. global maps) x annotation coverage,kegg,set_6007c4b59f,26,23
B3 KEGG (incl. global maps) x annotation coverage,kegg,set_1fcf7c4997,14,12
B3 KEGG (incl. global maps) x annotation coverage,kegg,set_ee7dc39286,17,17
B3 KEGG (incl. global maps) x annotation coverage,kegg,set_b8dfa17746,22,22
B3 KEGG (incl. global maps) x annotation coverage,kegg,set_4aba147af4,6,6
B3 KEGG (incl. global maps) x annotation coverage,kegg,set_0aea477239,12,12
B3 KEGG (incl. global maps) x annotation coverage,kegg,set_869596225e,11,8
B3 KEGG (incl. global maps) x annotation coverage,kegg,set_1bc67aa082,9,8
B3 KEGG (incl. global maps) x annotation coverage,kegg,set_768310548c,6,5
B3 KEGG (incl. global maps) x annotation coverage,kegg,set_45a3270a3a,19,14
B3 KEGG (incl. global maps) x annotation coverage,kegg,set_c1a948a8d3,2,1
B3 KEGG (incl. global maps) x annotation coverage,kegg,set_e27de11bfc,9,5
B3 KEGG (incl. global maps) x annotation coverage,kegg,set_f9e5f0c541,13,12
B3 KEGG (incl. global maps) x annotation coverage,kegg,set_53bb0f86a1,4,4
B3 KEGG (incl. global maps) x annotation coverage,kegg,set_4458d9419b,11,9
B3 KEGG (incl. global maps) x annotation coverage,kegg,set_a0228623ce,3,3
B3 KEGG (incl. global maps) x annotation coverage,kegg,set_a458a02921,8,8
B3 KEGG (incl. global maps) x annotation coverage,kegg,set_ea2d317004,8,7
B3 KEGG (incl. global maps) x annotation coverage,kegg,set_53c927fd81,2,2
B3 KEGG (incl. global maps) x annotation coverage,kegg,set_e859da17d3,17,16
B3 KEGG (incl. global maps) x annotation coverage,kegg,set_ee4fe13061,8,8
B3 KEGG (incl. global maps) x annotation coverage,kegg,set_144b2a2f9c,17,16
B3 KEGG (incl. global maps) x annotation coverage,kegg,set_e9c8593d4b,14,14
B3 KEGG (incl. global maps) x annotation coverage,kegg,set_44a0424b47,15,13
B3 KEGG (incl. global maps) x annotation coverage,kegg,set_4cc0961172,27,15
B3 KEGG (incl. global maps) x annotation coverage,kegg,set_951b4cb6fa,47,35
B3 KEGG (incl. global maps) x annotation coverage,kegg,set_86afea7d99,13,7
B3 KEGG (incl. global maps) x annotation coverage,kegg,set_676e2b3cde,97,67
B3 KEGG (incl. global maps) x annotation coverage,kegg,set_96ef2b3751,42,30
B3 KEGG (incl. global maps) x annotation coverage,kegg,set_13117a3ac2,29,27
B3 KEGG (incl. global maps) x annotation coverage,kegg,set_10090b4679,10,7
B3 KEGG (incl. global maps) x annotation coverage,kegg,set_c258b8d176,14,5
B3 KEGG (incl. global maps) x annotation coverage,kegg,set_ec8f2e7755,20,19
B3 KEGG (incl. global maps) x annotation coverage,kegg,set_242e07990f,19,11
B3 KEGG (incl. global maps) x annotation coverage,kegg,set_cf7bec92fd,26,17
B3 KEGG (incl. global maps) x annotation coverage,kegg,set_6e3df42571,14,10
B3 KEGG (incl. global maps) x annotation coverage,kegg,set_0ef80a3e60,6,6
B3 KEGG (incl. global maps) x annotation coverage,kegg,set_41fbbd736d,7,7
B3 KEGG (incl. global maps) x annotation coverage,kegg,set_ca1f99cd23,5,5
B3 KEGG (incl. global maps) x annotation coverage,kegg,set_eadc697c9f,32,18
B3 KEGG (incl. global maps) x annotation coverage,kegg,set_8c01cd9f53,7,7
B3 KEGG (incl. global maps) x annotation coverage,kegg,set_3a1e9adfa7,9,9
B3 KEGG (incl. global maps) x annotation coverage,kegg,set_9cf2b1affb,8,8
B3 KEGG (incl. global maps) x annotation coverage,kegg,set_1b1680d957,7,7
B3 KEGG (incl. global maps) x annotation coverage,kegg,set_f3e5323118,10,10
B3 KEGG (incl. global maps) x annotation coverage,kegg,set_5ea8e34a72,9,8
B3 KEGG (incl. global maps) x annotation coverage,kegg,set_70c9d52d44,5,5
B3 KEGG (incl. global maps) x annotation coverage,kegg,set_a825a40dd2,3,2
B3 KEGG (incl. global maps) x annotation coverage,kegg,set_47ec1e9833,14,8
B3 KEGG (incl. global maps) x annotation coverage,kegg,set_b2b20bc21d,5,3
B3 KEGG (incl. global maps) x annotation coverage,kegg,set_323f57c178,10,6
B3 KEGG (incl. global maps) x annotation coverage,kegg,set_391eefa616,2,0
B3 KEGG (incl. global maps) x annotation coverage,kegg,set_8782a703c2,5,3
B3 KEGG (incl. global maps) x annotation coverage,kegg,set_9b59d46f35,6,6
B3 KEGG (incl. global maps) x annotation coverage,kegg,set_9a677125a0,6,6
B3 KEGG (incl. global maps) x annotation coverage,kegg,set_39673ab9a8,8,8
B3 KEGG (incl. global maps) x annotation coverage,kegg,set_aa516babf5,2,2
B3 KEGG (incl. global maps) x annotation coverage,kegg,set_02206d8907,3,2
B3 KEGG (incl. global maps) x annotation coverage,kegg,set_fef5b6db58,13,10
B3 KEGG (incl. global maps) x annotation coverage,kegg,set_caeb89da84,2,0
B3 KEGG (incl. global maps) x annotation coverage,kegg,set_defccdb12c,9,4
B3 KEGG (incl. global maps) x annotation coverage,kegg,set_c81eed51b0,2,1
B3 KEGG (incl. global maps) x annotation coverage,kegg,set_8961a88f7e,1,1
B3 KEGG (incl. global maps) x annotation coverage,kegg,set_fe103ea1a9,1,1
B3 KEGG (incl. global maps) x annotation coverage,kegg,set_4ab589207d,6,5
B3 KEGG (incl. global maps) x annotation coverage,kegg,set_71a7e30779,3,3
B3 KEGG (incl. global maps) x annotation coverage,kegg,set_f82842294f,3,3
B3 KEGG (incl. global maps) x annotation coverage,kegg,set_ce3e641d29,5,5
B3 KEGG (incl. global maps) x annotation coverage,kegg,set_fa1bde903c,5,5
B3 KEGG (incl. global maps) x annotation coverage,kegg,set_17ff2c993b,3,1
B3 KEGG (incl. global maps) x annotation coverage,kegg,set_56d8e12296,3,3
B3 KEGG (incl. global maps) x annotation coverage,kegg,set_b44c30992c,5,4
B3 KEGG (incl. global maps) x annotation coverage,kegg,set_7b08f7116a,10,6
B3 KEGG (incl. global maps) x annotation coverage,kegg,set_0e7bc14c3b,31,25
B3 KEGG (incl. global maps) x annotation coverage,kegg,set_d510144f8a,78,2
B3 KEGG (incl. global maps) x annotation coverage,kegg,set_92ce4cfbdf,4,0
B3 KEGG (incl. global maps) x annotation coverage,kegg,set_87add8c5dc,29,9
B3 KEGG (incl. global maps) x annotation coverage,kegg,set_c9e42d4c97,57,21
B3 KEGG (incl. global maps) x annotation coverage,kegg,set_7f1cb28927,1,1
B3 KEGG (incl. global maps) x annotation coverage,kegg,set_e4a40b4206,3,3
B3 KEGG (incl. global maps) x annotation coverage,kegg,set_1d1e5c1725,2,2
B3 KEGG (incl. global maps) x annotation coverage,kegg,set_c5647a3ae1,1,1
B3 KEGG (incl. global maps) x annotation coverage,kegg,set_dac4e8fa46,4,4
B3 KEGG (incl. global maps) x annotation coverage,kegg,set_ade02f5b1e,15,12
B3 KEGG (incl. global maps) x annotation coverage,kegg,set_259f2efb6e,1,1
B3 KEGG (incl. global maps) x annotation coverage,kegg,set_25e2515a72,1,1
B3 KEGG (incl. global maps) x annotation coverage,kegg,set_794be7193d,1,1
B3 KEGG (incl. global maps) x annotation coverage,kegg,set_f59121c589,1,1
B3 KEGG (incl. global maps) x annotation coverage,kegg,set_b3e2218719,3,3
B3 KEGG (incl. global maps) x annotation coverage,kegg,set_6009dcdb7e,6,6
B3 KEGG (incl. global maps) x annotation coverage,kegg,set_c25b7b1316,3,3
B3 KEGG (incl. global maps) x annotation coverage,kegg,set_51f864e8c0,14,8
B3 KEGG (incl. global maps) x annotation coverage,kegg,set_f3f963ca72,4,3
B3 KEGG (incl. global maps) x annotation coverage,kegg,set_b4b6cf7f87,37,36
B3 KEGG (incl. global maps) x annotation coverage,kegg,set_7006b3f384,11,10
B3 KEGG (incl. global maps) x annotation coverage,kegg,set_0f0250ac67,4,4
B3 KEGG (incl. global maps) x annotation coverage,kegg,set_835931a774,5,4
B3 KEGG (incl. global maps) x annotation coverage,kegg,set_bd6580fedc,3,2
B3 KEGG (incl. global maps) x annotation coverage,kegg,set_abb45de753,3,2
B3 KEGG (incl. global maps) x annotation coverage,kegg,set_d88cb9cbb0,3,3
B3 KEGG (incl. global maps) x annotation coverage,kegg,set_272df9c14f,1,1
B3 KEGG (incl. global maps) x annotation coverage,kegg,set_779947cca9,2,1
B3 KEGG (incl. global maps) x annotation coverage,kegg,set_b39b2bf365,3,3
B3 KEGG (incl. global maps) x annotation coverage,kegg,set_f89826dad7,2,2
B3 KEGG (incl. global maps) x annotation coverage,kegg,set_bef991f9ec,3,3
B3 KEGG (incl. global maps) x annotation coverage,kegg,set_bd1153eb26,39,26
B3 KEGG (incl. global maps) x annotation coverage,kegg,set_623ad85c2e,14,8
B3 KEGG (incl. global maps) x annotation coverage,kegg,set_ee997594a5,8,4
B4 KEGG sweep :: detected in >=0% of studies,kegg_sweep,set_5acb8abe6e,31,18
B4 KEGG sweep :: detected in >=0% of studies,kegg_sweep,set_dac7270197,20,13
B4 KEGG sweep :: detected in >=0% of studies,kegg_sweep,set_1869174b7f,37,18
B4 KEGG sweep :: detected in >=0% of studies,kegg_sweep,set_271ea43c69,61,11
B4 KEGG sweep :: detected in >=0% of studies,kegg_sweep,set_344072b5f4,56,13
B4 KEGG sweep :: detected in >=0% of studies,kegg_sweep,set_2138a1c123,46,21
B4 KEGG sweep :: detected in >=0% of studies,kegg_sweep,set_cfbf9cc030,57,9
B4 KEGG sweep :: detected in >=0% of studies,kegg_sweep,set_b9a825708e,58,10
B4 KEGG sweep :: detected in >=0% of studies,kegg_sweep,set_beefda2298,40,9
B4 KEGG sweep :: detected in >=0% of studies,kegg_sweep,set_54a7056432,50,12
B4 KEGG sweep :: detected in >=0% of studies,kegg_sweep,set_15cd53708d,57,14
B4 KEGG sweep :: detected in >=0% of studies,kegg_sweep,set_924bf2354d,47,22
B4 KEGG sweep :: detected in >=0% of studies,kegg_sweep,set_2227c51bc7,74,7
B4 KEGG sweep :: detected in >=0% of studies,kegg_sweep,set_2c10c2359c,100,41
B4 KEGG sweep :: detected in >=0% of studies,kegg_sweep,set_2ebb11183e,12,7
B4 KEGG sweep :: detected in >=0% of studies,kegg_sweep,set_c093da81c7,24,12
B4 KEGG sweep :: detected in >=0% of studies,kegg_sweep,set_5267159cc4,101,54
B4 KEGG sweep :: detected in >=0% of studies,kegg_sweep,set_7bb07bd8ff,22,16
B4 KEGG sweep :: detected in >=0% of studies,kegg_sweep,set_d8d29165c6,66,37
B4 KEGG sweep :: detected in >=0% of studies,kegg_sweep,set_7198d2f665,28,20
B4 KEGG sweep :: detected in >=0% of studies,kegg_sweep,set_6b91b675ac,50,29
B4 KEGG sweep :: detected in >=0% of studies,kegg_sweep,set_e7aeec8071,68,21
B4 KEGG sweep :: detected in >=0% of studies,kegg_sweep,set_ae38e946d1,42,19
B4 KEGG sweep :: detected in >=0% of studies,kegg_sweep,set_b112b5fc60,23,9
B4 KEGG sweep :: detected in >=0% of studies,kegg_sweep,set_2bc84b9269,56,19
B4 KEGG sweep :: detected in >=0% of studies,kegg_sweep,set_31c74b8829,71,26
B4 KEGG sweep :: detected in >=0% of studies,kegg_sweep,set_97b9822845,49,21
B4 KEGG sweep :: detected in >=0% of studies,kegg_sweep,set_b2ec810fd5,79,36
B4 KEGG sweep :: detected in >=0% of studies,kegg_sweep,set_d3ba0db0a8,51,11
B4 KEGG sweep :: detected in >=0% of studies,kegg_sweep,set_3c89f132e9,84,30
B4 KEGG sweep :: detected in >=0% of studies,kegg_sweep,set_3e0dfa217d,35,10
B4 KEGG sweep :: detected in >=0% of studies,kegg_sweep,set_624c481a7e,32,21
B4 KEGG sweep :: detected in >=0% of studies,kegg_sweep,set_19ae6f060f,24,14
B4 KEGG sweep :: detected in >=0% of studies,kegg_sweep,set_026dce58e5,57,6
B4 KEGG sweep :: detected in >=0% of studies,kegg_sweep,set_890c7dab5c,27,4
B4 KEGG sweep :: detected in >=0% of studies,kegg_sweep,set_4acc76344d,71,31
B4 KEGG sweep :: detected in >=0% of studies,kegg_sweep,set_3af36c8764,38,17
B4 KEGG sweep :: detected in >=0% of studies,kegg_sweep,set_9fac2bf904,37,8
B4 KEGG sweep :: detected in >=0% of studies,kegg_sweep,set_db93e5d9eb,10,1
B4 KEGG sweep :: detected in >=0% of studies,kegg_sweep,set_621efb3299,73,24
B4 KEGG sweep :: detected in >=0% of studies,kegg_sweep,set_5f5a07f0d2,81,6
B4 KEGG sweep :: detected in >=0% of studies,kegg_sweep,set_77d1e528cf,5,1
B4 KEGG sweep :: detected in >=0% of studies,kegg_sweep,set_64e403403c,122,12
B4 KEGG sweep :: detected in >=0% of studies,kegg_sweep,set_f0391c64ac,38,8
B4 KEGG sweep :: detected in >=0% of studies,kegg_sweep,set_5ad08f10f9,50,11
B4 KEGG sweep :: detected in >=0% of studies,kegg_sweep,set_ec1be6de1b,16,3
B4 KEGG sweep :: detected in >=0% of studies,kegg_sweep,set_7869d1115d,56,12
B4 KEGG sweep :: detected in >=0% of studies,kegg_sweep,set_22d14bdf46,25,1
B4 KEGG sweep :: detected in >=0% of studies,kegg_sweep,set_2085dffe34,79,40
B4 KEGG sweep :: detected in >=0% of studies,kegg_sweep,set_4319123b8c,29,4
B4 KEGG sweep :: detected in >=0% of studies,kegg_sweep,set_83661c5e7c,67,3
B4 KEGG sweep :: detected in >=0% of studies,kegg_sweep,set_f1a29f810b,36,14
B4 KEGG sweep :: detected in >=0% of studies,kegg_sweep,set_472b0fd7fb,32,20
B4 KEGG sweep :: detected in >=0% of studies,kegg_sweep,set_bcb42d3c63,67,29
B4 KEGG sweep :: detected in >=0% of studies,kegg_sweep,set_1b0cac50f9,42,22
B4 KEGG sweep :: detected in >=0% of studies,kegg_sweep,set_f78fd335ec,47,17
B4 KEGG sweep :: detected in >=0% of studies,kegg_sweep,set_59d512d8f9,35,10
B4 KEGG sweep :: detected in >=0% of studies,kegg_sweep,set_254f310839,26,24
B4 KEGG sweep :: detected in >=0% of studies,kegg_sweep,set_6b53931bd8,31,10
B4 KEGG sweep :: detected in >=0% of studies,kegg_sweep,set_ad1dcf321e,24,10
B4 KEGG sweep :: detected in >=0% of studies,kegg_sweep,set_9f4a8a2204,29,11
B4 KEGG sweep :: detected in >=0% of studies,kegg_sweep,set_b56fa8cbb9,55,20
B4 KEGG sweep :: detected in >=0% of studies,kegg_sweep,set_0189ce5c26,30,18
B4 KEGG sweep :: detected in >=0% of studies,kegg_sweep,set_0a7251c34c,29,4
B4 KEGG sweep :: detected in >=0% of studies,kegg_sweep,set_cc871f4693,44,15
B4 KEGG sweep :: detected in >=0% of studies,kegg_sweep,set_50428d09e6,58,12
B4 KEGG sweep :: detected in >=0% of studies,kegg_sweep,set_95dd531730,25,11
B4 KEGG sweep :: detected in >=0% of studies,kegg_sweep,set_3bb7f39946,148,13
B4 KEGG sweep :: detected in >=0% of studies,kegg_sweep,set_5c4fec496c,47,11
B4 KEGG sweep :: detected in >=0% of studies,kegg_sweep,set_76a51d8887,20,5
B4 KEGG sweep :: detected in >=0% of studies,kegg_sweep,set_4adf8811c2,45,14
B4 KEGG sweep :: detected in >=0% of studies,kegg_sweep,set_5c71a07112,52,22
B4 KEGG sweep :: detected in >=0% of studies,kegg_sweep,set_13c7b97ae7,121,1
B4 KEGG sweep :: detected in >=0% of studies,kegg_sweep,set_279c69eef9,87,22
B4 KEGG sweep :: detected in >=0% of studies,kegg_sweep,set_7f2eeca5ac,52,6
B4 KEGG sweep :: detected in >=0% of studies,kegg_sweep,set_7a03212d02,74,16
B4 KEGG sweep :: detected in >=0% of studies,kegg_sweep,set_8ba220eed7,5,4
B4 KEGG sweep :: detected in >=0% of studies,kegg_sweep,set_e87cd67005,17,12
B4 KEGG sweep :: detected in >=0% of studies,kegg_sweep,set_8e5071eb36,138,57
B4 KEGG sweep :: detected in >=0% of studies,kegg_sweep,set_5aeae7a327,5,3
B4 KEGG sweep :: detected in >=0% of studies,kegg_sweep,set_55eb67eab6,5,2
B4 KEGG sweep :: detected in >=0% of studies,kegg_sweep,set_e1ab26f58f,7,4
B4 KEGG sweep :: detected in >=0% of studies,kegg_sweep,set_b49dc63a5b,5,3
B4 KEGG sweep :: detected in >=0% of studies,kegg_sweep,set_e88e2cb844,11,5
B4 KEGG sweep :: detected in >=0% of studies,kegg_sweep,set_79085f78ba,10,6
B4 KEGG sweep :: detected in >=0% of studies,kegg_sweep,set_c2a3f5a6e6,25,15
B4 KEGG sweep :: detected in >=0% of studies,kegg_sweep,set_2a4af7c554,5,2
B4 KEGG sweep :: detected in >=0% of studies,kegg_sweep,set_9621b563e7,15,8
B4 KEGG sweep :: detected in >=0% of studies,kegg_sweep,set_c1c053793d,5,4
B4 KEGG sweep :: detected in >=0% of studies,kegg_sweep,set_9c62989783,29,6
B4 KEGG sweep :: detected in >=0% of studies,kegg_sweep,set_6d4de6f3ca,15,10
B4 KEGG sweep :: detected in >=0% of studies,kegg_sweep,set_403c9be3d5,11,5
B4 KEGG sweep :: detected in >=0% of studies,kegg_sweep,set_7e5adfe9e9,53,35
B4 KEGG sweep :: detected in >=0% of studies,kegg_sweep,set_e8aa2a646b,19,8
B4 KEGG sweep :: detected in >=0% of studies,kegg_sweep,set_f9838e94ed,40,17
B4 KEGG sweep :: detected in >=0% of studies,kegg_sweep,set_62b5b87fe9,11,5
B4 KEGG sweep :: detected in >=0% of studies,kegg_sweep,set_724b4b7be8,6,2
B4 KEGG sweep :: detected in >=0% of studies,kegg_sweep,set_d8b6084b60,6,2
B4 KEGG sweep :: detected in >=0% of studies,kegg_sweep,set_9d14d04ea2,21,15
B4 KEGG sweep :: detected in >=0% of studies,kegg_sweep,set_566bf87914,22,10
B4 KEGG sweep :: detected in >=0% of studies,kegg_sweep,set_0ac3e83773,8,3
B4 KEGG sweep :: detected in >=0% of studies,kegg_sweep,set_b96ec56a33,29,13
B4 KEGG sweep :: detected in >=0% of studies,kegg_sweep,set_d751b7bdb1,10,5
B4 KEGG sweep :: detected in >=0% of studies,kegg_sweep,set_553101a642,5,0
B4 KEGG sweep :: detected in >=0% of studies,kegg_sweep,set_e0fa59e770,10,5
B4 KEGG sweep :: detected in >=0% of studies,kegg_sweep,set_1aad4f3cba,16,10
B4 KEGG sweep :: detected in >=0% of studies,kegg_sweep,set_94700e869a,6,1
B4 KEGG sweep :: detected in >=0% of studies,kegg_sweep,set_0ce77a05e9,9,3
B4 KEGG sweep :: detected in >=0% of studies,kegg_sweep,set_abc9fb2339,16,8
B4 KEGG sweep :: detected in >=0% of studies,kegg_sweep,set_0e11f8b2ab,6,1
B4 KEGG sweep :: detected in >=0% of studies,kegg_sweep,set_c3d8021806,11,7
B4 KEGG sweep :: detected in >=0% of studies,kegg_sweep,set_5e83f666ee,31,0
B4 KEGG sweep :: detected in >=0% of studies,kegg_sweep,set_d9b51b3dfb,14,8
B4 KEGG sweep :: detected in >=0% of studies,kegg_sweep,set_6dc519cff6,13,1
B4 KEGG sweep :: detected in >=0% of studies,kegg_sweep,set_f79f8c3a5a,11,0
B4 KEGG sweep :: detected in >=0% of studies,kegg_sweep,set_bc82882e7a,6,2
B4 KEGG sweep :: detected in >=0% of studies,kegg_sweep,set_ec651f0509,11,4
B4 KEGG sweep :: detected in >=0% of studies,kegg_sweep,set_53e92dfd39,11,7
B4 KEGG sweep :: detected in >=0% of studies,kegg_sweep,set_632551c1e8,8,3
B4 KEGG sweep :: detected in >=0% of studies,kegg_sweep,set_4f763e6136,9,4
B4 KEGG sweep :: detected in >=0% of studies,kegg_sweep,set_fd83e9953c,23,14
B4 KEGG sweep :: detected in >=0% of studies,kegg_sweep,set_fa899e35d7,7,3
B4 KEGG sweep :: detected in >=0% of studies,kegg_sweep,set_db39372338,12,9
B4 KEGG sweep :: detected in >=0% of studies,kegg_sweep,set_d15c41421f,5,2
B4 KEGG sweep :: detected in >=0% of studies,kegg_sweep,set_bd261c68a0,19,8
B4 KEGG sweep :: detected in >=0% of studies,kegg_sweep,set_48aa3cd808,8,4
B4 KEGG sweep :: detected in >=0% of studies,kegg_sweep,set_4c5914bafc,12,7
B4 KEGG sweep :: detected in >=0% of studies,kegg_sweep,set_a99c0b045f,42,28
B4 KEGG sweep :: detected in >=0% of studies,kegg_sweep,set_0296e3477f,9,6
B4 KEGG sweep :: detected in >=0% of studies,kegg_sweep,set_1fab907f29,12,8
B4 KEGG sweep :: detected in >=0% of studies,kegg_sweep,set_ba4632c104,9,4
B4 KEGG sweep :: detected in >=0% of studies,kegg_sweep,set_9cf63a38e9,8,4
B4 KEGG sweep :: detected in >=0% of studies,kegg_sweep,set_6f4614e929,32,18
B4 KEGG sweep :: detected in >=0% of studies,kegg_sweep,set_bc65906fee,8,4
B4 KEGG sweep :: detected in >=0% of studies,kegg_sweep,set_70bc04718c,35,14
B4 KEGG sweep :: detected in >=0% of studies,kegg_sweep,set_d11e6830a7,5,1
B4 KEGG sweep :: detected in >=0% of studies,kegg_sweep,set_e6be6fb001,12,7
B4 KEGG sweep :: detected in >=0% of studies,kegg_sweep,set_63106581df,6,3
B4 KEGG sweep :: detected in >=0% of studies,kegg_sweep,set_3111a69a80,24,18
B4 KEGG sweep :: detected in >=0% of studies,kegg_sweep,set_e186047fad,8,4
B4 KEGG sweep :: detected in >=0% of studies,kegg_sweep,set_7ae664e506,6,4
B4 KEGG sweep :: detected in >=0% of studies,kegg_sweep,set_82ad1a2d6c,11,10
B4 KEGG sweep :: detected in >=0% of studies,kegg_sweep,set_2eb74fe04e,21,13
B4 KEGG sweep :: detected in >=0% of studies,kegg_sweep,set_af64d22175,11,4
B4 KEGG sweep :: detected in >=0% of studies,kegg_sweep,set_52b9f4d65d,8,3
B4 KEGG sweep :: detected in >=0% of studies,kegg_sweep,set_8ee1fdd0ce,12,7
B4 KEGG sweep :: detected in >=0% of studies,kegg_sweep,set_6007c4b59f,26,20
B4 KEGG sweep :: detected in >=0% of studies,kegg_sweep,set_1fcf7c4997,14,10
B4 KEGG sweep :: detected in >=0% of studies,kegg_sweep,set_ee7dc39286,17,10
B4 KEGG sweep :: detected in >=0% of studies,kegg_sweep,set_b8dfa17746,22,16
B4 KEGG sweep :: detected in >=0% of studies,kegg_sweep,set_4aba147af4,6,2
B4 KEGG sweep :: detected in >=0% of studies,kegg_sweep,set_0aea477239,12,10
B4 KEGG sweep :: detected in >=0% of studies,kegg_sweep,set_869596225e,11,4
B4 KEGG sweep :: detected in >=0% of studies,kegg_sweep,set_1bc67aa082,9,4
B4 KEGG sweep :: detected in >=0% of studies,kegg_sweep,set_768310548c,6,3
B4 KEGG sweep :: detected in >=0% of studies,kegg_sweep,set_45a3270a3a,19,9
B4 KEGG sweep :: detected in >=0% of studies,kegg_sweep,set_e27de11bfc,9,3
B4 KEGG sweep :: detected in >=0% of studies,kegg_sweep,set_f9e5f0c541,13,10
B4 KEGG sweep :: detected in >=0% of studies,kegg_sweep,set_4458d9419b,11,7
B4 KEGG sweep :: detected in >=0% of studies,kegg_sweep,set_a458a02921,8,4
B4 KEGG sweep :: detected in >=0% of studies,kegg_sweep,set_ea2d317004,8,3
B4 KEGG sweep :: detected in >=0% of studies,kegg_sweep,set_e859da17d3,17,9
B4 KEGG sweep :: detected in >=0% of studies,kegg_sweep,set_ee4fe13061,8,2
B4 KEGG sweep :: detected in >=0% of studies,kegg_sweep,set_144b2a2f9c,17,7
B4 KEGG sweep :: detected in >=0% of studies,kegg_sweep,set_e9c8593d4b,14,6
B4 KEGG sweep :: detected in >=0% of studies,kegg_sweep,set_44a0424b47,15,5
B4 KEGG sweep :: detected in >=0% of studies,kegg_sweep,set_4cc0961172,27,8
B4 KEGG sweep :: detected in >=0% of studies,kegg_sweep,set_951b4cb6fa,47,28
B4 KEGG sweep :: detected in >=0% of studies,kegg_sweep,set_86afea7d99,13,2
B4 KEGG sweep :: detected in >=0% of studies,kegg_sweep,set_676e2b3cde,97,48
B4 KEGG sweep :: detected in >=0% of studies,kegg_sweep,set_96ef2b3751,42,23
B4 KEGG sweep :: detected in >=0% of studies,kegg_sweep,set_13117a3ac2,29,16
B4 KEGG sweep :: detected in >=0% of studies,kegg_sweep,set_10090b4679,10,5
B4 KEGG sweep :: detected in >=0% of studies,kegg_sweep,set_c258b8d176,14,3
B4 KEGG sweep :: detected in >=0% of studies,kegg_sweep,set_ec8f2e7755,20,16
B4 KEGG sweep :: detected in >=0% of studies,kegg_sweep,set_242e07990f,19,1
B4 KEGG sweep :: detected in >=0% of studies,kegg_sweep,set_cf7bec92fd,26,11
B4 KEGG sweep :: detected in >=0% of studies,kegg_sweep,set_6e3df42571,14,3
B4 KEGG sweep :: detected in >=0% of studies,kegg_sweep,set_0ef80a3e60,6,2
B4 KEGG sweep :: detected in >=0% of studies,kegg_sweep,set_41fbbd736d,7,2
B4 KEGG sweep :: detected in >=0% of studies,kegg_sweep,set_ca1f99cd23,5,2
B4 KEGG sweep :: detected in >=0% of studies,kegg_sweep,set_eadc697c9f,32,8
B4 KEGG sweep :: detected in >=0% of studies,kegg_sweep,set_8c01cd9f53,7,6
B4 KEGG sweep :: detected in >=0% of studies,kegg_sweep,set_3a1e9adfa7,9,6
B4 KEGG sweep :: detected in >=0% of studies,kegg_sweep,set_9cf2b1affb,8,5
B4 KEGG sweep :: detected in >=0% of studies,kegg_sweep,set_1b1680d957,7,4
B4 KEGG sweep :: detected in >=0% of studies,kegg_sweep,set_f3e5323118,10,8
B4 KEGG sweep :: detected in >=0% of studies,kegg_sweep,set_5ea8e34a72,9,2
B4 KEGG sweep :: detected in >=0% of studies,kegg_sweep,set_70c9d52d44,5,1
B4 KEGG sweep :: detected in >=0% of studies,kegg_sweep,set_47ec1e9833,14,3
B4 KEGG sweep :: detected in >=0% of studies,kegg_sweep,set_b2b20bc21d,5,0
B4 KEGG sweep :: detected in >=0% of studies,kegg_sweep,set_323f57c178,10,3
B4 KEGG sweep :: detected in >=0% of studies,kegg_sweep,set_8782a703c2,5,1
B4 KEGG sweep :: detected in >=0% of studies,kegg_sweep,set_9b59d46f35,6,3
B4 KEGG sweep :: detected in >=0% of studies,kegg_sweep,set_9a677125a0,6,3
B4 KEGG sweep :: detected in >=0% of studies,kegg_sweep,set_39673ab9a8,8,5
B4 KEGG sweep :: detected in >=0% of studies,kegg_sweep,set_fef5b6db58,13,5
B4 KEGG sweep :: detected in >=0% of studies,kegg_sweep,set_defccdb12c,9,1
B4 KEGG sweep :: detected in >=0% of studies,kegg_sweep,set_4ab589207d,6,2
B4 KEGG sweep :: detected in >=0% of studies,kegg_sweep,set_ce3e641d29,5,1
B4 KEGG sweep :: detected in >=0% of studies,kegg_sweep,set_fa1bde903c,5,1
B4 KEGG sweep :: detected in >=0% of studies,kegg_sweep,set_b44c30992c,5,1
B4 KEGG sweep :: detected in >=0% of studies,kegg_sweep,set_7b08f7116a,10,0
B4 KEGG sweep :: detected in >=0% of studies,kegg_sweep,set_0e7bc14c3b,31,16
B4 KEGG sweep :: detected in >=0% of studies,kegg_sweep,set_d510144f8a,78,0
B4 KEGG sweep :: detected in >=0% of studies,kegg_sweep,set_87add8c5dc,29,7
B4 KEGG sweep :: detected in >=0% of studies,kegg_sweep,set_c9e42d4c97,57,12
B4 KEGG sweep :: detected in >=0% of studies,kegg_sweep,set_ade02f5b1e,15,11
B4 KEGG sweep :: detected in >=0% of studies,kegg_sweep,set_6009dcdb7e,6,3
B4 KEGG sweep :: detected in >=0% of studies,kegg_sweep,set_51f864e8c0,14,1
B4 KEGG sweep :: detected in >=0% of studies,kegg_sweep,set_b4b6cf7f87,37,33
B4 KEGG sweep :: detected in >=0% of studies,kegg_sweep,set_7006b3f384,11,6
B4 KEGG sweep :: detected in >=0% of studies,kegg_sweep,set_835931a774,5,4
B4 KEGG sweep :: detected in >=0% of studies,kegg_sweep,set_bd1153eb26,39,16
B4 KEGG sweep :: detected in >=0% of studies,kegg_sweep,set_623ad85c2e,14,2
B4 KEGG sweep :: detected in >=0% of studies,kegg_sweep,set_ee997594a5,8,1
B4 KEGG sweep :: detected in >=0% of studies :: size_lt20,kegg_sweep,set_2ebb11183e,12,7
B4 KEGG sweep :: detected in >=0% of studies :: size_lt20,kegg_sweep,set_db93e5d9eb,10,1
B4 KEGG sweep :: detected in >=0% of studies :: size_lt20,kegg_sweep,set_77d1e528cf,5,1
B4 KEGG sweep :: detected in >=0% of studies :: size_lt20,kegg_sweep,set_ec1be6de1b,16,3
B4 KEGG sweep :: detected in >=0% of studies :: size_lt20,kegg_sweep,set_8ba220eed7,5,4
B4 KEGG sweep :: detected in >=0% of studies :: size_lt20,kegg_sweep,set_e87cd67005,17,12
B4 KEGG sweep :: detected in >=0% of studies :: size_lt20,kegg_sweep,set_5aeae7a327,5,3
B4 KEGG sweep :: detected in >=0% of studies :: size_lt20,kegg_sweep,set_55eb67eab6,5,2
B4 KEGG sweep :: detected in >=0% of studies :: size_lt20,kegg_sweep,set_e1ab26f58f,7,4
B4 KEGG sweep :: detected in >=0% of studies :: size_lt20,kegg_sweep,set_b49dc63a5b,5,3
B4 KEGG sweep :: detected in >=0% of studies :: size_lt20,kegg_sweep,set_e88e2cb844,11,5
B4 KEGG sweep :: detected in >=0% of studies :: size_lt20,kegg_sweep,set_79085f78ba,10,6
B4 KEGG sweep :: detected in >=0% of studies :: size_lt20,kegg_sweep,set_2a4af7c554,5,2
B4 KEGG sweep :: detected in >=0% of studies :: size_lt20,kegg_sweep,set_9621b563e7,15,8
B4 KEGG sweep :: detected in >=0% of studies :: size_lt20,kegg_sweep,set_c1c053793d,5,4
B4 KEGG sweep :: detected in >=0% of studies :: size_lt20,kegg_sweep,set_6d4de6f3ca,15,10
B4 KEGG sweep :: detected in >=0% of studies :: size_lt20,kegg_sweep,set_403c9be3d5,11,5
B4 KEGG sweep :: detected in >=0% of studies :: size_lt20,kegg_sweep,set_e8aa2a646b,19,8
B4 KEGG sweep :: detected in >=0% of studies :: size_lt20,kegg_sweep,set_62b5b87fe9,11,5
B4 KEGG sweep :: detected in >=0% of studies :: size_lt20,kegg_sweep,set_724b4b7be8,6,2
B4 KEGG sweep :: detected in >=0% of studies :: size_lt20,kegg_sweep,set_d8b6084b60,6,2
B4 KEGG sweep :: detected in >=0% of studies :: size_lt20,kegg_sweep,set_0ac3e83773,8,3
B4 KEGG sweep :: detected in >=0% of studies :: size_lt20,kegg_sweep,set_d751b7bdb1,10,5
B4 KEGG sweep :: detected in >=0% of studies :: size_lt20,kegg_sweep,set_553101a642,5,0
B4 KEGG sweep :: detected in >=0% of studies :: size_lt20,kegg_sweep,set_e0fa59e770,10,5
B4 KEGG sweep :: detected in >=0% of studies :: size_lt20,kegg_sweep,set_1aad4f3cba,16,10
B4 KEGG sweep :: detected in >=0% of studies :: size_lt20,kegg_sweep,set_94700e869a,6,1
B4 KEGG sweep :: detected in >=0% of studies :: size_lt20,kegg_sweep,set_0ce77a05e9,9,3
B4 KEGG sweep :: detected in >=0% of studies :: size_lt20,kegg_sweep,set_abc9fb2339,16,8
B4 KEGG sweep :: detected in >=0% of studies :: size_lt20,kegg_sweep,set_0e11f8b2ab,6,1
B4 KEGG sweep :: detected in >=0% of studies :: size_lt20,kegg_sweep,set_c3d8021806,11,7
B4 KEGG sweep :: detected in >=0% of studies :: size_lt20,kegg_sweep,set_d9b51b3dfb,14,8
B4 KEGG sweep :: detected in >=0% of studies :: size_lt20,kegg_sweep,set_6dc519cff6,13,1
B4 KEGG sweep :: detected in >=0% of studies :: size_lt20,kegg_sweep,set_f79f8c3a5a,11,0
B4 KEGG sweep :: detected in >=0% of studies :: size_lt20,kegg_sweep,set_bc82882e7a,6,2
B4 KEGG sweep :: detected in >=0% of studies :: size_lt20,kegg_sweep,set_ec651f0509,11,4
B4 KEGG sweep :: detected in >=0% of studies :: size_lt20,kegg_sweep,set_53e92dfd39,11,7
B4 KEGG sweep :: detected in >=0% of studies :: size_lt20,kegg_sweep,set_632551c1e8,8,3
B4 KEGG sweep :: detected in >=0% of studies :: size_lt20,kegg_sweep,set_4f763e6136,9,4
B4 KEGG sweep :: detected in >=0% of studies :: size_lt20,kegg_sweep,set_fa899e35d7,7,3
B4 KEGG sweep :: detected in >=0% of studies :: size_lt20,kegg_sweep,set_db39372338,12,9
B4 KEGG sweep :: detected in >=0% of studies :: size_lt20,kegg_sweep,set_d15c41421f,5,2
B4 KEGG sweep :: detected in >=0% of studies :: size_lt20,kegg_sweep,set_bd261c68a0,19,8
B4 KEGG sweep :: detected in >=0% of studies :: size_lt20,kegg_sweep,set_48aa3cd808,8,4
B4 KEGG sweep :: detected in >=0% of studies :: size_lt20,kegg_sweep,set_4c5914bafc,12,7
B4 KEGG sweep :: detected in >=0% of studies :: size_lt20,kegg_sweep,set_0296e3477f,9,6
B4 KEGG sweep :: detected in >=0% of studies :: size_lt20,kegg_sweep,set_1fab907f29,12,8
B4 KEGG sweep :: detected in >=0% of studies :: size_lt20,kegg_sweep,set_ba4632c104,9,4
B4 KEGG sweep :: detected in >=0% of studies :: size_lt20,kegg_sweep,set_9cf63a38e9,8,4
B4 KEGG sweep :: detected in >=0% of studies :: size_lt20,kegg_sweep,set_bc65906fee,8,4
B4 KEGG sweep :: detected in >=0% of studies :: size_lt20,kegg_sweep,set_d11e6830a7,5,1
B4 KEGG sweep :: detected in >=0% of studies :: size_lt20,kegg_sweep,set_e6be6fb001,12,7
B4 KEGG sweep :: detected in >=0% of studies :: size_lt20,kegg_sweep,set_63106581df,6,3
B4 KEGG sweep :: detected in >=0% of studies :: size_lt20,kegg_sweep,set_e186047fad,8,4
B4 KEGG sweep :: detected in >=0% of studies :: size_lt20,kegg_sweep,set_7ae664e506,6,4
B4 KEGG sweep :: detected in >=0% of studies :: size_lt20,kegg_sweep,set_82ad1a2d6c,11,10
B4 KEGG sweep :: detected in >=0% of studies :: size_lt20,kegg_sweep,set_af64d22175,11,4
B4 KEGG sweep :: detected in >=0% of studies :: size_lt20,kegg_sweep,set_52b9f4d65d,8,3
B4 KEGG sweep :: detected in >=0% of studies :: size_lt20,kegg_sweep,set_8ee1fdd0ce,12,7
B4 KEGG sweep :: detected in >=0% of studies :: size_lt20,kegg_sweep,set_1fcf7c4997,14,10
B4 KEGG sweep :: detected in >=0% of studies :: size_lt20,kegg_sweep,set_ee7dc39286,17,10
B4 KEGG sweep :: detected in >=0% of studies :: size_lt20,kegg_sweep,set_4aba147af4,6,2
B4 KEGG sweep :: detected in >=0% of studies :: size_lt20,kegg_sweep,set_0aea477239,12,10
B4 KEGG sweep :: detected in >=0% of studies :: size_lt20,kegg_sweep,set_869596225e,11,4
B4 KEGG sweep :: detected in >=0% of studies :: size_lt20,kegg_sweep,set_1bc67aa082,9,4
B4 KEGG sweep :: detected in >=0% of studies :: size_lt20,kegg_sweep,set_768310548c,6,3
B4 KEGG sweep :: detected in >=0% of studies :: size_lt20,kegg_sweep,set_45a3270a3a,19,9
B4 KEGG sweep :: detected in >=0% of studies :: size_lt20,kegg_sweep,set_e27de11bfc,9,3
B4 KEGG sweep :: detected in >=0% of studies :: size_lt20,kegg_sweep,set_f9e5f0c541,13,10
B4 KEGG sweep :: detected in >=0% of studies :: size_lt20,kegg_sweep,set_4458d9419b,11,7
B4 KEGG sweep :: detected in >=0% of studies :: size_lt20,kegg_sweep,set_a458a02921,8,4
B4 KEGG sweep :: detected in >=0% of studies :: size_lt20,kegg_sweep,set_ea2d317004,8,3
B4 KEGG sweep :: detected in >=0% of studies :: size_lt20,kegg_sweep,set_e859da17d3,17,9
B4 KEGG sweep :: detected in >=0% of studies :: size_lt20,kegg_sweep,set_ee4fe13061,8,2
B4 KEGG sweep :: detected in >=0% of studies :: size_lt20,kegg_sweep,set_144b2a2f9c,17,7
B4 KEGG sweep :: detected in >=0% of studies :: size_lt20,kegg_sweep,set_e9c8593d4b,14,6
B4 KEGG sweep :: detected in >=0% of studies :: size_lt20,kegg_sweep,set_44a0424b47,15,5
B4 KEGG sweep :: detected in >=0% of studies :: size_lt20,kegg_sweep,set_86afea7d99,13,2
B4 KEGG sweep :: detected in >=0% of studies :: size_lt20,kegg_sweep,set_10090b4679,10,5
B4 KEGG sweep :: detected in >=0% of studies :: size_lt20,kegg_sweep,set_c258b8d176,14,3
B4 KEGG sweep :: detected in >=0% of studies :: size_lt20,kegg_sweep,set_242e07990f,19,1
B4 KEGG sweep :: detected in >=0% of studies :: size_lt20,kegg_sweep,set_6e3df42571,14,3
B4 KEGG sweep :: detected in >=0% of studies :: size_lt20,kegg_sweep,set_0ef80a3e60,6,2
B4 KEGG sweep :: detected in >=0% of studies :: size_lt20,kegg_sweep,set_41fbbd736d,7,2
B4 KEGG sweep :: detected in >=0% of studies :: size_lt20,kegg_sweep,set_ca1f99cd23,5,2
B4 KEGG sweep :: detected in >=0% of studies :: size_lt20,kegg_sweep,set_8c01cd9f53,7,6
B4 KEGG sweep :: detected in >=0% of studies :: size_lt20,kegg_sweep,set_3a1e9adfa7,9,6
B4 KEGG sweep :: detected in >=0% of studies :: size_lt20,kegg_sweep,set_9cf2b1affb,8,5
B4 KEGG sweep :: detected in >=0% of studies :: size_lt20,kegg_sweep,set_1b1680d957,7,4
B4 KEGG sweep :: detected in >=0% of studies :: size_lt20,kegg_sweep,set_f3e5323118,10,8
B4 KEGG sweep :: detected in >=0% of studies :: size_lt20,kegg_sweep,set_5ea8e34a72,9,2
B4 KEGG sweep :: detected in >=0% of studies :: size_lt20,kegg_sweep,set_70c9d52d44,5,1
B4 KEGG sweep :: detected in >=0% of studies :: size_lt20,kegg_sweep,set_47ec1e9833,14,3
B4 KEGG sweep :: detected in >=0% of studies :: size_lt20,kegg_sweep,set_b2b20bc21d,5,0
B4 KEGG sweep :: detected in >=0% of studies :: size_lt20,kegg_sweep,set_323f57c178,10,3
B4 KEGG sweep :: detected in >=0% of studies :: size_lt20,kegg_sweep,set_8782a703c2,5,1
B4 KEGG sweep :: detected in >=0% of studies :: size_lt20,kegg_sweep,set_9b59d46f35,6,3
B4 KEGG sweep :: detected in >=0% of studies :: size_lt20,kegg_sweep,set_9a677125a0,6,3
B4 KEGG sweep :: detected in >=0% of studies :: size_lt20,kegg_sweep,set_39673ab9a8,8,5
B4 KEGG sweep :: detected in >=0% of studies :: size_lt20,kegg_sweep,set_fef5b6db58,13,5
B4 KEGG sweep :: detected in >=0% of studies :: size_lt20,kegg_sweep,set_defccdb12c,9,1
B4 KEGG sweep :: detected in >=0% of studies :: size_lt20,kegg_sweep,set_4ab589207d,6,2
B4 KEGG sweep :: detected in >=0% of studies :: size_lt20,kegg_sweep,set_ce3e641d29,5,1
B4 KEGG sweep :: detected in >=0% of studies :: size_lt20,kegg_sweep,set_fa1bde903c,5,1
B4 KEGG sweep :: detected in >=0% of studies :: size_lt20,kegg_sweep,set_b44c30992c,5,1
B4 KEGG sweep :: detected in >=0% of studies :: size_lt20,kegg_sweep,set_7b08f7116a,10,0
B4 KEGG sweep :: detected in >=0% of studies :: size_lt20,kegg_sweep,set_ade02f5b1e,15,11
B4 KEGG sweep :: detected in >=0% of studies :: size_lt20,kegg_sweep,set_6009dcdb7e,6,3
B4 KEGG sweep :: detected in >=0% of studies :: size_lt20,kegg_sweep,set_51f864e8c0,14,1
B4 KEGG sweep :: detected in >=0% of studies :: size_lt20,kegg_sweep,set_7006b3f384,11,6
B4 KEGG sweep :: detected in >=0% of studies :: size_lt20,kegg_sweep,set_835931a774,5,4
B4 KEGG sweep :: detected in >=0% of studies :: size_lt20,kegg_sweep,set_623ad85c2e,14,2
B4 KEGG sweep :: detected in >=0% of studies :: size_lt20,kegg_sweep,set_ee997594a5,8,1
B4 KEGG sweep :: detected in >=5% of studies,kegg_sweep,set_5acb8abe6e,31,14
B4 KEGG sweep :: detected in >=5% of studies,kegg_sweep,set_dac7270197,20,11
B4 KEGG sweep :: detected in >=5% of studies,kegg_sweep,set_1869174b7f,37,14
B4 KEGG sweep :: detected in >=5% of studies,kegg_sweep,set_271ea43c69,61,10
B4 KEGG sweep :: detected in >=5% of studies,kegg_sweep,set_344072b5f4,56,10
B4 KEGG sweep :: detected in >=5% of studies,kegg_sweep,set_2138a1c123,46,16
B4 KEGG sweep :: detected in >=5% of studies,kegg_sweep,set_cfbf9cc030,57,9
B4 KEGG sweep :: detected in >=5% of studies,kegg_sweep,set_b9a825708e,58,8
B4 KEGG sweep :: detected in >=5% of studies,kegg_sweep,set_beefda2298,40,2
B4 KEGG sweep :: detected in >=5% of studies,kegg_sweep,set_54a7056432,50,3
B4 KEGG sweep :: detected in >=5% of studies,kegg_sweep,set_15cd53708d,57,1
B4 KEGG sweep :: detected in >=5% of studies,kegg_sweep,set_924bf2354d,47,9
B4 KEGG sweep :: detected in >=5% of studies,kegg_sweep,set_2227c51bc7,74,3
B4 KEGG sweep :: detected in >=5% of studies,kegg_sweep,set_2c10c2359c,100,6
B4 KEGG sweep :: detected in >=5% of studies,kegg_sweep,set_2ebb11183e,12,7
B4 KEGG sweep :: detected in >=5% of studies,kegg_sweep,set_c093da81c7,24,10
B4 KEGG sweep :: detected in >=5% of studies,kegg_sweep,set_5267159cc4,101,27
B4 KEGG sweep :: detected in >=5% of studies,kegg_sweep,set_7bb07bd8ff,22,9
B4 KEGG sweep :: detected in >=5% of studies,kegg_sweep,set_d8d29165c6,66,27
B4 KEGG sweep :: detected in >=5% of studies,kegg_sweep,set_7198d2f665,28,17
B4 KEGG sweep :: detected in >=5% of studies,kegg_sweep,set_6b91b675ac,50,21
B4 KEGG sweep :: detected in >=5% of studies,kegg_sweep,set_e7aeec8071,68,15
B4 KEGG sweep :: detected in >=5% of studies,kegg_sweep,set_ae38e946d1,42,10
B4 KEGG sweep :: detected in >=5% of studies,kegg_sweep,set_b112b5fc60,23,9
B4 KEGG sweep :: detected in >=5% of studies,kegg_sweep,set_2bc84b9269,56,13
B4 KEGG sweep :: detected in >=5% of studies,kegg_sweep,set_31c74b8829,71,18
B4 KEGG sweep :: detected in >=5% of studies,kegg_sweep,set_97b9822845,49,14
B4 KEGG sweep :: detected in >=5% of studies,kegg_sweep,set_b2ec810fd5,79,16
B4 KEGG sweep :: detected in >=5% of studies,kegg_sweep,set_d3ba0db0a8,51,9
B4 KEGG sweep :: detected in >=5% of studies,kegg_sweep,set_3c89f132e9,84,16
B4 KEGG sweep :: detected in >=5% of studies,kegg_sweep,set_3e0dfa217d,35,9
B4 KEGG sweep :: detected in >=5% of studies,kegg_sweep,set_624c481a7e,32,15
B4 KEGG sweep :: detected in >=5% of studies,kegg_sweep,set_19ae6f060f,24,11
B4 KEGG sweep :: detected in >=5% of studies,kegg_sweep,set_026dce58e5,57,5
B4 KEGG sweep :: detected in >=5% of studies,kegg_sweep,set_890c7dab5c,27,1
B4 KEGG sweep :: detected in >=5% of studies,kegg_sweep,set_4acc76344d,71,27
B4 KEGG sweep :: detected in >=5% of studies,kegg_sweep,set_3af36c8764,38,17
B4 KEGG sweep :: detected in >=5% of studies,kegg_sweep,set_9fac2bf904,37,8
B4 KEGG sweep :: detected in >=5% of studies,kegg_sweep,set_db93e5d9eb,10,1
B4 KEGG sweep :: detected in >=5% of studies,kegg_sweep,set_621efb3299,73,19
B4 KEGG sweep :: detected in >=5% of studies,kegg_sweep,set_5f5a07f0d2,81,5
B4 KEGG sweep :: detected in >=5% of studies,kegg_sweep,set_77d1e528cf,5,0
B4 KEGG sweep :: detected in >=5% of studies,kegg_sweep,set_64e403403c,122,9
B4 KEGG sweep :: detected in >=5% of studies,kegg_sweep,set_f0391c64ac,38,7
B4 KEGG sweep :: detected in >=5% of studies,kegg_sweep,set_5ad08f10f9,50,5
B4 KEGG sweep :: detected in >=5% of studies,kegg_sweep,set_ec1be6de1b,16,2
B4 KEGG sweep :: detected in >=5% of studies,kegg_sweep,set_7869d1115d,56,11
B4 KEGG sweep :: detected in >=5% of studies,kegg_sweep,set_22d14bdf46,25,1
B4 KEGG sweep :: detected in >=5% of studies,kegg_sweep,set_2085dffe34,79,3
B4 KEGG sweep :: detected in >=5% of studies,kegg_sweep,set_4319123b8c,29,4
B4 KEGG sweep :: detected in >=5% of studies,kegg_sweep,set_83661c5e7c,67,1
B4 KEGG sweep :: detected in >=5% of studies,kegg_sweep,set_f1a29f810b,36,7
B4 KEGG sweep :: detected in >=5% of studies,kegg_sweep,set_472b0fd7fb,32,10
B4 KEGG sweep :: detected in >=5% of studies,kegg_sweep,set_bcb42d3c63,67,18
B4 KEGG sweep :: detected in >=5% of studies,kegg_sweep,set_1b0cac50f9,42,10
B4 KEGG sweep :: detected in >=5% of studies,kegg_sweep,set_f78fd335ec,47,11
B4 KEGG sweep :: detected in >=5% of studies,kegg_sweep,set_59d512d8f9,35,8
B4 KEGG sweep :: detected in >=5% of studies,kegg_sweep,set_254f310839,26,16
B4 KEGG sweep :: detected in >=5% of studies,kegg_sweep,set_6b53931bd8,31,6
B4 KEGG sweep :: detected in >=5% of studies,kegg_sweep,set_ad1dcf321e,24,5
B4 KEGG sweep :: detected in >=5% of studies,kegg_sweep,set_9f4a8a2204,29,7
B4 KEGG sweep :: detected in >=5% of studies,kegg_sweep,set_b56fa8cbb9,55,16
B4 KEGG sweep :: detected in >=5% of studies,kegg_sweep,set_0189ce5c26,30,12
B4 KEGG sweep :: detected in >=5% of studies,kegg_sweep,set_0a7251c34c,29,3
B4 KEGG sweep :: detected in >=5% of studies,kegg_sweep,set_cc871f4693,44,7
B4 KEGG sweep :: detected in >=5% of studies,kegg_sweep,set_50428d09e6,58,3
B4 KEGG sweep :: detected in >=5% of studies,kegg_sweep,set_95dd531730,25,2
B4 KEGG sweep :: detected in >=5% of studies,kegg_sweep,set_3bb7f39946,148,6
B4 KEGG sweep :: detected in >=5% of studies,kegg_sweep,set_5c4fec496c,47,3
B4 KEGG sweep :: detected in >=5% of studies,kegg_sweep,set_76a51d8887,20,2
B4 KEGG sweep :: detected in >=5% of studies,kegg_sweep,set_4adf8811c2,45,8
B4 KEGG sweep :: detected in >=5% of studies,kegg_sweep,set_5c71a07112,52,21
B4 KEGG sweep :: detected in >=5% of studies,kegg_sweep,set_13c7b97ae7,121,0
B4 KEGG sweep :: detected in >=5% of studies,kegg_sweep,set_279c69eef9,87,0
B4 KEGG sweep :: detected in >=5% of studies,kegg_sweep,set_7f2eeca5ac,52,2
B4 KEGG sweep :: detected in >=5% of studies,kegg_sweep,set_7a03212d02,74,12
B4 KEGG sweep :: detected in >=5% of studies,kegg_sweep,set_8ba220eed7,5,1
B4 KEGG sweep :: detected in >=5% of studies,kegg_sweep,set_e87cd67005,17,7
B4 KEGG sweep :: detected in >=5% of studies,kegg_sweep,set_8e5071eb36,138,54
B4 KEGG sweep :: detected in >=5% of studies,kegg_sweep,set_5aeae7a327,5,2
B4 KEGG sweep :: detected in >=5% of studies,kegg_sweep,set_55eb67eab6,5,1
B4 KEGG sweep :: detected in >=5% of studies,kegg_sweep,set_e1ab26f58f,7,3
B4 KEGG sweep :: detected in >=5% of studies,kegg_sweep,set_b49dc63a5b,5,3
B4 KEGG sweep :: detected in >=5% of studies,kegg_sweep,set_e88e2cb844,11,4
B4 KEGG sweep :: detected in >=5% of studies,kegg_sweep,set_79085f78ba,10,4
B4 KEGG sweep :: detected in >=5% of studies,kegg_sweep,set_c2a3f5a6e6,25,13
B4 KEGG sweep :: detected in >=5% of studies,kegg_sweep,set_2a4af7c554,5,1
B4 KEGG sweep :: detected in >=5% of studies,kegg_sweep,set_9621b563e7,15,7
B4 KEGG sweep :: detected in >=5% of studies,kegg_sweep,set_c1c053793d,5,4
B4 KEGG sweep :: detected in >=5% of studies,kegg_sweep,set_9c62989783,29,1
B4 KEGG sweep :: detected in >=5% of studies,kegg_sweep,set_6d4de6f3ca,15,8
B4 KEGG sweep :: detected in >=5% of studies,kegg_sweep,set_403c9be3d5,11,3
B4 KEGG sweep :: detected in >=5% of studies,kegg_sweep,set_7e5adfe9e9,53,25
B4 KEGG sweep :: detected in >=5% of studies,kegg_sweep,set_e8aa2a646b,19,5
B4 KEGG sweep :: detected in >=5% of studies,kegg_sweep,set_f9838e94ed,40,17
B4 KEGG sweep :: detected in >=5% of studies,kegg_sweep,set_62b5b87fe9,11,5
B4 KEGG sweep :: detected in >=5% of studies,kegg_sweep,set_724b4b7be8,6,2
B4 KEGG sweep :: detected in >=5% of studies,kegg_sweep,set_d8b6084b60,6,2
B4 KEGG sweep :: detected in >=5% of studies,kegg_sweep,set_9d14d04ea2,21,13
B4 KEGG sweep :: detected in >=5% of studies,kegg_sweep,set_566bf87914,22,8
B4 KEGG sweep :: detected in >=5% of studies,kegg_sweep,set_0ac3e83773,8,3
B4 KEGG sweep :: detected in >=5% of studies,kegg_sweep,set_b96ec56a33,29,9
B4 KEGG sweep :: detected in >=5% of studies,kegg_sweep,set_d751b7bdb1,10,5
B4 KEGG sweep :: detected in >=5% of studies,kegg_sweep,set_553101a642,5,0
B4 KEGG sweep :: detected in >=5% of studies,kegg_sweep,set_e0fa59e770,10,3
B4 KEGG sweep :: detected in >=5% of studies,kegg_sweep,set_1aad4f3cba,16,4
B4 KEGG sweep :: detected in >=5% of studies,kegg_sweep,set_94700e869a,6,0
B4 KEGG sweep :: detected in >=5% of studies,kegg_sweep,set_0ce77a05e9,9,2
B4 KEGG sweep :: detected in >=5% of studies,kegg_sweep,set_abc9fb2339,16,6
B4 KEGG sweep :: detected in >=5% of studies,kegg_sweep,set_0e11f8b2ab,6,0
B4 KEGG sweep :: detected in >=5% of studies,kegg_sweep,set_c3d8021806,11,5
B4 KEGG sweep :: detected in >=5% of studies,kegg_sweep,set_5e83f666ee,31,0
B4 KEGG sweep :: detected in >=5% of studies,kegg_sweep,set_d9b51b3dfb,14,4
B4 KEGG sweep :: detected in >=5% of studies,kegg_sweep,set_6dc519cff6,13,0
B4 KEGG sweep :: detected in >=5% of studies,kegg_sweep,set_f79f8c3a5a,11,0
B4 KEGG sweep :: detected in >=5% of studies,kegg_sweep,set_bc82882e7a,6,1
B4 KEGG sweep :: detected in >=5% of studies,kegg_sweep,set_ec651f0509,11,3
B4 KEGG sweep :: detected in >=5% of studies,kegg_sweep,set_53e92dfd39,11,2
B4 KEGG sweep :: detected in >=5% of studies,kegg_sweep,set_632551c1e8,8,2
B4 KEGG sweep :: detected in >=5% of studies,kegg_sweep,set_4f763e6136,9,2
B4 KEGG sweep :: detected in >=5% of studies,kegg_sweep,set_fd83e9953c,23,8
B4 KEGG sweep :: detected in >=5% of studies,kegg_sweep,set_fa899e35d7,7,2
B4 KEGG sweep :: detected in >=5% of studies,kegg_sweep,set_db39372338,12,9
B4 KEGG sweep :: detected in >=5% of studies,kegg_sweep,set_d15c41421f,5,1
B4 KEGG sweep :: detected in >=5% of studies,kegg_sweep,set_bd261c68a0,19,6
B4 KEGG sweep :: detected in >=5% of studies,kegg_sweep,set_48aa3cd808,8,3
B4 KEGG sweep :: detected in >=5% of studies,kegg_sweep,set_4c5914bafc,12,5
B4 KEGG sweep :: detected in >=5% of studies,kegg_sweep,set_a99c0b045f,42,8
B4 KEGG sweep :: detected in >=5% of studies,kegg_sweep,set_0296e3477f,9,6
B4 KEGG sweep :: detected in >=5% of studies,kegg_sweep,set_1fab907f29,12,5
B4 KEGG sweep :: detected in >=5% of studies,kegg_sweep,set_ba4632c104,9,2
B4 KEGG sweep :: detected in >=5% of studies,kegg_sweep,set_9cf63a38e9,8,3
B4 KEGG sweep :: detected in >=5% of studies,kegg_sweep,set_6f4614e929,32,17
B4 KEGG sweep :: detected in >=5% of studies,kegg_sweep,set_bc65906fee,8,1
B4 KEGG sweep :: detected in >=5% of studies,kegg_sweep,set_70bc04718c,35,7
B4 KEGG sweep :: detected in >=5% of studies,kegg_sweep,set_d11e6830a7,5,1
B4 KEGG sweep :: detected in >=5% of studies,kegg_sweep,set_e6be6fb001,12,6
B4 KEGG sweep :: detected in >=5% of studies,kegg_sweep,set_63106581df,6,2
B4 KEGG sweep :: detected in >=5% of studies,kegg_sweep,set_3111a69a80,24,3
B4 KEGG sweep :: detected in >=5% of studies,kegg_sweep,set_e186047fad,8,2
B4 KEGG sweep :: detected in >=5% of studies,kegg_sweep,set_7ae664e506,6,2
B4 KEGG sweep :: detected in >=5% of studies,kegg_sweep,set_82ad1a2d6c,11,6
B4 KEGG sweep :: detected in >=5% of studies,kegg_sweep,set_2eb74fe04e,21,9
B4 KEGG sweep :: detected in >=5% of studies,kegg_sweep,set_af64d22175,11,2
B4 KEGG sweep :: detected in >=5% of studies,kegg_sweep,set_52b9f4d65d,8,2
B4 KEGG sweep :: detected in >=5% of studies,kegg_sweep,set_8ee1fdd0ce,12,3
B4 KEGG sweep :: detected in >=5% of studies,kegg_sweep,set_6007c4b59f,26,17
B4 KEGG sweep :: detected in >=5% of studies,kegg_sweep,set_1fcf7c4997,14,8
B4 KEGG sweep :: detected in >=5% of studies,kegg_sweep,set_ee7dc39286,17,8
B4 KEGG sweep :: detected in >=5% of studies,kegg_sweep,set_b8dfa17746,22,8
B4 KEGG sweep :: detected in >=5% of studies,kegg_sweep,set_4aba147af4,6,1
B4 KEGG sweep :: detected in >=5% of studies,kegg_sweep,set_0aea477239,12,4
B4 KEGG sweep :: detected in >=5% of studies,kegg_sweep,set_869596225e,11,3
B4 KEGG sweep :: detected in >=5% of studies,kegg_sweep,set_1bc67aa082,9,1
B4 KEGG sweep :: detected in >=5% of studies,kegg_sweep,set_768310548c,6,3
B4 KEGG sweep :: detected in >=5% of studies,kegg_sweep,set_45a3270a3a,19,8
B4 KEGG sweep :: detected in >=5% of studies,kegg_sweep,set_e27de11bfc,9,2
B4 KEGG sweep :: detected in >=5% of studies,kegg_sweep,set_f9e5f0c541,13,4
B4 KEGG sweep :: detected in >=5% of studies,kegg_sweep,set_4458d9419b,11,5
B4 KEGG sweep :: detected in >=5% of studies,kegg_sweep,set_a458a02921,8,3
B4 KEGG sweep :: detected in >=5% of studies,kegg_sweep,set_ea2d317004,8,1
B4 KEGG sweep :: detected in >=5% of studies,kegg_sweep,set_e859da17d3,17,7
B4 KEGG sweep :: detected in >=5% of studies,kegg_sweep,set_ee4fe13061,8,0
B4 KEGG sweep :: detected in >=5% of studies,kegg_sweep,set_144b2a2f9c,17,3
B4 KEGG sweep :: detected in >=5% of studies,kegg_sweep,set_e9c8593d4b,14,3
B4 KEGG sweep :: detected in >=5% of studies,kegg_sweep,set_44a0424b47,15,2
B4 KEGG sweep :: detected in >=5% of studies,kegg_sweep,set_4cc0961172,27,8
B4 KEGG sweep :: detected in >=5% of studies,kegg_sweep,set_951b4cb6fa,47,27
B4 KEGG sweep :: detected in >=5% of studies,kegg_sweep,set_86afea7d99,13,1
B4 KEGG sweep :: detected in >=5% of studies,kegg_sweep,set_676e2b3cde,97,32
B4 KEGG sweep :: detected in >=5% of studies,kegg_sweep,set_96ef2b3751,42,13
B4 KEGG sweep :: detected in >=5% of studies,kegg_sweep,set_13117a3ac2,29,15
B4 KEGG sweep :: detected in >=5% of studies,kegg_sweep,set_10090b4679,10,5
B4 KEGG sweep :: detected in >=5% of studies,kegg_sweep,set_c258b8d176,14,1
B4 KEGG sweep :: detected in >=5% of studies,kegg_sweep,set_ec8f2e7755,20,10
B4 KEGG sweep :: detected in >=5% of studies,kegg_sweep,set_242e07990f,19,0
B4 KEGG sweep :: detected in >=5% of studies,kegg_sweep,set_cf7bec92fd,26,9
B4 KEGG sweep :: detected in >=5% of studies,kegg_sweep,set_6e3df42571,14,3
B4 KEGG sweep :: detected in >=5% of studies,kegg_sweep,set_0ef80a3e60,6,1
B4 KEGG sweep :: detected in >=5% of studies,kegg_sweep,set_41fbbd736d,7,1
B4 KEGG sweep :: detected in >=5% of studies,kegg_sweep,set_ca1f99cd23,5,1
B4 KEGG sweep :: detected in >=5% of studies,kegg_sweep,set_eadc697c9f,32,7
B4 KEGG sweep :: detected in >=5% of studies,kegg_sweep,set_8c01cd9f53,7,5
B4 KEGG sweep :: detected in >=5% of studies,kegg_sweep,set_3a1e9adfa7,9,5
B4 KEGG sweep :: detected in >=5% of studies,kegg_sweep,set_9cf2b1affb,8,5
B4 KEGG sweep :: detected in >=5% of studies,kegg_sweep,set_1b1680d957,7,3
B4 KEGG sweep :: detected in >=5% of studies,kegg_sweep,set_f3e5323118,10,6
B4 KEGG sweep :: detected in >=5% of studies,kegg_sweep,set_5ea8e34a72,9,1
B4 KEGG sweep :: detected in >=5% of studies,kegg_sweep,set_70c9d52d44,5,1
B4 KEGG sweep :: detected in >=5% of studies,kegg_sweep,set_47ec1e9833,14,2
B4 KEGG sweep :: detected in >=5% of studies,kegg_sweep,set_b2b20bc21d,5,0
B4 KEGG sweep :: detected in >=5% of studies,kegg_sweep,set_323f57c178,10,3
B4 KEGG sweep :: detected in >=5% of studies,kegg_sweep,set_8782a703c2,5,0
B4 KEGG sweep :: detected in >=5% of studies,kegg_sweep,set_9b59d46f35,6,3
B4 KEGG sweep :: detected in >=5% of studies,kegg_sweep,set_9a677125a0,6,2
B4 KEGG sweep :: detected in >=5% of studies,kegg_sweep,set_39673ab9a8,8,3
B4 KEGG sweep :: detected in >=5% of studies,kegg_sweep,set_fef5b6db58,13,4
B4 KEGG sweep :: detected in >=5% of studies,kegg_sweep,set_defccdb12c,9,1
B4 KEGG sweep :: detected in >=5% of studies,kegg_sweep,set_4ab589207d,6,1
B4 KEGG sweep :: detected in >=5% of studies,kegg_sweep,set_ce3e641d29,5,1
B4 KEGG sweep :: detected in >=5% of studies,kegg_sweep,set_fa1bde903c,5,0
B4 KEGG sweep :: detected in >=5% of studies,kegg_sweep,set_b44c30992c,5,0
B4 KEGG sweep :: detected in >=5% of studies,kegg_sweep,set_7b08f7116a,10,0
B4 KEGG sweep :: detected in >=5% of studies,kegg_sweep,set_0e7bc14c3b,31,9
B4 KEGG sweep :: detected in >=5% of studies,kegg_sweep,set_d510144f8a,78,0
B4 KEGG sweep :: detected in >=5% of studies,kegg_sweep,set_87add8c5dc,29,4
B4 KEGG sweep :: detected in >=5% of studies,kegg_sweep,set_c9e42d4c97,57,7
B4 KEGG sweep :: detected in >=5% of studies,kegg_sweep,set_ade02f5b1e,15,5
B4 KEGG sweep :: detected in >=5% of studies,kegg_sweep,set_6009dcdb7e,6,2
B4 KEGG sweep :: detected in >=5% of studies,kegg_sweep,set_51f864e8c0,14,0
B4 KEGG sweep :: detected in >=5% of studies,kegg_sweep,set_b4b6cf7f87,37,33
B4 KEGG sweep :: detected in >=5% of studies,kegg_sweep,set_7006b3f384,11,5
B4 KEGG sweep :: detected in >=5% of studies,kegg_sweep,set_835931a774,5,1
B4 KEGG sweep :: detected in >=5% of studies,kegg_sweep,set_bd1153eb26,39,14
B4 KEGG sweep :: detected in >=5% of studies,kegg_sweep,set_623ad85c2e,14,1
B4 KEGG sweep :: detected in >=5% of studies,kegg_sweep,set_ee997594a5,8,0
B4 KEGG sweep :: detected in >=5% of studies :: size_lt20,kegg_sweep,set_2ebb11183e,12,7
B4 KEGG sweep :: detected in >=5% of studies :: size_lt20,kegg_sweep,set_db93e5d9eb,10,1
B4 KEGG sweep :: detected in >=5% of studies :: size_lt20,kegg_sweep,set_77d1e528cf,5,0
B4 KEGG sweep :: detected in >=5% of studies :: size_lt20,kegg_sweep,set_ec1be6de1b,16,2
B4 KEGG sweep :: detected in >=5% of studies :: size_lt20,kegg_sweep,set_8ba220eed7,5,1
B4 KEGG sweep :: detected in >=5% of studies :: size_lt20,kegg_sweep,set_e87cd67005,17,7
B4 KEGG sweep :: detected in >=5% of studies :: size_lt20,kegg_sweep,set_5aeae7a327,5,2
B4 KEGG sweep :: detected in >=5% of studies :: size_lt20,kegg_sweep,set_55eb67eab6,5,1
B4 KEGG sweep :: detected in >=5% of studies :: size_lt20,kegg_sweep,set_e1ab26f58f,7,3
B4 KEGG sweep :: detected in >=5% of studies :: size_lt20,kegg_sweep,set_b49dc63a5b,5,3
B4 KEGG sweep :: detected in >=5% of studies :: size_lt20,kegg_sweep,set_e88e2cb844,11,4
B4 KEGG sweep :: detected in >=5% of studies :: size_lt20,kegg_sweep,set_79085f78ba,10,4
B4 KEGG sweep :: detected in >=5% of studies :: size_lt20,kegg_sweep,set_2a4af7c554,5,1
B4 KEGG sweep :: detected in >=5% of studies :: size_lt20,kegg_sweep,set_9621b563e7,15,7
B4 KEGG sweep :: detected in >=5% of studies :: size_lt20,kegg_sweep,set_c1c053793d,5,4
B4 KEGG sweep :: detected in >=5% of studies :: size_lt20,kegg_sweep,set_6d4de6f3ca,15,8
B4 KEGG sweep :: detected in >=5% of studies :: size_lt20,kegg_sweep,set_403c9be3d5,11,3
B4 KEGG sweep :: detected in >=5% of studies :: size_lt20,kegg_sweep,set_e8aa2a646b,19,5
B4 KEGG sweep :: detected in >=5% of studies :: size_lt20,kegg_sweep,set_62b5b87fe9,11,5
B4 KEGG sweep :: detected in >=5% of studies :: size_lt20,kegg_sweep,set_724b4b7be8,6,2
B4 KEGG sweep :: detected in >=5% of studies :: size_lt20,kegg_sweep,set_d8b6084b60,6,2
B4 KEGG sweep :: detected in >=5% of studies :: size_lt20,kegg_sweep,set_0ac3e83773,8,3
B4 KEGG sweep :: detected in >=5% of studies :: size_lt20,kegg_sweep,set_d751b7bdb1,10,5
B4 KEGG sweep :: detected in >=5% of studies :: size_lt20,kegg_sweep,set_553101a642,5,0
B4 KEGG sweep :: detected in >=5% of studies :: size_lt20,kegg_sweep,set_e0fa59e770,10,3
B4 KEGG sweep :: detected in >=5% of studies :: size_lt20,kegg_sweep,set_1aad4f3cba,16,4
B4 KEGG sweep :: detected in >=5% of studies :: size_lt20,kegg_sweep,set_94700e869a,6,0
B4 KEGG sweep :: detected in >=5% of studies :: size_lt20,kegg_sweep,set_0ce77a05e9,9,2
B4 KEGG sweep :: detected in >=5% of studies :: size_lt20,kegg_sweep,set_abc9fb2339,16,6
B4 KEGG sweep :: detected in >=5% of studies :: size_lt20,kegg_sweep,set_0e11f8b2ab,6,0
B4 KEGG sweep :: detected in >=5% of studies :: size_lt20,kegg_sweep,set_c3d8021806,11,5
B4 KEGG sweep :: detected in >=5% of studies :: size_lt20,kegg_sweep,set_d9b51b3dfb,14,4
B4 KEGG sweep :: detected in >=5% of studies :: size_lt20,kegg_sweep,set_6dc519cff6,13,0
B4 KEGG sweep :: detected in >=5% of studies :: size_lt20,kegg_sweep,set_f79f8c3a5a,11,0
B4 KEGG sweep :: detected in >=5% of studies :: size_lt20,kegg_sweep,set_bc82882e7a,6,1
B4 KEGG sweep :: detected in >=5% of studies :: size_lt20,kegg_sweep,set_ec651f0509,11,3
B4 KEGG sweep :: detected in >=5% of studies :: size_lt20,kegg_sweep,set_53e92dfd39,11,2
B4 KEGG sweep :: detected in >=5% of studies :: size_lt20,kegg_sweep,set_632551c1e8,8,2
B4 KEGG sweep :: detected in >=5% of studies :: size_lt20,kegg_sweep,set_4f763e6136,9,2
B4 KEGG sweep :: detected in >=5% of studies :: size_lt20,kegg_sweep,set_fa899e35d7,7,2
B4 KEGG sweep :: detected in >=5% of studies :: size_lt20,kegg_sweep,set_db39372338,12,9
B4 KEGG sweep :: detected in >=5% of studies :: size_lt20,kegg_sweep,set_d15c41421f,5,1
B4 KEGG sweep :: detected in >=5% of studies :: size_lt20,kegg_sweep,set_bd261c68a0,19,6
B4 KEGG sweep :: detected in >=5% of studies :: size_lt20,kegg_sweep,set_48aa3cd808,8,3
B4 KEGG sweep :: detected in >=5% of studies :: size_lt20,kegg_sweep,set_4c5914bafc,12,5
B4 KEGG sweep :: detected in >=5% of studies :: size_lt20,kegg_sweep,set_0296e3477f,9,6
B4 KEGG sweep :: detected in >=5% of studies :: size_lt20,kegg_sweep,set_1fab907f29,12,5
B4 KEGG sweep :: detected in >=5% of studies :: size_lt20,kegg_sweep,set_ba4632c104,9,2
B4 KEGG sweep :: detected in >=5% of studies :: size_lt20,kegg_sweep,set_9cf63a38e9,8,3
B4 KEGG sweep :: detected in >=5% of studies :: size_lt20,kegg_sweep,set_bc65906fee,8,1
B4 KEGG sweep :: detected in >=5% of studies :: size_lt20,kegg_sweep,set_d11e6830a7,5,1
B4 KEGG sweep :: detected in >=5% of studies :: size_lt20,kegg_sweep,set_e6be6fb001,12,6
B4 KEGG sweep :: detected in >=5% of studies :: size_lt20,kegg_sweep,set_63106581df,6,2
B4 KEGG sweep :: detected in >=5% of studies :: size_lt20,kegg_sweep,set_e186047fad,8,2
B4 KEGG sweep :: detected in >=5% of studies :: size_lt20,kegg_sweep,set_7ae664e506,6,2
B4 KEGG sweep :: detected in >=5% of studies :: size_lt20,kegg_sweep,set_82ad1a2d6c,11,6
B4 KEGG sweep :: detected in >=5% of studies :: size_lt20,kegg_sweep,set_af64d22175,11,2
B4 KEGG sweep :: detected in >=5% of studies :: size_lt20,kegg_sweep,set_52b9f4d65d,8,2
B4 KEGG sweep :: detected in >=5% of studies :: size_lt20,kegg_sweep,set_8ee1fdd0ce,12,3
B4 KEGG sweep :: detected in >=5% of studies :: size_lt20,kegg_sweep,set_1fcf7c4997,14,8
B4 KEGG sweep :: detected in >=5% of studies :: size_lt20,kegg_sweep,set_ee7dc39286,17,8
B4 KEGG sweep :: detected in >=5% of studies :: size_lt20,kegg_sweep,set_4aba147af4,6,1
B4 KEGG sweep :: detected in >=5% of studies :: size_lt20,kegg_sweep,set_0aea477239,12,4
B4 KEGG sweep :: detected in >=5% of studies :: size_lt20,kegg_sweep,set_869596225e,11,3
B4 KEGG sweep :: detected in >=5% of studies :: size_lt20,kegg_sweep,set_1bc67aa082,9,1
B4 KEGG sweep :: detected in >=5% of studies :: size_lt20,kegg_sweep,set_768310548c,6,3
B4 KEGG sweep :: detected in >=5% of studies :: size_lt20,kegg_sweep,set_45a3270a3a,19,8
B4 KEGG sweep :: detected in >=5% of studies :: size_lt20,kegg_sweep,set_e27de11bfc,9,2
B4 KEGG sweep :: detected in >=5% of studies :: size_lt20,kegg_sweep,set_f9e5f0c541,13,4
B4 KEGG sweep :: detected in >=5% of studies :: size_lt20,kegg_sweep,set_4458d9419b,11,5
B4 KEGG sweep :: detected in >=5% of studies :: size_lt20,kegg_sweep,set_a458a02921,8,3
B4 KEGG sweep :: detected in >=5% of studies :: size_lt20,kegg_sweep,set_ea2d317004,8,1
B4 KEGG sweep :: detected in >=5% of studies :: size_lt20,kegg_sweep,set_e859da17d3,17,7
B4 KEGG sweep :: detected in >=5% of studies :: size_lt20,kegg_sweep,set_ee4fe13061,8,0
B4 KEGG sweep :: detected in >=5% of studies :: size_lt20,kegg_sweep,set_144b2a2f9c,17,3
B4 KEGG sweep :: detected in >=5% of studies :: size_lt20,kegg_sweep,set_e9c8593d4b,14,3
B4 KEGG sweep :: detected in >=5% of studies :: size_lt20,kegg_sweep,set_44a0424b47,15,2
B4 KEGG sweep :: detected in >=5% of studies :: size_lt20,kegg_sweep,set_86afea7d99,13,1
B4 KEGG sweep :: detected in >=5% of studies :: size_lt20,kegg_sweep,set_10090b4679,10,5
B4 KEGG sweep :: detected in >=5% of studies :: size_lt20,kegg_sweep,set_c258b8d176,14,1
B4 KEGG sweep :: detected in >=5% of studies :: size_lt20,kegg_sweep,set_242e07990f,19,0
B4 KEGG sweep :: detected in >=5% of studies :: size_lt20,kegg_sweep,set_6e3df42571,14,3
B4 KEGG sweep :: detected in >=5% of studies :: size_lt20,kegg_sweep,set_0ef80a3e60,6,1
B4 KEGG sweep :: detected in >=5% of studies :: size_lt20,kegg_sweep,set_41fbbd736d,7,1
B4 KEGG sweep :: detected in >=5% of studies :: size_lt20,kegg_sweep,set_ca1f99cd23,5,1
B4 KEGG sweep :: detected in >=5% of studies :: size_lt20,kegg_sweep,set_8c01cd9f53,7,5
B4 KEGG sweep :: detected in >=5% of studies :: size_lt20,kegg_sweep,set_3a1e9adfa7,9,5
B4 KEGG sweep :: detected in >=5% of studies :: size_lt20,kegg_sweep,set_9cf2b1affb,8,5
B4 KEGG sweep :: detected in >=5% of studies :: size_lt20,kegg_sweep,set_1b1680d957,7,3
B4 KEGG sweep :: detected in >=5% of studies :: size_lt20,kegg_sweep,set_f3e5323118,10,6
B4 KEGG sweep :: detected in >=5% of studies :: size_lt20,kegg_sweep,set_5ea8e34a72,9,1
B4 KEGG sweep :: detected in >=5% of studies :: size_lt20,kegg_sweep,set_70c9d52d44,5,1
B4 KEGG sweep :: detected in >=5% of studies :: size_lt20,kegg_sweep,set_47ec1e9833,14,2
B4 KEGG sweep :: detected in >=5% of studies :: size_lt20,kegg_sweep,set_b2b20bc21d,5,0
B4 KEGG sweep :: detected in >=5% of studies :: size_lt20,kegg_sweep,set_323f57c178,10,3
B4 KEGG sweep :: detected in >=5% of studies :: size_lt20,kegg_sweep,set_8782a703c2,5,0
B4 KEGG sweep :: detected in >=5% of studies :: size_lt20,kegg_sweep,set_9b59d46f35,6,3
B4 KEGG sweep :: detected in >=5% of studies :: size_lt20,kegg_sweep,set_9a677125a0,6,2
B4 KEGG sweep :: detected in >=5% of studies :: size_lt20,kegg_sweep,set_39673ab9a8,8,3
B4 KEGG sweep :: detected in >=5% of studies :: size_lt20,kegg_sweep,set_fef5b6db58,13,4
B4 KEGG sweep :: detected in >=5% of studies :: size_lt20,kegg_sweep,set_defccdb12c,9,1
B4 KEGG sweep :: detected in >=5% of studies :: size_lt20,kegg_sweep,set_4ab589207d,6,1
B4 KEGG sweep :: detected in >=5% of studies :: size_lt20,kegg_sweep,set_ce3e641d29,5,1
B4 KEGG sweep :: detected in >=5% of studies :: size_lt20,kegg_sweep,set_fa1bde903c,5,0
B4 KEGG sweep :: detected in >=5% of studies :: size_lt20,kegg_sweep,set_b44c30992c,5,0
B4 KEGG sweep :: detected in >=5% of studies :: size_lt20,kegg_sweep,set_7b08f7116a,10,0
B4 KEGG sweep :: detected in >=5% of studies :: size_lt20,kegg_sweep,set_ade02f5b1e,15,5
B4 KEGG sweep :: detected in >=5% of studies :: size_lt20,kegg_sweep,set_6009dcdb7e,6,2
B4 KEGG sweep :: detected in >=5% of studies :: size_lt20,kegg_sweep,set_51f864e8c0,14,0
B4 KEGG sweep :: detected in >=5% of studies :: size_lt20,kegg_sweep,set_7006b3f384,11,5
B4 KEGG sweep :: detected in >=5% of studies :: size_lt20,kegg_sweep,set_835931a774,5,1
B4 KEGG sweep :: detected in >=5% of studies :: size_lt20,kegg_sweep,set_623ad85c2e,14,1
B4 KEGG sweep :: detected in >=5% of studies :: size_lt20,kegg_sweep,set_ee997594a5,8,0
B4 KEGG sweep :: detected in >=10% of studies,kegg_sweep,set_5acb8abe6e,31,9
B4 KEGG sweep :: detected in >=10% of studies,kegg_sweep,set_dac7270197,20,9
B4 KEGG sweep :: detected in >=10% of studies,kegg_sweep,set_1869174b7f,37,8
B4 KEGG sweep :: detected in >=10% of studies,kegg_sweep,set_271ea43c69,61,7
B4 KEGG sweep :: detected in >=10% of studies,kegg_sweep,set_344072b5f4,56,8
B4 KEGG sweep :: detected in >=10% of studies,kegg_sweep,set_2138a1c123,46,13
B4 KEGG sweep :: detected in >=10% of studies,kegg_sweep,set_cfbf9cc030,57,7
B4 KEGG sweep :: detected in >=10% of studies,kegg_sweep,set_b9a825708e,58,7
B4 KEGG sweep :: detected in >=10% of studies,kegg_sweep,set_beefda2298,40,1
B4 KEGG sweep :: detected in >=10% of studies,kegg_sweep,set_54a7056432,50,2
B4 KEGG sweep :: detected in >=10% of studies,kegg_sweep,set_15cd53708d,57,1
B4 KEGG sweep :: detected in >=10% of studies,kegg_sweep,set_924bf2354d,47,9
B4 KEGG sweep :: detected in >=10% of studies,kegg_sweep,set_2227c51bc7,74,1
B4 KEGG sweep :: detected in >=10% of studies,kegg_sweep,set_2c10c2359c,100,2
B4 KEGG sweep :: detected in >=10% of studies,kegg_sweep,set_2ebb11183e,12,7
B4 KEGG sweep :: detected in >=10% of studies,kegg_sweep,set_c093da81c7,24,10
B4 KEGG sweep :: detected in >=10% of studies,kegg_sweep,set_5267159cc4,101,21
B4 KEGG sweep :: detected in >=10% of studies,kegg_sweep,set_7bb07bd8ff,22,4
B4 KEGG sweep :: detected in >=10% of studies,kegg_sweep,set_d8d29165c6,66,22
B4 KEGG sweep :: detected in >=10% of studies,kegg_sweep,set_7198d2f665,28,15
B4 KEGG sweep :: detected in >=10% of studies,kegg_sweep,set_6b91b675ac,50,18
B4 KEGG sweep :: detected in >=10% of studies,kegg_sweep,set_e7aeec8071,68,13
B4 KEGG sweep :: detected in >=10% of studies,kegg_sweep,set_ae38e946d1,42,8
B4 KEGG sweep :: detected in >=10% of studies,kegg_sweep,set_b112b5fc60,23,7
B4 KEGG sweep :: detected in >=10% of studies,kegg_sweep,set_2bc84b9269,56,11
B4 KEGG sweep :: detected in >=10% of studies,kegg_sweep,set_31c74b8829,71,17
B4 KEGG sweep :: detected in >=10% of studies,kegg_sweep,set_97b9822845,49,11
B4 KEGG sweep :: detected in >=10% of studies,kegg_sweep,set_b2ec810fd5,79,5
B4 KEGG sweep :: detected in >=10% of studies,kegg_sweep,set_d3ba0db0a8,51,6
B4 KEGG sweep :: detected in >=10% of studies,kegg_sweep,set_3c89f132e9,84,10
B4 KEGG sweep :: detected in >=10% of studies,kegg_sweep,set_3e0dfa217d,35,6
B4 KEGG sweep :: detected in >=10% of studies,kegg_sweep,set_624c481a7e,32,13
B4 KEGG sweep :: detected in >=10% of studies,kegg_sweep,set_19ae6f060f,24,8
B4 KEGG sweep :: detected in >=10% of studies,kegg_sweep,set_026dce58e5,57,4
B4 KEGG sweep :: detected in >=10% of studies,kegg_sweep,set_890c7dab5c,27,1
B4 KEGG sweep :: detected in >=10% of studies,kegg_sweep,set_4acc76344d,71,24
B4 KEGG sweep :: detected in >=10% of studies,kegg_sweep,set_3af36c8764,38,13
B4 KEGG sweep :: detected in >=10% of studies,kegg_sweep,set_9fac2bf904,37,5
B4 KEGG sweep :: detected in >=10% of studies,kegg_sweep,set_db93e5d9eb,10,0
B4 KEGG sweep :: detected in >=10% of studies,kegg_sweep,set_621efb3299,73,14
B4 KEGG sweep :: detected in >=10% of studies,kegg_sweep,set_5f5a07f0d2,81,5
B4 KEGG sweep :: detected in >=10% of studies,kegg_sweep,set_77d1e528cf,5,0
B4 KEGG sweep :: detected in >=10% of studies,kegg_sweep,set_64e403403c,122,5
B4 KEGG sweep :: detected in >=10% of studies,kegg_sweep,set_f0391c64ac,38,5
B4 KEGG sweep :: detected in >=10% of studies,kegg_sweep,set_5ad08f10f9,50,4
B4 KEGG sweep :: detected in >=10% of studies,kegg_sweep,set_ec1be6de1b,16,2
B4 KEGG sweep :: detected in >=10% of studies,kegg_sweep,set_7869d1115d,56,10
B4 KEGG sweep :: detected in >=10% of studies,kegg_sweep,set_22d14bdf46,25,1
B4 KEGG sweep :: detected in >=10% of studies,kegg_sweep,set_2085dffe34,79,1
B4 KEGG sweep :: detected in >=10% of studies,kegg_sweep,set_4319123b8c,29,2
B4 KEGG sweep :: detected in >=10% of studies,kegg_sweep,set_83661c5e7c,67,0
B4 KEGG sweep :: detected in >=10% of studies,kegg_sweep,set_f1a29f810b,36,6
B4 KEGG sweep :: detected in >=10% of studies,kegg_sweep,set_472b0fd7fb,32,7
B4 KEGG sweep :: detected in >=10% of studies,kegg_sweep,set_bcb42d3c63,67,14
B4 KEGG sweep :: detected in >=10% of studies,kegg_sweep,set_1b0cac50f9,42,6
B4 KEGG sweep :: detected in >=10% of studies,kegg_sweep,set_f78fd335ec,47,9
B4 KEGG sweep :: detected in >=10% of studies,kegg_sweep,set_59d512d8f9,35,5
B4 KEGG sweep :: detected in >=10% of studies,kegg_sweep,set_254f310839,26,13
B4 KEGG sweep :: detected in >=10% of studies,kegg_sweep,set_6b53931bd8,31,6
B4 KEGG sweep :: detected in >=10% of studies,kegg_sweep,set_ad1dcf321e,24,3
B4 KEGG sweep :: detected in >=10% of studies,kegg_sweep,set_9f4a8a2204,29,5
B4 KEGG sweep :: detected in >=10% of studies,kegg_sweep,set_b56fa8cbb9,55,12
B4 KEGG sweep :: detected in >=10% of studies,kegg_sweep,set_0189ce5c26,30,10
B4 KEGG sweep :: detected in >=10% of studies,kegg_sweep,set_0a7251c34c,29,3
B4 KEGG sweep :: detected in >=10% of studies,kegg_sweep,set_cc871f4693,44,6
B4 KEGG sweep :: detected in >=10% of studies,kegg_sweep,set_50428d09e6,58,1
B4 KEGG sweep :: detected in >=10% of studies,kegg_sweep,set_95dd531730,25,0
B4 KEGG sweep :: detected in >=10% of studies,kegg_sweep,set_3bb7f39946,148,5
B4 KEGG sweep :: detected in >=10% of studies,kegg_sweep,set_5c4fec496c,47,1
B4 KEGG sweep :: detected in >=10% of studies,kegg_sweep,set_76a51d8887,20,2
B4 KEGG sweep :: detected in >=10% of studies,kegg_sweep,set_4adf8811c2,45,6
B4 KEGG sweep :: detected in >=10% of studies,kegg_sweep,set_5c71a07112,52,21
B4 KEGG sweep :: detected in >=10% of studies,kegg_sweep,set_13c7b97ae7,121,0
B4 KEGG sweep :: detected in >=10% of studies,kegg_sweep,set_279c69eef9,87,0
B4 KEGG sweep :: detected in >=10% of studies,kegg_sweep,set_7f2eeca5ac,52,2
B4 KEGG sweep :: detected in >=10% of studies,kegg_sweep,set_7a03212d02,74,6
B4 KEGG sweep :: detected in >=10% of studies,kegg_sweep,set_8ba220eed7,5,1
B4 KEGG sweep :: detected in >=10% of studies,kegg_sweep,set_e87cd67005,17,4
B4 KEGG sweep :: detected in >=10% of studies,kegg_sweep,set_8e5071eb36,138,48
B4 KEGG sweep :: detected in >=10% of studies,kegg_sweep,set_5aeae7a327,5,0
B4 KEGG sweep :: detected in >=10% of studies,kegg_sweep,set_55eb67eab6,5,1
B4 KEGG sweep :: detected in >=10% of studies,kegg_sweep,set_e1ab26f58f,7,3
B4 KEGG sweep :: detected in >=10% of studies,kegg_sweep,set_b49dc63a5b,5,3
B4 KEGG sweep :: detected in >=10% of studies,kegg_sweep,set_e88e2cb844,11,3
B4 KEGG sweep :: detected in >=10% of studies,kegg_sweep,set_79085f78ba,10,4
B4 KEGG sweep :: detected in >=10% of studies,kegg_sweep,set_c2a3f5a6e6,25,9
B4 KEGG sweep :: detected in >=10% of studies,kegg_sweep,set_2a4af7c554,5,1
B4 KEGG sweep :: detected in >=10% of studies,kegg_sweep,set_9621b563e7,15,6
B4 KEGG sweep :: detected in >=10% of studies,kegg_sweep,set_c1c053793d,5,4
B4 KEGG sweep :: detected in >=10% of studies,kegg_sweep,set_9c62989783,29,1
B4 KEGG sweep :: detected in >=10% of studies,kegg_sweep,set_6d4de6f3ca,15,7
B4 KEGG sweep :: detected in >=10% of studies,kegg_sweep,set_403c9be3d5,11,2
B4 KEGG sweep :: detected in >=10% of studies,kegg_sweep,set_7e5adfe9e9,53,15
B4 KEGG sweep :: detected in >=10% of studies,kegg_sweep,set_e8aa2a646b,19,1
B4 KEGG sweep :: detected in >=10% of studies,kegg_sweep,set_f9838e94ed,40,14
B4 KEGG sweep :: detected in >=10% of studies,kegg_sweep,set_62b5b87fe9,11,5
B4 KEGG sweep :: detected in >=10% of studies,kegg_sweep,set_724b4b7be8,6,2
B4 KEGG sweep :: detected in >=10% of studies,kegg_sweep,set_d8b6084b60,6,2
B4 KEGG sweep :: detected in >=10% of studies,kegg_sweep,set_9d14d04ea2,21,11
B4 KEGG sweep :: detected in >=10% of studies,kegg_sweep,set_566bf87914,22,7
B4 KEGG sweep :: detected in >=10% of studies,kegg_sweep,set_0ac3e83773,8,3
B4 KEGG sweep :: detected in >=10% of studies,kegg_sweep,set_b96ec56a33,29,5
B4 KEGG sweep :: detected in >=10% of studies,kegg_sweep,set_d751b7bdb1,10,5
B4 KEGG sweep :: detected in >=10% of studies,kegg_sweep,set_553101a642,5,0
B4 KEGG sweep :: detected in >=10% of studies,kegg_sweep,set_e0fa59e770,10,1
B4 KEGG sweep :: detected in >=10% of studies,kegg_sweep,set_1aad4f3cba,16,3
B4 KEGG sweep :: detected in >=10% of studies,kegg_sweep,set_94700e869a,6,0
B4 KEGG sweep :: detected in >=10% of studies,kegg_sweep,set_0ce77a05e9,9,1
B4 KEGG sweep :: detected in >=10% of studies,kegg_sweep,set_abc9fb2339,16,6
B4 KEGG sweep :: detected in >=10% of studies,kegg_sweep,set_0e11f8b2ab,6,0
B4 KEGG sweep :: detected in >=10% of studies,kegg_sweep,set_c3d8021806,11,3
B4 KEGG sweep :: detected in >=10% of studies,kegg_sweep,set_5e83f666ee,31,0
B4 KEGG sweep :: detected in >=10% of studies,kegg_sweep,set_d9b51b3dfb,14,4
B4 KEGG sweep :: detected in >=10% of studies,kegg_sweep,set_6dc519cff6,13,0
B4 KEGG sweep :: detected in >=10% of studies,kegg_sweep,set_f79f8c3a5a,11,0
B4 KEGG sweep :: detected in >=10% of studies,kegg_sweep,set_bc82882e7a,6,1
B4 KEGG sweep :: detected in >=10% of studies,kegg_sweep,set_ec651f0509,11,2
B4 KEGG sweep :: detected in >=10% of studies,kegg_sweep,set_53e92dfd39,11,2
B4 KEGG sweep :: detected in >=10% of studies,kegg_sweep,set_632551c1e8,8,1
B4 KEGG sweep :: detected in >=10% of studies,kegg_sweep,set_4f763e6136,9,2
B4 KEGG sweep :: detected in >=10% of studies,kegg_sweep,set_fd83e9953c,23,6
B4 KEGG sweep :: detected in >=10% of studies,kegg_sweep,set_fa899e35d7,7,2
B4 KEGG sweep :: detected in >=10% of studies,kegg_sweep,set_db39372338,12,7
B4 KEGG sweep :: detected in >=10% of studies,kegg_sweep,set_d15c41421f,5,1
B4 KEGG sweep :: detected in >=10% of studies,kegg_sweep,set_bd261c68a0,19,6
B4 KEGG sweep :: detected in >=10% of studies,kegg_sweep,set_48aa3cd808,8,3
B4 KEGG sweep :: detected in >=10% of studies,kegg_sweep,set_4c5914bafc,12,3
B4 KEGG sweep :: detected in >=10% of studies,kegg_sweep,set_a99c0b045f,42,6
B4 KEGG sweep :: detected in >=10% of studies,kegg_sweep,set_0296e3477f,9,6
B4 KEGG sweep :: detected in >=10% of studies,kegg_sweep,set_1fab907f29,12,2
B4 KEGG sweep :: detected in >=10% of studies,kegg_sweep,set_ba4632c104,9,2
B4 KEGG sweep :: detected in >=10% of studies,kegg_sweep,set_9cf63a38e9,8,3
B4 KEGG sweep :: detected in >=10% of studies,kegg_sweep,set_6f4614e929,32,16
B4 KEGG sweep :: detected in >=10% of studies,kegg_sweep,set_bc65906fee,8,1
B4 KEGG sweep :: detected in >=10% of studies,kegg_sweep,set_70bc04718c,35,5
B4 KEGG sweep :: detected in >=10% of studies,kegg_sweep,set_d11e6830a7,5,1
B4 KEGG sweep :: detected in >=10% of studies,kegg_sweep,set_e6be6fb001,12,6
B4 KEGG sweep :: detected in >=10% of studies,kegg_sweep,set_63106581df,6,2
B4 KEGG sweep :: detected in >=10% of studies,kegg_sweep,set_3111a69a80,24,3
B4 KEGG sweep :: detected in >=10% of studies,kegg_sweep,set_e186047fad,8,2
B4 KEGG sweep :: detected in >=10% of studies,kegg_sweep,set_7ae664e506,6,2
B4 KEGG sweep :: detected in >=10% of studies,kegg_sweep,set_82ad1a2d6c,11,4
B4 KEGG sweep :: detected in >=10% of studies,kegg_sweep,set_2eb74fe04e,21,6
B4 KEGG sweep :: detected in >=10% of studies,kegg_sweep,set_af64d22175,11,1
B4 KEGG sweep :: detected in >=10% of studies,kegg_sweep,set_52b9f4d65d,8,1
B4 KEGG sweep :: detected in >=10% of studies,kegg_sweep,set_8ee1fdd0ce,12,2
B4 KEGG sweep :: detected in >=10% of studies,kegg_sweep,set_6007c4b59f,26,13
B4 KEGG sweep :: detected in >=10% of studies,kegg_sweep,set_1fcf7c4997,14,5
B4 KEGG sweep :: detected in >=10% of studies,kegg_sweep,set_ee7dc39286,17,5
B4 KEGG sweep :: detected in >=10% of studies,kegg_sweep,set_b8dfa17746,22,7
B4 KEGG sweep :: detected in >=10% of studies,kegg_sweep,set_4aba147af4,6,1
B4 KEGG sweep :: detected in >=10% of studies,kegg_sweep,set_0aea477239,12,4
B4 KEGG sweep :: detected in >=10% of studies,kegg_sweep,set_869596225e,11,3
B4 KEGG sweep :: detected in >=10% of studies,kegg_sweep,set_1bc67aa082,9,1
B4 KEGG sweep :: detected in >=10% of studies,kegg_sweep,set_768310548c,6,3
B4 KEGG sweep :: detected in >=10% of studies,kegg_sweep,set_45a3270a3a,19,6
B4 KEGG sweep :: detected in >=10% of studies,kegg_sweep,set_e27de11bfc,9,2
B4 KEGG sweep :: detected in >=10% of studies,kegg_sweep,set_f9e5f0c541,13,4
B4 KEGG sweep :: detected in >=10% of studies,kegg_sweep,set_4458d9419b,11,2
B4 KEGG sweep :: detected in >=10% of studies,kegg_sweep,set_a458a02921,8,2
B4 KEGG sweep :: detected in >=10% of studies,kegg_sweep,set_ea2d317004,8,1
B4 KEGG sweep :: detected in >=10% of studies,kegg_sweep,set_e859da17d3,17,6
B4 KEGG sweep :: detected in >=10% of studies,kegg_sweep,set_ee4fe13061,8,0
B4 KEGG sweep :: detected in >=10% of studies,kegg_sweep,set_144b2a2f9c,17,2
B4 KEGG sweep :: detected in >=10% of studies,kegg_sweep,set_e9c8593d4b,14,3
B4 KEGG sweep :: detected in >=10% of studies,kegg_sweep,set_44a0424b47,15,2
B4 KEGG sweep :: detected in >=10% of studies,kegg_sweep,set_4cc0961172,27,5
B4 KEGG sweep :: detected in >=10% of studies,kegg_sweep,set_951b4cb6fa,47,23
B4 KEGG sweep :: detected in >=10% of studies,kegg_sweep,set_86afea7d99,13,1
B4 KEGG sweep :: detected in >=10% of studies,kegg_sweep,set_676e2b3cde,97,24
B4 KEGG sweep :: detected in >=10% of studies,kegg_sweep,set_96ef2b3751,42,10
B4 KEGG sweep :: detected in >=10% of studies,kegg_sweep,set_13117a3ac2,29,15
B4 KEGG sweep :: detected in >=10% of studies,kegg_sweep,set_10090b4679,10,5
B4 KEGG sweep :: detected in >=10% of studies,kegg_sweep,set_c258b8d176,14,1
B4 KEGG sweep :: detected in >=10% of studies,kegg_sweep,set_ec8f2e7755,20,7
B4 KEGG sweep :: detected in >=10% of studies,kegg_sweep,set_242e07990f,19,0
B4 KEGG sweep :: detected in >=10% of studies,kegg_sweep,set_cf7bec92fd,26,7
B4 KEGG sweep :: detected in >=10% of studies,kegg_sweep,set_6e3df42571,14,3
B4 KEGG sweep :: detected in >=10% of studies,kegg_sweep,set_0ef80a3e60,6,1
B4 KEGG sweep :: detected in >=10% of studies,kegg_sweep,set_41fbbd736d,7,1
B4 KEGG sweep :: detected in >=10% of studies,kegg_sweep,set_ca1f99cd23,5,1
B4 KEGG sweep :: detected in >=10% of studies,kegg_sweep,set_eadc697c9f,32,7
B4 KEGG sweep :: detected in >=10% of studies,kegg_sweep,set_8c01cd9f53,7,3
B4 KEGG sweep :: detected in >=10% of studies,kegg_sweep,set_3a1e9adfa7,9,3
B4 KEGG sweep :: detected in >=10% of studies,kegg_sweep,set_9cf2b1affb,8,4
B4 KEGG sweep :: detected in >=10% of studies,kegg_sweep,set_1b1680d957,7,3
B4 KEGG sweep :: detected in >=10% of studies,kegg_sweep,set_f3e5323118,10,4
B4 KEGG sweep :: detected in >=10% of studies,kegg_sweep,set_5ea8e34a72,9,1
B4 KEGG sweep :: detected in >=10% of studies,kegg_sweep,set_70c9d52d44,5,1
B4 KEGG sweep :: detected in >=10% of studies,kegg_sweep,set_47ec1e9833,14,2
B4 KEGG sweep :: detected in >=10% of studies,kegg_sweep,set_b2b20bc21d,5,0
B4 KEGG sweep :: detected in >=10% of studies,kegg_sweep,set_323f57c178,10,3
B4 KEGG sweep :: detected in >=10% of studies,kegg_sweep,set_8782a703c2,5,0
B4 KEGG sweep :: detected in >=10% of studies,kegg_sweep,set_9b59d46f35,6,2
B4 KEGG sweep :: detected in >=10% of studies,kegg_sweep,set_9a677125a0,6,2
B4 KEGG sweep :: detected in >=10% of studies,kegg_sweep,set_39673ab9a8,8,2
B4 KEGG sweep :: detected in >=10% of studies,kegg_sweep,set_fef5b6db58,13,3
B4 KEGG sweep :: detected in >=10% of studies,kegg_sweep,set_defccdb12c,9,0
B4 KEGG sweep :: detected in >=10% of studies,kegg_sweep,set_4ab589207d,6,0
B4 KEGG sweep :: detected in >=10% of studies,kegg_sweep,set_ce3e641d29,5,1
B4 KEGG sweep :: detected in >=10% of studies,kegg_sweep,set_fa1bde903c,5,0
B4 KEGG sweep :: detected in >=10% of studies,kegg_sweep,set_b44c30992c,5,0
B4 KEGG sweep :: detected in >=10% of studies,kegg_sweep,set_7b08f7116a,10,0
B4 KEGG sweep :: detected in >=10% of studies,kegg_sweep,set_0e7bc14c3b,31,5
B4 KEGG sweep :: detected in >=10% of studies,kegg_sweep,set_d510144f8a,78,0
B4 KEGG sweep :: detected in >=10% of studies,kegg_sweep,set_87add8c5dc,29,2
B4 KEGG sweep :: detected in >=10% of studies,kegg_sweep,set_c9e42d4c97,57,6
B4 KEGG sweep :: detected in >=10% of studies,kegg_sweep,set_ade02f5b1e,15,3
B4 KEGG sweep :: detected in >=10% of studies,kegg_sweep,set_6009dcdb7e,6,0
B4 KEGG sweep :: detected in >=10% of studies,kegg_sweep,set_51f864e8c0,14,0
B4 KEGG sweep :: detected in >=10% of studies,kegg_sweep,set_b4b6cf7f87,37,30
B4 KEGG sweep :: detected in >=10% of studies,kegg_sweep,set_7006b3f384,11,5
B4 KEGG sweep :: detected in >=10% of studies,kegg_sweep,set_835931a774,5,1
B4 KEGG sweep :: detected in >=10% of studies,kegg_sweep,set_bd1153eb26,39,11
B4 KEGG sweep :: detected in >=10% of studies,kegg_sweep,set_623ad85c2e,14,1
B4 KEGG sweep :: detected in >=10% of studies,kegg_sweep,set_ee997594a5,8,0
B4 KEGG sweep :: detected in >=10% of studies :: size_lt20,kegg_sweep,set_2ebb11183e,12,7
B4 KEGG sweep :: detected in >=10% of studies :: size_lt20,kegg_sweep,set_db93e5d9eb,10,0
B4 KEGG sweep :: detected in >=10% of studies :: size_lt20,kegg_sweep,set_77d1e528cf,5,0
B4 KEGG sweep :: detected in >=10% of studies :: size_lt20,kegg_sweep,set_ec1be6de1b,16,2
B4 KEGG sweep :: detected in >=10% of studies :: size_lt20,kegg_sweep,set_8ba220eed7,5,1
B4 KEGG sweep :: detected in >=10% of studies :: size_lt20,kegg_sweep,set_e87cd67005,17,4
B4 KEGG sweep :: detected in >=10% of studies :: size_lt20,kegg_sweep,set_5aeae7a327,5,0
B4 KEGG sweep :: detected in >=10% of studies :: size_lt20,kegg_sweep,set_55eb67eab6,5,1
B4 KEGG sweep :: detected in >=10% of studies :: size_lt20,kegg_sweep,set_e1ab26f58f,7,3
B4 KEGG sweep :: detected in >=10% of studies :: size_lt20,kegg_sweep,set_b49dc63a5b,5,3
B4 KEGG sweep :: detected in >=10% of studies :: size_lt20,kegg_sweep,set_e88e2cb844,11,3
B4 KEGG sweep :: detected in >=10% of studies :: size_lt20,kegg_sweep,set_79085f78ba,10,4
B4 KEGG sweep :: detected in >=10% of studies :: size_lt20,kegg_sweep,set_2a4af7c554,5,1
B4 KEGG sweep :: detected in >=10% of studies :: size_lt20,kegg_sweep,set_9621b563e7,15,6
B4 KEGG sweep :: detected in >=10% of studies :: size_lt20,kegg_sweep,set_c1c053793d,5,4
B4 KEGG sweep :: detected in >=10% of studies :: size_lt20,kegg_sweep,set_6d4de6f3ca,15,7
B4 KEGG sweep :: detected in >=10% of studies :: size_lt20,kegg_sweep,set_403c9be3d5,11,2
B4 KEGG sweep :: detected in >=10% of studies :: size_lt20,kegg_sweep,set_e8aa2a646b,19,1
B4 KEGG sweep :: detected in >=10% of studies :: size_lt20,kegg_sweep,set_62b5b87fe9,11,5
B4 KEGG sweep :: detected in >=10% of studies :: size_lt20,kegg_sweep,set_724b4b7be8,6,2
B4 KEGG sweep :: detected in >=10% of studies :: size_lt20,kegg_sweep,set_d8b6084b60,6,2
B4 KEGG sweep :: detected in >=10% of studies :: size_lt20,kegg_sweep,set_0ac3e83773,8,3
B4 KEGG sweep :: detected in >=10% of studies :: size_lt20,kegg_sweep,set_d751b7bdb1,10,5
B4 KEGG sweep :: detected in >=10% of studies :: size_lt20,kegg_sweep,set_553101a642,5,0
B4 KEGG sweep :: detected in >=10% of studies :: size_lt20,kegg_sweep,set_e0fa59e770,10,1
B4 KEGG sweep :: detected in >=10% of studies :: size_lt20,kegg_sweep,set_1aad4f3cba,16,3
B4 KEGG sweep :: detected in >=10% of studies :: size_lt20,kegg_sweep,set_94700e869a,6,0
B4 KEGG sweep :: detected in >=10% of studies :: size_lt20,kegg_sweep,set_0ce77a05e9,9,1
B4 KEGG sweep :: detected in >=10% of studies :: size_lt20,kegg_sweep,set_abc9fb2339,16,6
B4 KEGG sweep :: detected in >=10% of studies :: size_lt20,kegg_sweep,set_0e11f8b2ab,6,0
B4 KEGG sweep :: detected in >=10% of studies :: size_lt20,kegg_sweep,set_c3d8021806,11,3
B4 KEGG sweep :: detected in >=10% of studies :: size_lt20,kegg_sweep,set_d9b51b3dfb,14,4
B4 KEGG sweep :: detected in >=10% of studies :: size_lt20,kegg_sweep,set_6dc519cff6,13,0
B4 KEGG sweep :: detected in >=10% of studies :: size_lt20,kegg_sweep,set_f79f8c3a5a,11,0
B4 KEGG sweep :: detected in >=10% of studies :: size_lt20,kegg_sweep,set_bc82882e7a,6,1
B4 KEGG sweep :: detected in >=10% of studies :: size_lt20,kegg_sweep,set_ec651f0509,11,2
B4 KEGG sweep :: detected in >=10% of studies :: size_lt20,kegg_sweep,set_53e92dfd39,11,2
B4 KEGG sweep :: detected in >=10% of studies :: size_lt20,kegg_sweep,set_632551c1e8,8,1
B4 KEGG sweep :: detected in >=10% of studies :: size_lt20,kegg_sweep,set_4f763e6136,9,2
B4 KEGG sweep :: detected in >=10% of studies :: size_lt20,kegg_sweep,set_fa899e35d7,7,2
B4 KEGG sweep :: detected in >=10% of studies :: size_lt20,kegg_sweep,set_db39372338,12,7
B4 KEGG sweep :: detected in >=10% of studies :: size_lt20,kegg_sweep,set_d15c41421f,5,1
B4 KEGG sweep :: detected in >=10% of studies :: size_lt20,kegg_sweep,set_bd261c68a0,19,6
B4 KEGG sweep :: detected in >=10% of studies :: size_lt20,kegg_sweep,set_48aa3cd808,8,3
B4 KEGG sweep :: detected in >=10% of studies :: size_lt20,kegg_sweep,set_4c5914bafc,12,3
B4 KEGG sweep :: detected in >=10% of studies :: size_lt20,kegg_sweep,set_0296e3477f,9,6
B4 KEGG sweep :: detected in >=10% of studies :: size_lt20,kegg_sweep,set_1fab907f29,12,2
B4 KEGG sweep :: detected in >=10% of studies :: size_lt20,kegg_sweep,set_ba4632c104,9,2
B4 KEGG sweep :: detected in >=10% of studies :: size_lt20,kegg_sweep,set_9cf63a38e9,8,3
B4 KEGG sweep :: detected in >=10% of studies :: size_lt20,kegg_sweep,set_bc65906fee,8,1
B4 KEGG sweep :: detected in >=10% of studies :: size_lt20,kegg_sweep,set_d11e6830a7,5,1
B4 KEGG sweep :: detected in >=10% of studies :: size_lt20,kegg_sweep,set_e6be6fb001,12,6
B4 KEGG sweep :: detected in >=10% of studies :: size_lt20,kegg_sweep,set_63106581df,6,2
B4 KEGG sweep :: detected in >=10% of studies :: size_lt20,kegg_sweep,set_e186047fad,8,2
B4 KEGG sweep :: detected in >=10% of studies :: size_lt20,kegg_sweep,set_7ae664e506,6,2
B4 KEGG sweep :: detected in >=10% of studies :: size_lt20,kegg_sweep,set_82ad1a2d6c,11,4
B4 KEGG sweep :: detected in >=10% of studies :: size_lt20,kegg_sweep,set_af64d22175,11,1
B4 KEGG sweep :: detected in >=10% of studies :: size_lt20,kegg_sweep,set_52b9f4d65d,8,1
B4 KEGG sweep :: detected in >=10% of studies :: size_lt20,kegg_sweep,set_8ee1fdd0ce,12,2
B4 KEGG sweep :: detected in >=10% of studies :: size_lt20,kegg_sweep,set_1fcf7c4997,14,5
B4 KEGG sweep :: detected in >=10% of studies :: size_lt20,kegg_sweep,set_ee7dc39286,17,5
B4 KEGG sweep :: detected in >=10% of studies :: size_lt20,kegg_sweep,set_4aba147af4,6,1
B4 KEGG sweep :: detected in >=10% of studies :: size_lt20,kegg_sweep,set_0aea477239,12,4
B4 KEGG sweep :: detected in >=10% of studies :: size_lt20,kegg_sweep,set_869596225e,11,3
B4 KEGG sweep :: detected in >=10% of studies :: size_lt20,kegg_sweep,set_1bc67aa082,9,1
B4 KEGG sweep :: detected in >=10% of studies :: size_lt20,kegg_sweep,set_768310548c,6,3
B4 KEGG sweep :: detected in >=10% of studies :: size_lt20,kegg_sweep,set_45a3270a3a,19,6
B4 KEGG sweep :: detected in >=10% of studies :: size_lt20,kegg_sweep,set_e27de11bfc,9,2
B4 KEGG sweep :: detected in >=10% of studies :: size_lt20,kegg_sweep,set_f9e5f0c541,13,4
B4 KEGG sweep :: detected in >=10% of studies :: size_lt20,kegg_sweep,set_4458d9419b,11,2
B4 KEGG sweep :: detected in >=10% of studies :: size_lt20,kegg_sweep,set_a458a02921,8,2
B4 KEGG sweep :: detected in >=10% of studies :: size_lt20,kegg_sweep,set_ea2d317004,8,1
B4 KEGG sweep :: detected in >=10% of studies :: size_lt20,kegg_sweep,set_e859da17d3,17,6
B4 KEGG sweep :: detected in >=10% of studies :: size_lt20,kegg_sweep,set_ee4fe13061,8,0
B4 KEGG sweep :: detected in >=10% of studies :: size_lt20,kegg_sweep,set_144b2a2f9c,17,2
B4 KEGG sweep :: detected in >=10% of studies :: size_lt20,kegg_sweep,set_e9c8593d4b,14,3
B4 KEGG sweep :: detected in >=10% of studies :: size_lt20,kegg_sweep,set_44a0424b47,15,2
B4 KEGG sweep :: detected in >=10% of studies :: size_lt20,kegg_sweep,set_86afea7d99,13,1
B4 KEGG sweep :: detected in >=10% of studies :: size_lt20,kegg_sweep,set_10090b4679,10,5
B4 KEGG sweep :: detected in >=10% of studies :: size_lt20,kegg_sweep,set_c258b8d176,14,1
B4 KEGG sweep :: detected in >=10% of studies :: size_lt20,kegg_sweep,set_242e07990f,19,0
B4 KEGG sweep :: detected in >=10% of studies :: size_lt20,kegg_sweep,set_6e3df42571,14,3
B4 KEGG sweep :: detected in >=10% of studies :: size_lt20,kegg_sweep,set_0ef80a3e60,6,1
B4 KEGG sweep :: detected in >=10% of studies :: size_lt20,kegg_sweep,set_41fbbd736d,7,1
B4 KEGG sweep :: detected in >=10% of studies :: size_lt20,kegg_sweep,set_ca1f99cd23,5,1
B4 KEGG sweep :: detected in >=10% of studies :: size_lt20,kegg_sweep,set_8c01cd9f53,7,3
B4 KEGG sweep :: detected in >=10% of studies :: size_lt20,kegg_sweep,set_3a1e9adfa7,9,3
B4 KEGG sweep :: detected in >=10% of studies :: size_lt20,kegg_sweep,set_9cf2b1affb,8,4
B4 KEGG sweep :: detected in >=10% of studies :: size_lt20,kegg_sweep,set_1b1680d957,7,3
B4 KEGG sweep :: detected in >=10% of studies :: size_lt20,kegg_sweep,set_f3e5323118,10,4
B4 KEGG sweep :: detected in >=10% of studies :: size_lt20,kegg_sweep,set_5ea8e34a72,9,1
B4 KEGG sweep :: detected in >=10% of studies :: size_lt20,kegg_sweep,set_70c9d52d44,5,1
B4 KEGG sweep :: detected in >=10% of studies :: size_lt20,kegg_sweep,set_47ec1e9833,14,2
B4 KEGG sweep :: detected in >=10% of studies :: size_lt20,kegg_sweep,set_b2b20bc21d,5,0
B4 KEGG sweep :: detected in >=10% of studies :: size_lt20,kegg_sweep,set_323f57c178,10,3
B4 KEGG sweep :: detected in >=10% of studies :: size_lt20,kegg_sweep,set_8782a703c2,5,0
B4 KEGG sweep :: detected in >=10% of studies :: size_lt20,kegg_sweep,set_9b59d46f35,6,2
B4 KEGG sweep :: detected in >=10% of studies :: size_lt20,kegg_sweep,set_9a677125a0,6,2
B4 KEGG sweep :: detected in >=10% of studies :: size_lt20,kegg_sweep,set_39673ab9a8,8,2
B4 KEGG sweep :: detected in >=10% of studies :: size_lt20,kegg_sweep,set_fef5b6db58,13,3
B4 KEGG sweep :: detected in >=10% of studies :: size_lt20,kegg_sweep,set_defccdb12c,9,0
B4 KEGG sweep :: detected in >=10% of studies :: size_lt20,kegg_sweep,set_4ab589207d,6,0
B4 KEGG sweep :: detected in >=10% of studies :: size_lt20,kegg_sweep,set_ce3e641d29,5,1
B4 KEGG sweep :: detected in >=10% of studies :: size_lt20,kegg_sweep,set_fa1bde903c,5,0
B4 KEGG sweep :: detected in >=10% of studies :: size_lt20,kegg_sweep,set_b44c30992c,5,0
B4 KEGG sweep :: detected in >=10% of studies :: size_lt20,kegg_sweep,set_7b08f7116a,10,0
B4 KEGG sweep :: detected in >=10% of studies :: size_lt20,kegg_sweep,set_ade02f5b1e,15,3
B4 KEGG sweep :: detected in >=10% of studies :: size_lt20,kegg_sweep,set_6009dcdb7e,6,0
B4 KEGG sweep :: detected in >=10% of studies :: size_lt20,kegg_sweep,set_51f864e8c0,14,0
B4 KEGG sweep :: detected in >=10% of studies :: size_lt20,kegg_sweep,set_7006b3f384,11,5
B4 KEGG sweep :: detected in >=10% of studies :: size_lt20,kegg_sweep,set_835931a774,5,1
B4 KEGG sweep :: detected in >=10% of studies :: size_lt20,kegg_sweep,set_623ad85c2e,14,1
B4 KEGG sweep :: detected in >=10% of studies :: size_lt20,kegg_sweep,set_ee997594a5,8,0
B4 KEGG sweep :: detected in >=25% of studies,kegg_sweep,set_5acb8abe6e,31,6
B4 KEGG sweep :: detected in >=25% of studies,kegg_sweep,set_dac7270197,20,7
B4 KEGG sweep :: detected in >=25% of studies,kegg_sweep,set_1869174b7f,37,4
B4 KEGG sweep :: detected in >=25% of studies,kegg_sweep,set_271ea43c69,61,2
B4 KEGG sweep :: detected in >=25% of studies,kegg_sweep,set_344072b5f4,56,5
B4 KEGG sweep :: detected in >=25% of studies,kegg_sweep,set_2138a1c123,46,6
B4 KEGG sweep :: detected in >=25% of studies,kegg_sweep,set_cfbf9cc030,57,2
B4 KEGG sweep :: detected in >=25% of studies,kegg_sweep,set_b9a825708e,58,3
B4 KEGG sweep :: detected in >=25% of studies,kegg_sweep,set_beefda2298,40,1
B4 KEGG sweep :: detected in >=25% of studies,kegg_sweep,set_54a7056432,50,1
B4 KEGG sweep :: detected in >=25% of studies,kegg_sweep,set_15cd53708d,57,0
B4 KEGG sweep :: detected in >=25% of studies,kegg_sweep,set_924bf2354d,47,2
B4 KEGG sweep :: detected in >=25% of studies,kegg_sweep,set_2227c51bc7,74,1
B4 KEGG sweep :: detected in >=25% of studies,kegg_sweep,set_2c10c2359c,100,0
B4 KEGG sweep :: detected in >=25% of studies,kegg_sweep,set_2ebb11183e,12,2
B4 KEGG sweep :: detected in >=25% of studies,kegg_sweep,set_c093da81c7,24,8
B4 KEGG sweep :: detected in >=25% of studies,kegg_sweep,set_5267159cc4,101,10
B4 KEGG sweep :: detected in >=25% of studies,kegg_sweep,set_7bb07bd8ff,22,1
B4 KEGG sweep :: detected in >=25% of studies,kegg_sweep,set_d8d29165c6,66,4
B4 KEGG sweep :: detected in >=25% of studies,kegg_sweep,set_7198d2f665,28,11
B4 KEGG sweep :: detected in >=25% of studies,kegg_sweep,set_6b91b675ac,50,10
B4 KEGG sweep :: detected in >=25% of studies,kegg_sweep,set_e7aeec8071,68,5
B4 KEGG sweep :: detected in >=25% of studies,kegg_sweep,set_ae38e946d1,42,3
B4 KEGG sweep :: detected in >=25% of studies,kegg_sweep,set_b112b5fc60,23,5
B4 KEGG sweep :: detected in >=25% of studies,kegg_sweep,set_2bc84b9269,56,6
B4 KEGG sweep :: detected in >=25% of studies,kegg_sweep,set_31c74b8829,71,7
B4 KEGG sweep :: detected in >=25% of studies,kegg_sweep,set_97b9822845,49,4
B4 KEGG sweep :: detected in >=25% of studies,kegg_sweep,set_b2ec810fd5,79,4
B4 KEGG sweep :: detected in >=25% of studies,kegg_sweep,set_d3ba0db0a8,51,5
B4 KEGG sweep :: detected in >=25% of studies,kegg_sweep,set_3c89f132e9,84,2
B4 KEGG sweep :: detected in >=25% of studies,kegg_sweep,set_3e0dfa217d,35,3
B4 KEGG sweep :: detected in >=25% of studies,kegg_sweep,set_624c481a7e,32,4
B4 KEGG sweep :: detected in >=25% of studies,kegg_sweep,set_19ae6f060f,24,5
B4 KEGG sweep :: detected in >=25% of studies,kegg_sweep,set_026dce58e5,57,2
B4 KEGG sweep :: detected in >=25% of studies,kegg_sweep,set_890c7dab5c,27,1
B4 KEGG sweep :: detected in >=25% of studies,kegg_sweep,set_4acc76344d,71,21
B4 KEGG sweep :: detected in >=25% of studies,kegg_sweep,set_3af36c8764,38,4
B4 KEGG sweep :: detected in >=25% of studies,kegg_sweep,set_9fac2bf904,37,2
B4 KEGG sweep :: detected in >=25% of studies,kegg_sweep,set_db93e5d9eb,10,0
B4 KEGG sweep :: detected in >=25% of studies,kegg_sweep,set_621efb3299,73,5
B4 KEGG sweep :: detected in >=25% of studies,kegg_sweep,set_5f5a07f0d2,81,3
B4 KEGG sweep :: detected in >=25% of studies,kegg_sweep,set_77d1e528cf,5,0
B4 KEGG sweep :: detected in >=25% of studies,kegg_sweep,set_64e403403c,122,1
B4 KEGG sweep :: detected in >=25% of studies,kegg_sweep,set_f0391c64ac,38,1
B4 KEGG sweep :: detected in >=25% of studies,kegg_sweep,set_5ad08f10f9,50,1
B4 KEGG sweep :: detected in >=25% of studies,kegg_sweep,set_ec1be6de1b,16,1
B4 KEGG sweep :: detected in >=25% of studies,kegg_sweep,set_7869d1115d,56,3
B4 KEGG sweep :: detected in >=25% of studies,kegg_sweep,set_22d14bdf46,25,0
B4 KEGG sweep :: detected in >=25% of studies,kegg_sweep,set_2085dffe34,79,1
B4 KEGG sweep :: detected in >=25% of studies,kegg_sweep,set_4319123b8c,29,2
B4 KEGG sweep :: detected in >=25% of studies,kegg_sweep,set_83661c5e7c,67,0
B4 KEGG sweep :: detected in >=25% of studies,kegg_sweep,set_f1a29f810b,36,1
B4 KEGG sweep :: detected in >=25% of studies,kegg_sweep,set_472b0fd7fb,32,6
B4 KEGG sweep :: detected in >=25% of studies,kegg_sweep,set_bcb42d3c63,67,11
B4 KEGG sweep :: detected in >=25% of studies,kegg_sweep,set_1b0cac50f9,42,2
B4 KEGG sweep :: detected in >=25% of studies,kegg_sweep,set_f78fd335ec,47,6
B4 KEGG sweep :: detected in >=25% of studies,kegg_sweep,set_59d512d8f9,35,5
B4 KEGG sweep :: detected in >=25% of studies,kegg_sweep,set_254f310839,26,6
B4 KEGG sweep :: detected in >=25% of studies,kegg_sweep,set_6b53931bd8,31,3
B4 KEGG sweep :: detected in >=25% of studies,kegg_sweep,set_ad1dcf321e,24,0
B4 KEGG sweep :: detected in >=25% of studies,kegg_sweep,set_9f4a8a2204,29,1
B4 KEGG sweep :: detected in >=25% of studies,kegg_sweep,set_b56fa8cbb9,55,5
B4 KEGG sweep :: detected in >=25% of studies,kegg_sweep,set_0189ce5c26,30,5
B4 KEGG sweep :: detected in >=25% of studies,kegg_sweep,set_0a7251c34c,29,1
B4 KEGG sweep :: detected in >=25% of studies,kegg_sweep,set_cc871f4693,44,3
B4 KEGG sweep :: detected in >=25% of studies,kegg_sweep,set_50428d09e6,58,0
B4 KEGG sweep :: detected in >=25% of studies,kegg_sweep,set_95dd531730,25,0
B4 KEGG sweep :: detected in >=25% of studies,kegg_sweep,set_3bb7f39946,148,3
B4 KEGG sweep :: detected in >=25% of studies,kegg_sweep,set_5c4fec496c,47,1
B4 KEGG sweep :: detected in >=25% of studies,kegg_sweep,set_76a51d8887,20,2
B4 KEGG sweep :: detected in >=25% of studies,kegg_sweep,set_4adf8811c2,45,4
B4 KEGG sweep :: detected in >=25% of studies,kegg_sweep,set_5c71a07112,52,19
B4 KEGG sweep :: detected in >=25% of studies,kegg_sweep,set_13c7b97ae7,121,0
B4 KEGG sweep :: detected in >=25% of studies,kegg_sweep,set_279c69eef9,87,0
B4 KEGG sweep :: detected in >=25% of studies,kegg_sweep,set_7f2eeca5ac,52,0
B4 KEGG sweep :: detected in >=25% of studies,kegg_sweep,set_7a03212d02,74,4
B4 KEGG sweep :: detected in >=25% of studies,kegg_sweep,set_8ba220eed7,5,0
B4 KEGG sweep :: detected in >=25% of studies,kegg_sweep,set_e87cd67005,17,2
B4 KEGG sweep :: detected in >=25% of studies,kegg_sweep,set_8e5071eb36,138,28
B4 KEGG sweep :: detected in >=25% of studies,kegg_sweep,set_5aeae7a327,5,0
B4 KEGG sweep :: detected in >=25% of studies,kegg_sweep,set_55eb67eab6,5,0
B4 KEGG sweep :: detected in >=25% of studies,kegg_sweep,set_e1ab26f58f,7,0
B4 KEGG sweep :: detected in >=25% of studies,kegg_sweep,set_b49dc63a5b,5,0
B4 KEGG sweep :: detected in >=25% of studies,kegg_sweep,set_e88e2cb844,11,0
B4 KEGG sweep :: detected in >=25% of studies,kegg_sweep,set_79085f78ba,10,2
B4 KEGG sweep :: detected in >=25% of studies,kegg_sweep,set_c2a3f5a6e6,25,4
B4 KEGG sweep :: detected in >=25% of studies,kegg_sweep,set_2a4af7c554,5,0
B4 KEGG sweep :: detected in >=25% of studies,kegg_sweep,set_9621b563e7,15,4
B4 KEGG sweep :: detected in >=25% of studies,kegg_sweep,set_c1c053793d,5,3
B4 KEGG sweep :: detected in >=25% of studies,kegg_sweep,set_9c62989783,29,0
B4 KEGG sweep :: detected in >=25% of studies,kegg_sweep,set_6d4de6f3ca,15,2
B4 KEGG sweep :: detected in >=25% of studies,kegg_sweep,set_403c9be3d5,11,1
B4 KEGG sweep :: detected in >=25% of studies,kegg_sweep,set_7e5adfe9e9,53,5
B4 KEGG sweep :: detected in >=25% of studies,kegg_sweep,set_e8aa2a646b,19,0
B4 KEGG sweep :: detected in >=25% of studies,kegg_sweep,set_f9838e94ed,40,4
B4 KEGG sweep :: detected in >=25% of studies,kegg_sweep,set_62b5b87fe9,11,1
B4 KEGG sweep :: detected in >=25% of studies,kegg_sweep,set_724b4b7be8,6,0
B4 KEGG sweep :: detected in >=25% of studies,kegg_sweep,set_d8b6084b60,6,0
B4 KEGG sweep :: detected in >=25% of studies,kegg_sweep,set_9d14d04ea2,21,5
B4 KEGG sweep :: detected in >=25% of studies,kegg_sweep,set_566bf87914,22,4
B4 KEGG sweep :: detected in >=25% of studies,kegg_sweep,set_0ac3e83773,8,1
B4 KEGG sweep :: detected in >=25% of studies,kegg_sweep,set_b96ec56a33,29,2
B4 KEGG sweep :: detected in >=25% of studies,kegg_sweep,set_d751b7bdb1,10,1
B4 KEGG sweep :: detected in >=25% of studies,kegg_sweep,set_553101a642,5,0
B4 KEGG sweep :: detected in >=25% of studies,kegg_sweep,set_e0fa59e770,10,0
B4 KEGG sweep :: detected in >=25% of studies,kegg_sweep,set_1aad4f3cba,16,2
B4 KEGG sweep :: detected in >=25% of studies,kegg_sweep,set_94700e869a,6,0
B4 KEGG sweep :: detected in >=25% of studies,kegg_sweep,set_0ce77a05e9,9,0
B4 KEGG sweep :: detected in >=25% of studies,kegg_sweep,set_abc9fb2339,16,3
B4 KEGG sweep :: detected in >=25% of studies,kegg_sweep,set_0e11f8b2ab,6,0
B4 KEGG sweep :: detected in >=25% of studies,kegg_sweep,set_c3d8021806,11,1
B4 KEGG sweep :: detected in >=25% of studies,kegg_sweep,set_5e83f666ee,31,0
B4 KEGG sweep :: detected in >=25% of studies,kegg_sweep,set_d9b51b3dfb,14,1
B4 KEGG sweep :: detected in >=25% of studies,kegg_sweep,set_6dc519cff6,13,0
B4 KEGG sweep :: detected in >=25% of studies,kegg_sweep,set_f79f8c3a5a,11,0
B4 KEGG sweep :: detected in >=25% of studies,kegg_sweep,set_bc82882e7a,6,0
B4 KEGG sweep :: detected in >=25% of studies,kegg_sweep,set_ec651f0509,11,1
B4 KEGG sweep :: detected in >=25% of studies,kegg_sweep,set_53e92dfd39,11,1
B4 KEGG sweep :: detected in >=25% of studies,kegg_sweep,set_632551c1e8,8,1
B4 KEGG sweep :: detected in >=25% of studies,kegg_sweep,set_4f763e6136,9,1
B4 KEGG sweep :: detected in >=25% of studies,kegg_sweep,set_fd83e9953c,23,1
B4 KEGG sweep :: detected in >=25% of studies,kegg_sweep,set_fa899e35d7,7,1
B4 KEGG sweep :: detected in >=25% of studies,kegg_sweep,set_db39372338,12,2
B4 KEGG sweep :: detected in >=25% of studies,kegg_sweep,set_d15c41421f,5,0
B4 KEGG sweep :: detected in >=25% of studies,kegg_sweep,set_bd261c68a0,19,2
B4 KEGG sweep :: detected in >=25% of studies,kegg_sweep,set_48aa3cd808,8,2
B4 KEGG sweep :: detected in >=25% of studies,kegg_sweep,set_4c5914bafc,12,1
B4 KEGG sweep :: detected in >=25% of studies,kegg_sweep,set_a99c0b045f,42,2
B4 KEGG sweep :: detected in >=25% of studies,kegg_sweep,set_0296e3477f,9,4
B4 KEGG sweep :: detected in >=25% of studies,kegg_sweep,set_1fab907f29,12,1
B4 KEGG sweep :: detected in >=25% of studies,kegg_sweep,set_ba4632c104,9,2
B4 KEGG sweep :: detected in >=25% of studies,kegg_sweep,set_9cf63a38e9,8,1
B4 KEGG sweep :: detected in >=25% of studies,kegg_sweep,set_6f4614e929,32,6
B4 KEGG sweep :: detected in >=25% of studies,kegg_sweep,set_bc65906fee,8,0
B4 KEGG sweep :: detected in >=25% of studies,kegg_sweep,set_70bc04718c,35,1
B4 KEGG sweep :: detected in >=25% of studies,kegg_sweep,set_d11e6830a7,5,0
B4 KEGG sweep :: detected in >=25% of studies,kegg_sweep,set_e6be6fb001,12,3
B4 KEGG sweep :: detected in >=25% of studies,kegg_sweep,set_63106581df,6,1
B4 KEGG sweep :: detected in >=25% of studies,kegg_sweep,set_3111a69a80,24,1
B4 KEGG sweep :: detected in >=25% of studies,kegg_sweep,set_e186047fad,8,0
B4 KEGG sweep :: detected in >=25% of studies,kegg_sweep,set_7ae664e506,6,1
B4 KEGG sweep :: detected in >=25% of studies,kegg_sweep,set_82ad1a2d6c,11,3
B4 KEGG sweep :: detected in >=25% of studies,kegg_sweep,set_2eb74fe04e,21,1
B4 KEGG sweep :: detected in >=25% of studies,kegg_sweep,set_af64d22175,11,0
B4 KEGG sweep :: detected in >=25% of studies,kegg_sweep,set_52b9f4d65d,8,0
B4 KEGG sweep :: detected in >=25% of studies,kegg_sweep,set_8ee1fdd0ce,12,1
B4 KEGG sweep :: detected in >=25% of studies,kegg_sweep,set_6007c4b59f,26,9
B4 KEGG sweep :: detected in >=25% of studies,kegg_sweep,set_1fcf7c4997,14,3
B4 KEGG sweep :: detected in >=25% of studies,kegg_sweep,set_ee7dc39286,17,2
B4 KEGG sweep :: detected in >=25% of studies,kegg_sweep,set_b8dfa17746,22,2
B4 KEGG sweep :: detected in >=25% of studies,kegg_sweep,set_4aba147af4,6,0
B4 KEGG sweep :: detected in >=25% of studies,kegg_sweep,set_0aea477239,12,1
B4 KEGG sweep :: detected in >=25% of studies,kegg_sweep,set_869596225e,11,1
B4 KEGG sweep :: detected in >=25% of studies,kegg_sweep,set_1bc67aa082,9,0
B4 KEGG sweep :: detected in >=25% of studies,kegg_sweep,set_768310548c,6,2
B4 KEGG sweep :: detected in >=25% of studies,kegg_sweep,set_45a3270a3a,19,4
B4 KEGG sweep :: detected in >=25% of studies,kegg_sweep,set_e27de11bfc,9,1
B4 KEGG sweep :: detected in >=25% of studies,kegg_sweep,set_f9e5f0c541,13,1
B4 KEGG sweep :: detected in >=25% of studies,kegg_sweep,set_4458d9419b,11,0
B4 KEGG sweep :: detected in >=25% of studies,kegg_sweep,set_a458a02921,8,0
B4 KEGG sweep :: detected in >=25% of studies,kegg_sweep,set_ea2d317004,8,0
B4 KEGG sweep :: detected in >=25% of studies,kegg_sweep,set_e859da17d3,17,5
B4 KEGG sweep :: detected in >=25% of studies,kegg_sweep,set_ee4fe13061,8,0
B4 KEGG sweep :: detected in >=25% of studies,kegg_sweep,set_144b2a2f9c,17,0
B4 KEGG sweep :: detected in >=25% of studies,kegg_sweep,set_e9c8593d4b,14,0
B4 KEGG sweep :: detected in >=25% of studies,kegg_sweep,set_44a0424b47,15,0
B4 KEGG sweep :: detected in >=25% of studies,kegg_sweep,set_4cc0961172,27,2
B4 KEGG sweep :: detected in >=25% of studies,kegg_sweep,set_951b4cb6fa,47,19
B4 KEGG sweep :: detected in >=25% of studies,kegg_sweep,set_86afea7d99,13,0
B4 KEGG sweep :: detected in >=25% of studies,kegg_sweep,set_676e2b3cde,97,5
B4 KEGG sweep :: detected in >=25% of studies,kegg_sweep,set_96ef2b3751,42,2
B4 KEGG sweep :: detected in >=25% of studies,kegg_sweep,set_13117a3ac2,29,14
B4 KEGG sweep :: detected in >=25% of studies,kegg_sweep,set_10090b4679,10,0
B4 KEGG sweep :: detected in >=25% of studies,kegg_sweep,set_c258b8d176,14,1
B4 KEGG sweep :: detected in >=25% of studies,kegg_sweep,set_ec8f2e7755,20,3
B4 KEGG sweep :: detected in >=25% of studies,kegg_sweep,set_242e07990f,19,0
B4 KEGG sweep :: detected in >=25% of studies,kegg_sweep,set_cf7bec92fd,26,3
B4 KEGG sweep :: detected in >=25% of studies,kegg_sweep,set_6e3df42571,14,2
B4 KEGG sweep :: detected in >=25% of studies,kegg_sweep,set_0ef80a3e60,6,1
B4 KEGG sweep :: detected in >=25% of studies,kegg_sweep,set_41fbbd736d,7,1
B4 KEGG sweep :: detected in >=25% of studies,kegg_sweep,set_ca1f99cd23,5,0
B4 KEGG sweep :: detected in >=25% of studies,kegg_sweep,set_eadc697c9f,32,3
B4 KEGG sweep :: detected in >=25% of studies,kegg_sweep,set_8c01cd9f53,7,2
B4 KEGG sweep :: detected in >=25% of studies,kegg_sweep,set_3a1e9adfa7,9,2
B4 KEGG sweep :: detected in >=25% of studies,kegg_sweep,set_9cf2b1affb,8,2
B4 KEGG sweep :: detected in >=25% of studies,kegg_sweep,set_1b1680d957,7,1
B4 KEGG sweep :: detected in >=25% of studies,kegg_sweep,set_f3e5323118,10,3
B4 KEGG sweep :: detected in >=25% of studies,kegg_sweep,set_5ea8e34a72,9,0
B4 KEGG sweep :: detected in >=25% of studies,kegg_sweep,set_70c9d52d44,5,0
B4 KEGG sweep :: detected in >=25% of studies,kegg_sweep,set_47ec1e9833,14,2
B4 KEGG sweep :: detected in >=25% of studies,kegg_sweep,set_b2b20bc21d,5,0
B4 KEGG sweep :: detected in >=25% of studies,kegg_sweep,set_323f57c178,10,0
B4 KEGG sweep :: detected in >=25% of studies,kegg_sweep,set_8782a703c2,5,0
B4 KEGG sweep :: detected in >=25% of studies,kegg_sweep,set_9b59d46f35,6,1
B4 KEGG sweep :: detected in >=25% of studies,kegg_sweep,set_9a677125a0,6,1
B4 KEGG sweep :: detected in >=25% of studies,kegg_sweep,set_39673ab9a8,8,2
B4 KEGG sweep :: detected in >=25% of studies,kegg_sweep,set_fef5b6db58,13,2
B4 KEGG sweep :: detected in >=25% of studies,kegg_sweep,set_defccdb12c,9,0
B4 KEGG sweep :: detected in >=25% of studies,kegg_sweep,set_4ab589207d,6,0
B4 KEGG sweep :: detected in >=25% of studies,kegg_sweep,set_ce3e641d29,5,0
B4 KEGG sweep :: detected in >=25% of studies,kegg_sweep,set_fa1bde903c,5,0
B4 KEGG sweep :: detected in >=25% of studies,kegg_sweep,set_b44c30992c,5,0
B4 KEGG sweep :: detected in >=25% of studies,kegg_sweep,set_7b08f7116a,10,0
B4 KEGG sweep :: detected in >=25% of studies,kegg_sweep,set_0e7bc14c3b,31,2
B4 KEGG sweep :: detected in >=25% of studies,kegg_sweep,set_d510144f8a,78,0
B4 KEGG sweep :: detected in >=25% of studies,kegg_sweep,set_87add8c5dc,29,0
B4 KEGG sweep :: detected in >=25% of studies,kegg_sweep,set_c9e42d4c97,57,0
B4 KEGG sweep :: detected in >=25% of studies,kegg_sweep,set_ade02f5b1e,15,1
B4 KEGG sweep :: detected in >=25% of studies,kegg_sweep,set_6009dcdb7e,6,0
B4 KEGG sweep :: detected in >=25% of studies,kegg_sweep,set_51f864e8c0,14,0
B4 KEGG sweep :: detected in >=25% of studies,kegg_sweep,set_b4b6cf7f87,37,26
B4 KEGG sweep :: detected in >=25% of studies,kegg_sweep,set_7006b3f384,11,2
B4 KEGG sweep :: detected in >=25% of studies,kegg_sweep,set_835931a774,5,0
B4 KEGG sweep :: detected in >=25% of studies,kegg_sweep,set_bd1153eb26,39,5
B4 KEGG sweep :: detected in >=25% of studies,kegg_sweep,set_623ad85c2e,14,0
B4 KEGG sweep :: detected in >=25% of studies,kegg_sweep,set_ee997594a5,8,0
B4 KEGG sweep :: detected in >=25% of studies :: size_lt20,kegg_sweep,set_2ebb11183e,12,2
B4 KEGG sweep :: detected in >=25% of studies :: size_lt20,kegg_sweep,set_db93e5d9eb,10,0
B4 KEGG sweep :: detected in >=25% of studies :: size_lt20,kegg_sweep,set_77d1e528cf,5,0
B4 KEGG sweep :: detected in >=25% of studies :: size_lt20,kegg_sweep,set_ec1be6de1b,16,1
B4 KEGG sweep :: detected in >=25% of studies :: size_lt20,kegg_sweep,set_8ba220eed7,5,0
B4 KEGG sweep :: detected in >=25% of studies :: size_lt20,kegg_sweep,set_e87cd67005,17,2
B4 KEGG sweep :: detected in >=25% of studies :: size_lt20,kegg_sweep,set_5aeae7a327,5,0
B4 KEGG sweep :: detected in >=25% of studies :: size_lt20,kegg_sweep,set_55eb67eab6,5,0
B4 KEGG sweep :: detected in >=25% of studies :: size_lt20,kegg_sweep,set_e1ab26f58f,7,0
B4 KEGG sweep :: detected in >=25% of studies :: size_lt20,kegg_sweep,set_b49dc63a5b,5,0
B4 KEGG sweep :: detected in >=25% of studies :: size_lt20,kegg_sweep,set_e88e2cb844,11,0
B4 KEGG sweep :: detected in >=25% of studies :: size_lt20,kegg_sweep,set_79085f78ba,10,2
B4 KEGG sweep :: detected in >=25% of studies :: size_lt20,kegg_sweep,set_2a4af7c554,5,0
B4 KEGG sweep :: detected in >=25% of studies :: size_lt20,kegg_sweep,set_9621b563e7,15,4
B4 KEGG sweep :: detected in >=25% of studies :: size_lt20,kegg_sweep,set_c1c053793d,5,3
B4 KEGG sweep :: detected in >=25% of studies :: size_lt20,kegg_sweep,set_6d4de6f3ca,15,2
B4 KEGG sweep :: detected in >=25% of studies :: size_lt20,kegg_sweep,set_403c9be3d5,11,1
B4 KEGG sweep :: detected in >=25% of studies :: size_lt20,kegg_sweep,set_e8aa2a646b,19,0
B4 KEGG sweep :: detected in >=25% of studies :: size_lt20,kegg_sweep,set_62b5b87fe9,11,1
B4 KEGG sweep :: detected in >=25% of studies :: size_lt20,kegg_sweep,set_724b4b7be8,6,0
B4 KEGG sweep :: detected in >=25% of studies :: size_lt20,kegg_sweep,set_d8b6084b60,6,0
B4 KEGG sweep :: detected in >=25% of studies :: size_lt20,kegg_sweep,set_0ac3e83773,8,1
B4 KEGG sweep :: detected in >=25% of studies :: size_lt20,kegg_sweep,set_d751b7bdb1,10,1
B4 KEGG sweep :: detected in >=25% of studies :: size_lt20,kegg_sweep,set_553101a642,5,0
B4 KEGG sweep :: detected in >=25% of studies :: size_lt20,kegg_sweep,set_e0fa59e770,10,0
B4 KEGG sweep :: detected in >=25% of studies :: size_lt20,kegg_sweep,set_1aad4f3cba,16,2
B4 KEGG sweep :: detected in >=25% of studies :: size_lt20,kegg_sweep,set_94700e869a,6,0
B4 KEGG sweep :: detected in >=25% of studies :: size_lt20,kegg_sweep,set_0ce77a05e9,9,0
B4 KEGG sweep :: detected in >=25% of studies :: size_lt20,kegg_sweep,set_abc9fb2339,16,3
B4 KEGG sweep :: detected in >=25% of studies :: size_lt20,kegg_sweep,set_0e11f8b2ab,6,0
B4 KEGG sweep :: detected in >=25% of studies :: size_lt20,kegg_sweep,set_c3d8021806,11,1
B4 KEGG sweep :: detected in >=25% of studies :: size_lt20,kegg_sweep,set_d9b51b3dfb,14,1
B4 KEGG sweep :: detected in >=25% of studies :: size_lt20,kegg_sweep,set_6dc519cff6,13,0
B4 KEGG sweep :: detected in >=25% of studies :: size_lt20,kegg_sweep,set_f79f8c3a5a,11,0
B4 KEGG sweep :: detected in >=25% of studies :: size_lt20,kegg_sweep,set_bc82882e7a,6,0
B4 KEGG sweep :: detected in >=25% of studies :: size_lt20,kegg_sweep,set_ec651f0509,11,1
B4 KEGG sweep :: detected in >=25% of studies :: size_lt20,kegg_sweep,set_53e92dfd39,11,1
B4 KEGG sweep :: detected in >=25% of studies :: size_lt20,kegg_sweep,set_632551c1e8,8,1
B4 KEGG sweep :: detected in >=25% of studies :: size_lt20,kegg_sweep,set_4f763e6136,9,1
B4 KEGG sweep :: detected in >=25% of studies :: size_lt20,kegg_sweep,set_fa899e35d7,7,1
B4 KEGG sweep :: detected in >=25% of studies :: size_lt20,kegg_sweep,set_db39372338,12,2
B4 KEGG sweep :: detected in >=25% of studies :: size_lt20,kegg_sweep,set_d15c41421f,5,0
B4 KEGG sweep :: detected in >=25% of studies :: size_lt20,kegg_sweep,set_bd261c68a0,19,2
B4 KEGG sweep :: detected in >=25% of studies :: size_lt20,kegg_sweep,set_48aa3cd808,8,2
B4 KEGG sweep :: detected in >=25% of studies :: size_lt20,kegg_sweep,set_4c5914bafc,12,1
B4 KEGG sweep :: detected in >=25% of studies :: size_lt20,kegg_sweep,set_0296e3477f,9,4
B4 KEGG sweep :: detected in >=25% of studies :: size_lt20,kegg_sweep,set_1fab907f29,12,1
B4 KEGG sweep :: detected in >=25% of studies :: size_lt20,kegg_sweep,set_ba4632c104,9,2
B4 KEGG sweep :: detected in >=25% of studies :: size_lt20,kegg_sweep,set_9cf63a38e9,8,1
B4 KEGG sweep :: detected in >=25% of studies :: size_lt20,kegg_sweep,set_bc65906fee,8,0
B4 KEGG sweep :: detected in >=25% of studies :: size_lt20,kegg_sweep,set_d11e6830a7,5,0
B4 KEGG sweep :: detected in >=25% of studies :: size_lt20,kegg_sweep,set_e6be6fb001,12,3
B4 KEGG sweep :: detected in >=25% of studies :: size_lt20,kegg_sweep,set_63106581df,6,1
B4 KEGG sweep :: detected in >=25% of studies :: size_lt20,kegg_sweep,set_e186047fad,8,0
B4 KEGG sweep :: detected in >=25% of studies :: size_lt20,kegg_sweep,set_7ae664e506,6,1
B4 KEGG sweep :: detected in >=25% of studies :: size_lt20,kegg_sweep,set_82ad1a2d6c,11,3
B4 KEGG sweep :: detected in >=25% of studies :: size_lt20,kegg_sweep,set_af64d22175,11,0
B4 KEGG sweep :: detected in >=25% of studies :: size_lt20,kegg_sweep,set_52b9f4d65d,8,0
B4 KEGG sweep :: detected in >=25% of studies :: size_lt20,kegg_sweep,set_8ee1fdd0ce,12,1
B4 KEGG sweep :: detected in >=25% of studies :: size_lt20,kegg_sweep,set_1fcf7c4997,14,3
B4 KEGG sweep :: detected in >=25% of studies :: size_lt20,kegg_sweep,set_ee7dc39286,17,2
B4 KEGG sweep :: detected in >=25% of studies :: size_lt20,kegg_sweep,set_4aba147af4,6,0
B4 KEGG sweep :: detected in >=25% of studies :: size_lt20,kegg_sweep,set_0aea477239,12,1
B4 KEGG sweep :: detected in >=25% of studies :: size_lt20,kegg_sweep,set_869596225e,11,1
B4 KEGG sweep :: detected in >=25% of studies :: size_lt20,kegg_sweep,set_1bc67aa082,9,0
B4 KEGG sweep :: detected in >=25% of studies :: size_lt20,kegg_sweep,set_768310548c,6,2
B4 KEGG sweep :: detected in >=25% of studies :: size_lt20,kegg_sweep,set_45a3270a3a,19,4
B4 KEGG sweep :: detected in >=25% of studies :: size_lt20,kegg_sweep,set_e27de11bfc,9,1
B4 KEGG sweep :: detected in >=25% of studies :: size_lt20,kegg_sweep,set_f9e5f0c541,13,1
B4 KEGG sweep :: detected in >=25% of studies :: size_lt20,kegg_sweep,set_4458d9419b,11,0
B4 KEGG sweep :: detected in >=25% of studies :: size_lt20,kegg_sweep,set_a458a02921,8,0
B4 KEGG sweep :: detected in >=25% of studies :: size_lt20,kegg_sweep,set_ea2d317004,8,0
B4 KEGG sweep :: detected in >=25% of studies :: size_lt20,kegg_sweep,set_e859da17d3,17,5
B4 KEGG sweep :: detected in >=25% of studies :: size_lt20,kegg_sweep,set_ee4fe13061,8,0
B4 KEGG sweep :: detected in >=25% of studies :: size_lt20,kegg_sweep,set_144b2a2f9c,17,0
B4 KEGG sweep :: detected in >=25% of studies :: size_lt20,kegg_sweep,set_e9c8593d4b,14,0
B4 KEGG sweep :: detected in >=25% of studies :: size_lt20,kegg_sweep,set_44a0424b47,15,0
B4 KEGG sweep :: detected in >=25% of studies :: size_lt20,kegg_sweep,set_86afea7d99,13,0
B4 KEGG sweep :: detected in >=25% of studies :: size_lt20,kegg_sweep,set_10090b4679,10,0
B4 KEGG sweep :: detected in >=25% of studies :: size_lt20,kegg_sweep,set_c258b8d176,14,1
B4 KEGG sweep :: detected in >=25% of studies :: size_lt20,kegg_sweep,set_242e07990f,19,0
B4 KEGG sweep :: detected in >=25% of studies :: size_lt20,kegg_sweep,set_6e3df42571,14,2
B4 KEGG sweep :: detected in >=25% of studies :: size_lt20,kegg_sweep,set_0ef80a3e60,6,1
B4 KEGG sweep :: detected in >=25% of studies :: size_lt20,kegg_sweep,set_41fbbd736d,7,1
B4 KEGG sweep :: detected in >=25% of studies :: size_lt20,kegg_sweep,set_ca1f99cd23,5,0
B4 KEGG sweep :: detected in >=25% of studies :: size_lt20,kegg_sweep,set_8c01cd9f53,7,2
B4 KEGG sweep :: detected in >=25% of studies :: size_lt20,kegg_sweep,set_3a1e9adfa7,9,2
B4 KEGG sweep :: detected in >=25% of studies :: size_lt20,kegg_sweep,set_9cf2b1affb,8,2
B4 KEGG sweep :: detected in >=25% of studies :: size_lt20,kegg_sweep,set_1b1680d957,7,1
B4 KEGG sweep :: detected in >=25% of studies :: size_lt20,kegg_sweep,set_f3e5323118,10,3
B4 KEGG sweep :: detected in >=25% of studies :: size_lt20,kegg_sweep,set_5ea8e34a72,9,0
B4 KEGG sweep :: detected in >=25% of studies :: size_lt20,kegg_sweep,set_70c9d52d44,5,0
B4 KEGG sweep :: detected in >=25% of studies :: size_lt20,kegg_sweep,set_47ec1e9833,14,2
B4 KEGG sweep :: detected in >=25% of studies :: size_lt20,kegg_sweep,set_b2b20bc21d,5,0
B4 KEGG sweep :: detected in >=25% of studies :: size_lt20,kegg_sweep,set_323f57c178,10,0
B4 KEGG sweep :: detected in >=25% of studies :: size_lt20,kegg_sweep,set_8782a703c2,5,0
B4 KEGG sweep :: detected in >=25% of studies :: size_lt20,kegg_sweep,set_9b59d46f35,6,1
B4 KEGG sweep :: detected in >=25% of studies :: size_lt20,kegg_sweep,set_9a677125a0,6,1
B4 KEGG sweep :: detected in >=25% of studies :: size_lt20,kegg_sweep,set_39673ab9a8,8,2
B4 KEGG sweep :: detected in >=25% of studies :: size_lt20,kegg_sweep,set_fef5b6db58,13,2
B4 KEGG sweep :: detected in >=25% of studies :: size_lt20,kegg_sweep,set_defccdb12c,9,0
B4 KEGG sweep :: detected in >=25% of studies :: size_lt20,kegg_sweep,set_4ab589207d,6,0
B4 KEGG sweep :: detected in >=25% of studies :: size_lt20,kegg_sweep,set_ce3e641d29,5,0
B4 KEGG sweep :: detected in >=25% of studies :: size_lt20,kegg_sweep,set_fa1bde903c,5,0
B4 KEGG sweep :: detected in >=25% of studies :: size_lt20,kegg_sweep,set_b44c30992c,5,0
B4 KEGG sweep :: detected in >=25% of studies :: size_lt20,kegg_sweep,set_7b08f7116a,10,0
B4 KEGG sweep :: detected in >=25% of studies :: size_lt20,kegg_sweep,set_ade02f5b1e,15,1
B4 KEGG sweep :: detected in >=25% of studies :: size_lt20,kegg_sweep,set_6009dcdb7e,6,0
B4 KEGG sweep :: detected in >=25% of studies :: size_lt20,kegg_sweep,set_51f864e8c0,14,0
B4 KEGG sweep :: detected in >=25% of studies :: size_lt20,kegg_sweep,set_7006b3f384,11,2
B4 KEGG sweep :: detected in >=25% of studies :: size_lt20,kegg_sweep,set_835931a774,5,0
B4 KEGG sweep :: detected in >=25% of studies :: size_lt20,kegg_sweep,set_623ad85c2e,14,0
B4 KEGG sweep :: detected in >=25% of studies :: size_lt20,kegg_sweep,set_ee997594a5,8,0
B4 KEGG sweep :: detected in >=50% of studies,kegg_sweep,set_5acb8abe6e,31,0
B4 KEGG sweep :: detected in >=50% of studies,kegg_sweep,set_dac7270197,20,0
B4 KEGG sweep :: detected in >=50% of studies,kegg_sweep,set_1869174b7f,37,0
B4 KEGG sweep :: detected in >=50% of studies,kegg_sweep,set_271ea43c69,61,0
B4 KEGG sweep :: detected in >=50% of studies,kegg_sweep,set_344072b5f4,56,0
B4 KEGG sweep :: detected in >=50% of studies,kegg_sweep,set_2138a1c123,46,0
B4 KEGG sweep :: detected in >=50% of studies,kegg_sweep,set_cfbf9cc030,57,0
B4 KEGG sweep :: detected in >=50% of studies,kegg_sweep,set_b9a825708e,58,0
B4 KEGG sweep :: detected in >=50% of studies,kegg_sweep,set_beefda2298,40,0
B4 KEGG sweep :: detected in >=50% of studies,kegg_sweep,set_54a7056432,50,0
B4 KEGG sweep :: detected in >=50% of studies,kegg_sweep,set_15cd53708d,57,0
B4 KEGG sweep :: detected in >=50% of studies,kegg_sweep,set_924bf2354d,47,0
B4 KEGG sweep :: detected in >=50% of studies,kegg_sweep,set_2227c51bc7,74,1
B4 KEGG sweep :: detected in >=50% of studies,kegg_sweep,set_2c10c2359c,100,0
B4 KEGG sweep :: detected in >=50% of studies,kegg_sweep,set_2ebb11183e,12,0
B4 KEGG sweep :: detected in >=50% of studies,kegg_sweep,set_c093da81c7,24,2
B4 KEGG sweep :: detected in >=50% of studies,kegg_sweep,set_5267159cc4,101,1
B4 KEGG sweep :: detected in >=50% of studies,kegg_sweep,set_7bb07bd8ff,22,0
B4 KEGG sweep :: detected in >=50% of studies,kegg_sweep,set_d8d29165c6,66,1
B4 KEGG sweep :: detected in >=50% of studies,kegg_sweep,set_7198d2f665,28,2
B4 KEGG sweep :: detected in >=50% of studies,kegg_sweep,set_6b91b675ac,50,1
B4 KEGG sweep :: detected in >=50% of studies,kegg_sweep,set_e7aeec8071,68,1
B4 KEGG sweep :: detected in >=50% of studies,kegg_sweep,set_ae38e946d1,42,1
B4 KEGG sweep :: detected in >=50% of studies,kegg_sweep,set_b112b5fc60,23,1
B4 KEGG sweep :: detected in >=50% of studies,kegg_sweep,set_2bc84b9269,56,0
B4 KEGG sweep :: detected in >=50% of studies,kegg_sweep,set_31c74b8829,71,3
B4 KEGG sweep :: detected in >=50% of studies,kegg_sweep,set_97b9822845,49,1
B4 KEGG sweep :: detected in >=50% of studies,kegg_sweep,set_b2ec810fd5,79,1
B4 KEGG sweep :: detected in >=50% of studies,kegg_sweep,set_d3ba0db0a8,51,2
B4 KEGG sweep :: detected in >=50% of studies,kegg_sweep,set_3c89f132e9,84,1
B4 KEGG sweep :: detected in >=50% of studies,kegg_sweep,set_3e0dfa217d,35,3
B4 KEGG sweep :: detected in >=50% of studies,kegg_sweep,set_624c481a7e,32,0
B4 KEGG sweep :: detected in >=50% of studies,kegg_sweep,set_19ae6f060f,24,1
B4 KEGG sweep :: detected in >=50% of studies,kegg_sweep,set_026dce58e5,57,0
B4 KEGG sweep :: detected in >=50% of studies,kegg_sweep,set_890c7dab5c,27,0
B4 KEGG sweep :: detected in >=50% of studies,kegg_sweep,set_4acc76344d,71,6
B4 KEGG sweep :: detected in >=50% of studies,kegg_sweep,set_3af36c8764,38,1
B4 KEGG sweep :: detected in >=50% of studies,kegg_sweep,set_9fac2bf904,37,0
B4 KEGG sweep :: detected in >=50% of studies,kegg_sweep,set_db93e5d9eb,10,0
B4 KEGG sweep :: detected in >=50% of studies,kegg_sweep,set_621efb3299,73,0
B4 KEGG sweep :: detected in >=50% of studies,kegg_sweep,set_5f5a07f0d2,81,1
B4 KEGG sweep :: detected in >=50% of studies,kegg_sweep,set_77d1e528cf,5,0
B4 KEGG sweep :: detected in >=50% of studies,kegg_sweep,set_64e403403c,122,0
B4 KEGG sweep :: detected in >=50% of studies,kegg_sweep,set_f0391c64ac,38,0
B4 KEGG sweep :: detected in >=50% of studies,kegg_sweep,set_5ad08f10f9,50,0
B4 KEGG sweep :: detected in >=50% of studies,kegg_sweep,set_ec1be6de1b,16,0
B4 KEGG sweep :: detected in >=50% of studies,kegg_sweep,set_7869d1115d,56,0
B4 KEGG sweep :: detected in >=50% of studies,kegg_sweep,set_22d14bdf46,25,0
B4 KEGG sweep :: detected in >=50% of studies,kegg_sweep,set_2085dffe34,79,0
B4 KEGG sweep :: detected in >=50% of studies,kegg_sweep,set_4319123b8c,29,0
B4 KEGG sweep :: detected in >=50% of studies,kegg_sweep,set_83661c5e7c,67,0
B4 KEGG sweep :: detected in >=50% of studies,kegg_sweep,set_f1a29f810b,36,0
B4 KEGG sweep :: detected in >=50% of studies,kegg_sweep,set_472b0fd7fb,32,0
B4 KEGG sweep :: detected in >=50% of studies,kegg_sweep,set_bcb42d3c63,67,2
B4 KEGG sweep :: detected in >=50% of studies,kegg_sweep,set_1b0cac50f9,42,0
B4 KEGG sweep :: detected in >=50% of studies,kegg_sweep,set_f78fd335ec,47,1
B4 KEGG sweep :: detected in >=50% of studies,kegg_sweep,set_59d512d8f9,35,1
B4 KEGG sweep :: detected in >=50% of studies,kegg_sweep,set_254f310839,26,1
B4 KEGG sweep :: detected in >=50% of studies,kegg_sweep,set_6b53931bd8,31,1
B4 KEGG sweep :: detected in >=50% of studies,kegg_sweep,set_ad1dcf321e,24,0
B4 KEGG sweep :: detected in >=50% of studies,kegg_sweep,set_9f4a8a2204,29,1
B4 KEGG sweep :: detected in >=50% of studies,kegg_sweep,set_b56fa8cbb9,55,0
B4 KEGG sweep :: detected in >=50% of studies,kegg_sweep,set_0189ce5c26,30,1
B4 KEGG sweep :: detected in >=50% of studies,kegg_sweep,set_0a7251c34c,29,0
B4 KEGG sweep :: detected in >=50% of studies,kegg_sweep,set_cc871f4693,44,0
B4 KEGG sweep :: detected in >=50% of studies,kegg_sweep,set_50428d09e6,58,0
B4 KEGG sweep :: detected in >=50% of studies,kegg_sweep,set_95dd531730,25,0
B4 KEGG sweep :: detected in >=50% of studies,kegg_sweep,set_3bb7f39946,148,1
B4 KEGG sweep :: detected in >=50% of studies,kegg_sweep,set_5c4fec496c,47,0
B4 KEGG sweep :: detected in >=50% of studies,kegg_sweep,set_76a51d8887,20,2
B4 KEGG sweep :: detected in >=50% of studies,kegg_sweep,set_4adf8811c2,45,1
B4 KEGG sweep :: detected in >=50% of studies,kegg_sweep,set_5c71a07112,52,8
B4 KEGG sweep :: detected in >=50% of studies,kegg_sweep,set_13c7b97ae7,121,0
B4 KEGG sweep :: detected in >=50% of studies,kegg_sweep,set_279c69eef9,87,0
B4 KEGG sweep :: detected in >=50% of studies,kegg_sweep,set_7f2eeca5ac,52,0
B4 KEGG sweep :: detected in >=50% of studies,kegg_sweep,set_7a03212d02,74,0
B4 KEGG sweep :: detected in >=50% of studies,kegg_sweep,set_8ba220eed7,5,0
B4 KEGG sweep :: detected in >=50% of studies,kegg_sweep,set_e87cd67005,17,1
B4 KEGG sweep :: detected in >=50% of studies,kegg_sweep,set_8e5071eb36,138,5
B4 KEGG sweep :: detected in >=50% of studies,kegg_sweep,set_5aeae7a327,5,0
B4 KEGG sweep :: detected in >=50% of studies,kegg_sweep,set_55eb67eab6,5,0
B4 KEGG sweep :: detected in >=50% of studies,kegg_sweep,set_e1ab26f58f,7,0
B4 KEGG sweep :: detected in >=50% of studies,kegg_sweep,set_b49dc63a5b,5,0
B4 KEGG sweep :: detected in >=50% of studies,kegg_sweep,set_e88e2cb844,11,0
B4 KEGG sweep :: detected in >=50% of studies,kegg_sweep,set_79085f78ba,10,0
B4 KEGG sweep :: detected in >=50% of studies,kegg_sweep,set_c2a3f5a6e6,25,0
B4 KEGG sweep :: detected in >=50% of studies,kegg_sweep,set_2a4af7c554,5,0
B4 KEGG sweep :: detected in >=50% of studies,kegg_sweep,set_9621b563e7,15,0
B4 KEGG sweep :: detected in >=50% of studies,kegg_sweep,set_c1c053793d,5,1
B4 KEGG sweep :: detected in >=50% of studies,kegg_sweep,set_9c62989783,29,0
B4 KEGG sweep :: detected in >=50% of studies,kegg_sweep,set_6d4de6f3ca,15,0
B4 KEGG sweep :: detected in >=50% of studies,kegg_sweep,set_403c9be3d5,11,1
B4 KEGG sweep :: detected in >=50% of studies,kegg_sweep,set_7e5adfe9e9,53,1
B4 KEGG sweep :: detected in >=50% of studies,kegg_sweep,set_e8aa2a646b,19,0
B4 KEGG sweep :: detected in >=50% of studies,kegg_sweep,set_f9838e94ed,40,1
B4 KEGG sweep :: detected in >=50% of studies,kegg_sweep,set_62b5b87fe9,11,0
B4 KEGG sweep :: detected in >=50% of studies,kegg_sweep,set_724b4b7be8,6,0
B4 KEGG sweep :: detected in >=50% of studies,kegg_sweep,set_d8b6084b60,6,0
B4 KEGG sweep :: detected in >=50% of studies,kegg_sweep,set_9d14d04ea2,21,1
B4 KEGG sweep :: detected in >=50% of studies,kegg_sweep,set_566bf87914,22,0
B4 KEGG sweep :: detected in >=50% of studies,kegg_sweep,set_0ac3e83773,8,0
B4 KEGG sweep :: detected in >=50% of studies,kegg_sweep,set_b96ec56a33,29,1
B4 KEGG sweep :: detected in >=50% of studies,kegg_sweep,set_d751b7bdb1,10,0
B4 KEGG sweep :: detected in >=50% of studies,kegg_sweep,set_553101a642,5,0
B4 KEGG sweep :: detected in >=50% of studies,kegg_sweep,set_e0fa59e770,10,0
B4 KEGG sweep :: detected in >=50% of studies,kegg_sweep,set_1aad4f3cba,16,0
B4 KEGG sweep :: detected in >=50% of studies,kegg_sweep,set_94700e869a,6,0
B4 KEGG sweep :: detected in >=50% of studies,kegg_sweep,set_0ce77a05e9,9,0
B4 KEGG sweep :: detected in >=50% of studies,kegg_sweep,set_abc9fb2339,16,1
B4 KEGG sweep :: detected in >=50% of studies,kegg_sweep,set_0e11f8b2ab,6,0
B4 KEGG sweep :: detected in >=50% of studies,kegg_sweep,set_c3d8021806,11,1
B4 KEGG sweep :: detected in >=50% of studies,kegg_sweep,set_5e83f666ee,31,0
B4 KEGG sweep :: detected in >=50% of studies,kegg_sweep,set_d9b51b3dfb,14,0
B4 KEGG sweep :: detected in >=50% of studies,kegg_sweep,set_6dc519cff6,13,0
B4 KEGG sweep :: detected in >=50% of studies,kegg_sweep,set_f79f8c3a5a,11,0
B4 KEGG sweep :: detected in >=50% of studies,kegg_sweep,set_bc82882e7a,6,0
B4 KEGG sweep :: detected in >=50% of studies,kegg_sweep,set_ec651f0509,11,0
B4 KEGG sweep :: detected in >=50% of studies,kegg_sweep,set_53e92dfd39,11,0
B4 KEGG sweep :: detected in >=50% of studies,kegg_sweep,set_632551c1e8,8,0
B4 KEGG sweep :: detected in >=50% of studies,kegg_sweep,set_4f763e6136,9,1
B4 KEGG sweep :: detected in >=50% of studies,kegg_sweep,set_fd83e9953c,23,0
B4 KEGG sweep :: detected in >=50% of studies,kegg_sweep,set_fa899e35d7,7,1
B4 KEGG sweep :: detected in >=50% of studies,kegg_sweep,set_db39372338,12,1
B4 KEGG sweep :: detected in >=50% of studies,kegg_sweep,set_d15c41421f,5,0
B4 KEGG sweep :: detected in >=50% of studies,kegg_sweep,set_bd261c68a0,19,1
B4 KEGG sweep :: detected in >=50% of studies,kegg_sweep,set_48aa3cd808,8,2
B4 KEGG sweep :: detected in >=50% of studies,kegg_sweep,set_4c5914bafc,12,0
B4 KEGG sweep :: detected in >=50% of studies,kegg_sweep,set_a99c0b045f,42,1
B4 KEGG sweep :: detected in >=50% of studies,kegg_sweep,set_0296e3477f,9,2
B4 KEGG sweep :: detected in >=50% of studies,kegg_sweep,set_1fab907f29,12,1
B4 KEGG sweep :: detected in >=50% of studies,kegg_sweep,set_ba4632c104,9,1
B4 KEGG sweep :: detected in >=50% of studies,kegg_sweep,set_9cf63a38e9,8,0
B4 KEGG sweep :: detected in >=50% of studies,kegg_sweep,set_6f4614e929,32,1
B4 KEGG sweep :: detected in >=50% of studies,kegg_sweep,set_bc65906fee,8,0
B4 KEGG sweep :: detected in >=50% of studies,kegg_sweep,set_70bc04718c,35,0
B4 KEGG sweep :: detected in >=50% of studies,kegg_sweep,set_d11e6830a7,5,0
B4 KEGG sweep :: detected in >=50% of studies,kegg_sweep,set_e6be6fb001,12,0
B4 KEGG sweep :: detected in >=50% of studies,kegg_sweep,set_63106581df,6,0
B4 KEGG sweep :: detected in >=50% of studies,kegg_sweep,set_3111a69a80,24,0
B4 KEGG sweep :: detected in >=50% of studies,kegg_sweep,set_e186047fad,8,0
B4 KEGG sweep :: detected in >=50% of studies,kegg_sweep,set_7ae664e506,6,1
B4 KEGG sweep :: detected in >=50% of studies,kegg_sweep,set_82ad1a2d6c,11,1
B4 KEGG sweep :: detected in >=50% of studies,kegg_sweep,set_2eb74fe04e,21,0
B4 KEGG sweep :: detected in >=50% of studies,kegg_sweep,set_af64d22175,11,0
B4 KEGG sweep :: detected in >=50% of studies,kegg_sweep,set_52b9f4d65d,8,0
B4 KEGG sweep :: detected in >=50% of studies,kegg_sweep,set_8ee1fdd0ce,12,0
B4 KEGG sweep :: detected in >=50% of studies,kegg_sweep,set_6007c4b59f,26,0
B4 KEGG sweep :: detected in >=50% of studies,kegg_sweep,set_1fcf7c4997,14,0
B4 KEGG sweep :: detected in >=50% of studies,kegg_sweep,set_ee7dc39286,17,0
B4 KEGG sweep :: detected in >=50% of studies,kegg_sweep,set_b8dfa17746,22,0
B4 KEGG sweep :: detected in >=50% of studies,kegg_sweep,set_4aba147af4,6,0
B4 KEGG sweep :: detected in >=50% of studies,kegg_sweep,set_0aea477239,12,0
B4 KEGG sweep :: detected in >=50% of studies,kegg_sweep,set_869596225e,11,0
B4 KEGG sweep :: detected in >=50% of studies,kegg_sweep,set_1bc67aa082,9,0
B4 KEGG sweep :: detected in >=50% of studies,kegg_sweep,set_768310548c,6,0
B4 KEGG sweep :: detected in >=50% of studies,kegg_sweep,set_45a3270a3a,19,0
B4 KEGG sweep :: detected in >=50% of studies,kegg_sweep,set_e27de11bfc,9,0
B4 KEGG sweep :: detected in >=50% of studies,kegg_sweep,set_f9e5f0c541,13,0
B4 KEGG sweep :: detected in >=50% of studies,kegg_sweep,set_4458d9419b,11,0
B4 KEGG sweep :: detected in >=50% of studies,kegg_sweep,set_a458a02921,8,0
B4 KEGG sweep :: detected in >=50% of studies,kegg_sweep,set_ea2d317004,8,0
B4 KEGG sweep :: detected in >=50% of studies,kegg_sweep,set_e859da17d3,17,2
B4 KEGG sweep :: detected in >=50% of studies,kegg_sweep,set_ee4fe13061,8,0
B4 KEGG sweep :: detected in >=50% of studies,kegg_sweep,set_144b2a2f9c,17,0
B4 KEGG sweep :: detected in >=50% of studies,kegg_sweep,set_e9c8593d4b,14,0
B4 KEGG sweep :: detected in >=50% of studies,kegg_sweep,set_44a0424b47,15,0
B4 KEGG sweep :: detected in >=50% of studies,kegg_sweep,set_4cc0961172,27,0
B4 KEGG sweep :: detected in >=50% of studies,kegg_sweep,set_951b4cb6fa,47,8
B4 KEGG sweep :: detected in >=50% of studies,kegg_sweep,set_86afea7d99,13,0
B4 KEGG sweep :: detected in >=50% of studies,kegg_sweep,set_676e2b3cde,97,0
B4 KEGG sweep :: detected in >=50% of studies,kegg_sweep,set_96ef2b3751,42,0
B4 KEGG sweep :: detected in >=50% of studies,kegg_sweep,set_13117a3ac2,29,6
B4 KEGG sweep :: detected in >=50% of studies,kegg_sweep,set_10090b4679,10,0
B4 KEGG sweep :: detected in >=50% of studies,kegg_sweep,set_c258b8d176,14,1
B4 KEGG sweep :: detected in >=50% of studies,kegg_sweep,set_ec8f2e7755,20,1
B4 KEGG sweep :: detected in >=50% of studies,kegg_sweep,set_242e07990f,19,0
B4 KEGG sweep :: detected in >=50% of studies,kegg_sweep,set_cf7bec92fd,26,1
B4 KEGG sweep :: detected in >=50% of studies,kegg_sweep,set_6e3df42571,14,1
B4 KEGG sweep :: detected in >=50% of studies,kegg_sweep,set_0ef80a3e60,6,1
B4 KEGG sweep :: detected in >=50% of studies,kegg_sweep,set_41fbbd736d,7,1
B4 KEGG sweep :: detected in >=50% of studies,kegg_sweep,set_ca1f99cd23,5,0
B4 KEGG sweep :: detected in >=50% of studies,kegg_sweep,set_eadc697c9f,32,1
B4 KEGG sweep :: detected in >=50% of studies,kegg_sweep,set_8c01cd9f53,7,2
B4 KEGG sweep :: detected in >=50% of studies,kegg_sweep,set_3a1e9adfa7,9,2
B4 KEGG sweep :: detected in >=50% of studies,kegg_sweep,set_9cf2b1affb,8,0
B4 KEGG sweep :: detected in >=50% of studies,kegg_sweep,set_1b1680d957,7,1
B4 KEGG sweep :: detected in >=50% of studies,kegg_sweep,set_f3e5323118,10,2
B4 KEGG sweep :: detected in >=50% of studies,kegg_sweep,set_5ea8e34a72,9,0
B4 KEGG sweep :: detected in >=50% of studies,kegg_sweep,set_70c9d52d44,5,0
B4 KEGG sweep :: detected in >=50% of studies,kegg_sweep,set_47ec1e9833,14,0
B4 KEGG sweep :: detected in >=50% of studies,kegg_sweep,set_b2b20bc21d,5,0
B4 KEGG sweep :: detected in >=50% of studies,kegg_sweep,set_323f57c178,10,0
B4 KEGG sweep :: detected in >=50% of studies,kegg_sweep,set_8782a703c2,5,0
B4 KEGG sweep :: detected in >=50% of studies,kegg_sweep,set_9b59d46f35,6,0
B4 KEGG sweep :: detected in >=50% of studies,kegg_sweep,set_9a677125a0,6,0
B4 KEGG sweep :: detected in >=50% of studies,kegg_sweep,set_39673ab9a8,8,1
B4 KEGG sweep :: detected in >=50% of studies,kegg_sweep,set_fef5b6db58,13,0
B4 KEGG sweep :: detected in >=50% of studies,kegg_sweep,set_defccdb12c,9,0
B4 KEGG sweep :: detected in >=50% of studies,kegg_sweep,set_4ab589207d,6,0
B4 KEGG sweep :: detected in >=50% of studies,kegg_sweep,set_ce3e641d29,5,0
B4 KEGG sweep :: detected in >=50% of studies,kegg_sweep,set_fa1bde903c,5,0
B4 KEGG sweep :: detected in >=50% of studies,kegg_sweep,set_b44c30992c,5,0
B4 KEGG sweep :: detected in >=50% of studies,kegg_sweep,set_7b08f7116a,10,0
B4 KEGG sweep :: detected in >=50% of studies,kegg_sweep,set_0e7bc14c3b,31,0
B4 KEGG sweep :: detected in >=50% of studies,kegg_sweep,set_d510144f8a,78,0
B4 KEGG sweep :: detected in >=50% of studies,kegg_sweep,set_87add8c5dc,29,0
B4 KEGG sweep :: detected in >=50% of studies,kegg_sweep,set_c9e42d4c97,57,0
B4 KEGG sweep :: detected in >=50% of studies,kegg_sweep,set_ade02f5b1e,15,1
B4 KEGG sweep :: detected in >=50% of studies,kegg_sweep,set_6009dcdb7e,6,0
B4 KEGG sweep :: detected in >=50% of studies,kegg_sweep,set_51f864e8c0,14,0
B4 KEGG sweep :: detected in >=50% of studies,kegg_sweep,set_b4b6cf7f87,37,8
B4 KEGG sweep :: detected in >=50% of studies,kegg_sweep,set_7006b3f384,11,0
B4 KEGG sweep :: detected in >=50% of studies,kegg_sweep,set_835931a774,5,0
B4 KEGG sweep :: detected in >=50% of studies,kegg_sweep,set_bd1153eb26,39,0
B4 KEGG sweep :: detected in >=50% of studies,kegg_sweep,set_623ad85c2e,14,0
B4 KEGG sweep :: detected in >=50% of studies,kegg_sweep,set_ee997594a5,8,0
B4 KEGG sweep :: detected in >=50% of studies :: size_lt20,kegg_sweep,set_2ebb11183e,12,0
B4 KEGG sweep :: detected in >=50% of studies :: size_lt20,kegg_sweep,set_db93e5d9eb,10,0
B4 KEGG sweep :: detected in >=50% of studies :: size_lt20,kegg_sweep,set_77d1e528cf,5,0
B4 KEGG sweep :: detected in >=50% of studies :: size_lt20,kegg_sweep,set_ec1be6de1b,16,0
B4 KEGG sweep :: detected in >=50% of studies :: size_lt20,kegg_sweep,set_8ba220eed7,5,0
B4 KEGG sweep :: detected in >=50% of studies :: size_lt20,kegg_sweep,set_e87cd67005,17,1
B4 KEGG sweep :: detected in >=50% of studies :: size_lt20,kegg_sweep,set_5aeae7a327,5,0
B4 KEGG sweep :: detected in >=50% of studies :: size_lt20,kegg_sweep,set_55eb67eab6,5,0
B4 KEGG sweep :: detected in >=50% of studies :: size_lt20,kegg_sweep,set_e1ab26f58f,7,0
B4 KEGG sweep :: detected in >=50% of studies :: size_lt20,kegg_sweep,set_b49dc63a5b,5,0
B4 KEGG sweep :: detected in >=50% of studies :: size_lt20,kegg_sweep,set_e88e2cb844,11,0
B4 KEGG sweep :: detected in >=50% of studies :: size_lt20,kegg_sweep,set_79085f78ba,10,0
B4 KEGG sweep :: detected in >=50% of studies :: size_lt20,kegg_sweep,set_2a4af7c554,5,0
B4 KEGG sweep :: detected in >=50% of studies :: size_lt20,kegg_sweep,set_9621b563e7,15,0
B4 KEGG sweep :: detected in >=50% of studies :: size_lt20,kegg_sweep,set_c1c053793d,5,1
B4 KEGG sweep :: detected in >=50% of studies :: size_lt20,kegg_sweep,set_6d4de6f3ca,15,0
B4 KEGG sweep :: detected in >=50% of studies :: size_lt20,kegg_sweep,set_403c9be3d5,11,1
B4 KEGG sweep :: detected in >=50% of studies :: size_lt20,kegg_sweep,set_e8aa2a646b,19,0
B4 KEGG sweep :: detected in >=50% of studies :: size_lt20,kegg_sweep,set_62b5b87fe9,11,0
B4 KEGG sweep :: detected in >=50% of studies :: size_lt20,kegg_sweep,set_724b4b7be8,6,0
B4 KEGG sweep :: detected in >=50% of studies :: size_lt20,kegg_sweep,set_d8b6084b60,6,0
B4 KEGG sweep :: detected in >=50% of studies :: size_lt20,kegg_sweep,set_0ac3e83773,8,0
B4 KEGG sweep :: detected in >=50% of studies :: size_lt20,kegg_sweep,set_d751b7bdb1,10,0
B4 KEGG sweep :: detected in >=50% of studies :: size_lt20,kegg_sweep,set_553101a642,5,0
B4 KEGG sweep :: detected in >=50% of studies :: size_lt20,kegg_sweep,set_e0fa59e770,10,0
B4 KEGG sweep :: detected in >=50% of studies :: size_lt20,kegg_sweep,set_1aad4f3cba,16,0
B4 KEGG sweep :: detected in >=50% of studies :: size_lt20,kegg_sweep,set_94700e869a,6,0
B4 KEGG sweep :: detected in >=50% of studies :: size_lt20,kegg_sweep,set_0ce77a05e9,9,0
B4 KEGG sweep :: detected in >=50% of studies :: size_lt20,kegg_sweep,set_abc9fb2339,16,1
B4 KEGG sweep :: detected in >=50% of studies :: size_lt20,kegg_sweep,set_0e11f8b2ab,6,0
B4 KEGG sweep :: detected in >=50% of studies :: size_lt20,kegg_sweep,set_c3d8021806,11,1
B4 KEGG sweep :: detected in >=50% of studies :: size_lt20,kegg_sweep,set_d9b51b3dfb,14,0
B4 KEGG sweep :: detected in >=50% of studies :: size_lt20,kegg_sweep,set_6dc519cff6,13,0
B4 KEGG sweep :: detected in >=50% of studies :: size_lt20,kegg_sweep,set_f79f8c3a5a,11,0
B4 KEGG sweep :: detected in >=50% of studies :: size_lt20,kegg_sweep,set_bc82882e7a,6,0
B4 KEGG sweep :: detected in >=50% of studies :: size_lt20,kegg_sweep,set_ec651f0509,11,0
B4 KEGG sweep :: detected in >=50% of studies :: size_lt20,kegg_sweep,set_53e92dfd39,11,0
B4 KEGG sweep :: detected in >=50% of studies :: size_lt20,kegg_sweep,set_632551c1e8,8,0
B4 KEGG sweep :: detected in >=50% of studies :: size_lt20,kegg_sweep,set_4f763e6136,9,1
B4 KEGG sweep :: detected in >=50% of studies :: size_lt20,kegg_sweep,set_fa899e35d7,7,1
B4 KEGG sweep :: detected in >=50% of studies :: size_lt20,kegg_sweep,set_db39372338,12,1
B4 KEGG sweep :: detected in >=50% of studies :: size_lt20,kegg_sweep,set_d15c41421f,5,0
B4 KEGG sweep :: detected in >=50% of studies :: size_lt20,kegg_sweep,set_bd261c68a0,19,1
B4 KEGG sweep :: detected in >=50% of studies :: size_lt20,kegg_sweep,set_48aa3cd808,8,2
B4 KEGG sweep :: detected in >=50% of studies :: size_lt20,kegg_sweep,set_4c5914bafc,12,0
B4 KEGG sweep :: detected in >=50% of studies :: size_lt20,kegg_sweep,set_0296e3477f,9,2
B4 KEGG sweep :: detected in >=50% of studies :: size_lt20,kegg_sweep,set_1fab907f29,12,1
B4 KEGG sweep :: detected in >=50% of studies :: size_lt20,kegg_sweep,set_ba4632c104,9,1
B4 KEGG sweep :: detected in >=50% of studies :: size_lt20,kegg_sweep,set_9cf63a38e9,8,0
B4 KEGG sweep :: detected in >=50% of studies :: size_lt20,kegg_sweep,set_bc65906fee,8,0
B4 KEGG sweep :: detected in >=50% of studies :: size_lt20,kegg_sweep,set_d11e6830a7,5,0
B4 KEGG sweep :: detected in >=50% of studies :: size_lt20,kegg_sweep,set_e6be6fb001,12,0
B4 KEGG sweep :: detected in >=50% of studies :: size_lt20,kegg_sweep,set_63106581df,6,0
B4 KEGG sweep :: detected in >=50% of studies :: size_lt20,kegg_sweep,set_e186047fad,8,0
B4 KEGG sweep :: detected in >=50% of studies :: size_lt20,kegg_sweep,set_7ae664e506,6,1
B4 KEGG sweep :: detected in >=50% of studies :: size_lt20,kegg_sweep,set_82ad1a2d6c,11,1
B4 KEGG sweep :: detected in >=50% of studies :: size_lt20,kegg_sweep,set_af64d22175,11,0
B4 KEGG sweep :: detected in >=50% of studies :: size_lt20,kegg_sweep,set_52b9f4d65d,8,0
B4 KEGG sweep :: detected in >=50% of studies :: size_lt20,kegg_sweep,set_8ee1fdd0ce,12,0
B4 KEGG sweep :: detected in >=50% of studies :: size_lt20,kegg_sweep,set_1fcf7c4997,14,0
B4 KEGG sweep :: detected in >=50% of studies :: size_lt20,kegg_sweep,set_ee7dc39286,17,0
B4 KEGG sweep :: detected in >=50% of studies :: size_lt20,kegg_sweep,set_4aba147af4,6,0
B4 KEGG sweep :: detected in >=50% of studies :: size_lt20,kegg_sweep,set_0aea477239,12,0
B4 KEGG sweep :: detected in >=50% of studies :: size_lt20,kegg_sweep,set_869596225e,11,0
B4 KEGG sweep :: detected in >=50% of studies :: size_lt20,kegg_sweep,set_1bc67aa082,9,0
B4 KEGG sweep :: detected in >=50% of studies :: size_lt20,kegg_sweep,set_768310548c,6,0
B4 KEGG sweep :: detected in >=50% of studies :: size_lt20,kegg_sweep,set_45a3270a3a,19,0
B4 KEGG sweep :: detected in >=50% of studies :: size_lt20,kegg_sweep,set_e27de11bfc,9,0
B4 KEGG sweep :: detected in >=50% of studies :: size_lt20,kegg_sweep,set_f9e5f0c541,13,0
B4 KEGG sweep :: detected in >=50% of studies :: size_lt20,kegg_sweep,set_4458d9419b,11,0
B4 KEGG sweep :: detected in >=50% of studies :: size_lt20,kegg_sweep,set_a458a02921,8,0
B4 KEGG sweep :: detected in >=50% of studies :: size_lt20,kegg_sweep,set_ea2d317004,8,0
B4 KEGG sweep :: detected in >=50% of studies :: size_lt20,kegg_sweep,set_e859da17d3,17,2
B4 KEGG sweep :: detected in >=50% of studies :: size_lt20,kegg_sweep,set_ee4fe13061,8,0
B4 KEGG sweep :: detected in >=50% of studies :: size_lt20,kegg_sweep,set_144b2a2f9c,17,0
B4 KEGG sweep :: detected in >=50% of studies :: size_lt20,kegg_sweep,set_e9c8593d4b,14,0
B4 KEGG sweep :: detected in >=50% of studies :: size_lt20,kegg_sweep,set_44a0424b47,15,0
B4 KEGG sweep :: detected in >=50% of studies :: size_lt20,kegg_sweep,set_86afea7d99,13,0
B4 KEGG sweep :: detected in >=50% of studies :: size_lt20,kegg_sweep,set_10090b4679,10,0
B4 KEGG sweep :: detected in >=50% of studies :: size_lt20,kegg_sweep,set_c258b8d176,14,1
B4 KEGG sweep :: detected in >=50% of studies :: size_lt20,kegg_sweep,set_242e07990f,19,0
B4 KEGG sweep :: detected in >=50% of studies :: size_lt20,kegg_sweep,set_6e3df42571,14,1
B4 KEGG sweep :: detected in >=50% of studies :: size_lt20,kegg_sweep,set_0ef80a3e60,6,1
B4 KEGG sweep :: detected in >=50% of studies :: size_lt20,kegg_sweep,set_41fbbd736d,7,1
B4 KEGG sweep :: detected in >=50% of studies :: size_lt20,kegg_sweep,set_ca1f99cd23,5,0
B4 KEGG sweep :: detected in >=50% of studies :: size_lt20,kegg_sweep,set_8c01cd9f53,7,2
B4 KEGG sweep :: detected in >=50% of studies :: size_lt20,kegg_sweep,set_3a1e9adfa7,9,2
B4 KEGG sweep :: detected in >=50% of studies :: size_lt20,kegg_sweep,set_9cf2b1affb,8,0
B4 KEGG sweep :: detected in >=50% of studies :: size_lt20,kegg_sweep,set_1b1680d957,7,1
B4 KEGG sweep :: detected in >=50% of studies :: size_lt20,kegg_sweep,set_f3e5323118,10,2
B4 KEGG sweep :: detected in >=50% of studies :: size_lt20,kegg_sweep,set_5ea8e34a72,9,0
B4 KEGG sweep :: detected in >=50% of studies :: size_lt20,kegg_sweep,set_70c9d52d44,5,0
B4 KEGG sweep :: detected in >=50% of studies :: size_lt20,kegg_sweep,set_47ec1e9833,14,0
B4 KEGG sweep :: detected in >=50% of studies :: size_lt20,kegg_sweep,set_b2b20bc21d,5,0
B4 KEGG sweep :: detected in >=50% of studies :: size_lt20,kegg_sweep,set_323f57c178,10,0
B4 KEGG sweep :: detected in >=50% of studies :: size_lt20,kegg_sweep,set_8782a703c2,5,0
B4 KEGG sweep :: detected in >=50% of studies :: size_lt20,kegg_sweep,set_9b59d46f35,6,0
B4 KEGG sweep :: detected in >=50% of studies :: size_lt20,kegg_sweep,set_9a677125a0,6,0
B4 KEGG sweep :: detected in >=50% of studies :: size_lt20,kegg_sweep,set_39673ab9a8,8,1
B4 KEGG sweep :: detected in >=50% of studies :: size_lt20,kegg_sweep,set_fef5b6db58,13,0
B4 KEGG sweep :: detected in >=50% of studies :: size_lt20,kegg_sweep,set_defccdb12c,9,0
B4 KEGG sweep :: detected in >=50% of studies :: size_lt20,kegg_sweep,set_4ab589207d,6,0
B4 KEGG sweep :: detected in >=50% of studies :: size_lt20,kegg_sweep,set_ce3e641d29,5,0
B4 KEGG sweep :: detected in >=50% of studies :: size_lt20,kegg_sweep,set_fa1bde903c,5,0
B4 KEGG sweep :: detected in >=50% of studies :: size_lt20,kegg_sweep,set_b44c30992c,5,0
B4 KEGG sweep :: detected in >=50% of studies :: size_lt20,kegg_sweep,set_7b08f7116a,10,0
B4 KEGG sweep :: detected in >=50% of studies :: size_lt20,kegg_sweep,set_ade02f5b1e,15,1
B4 KEGG sweep :: detected in >=50% of studies :: size_lt20,kegg_sweep,set_6009dcdb7e,6,0
B4 KEGG sweep :: detected in >=50% of studies :: size_lt20,kegg_sweep,set_51f864e8c0,14,0
B4 KEGG sweep :: detected in >=50% of studies :: size_lt20,kegg_sweep,set_7006b3f384,11,0
B4 KEGG sweep :: detected in >=50% of studies :: size_lt20,kegg_sweep,set_835931a774,5,0
B4 KEGG sweep :: detected in >=50% of studies :: size_lt20,kegg_sweep,set_623ad85c2e,14,0
B4 KEGG sweep :: detected in >=50% of studies :: size_lt20,kegg_sweep,set_ee997594a5,8,0
