set,size,hits
GO:0097191 extrinsic apoptotic signaling pathway,221,38
GO:2001233 regulation of apoptotic signaling pathway,370,45
GO:0007249 I-kappaB kinase/NF-kappaB signaling,288,41
GO:0043122 regulation of I-kappaB kinase/NF-kappaB signaling,254,39
GO:2000116 regulation of cysteine-type endopeptidase activity,229,34
GO:0043281 regulation of cysteine-type endopeptidase activity involved in apoptotic process,204,32
GO:0043123 positive regulation of I-kappaB kinase/NF-kappaB signaling,188,31
GO:0010952 positive regulation of peptidase activity,192,31
GO:0010821 regulation of mitochondrion organization,148,28
GO:0045862 positive regulation of proteolysis,369,38
GO:2001056 positive regulation of cysteine-type endopeptidase activity,143,27
GO:0006839 mitochondrial transport,182,29
GO:0097193 intrinsic apoptotic signaling pathway,295,34
GO:0052547 regulation of peptidase activity,456,40
GO:0010950 positive regulation of endopeptidase activity,174,28
GO:0043280 positive regulation of cysteine-type endopeptidase activity involved in apoptotic process,125,25
GO:0051091 positive regulation of DNA-binding transcription factor activity,265,32
GO:0051090 regulation of DNA-binding transcription factor activity,452,39
GO:0051092 positive regulation of NF-kappaB transcription factor activity,154,26
GO:0097300 programmed necrotic cell death,49,18
GO:0052548 regulation of endopeptidase activity,426,37
GO:0009060 aerobic respiration,187,27
GO:2001235 positive regulation of apoptotic signaling pathway,134,24
GO:0062197 cellular response to chemical stress,332,33
GO:0006119 oxidative phosphorylation,139,24
GO:0010506 regulation of autophagy,336,32
GO:0000422 autophagy of mitochondrion,88,20
GO:0061726 mitochondrion disassembly,88,20
GO:0022411 cellular component disassembly,460,36
GO:1903320 regulation of protein modification by small protein conjugation or removal,246,28
GO:0070265 necrotic cell death,66,18
GO:0000302 response to reactive oxygen species,203,26
GO:0034612 response to tumor necrosis factor,249,28
GO:2001234 negative regulation of apoptotic signaling pathway,230,27
GO:0045333 cellular respiration,231,27
GO:0022900 electron transport chain,167,24
GO:0031396 regulation of protein ubiquitination,213,26
GO:0007006 mitochondrial membrane organization,117,21
GO:1903008 organelle disassembly,121,21
GO:0061912 selective autophagy,76,18
GO:0046034 ATP metabolic process,273,28
GO:0070266 necroptotic process,42,15
GO:0008637 apoptotic mitochondrial changes,107,20
GO:0033209 tumor necrosis factor-mediated signaling pathway,107,20
GO:0031331 positive regulation of cellular catabolic process,449,34
GO:0042773 ATP synthesis coupled electron transport,92,19
GO:0042775 mitochondrial ATP synthesis coupled electron transport,92,19
GO:0071356 cellular response to tumor necrosis factor,229,26
GO:0034599 cellular response to oxidative stress,284,28
GO:0006091 generation of precursor metabolites and energy,494,35
GO:0006979 response to oxidative stress,433,33
GO:0022904 respiratory electron transport chain,113,20
GO:1903146 regulation of autophagy of mitochondrion,36,14
GO:1902600 proton transmembrane transport,133,21
GO:0019646 aerobic electron transport chain,84,18
GO:2001236 regulation of extrinsic apoptotic signaling pathway,153,22
GO:0008625 extrinsic apoptotic signaling pathway via death domain receptors,85,18
GO:0070997 neuron death,353,30
GO:0031398 positive regulation of protein ubiquitination,121,20
GO:1903322 positive regulation of protein modification by small protein conjugation or removal,140,21
GO:0070585 protein localization to mitochondrion,125,20
GO:0006919 activation of cysteine-type endopeptidase activity involved in apoptotic process,77,17
GO:0015980 energy derivation by oxidation of organic compounds,321,28
GO:2001242 regulation of intrinsic apoptotic signaling pathway,171,22
GO:0000423 mitophagy,34,13
GO:0010508 positive regulation of autophagy,136,20
GO:0072655 establishment of protein localization to mitochondrion,120,19
GO:0010822 positive regulation of mitochondrion organization,75,16
GO:0034614 cellular response to reactive oxygen species,147,20
GO:0001836 release of cytochrome c from mitochondria,56,14
GO:0000209 protein polyubiquitination,244,23
GO:0051403 stress-activated MAPK cascade,245,23
GO:0042542 response to hydrogen peroxide,128,18
GO:0032872 regulation of stress-activated MAPK cascade,198,21
GO:0031098 stress-activated protein kinase signaling cascade,252,23
GO:0033674 positive regulation of kinase activity,476,30
GO:0070302 regulation of stress-activated protein kinase signaling cascade,201,21
GO:0038034 signal transduction in absence of ligand,66,14
GO:0097192 extrinsic apoptotic signaling pathway in absence of ligand,66,14
GO:0071214 cellular response to abiotic stimulus,323,25
GO:0104004 cellular response to environmental stimulus,323,25
GO:0006626 protein targeting to mitochondrion,101,16
GO:0045860 positive regulation of protein kinase activity,396,27
GO:0016236 macroautophagy,306,24
GO:2000377 regulation of reactive oxygen species metabolic process,147,18
"GO:0006122 mitochondrial electron transport, ubiquinol to cytochrome c",11,8
GO:0016239 positive regulation of macroautophagy,73,14
GO:1901214 regulation of neuron death,313,24
GO:0018105 peptidyl-serine phosphorylation,315,24
GO:0009612 response to mechanical stimulus,201,20
GO:0019221 cytokine-mediated signaling pathway,486,29
GO:0016241 regulation of macroautophagy,158,18
GO:0046902 regulation of mitochondrial membrane permeability,62,13
GO:0046330 positive regulation of JNK cascade,96,15
GO:0036473 cell death in response to oxidative stress,98,15
GO:0098780 response to mitochondrial depolarisation,19,9
GO:0018209 peptidyl-serine modification,338,24
GO:0033135 regulation of peptidyl-serine phosphorylation,144,17
GO:0097194 execution phase of apoptosis,84,14
GO:0071260 cellular response to mechanical stimulus,70,13
GO:0032874 positive regulation of stress-activated MAPK cascade,132,16
GO:0070304 positive regulation of stress-activated protein kinase signaling cascade,134,16
GO:0043254 regulation of protein-containing complex assembly,401,25
GO:0001819 positive regulation of cytokine production,475,27
GO:0090199 regulation of release of cytochrome c from mitochondria,46,11
GO:0090559 regulation of membrane permeability,77,13
GO:2001237 negative regulation of extrinsic apoptotic signaling pathway,97,14
GO:0010638 positive regulation of organelle organization,487,27
GO:0038061 NIK/NF-kappaB signaling,141,16
GO:0046328 regulation of JNK cascade,141,16
GO:2001243 negative regulation of intrinsic apoptotic signaling pathway,102,14
GO:0072594 establishment of protein localization to organelle,431,25
GO:0007254 JNK cascade,175,17
GO:0072593 reactive oxygen species metabolic process,231,19
"GO:0006123 mitochondrial electron transport, cytochrome c to oxygen",18,8
GO:0060544 regulation of necroptotic process,28,9
GO:0071902 positive regulation of protein serine/threonine kinase activity,208,18
GO:0097202 activation of cysteine-type endopeptidase activity,19,8
GO:0071900 regulation of protein serine/threonine kinase activity,372,23
GO:0051881 regulation of mitochondrial membrane potential,71,12
GO:0016485 protein processing,243,19
GO:0043410 positive regulation of MAPK cascade,491,26
GO:0070534 protein K63-linked ubiquitination,57,11
GO:0062098 regulation of programmed necrotic cell death,31,9
GO:1903201 regulation of oxidative stress-induced cell death,77,12
GO:0009615 response to virus,392,23
GO:0010939 regulation of necrotic cell death,46,10
GO:0009411 response to UV,146,15
GO:0031663 lipopolysaccharide-mediated signaling pathway,62,11
GO:0002764 immune response-regulating signaling pathway,482,25
GO:0002221 pattern recognition receptor signaling pathway,176,16
GO:0051402 neuron apoptotic process,241,18
GO:0033138 positive regulation of peptidyl-serine phosphorylation,107,13
GO:0071496 cellular response to external stimulus,309,20
GO:0010823 negative regulation of mitochondrion organization,51,10
GO:0051604 protein maturation,314,20
GO:1902105 regulation of leukocyte differentiation,283,19
GO:0070301 cellular response to hydrogen peroxide,90,12
GO:1900407 regulation of cellular response to oxidative stress,92,12
GO:0070482 response to oxygen levels,324,20
GO:0031334 positive regulation of protein-containing complex assembly,194,16
GO:0071216 cellular response to biotic stimulus,256,18
GO:0032103 positive regulation of response to external stimulus,442,23
GO:0032496 response to lipopolysaccharide,333,20
GO:0031647 regulation of protein stability,300,19
GO:0002718 regulation of cytokine production involved in immune response,98,12
GO:1902686 mitochondrial outer membrane permeabilization involved in programmed cell death,43,9
GO:0002224 toll-like receptor signaling pathway,123,13
GO:0002367 cytokine production involved in immune response,100,12
GO:0030198 extracellular matrix organization,307,19
GO:0008630 intrinsic apoptotic signaling pathway in response to DNA damage,101,12
GO:1902882 regulation of response to oxidative stress,101,12
GO:0043062 extracellular structure organization,308,19
GO:2001244 positive regulation of intrinsic apoptotic signaling pathway,61,10
GO:0045229 external encapsulating structure organization,310,19
GO:0002831 regulation of response to biotic stimulus,351,20
GO:0010038 response to metal ion,351,20
GO:0035794 positive regulation of mitochondrial membrane permeability,46,9
GO:0048732 gland development,431,22
GO:0002237 response to molecule of bacterial origin,354,20
GO:0048608 reproductive structure development,433,22
GO:1902107 positive regulation of leukocyte differentiation,157,14
GO:1903708 positive regulation of hemopoiesis,157,14
GO:0071222 cellular response to lipopolysaccharide,217,16
GO:0007252 I-kappaB phosphorylation,21,7
GO:0061458 reproductive system development,436,22
GO:2000045 regulation of G1/S transition of mitotic cell cycle,160,14
GO:0071887 leukocyte apoptotic process,109,12
GO:0031349 positive regulation of defense response,289,18
GO:1901216 positive regulation of neuron death,87,11
GO:0098792 xenophagy,13,6
GO:1903599 positive regulation of autophagy of mitochondrion,13,6
GO:0051646 mitochondrion localization,50,9
GO:2001238 positive regulation of extrinsic apoptotic signaling pathway,50,9
GO:0097345 mitochondrial outer membrane permeabilization,35,8
GO:1905710 positive regulation of membrane permeability,51,9
GO:0071219 cellular response to molecule of bacterial origin,229,16
GO:0036293 response to decreased oxygen levels,299,18
GO:1904923 regulation of autophagy of mitochondrion in response to mitochondrial depolarization,14,6
GO:1904019 epithelial cell apoptotic process,118,12
GO:0090200 positive regulation of release of cytochrome c from mitochondria,26,7
GO:0043405 regulation of MAP kinase activity,183,14
GO:1902110 positive regulation of mitochondrial membrane permeability involved in apoptotic process,41,8
GO:0001666 response to hypoxia,286,17
GO:1902806 regulation of cell cycle G1/S phase transition,188,14
GO:0008053 mitochondrial fusion,28,7
GO:0007178 transmembrane receptor protein serine/threonine kinase signaling pathway,368,19
GO:0071241 cellular response to inorganic substance,221,15
GO:2001267 regulation of cysteine-type endopeptidase activity involved in apoptotic signaling pathway,17,6
GO:0034976 response to endoplasmic reticulum stress,257,16
GO:0035966 response to topologically incorrect protein,160,13
GO:1903706 regulation of hemopoiesis,371,19
GO:0051341 regulation of oxidoreductase activity,106,11
GO:0032757 positive regulation of interleukin-8 production,62,9
GO:0070059 intrinsic apoptotic signaling pathway in response to endoplasmic reticulum stress,63,9
GO:0008631 intrinsic apoptotic signaling pathway in response to oxidative stress,45,8
GO:2000117 negative regulation of cysteine-type endopeptidase activity,85,10
GO:0002700 regulation of production of molecular mediator of immune response,167,13
GO:0002260 lymphocyte homeostasis,65,9
GO:0033002 muscle cell proliferation,233,15
GO:2000378 negative regulation of reactive oxygen species metabolic process,47,8
GO:0060546 negative regulation of necroptotic process,19,6
GO:0048660 regulation of smooth muscle cell proliferation,170,13
GO:0002703 regulation of leukocyte mediated immunity,236,15
GO:1902108 regulation of mitochondrial membrane permeability involved in apoptotic process,48,8
GO:0002822 regulation of adaptive immune response based on somatic recombination of immune receptors built from immunoglobulin superfamily domains,173,13
GO:0048659 smooth muscle cell proliferation,173,13
GO:0043406 positive regulation of MAP kinase activity,116,11
GO:0062099 negative regulation of programmed necrotic cell death,20,6
GO:1903209 positive regulation of oxidative stress-induced cell death,20,6
GO:0002706 regulation of lymphocyte mediated immunity,175,13
GO:0070231 T cell apoptotic process,50,8
GO:1903039 positive regulation of leukocyte cell-cell adhesion,245,15
GO:0010918 positive regulation of mitochondrial membrane potential,11,5
GO:0048661 positive regulation of smooth muscle cell proliferation,95,10
GO:0071560 cellular response to transforming growth factor beta stimulus,252,15
GO:0002931 response to ischemia,53,8
GO:0051607 defense response to virus,290,16
GO:0022407 regulation of cell-cell adhesion,456,20
GO:0022409 positive regulation of cell-cell adhesion,291,16
GO:0140546 defense response to symbiont,291,16
GO:0070227 lymphocyte apoptotic process,75,9
GO:1901524 regulation of mitophagy,12,5
GO:0002819 regulation of adaptive immune response,188,13
GO:0071559 response to transforming growth factor beta,258,15
GO:0002763 positive regulation of myeloid leukocyte differentiation,55,8
GO:0001503 ossification,420,19
GO:0033157 regulation of intracellular protein transport,224,14
GO:0043154 negative regulation of cysteine-type endopeptidase activity involved in apoptotic process,77,9
GO:0000082 G1/S transition of mitotic cell cycle,225,14
GO:0051438 regulation of ubiquitin-protein transferase activity,56,8
GO:0032677 regulation of interleukin-8 production,102,10
GO:0032637 interleukin-8 production,103,10
GO:0050863 regulation of T cell activation,342,17
GO:0010803 regulation of tumor necrosis factor-mediated signaling pathway,57,8
GO:0060547 negative regulation of necrotic cell death,24,6
GO:1904925 positive regulation of autophagy of mitochondrion in response to mitochondrial depolarization,13,5
GO:1903037 regulation of leukocyte cell-cell adhesion,344,17
GO:0043029 T cell homeostasis,39,7
GO:0030509 BMP signaling pathway,162,12
GO:0007568 aging,163,12
GO:0043393 regulation of protein binding,196,13
GO:0051353 positive regulation of oxidoreductase activity,59,8
GO:0070423 nucleotide-binding oligomerization domain containing signaling pathway,25,6
GO:1903557 positive regulation of tumor necrosis factor superfamily cytokine production,107,10
GO:0009416 response to light stimulus,310,16
GO:0001959 regulation of cytokine-mediated signaling pathway,166,12
GO:0009314 response to radiation,438,19
GO:0001655 urogenital system development,352,17
GO:0007179 transforming growth factor beta receptor signaling pathway,200,13
GO:0042176 regulation of protein catabolic process,395,18
GO:0002697 regulation of immune effector process,353,17
GO:0045936 negative regulation of phosphate metabolic process,440,19
GO:0010563 negative regulation of phosphorus metabolic process,441,19
GO:0070141 response to UV-A,14,5
GO:0009408 response to heat,109,10
GO:0035306 positive regulation of dephosphorylation,61,8
"GO:0034643 establishment of mitochondrion localization, microtubule-mediated",26,6
"GO:0035872 nucleotide-binding domain, leucine rich repeat containing receptor signaling pathway",26,6
GO:0047497 mitochondrion transport along microtubule,26,6
GO:0002824 positive regulation of adaptive immune response based on somatic recombination of immune receptors built from immunoglobulin superfamily domains,110,10
GO:0006986 response to unfolded protein,139,11
GO:0006605 protein targeting,317,16
GO:1901652 response to peptide,491,20
GO:0022617 extracellular matrix disassembly,62,8
GO:0032731 positive regulation of interleukin-1 beta production,62,8
GO:0071772 response to BMP,173,12
GO:0071773 cellular response to BMP stimulus,173,12
GO:1901215 negative regulation of neuron death,209,13
GO:0031638 zymogen activation,64,8
GO:1903214 regulation of protein targeting to mitochondrion,44,7
GO:2001239 regulation of extrinsic apoptotic signaling pathway in absence of ligand,44,7
GO:0051098 regulation of binding,366,17
GO:0017038 protein import,210,13
GO:0002709 regulation of T cell mediated immunity,88,9
GO:0002821 positive regulation of adaptive immune response,115,10
GO:0001776 leukocyte homeostasis,89,9
GO:0048538 thymus development,45,7
GO:0060759 regulation of response to cytokine stimulus,178,12
GO:0051251 positive regulation of lymphocyte activation,371,17
GO:0002761 regulation of myeloid leukocyte differentiation,117,10
GO:0070661 leukocyte proliferation,330,16
GO:0009266 response to temperature stimulus,180,12
GO:0030278 regulation of ossification,118,10
GO:1904707 positive regulation of vascular associated smooth muscle cell proliferation,46,7
GO:0045838 positive regulation of membrane potential,16,5
GO:0032386 regulation of intracellular transport,332,16
GO:0051654 establishment of mitochondrion localization,29,6
GO:1901224 positive regulation of NIK/NF-kappaB signaling,67,8
GO:0002696 positive regulation of leukocyte activation,421,18
GO:0044843 cell cycle G1/S phase transition,255,14
GO:0007159 leukocyte cell-cell adhesion,381,17
GO:0042326 negative regulation of phosphorylation,382,17
GO:1902916 positive regulation of protein polyubiquitination,17,5
GO:0001933 negative regulation of protein phosphorylation,341,16
GO:0042060 wound healing,429,18
GO:0050870 positive regulation of T cell activation,223,13
GO:0035094 response to nicotine,49,7
GO:0043330 response to exogenous dsRNA,49,7
GO:0046660 female sex differentiation,124,10
GO:2000379 positive regulation of reactive oxygen species metabolic process,71,8
GO:0032755 positive regulation of interleukin-6 production,97,9
GO:1903747 regulation of establishment of protein localization to mitochondrion,50,7
GO:0050867 positive regulation of cell activation,436,18
GO:0030099 myeloid cell differentiation,391,17
GO:0007250 activation of NF-kappaB-inducing kinase activity,18,5
GO:0060391 positive regulation of SMAD protein signal transduction,18,5
GO:0097284 hepatocyte apoptotic process,18,5
GO:0050852 T cell receptor signaling pathway,127,10
GO:0090092 regulation of transmembrane receptor protein serine/threonine kinase signaling pathway,267,14
GO:0032732 positive regulation of interleukin-1 production,73,8
GO:0045639 positive regulation of myeloid cell differentiation,99,9
GO:1901099 negative regulation of signal transduction in absence of ligand,33,6
GO:1903715 regulation of aerobic respiration,33,6
GO:2001240 negative regulation of extrinsic apoptotic signaling pathway in absence of ligand,33,6
GO:0043525 positive regulation of neuron apoptotic process,52,7
GO:0045732 positive regulation of protein catabolic process,233,13
GO:0035303 regulation of dephosphorylation,130,10
GO:0031667 response to nutrient levels,446,18
GO:0044089 positive regulation of cellular component biogenesis,494,19
GO:0055093 response to hyperoxia,19,5
GO:1902170 cellular response to reactive nitrogen species,19,5
GO:0032743 positive regulation of interleukin-2 production,34,6
GO:0032760 positive regulation of tumor necrosis factor production,103,9
GO:1903202 negative regulation of oxidative stress-induced cell death,54,7
GO:0071453 cellular response to oxygen levels,166,11
GO:1903533 regulation of protein targeting,78,8
GO:0008585 female gonad development,105,9
GO:0090201 negative regulation of release of cytochrome c from mitochondria,20,5
GO:1902176 negative regulation of oxidative stress-induced intrinsic apoptotic signaling pathway,20,5
GO:1904645 response to amyloid-beta,55,7
GO:0007548 sex differentiation,281,14
GO:0006970 response to osmotic stress,79,8
GO:0017004 cytochrome complex assembly,36,6
GO:0043331 response to dsRNA,56,7
GO:0002705 positive regulation of leukocyte mediated immunity,138,10
GO:0043523 regulation of neuron apoptotic process,207,12
GO:0002768 immune response-regulating cell surface receptor signaling pathway,328,15
GO:0045637 regulation of myeloid cell differentiation,208,12
GO:0032727 positive regulation of interferon-alpha production,21,5
GO:0071276 cellular response to cadmium ion,37,6
GO:0046545 development of primary female sexual characteristics,109,9
GO:0048545 response to steroid hormone,330,15
GO:2001269 positive regulation of cysteine-type endopeptidase activity involved in apoptotic signaling pathway,10,4
GO:1905897 regulation of response to endoplasmic reticulum stress,82,8
GO:0002573 myeloid leukocyte differentiation,210,12
GO:0032481 positive regulation of type I interferon production,58,7
GO:0002369 T cell cytokine production,38,6
GO:0002724 regulation of T cell cytokine production,38,6
GO:0032147 activation of protein kinase activity,142,10
GO:0046686 response to cadmium ion,59,7
GO:0042391 regulation of membrane potential,425,17
GO:0002456 T cell mediated immunity,112,9
GO:0030098 lymphocyte differentiation,382,16
GO:0050678 regulation of epithelial cell proliferation,382,16
GO:0070663 regulation of leukocyte proliferation,254,13
GO:0002753 cytoplasmic pattern recognition receptor signaling pathway,60,7
GO:0043491 protein kinase B signaling,216,12
GO:0046651 lymphocyte proliferation,296,14
GO:0009991 response to extracellular stimulus,479,18
GO:1904705 regulation of vascular associated smooth muscle cell proliferation,86,8
GO:0002253 activation of immune response,386,16
GO:1903131 mononuclear cell differentiation,433,17
GO:0018107 peptidyl-threonine phosphorylation,115,9
GO:1903362 regulation of cellular protein catabolic process,258,13
GO:0071492 cellular response to UV-A,11,4
GO:1990874 vascular associated smooth muscle cell proliferation,87,8
GO:0032943 mononuclear cell proliferation,300,14
GO:0060393 regulation of pathway-restricted SMAD protein phosphorylation,62,7
GO:0060485 mesenchyme development,301,14
GO:0061448 connective tissue development,260,13
GO:0034644 cellular response to UV,88,8
GO:0002708 positive regulation of lymphocyte mediated immunity,117,9
GO:0001822 kidney development,303,14
GO:0032623 interleukin-2 production,63,7
GO:0032663 regulation of interleukin-2 production,63,7
GO:0002082 regulation of oxidative phosphorylation,24,5
GO:1903050 regulation of proteolysis involved in cellular protein catabolic process,223,12
GO:0050727 regulation of inflammatory response,394,16
GO:0050673 epithelial cell proliferation,443,17
GO:0030574 collagen catabolic process,42,6
GO:0032735 positive regulation of interleukin-12 production,42,6
GO:0071706 tumor necrosis factor superfamily cytokine production,187,11
GO:1903555 regulation of tumor necrosis factor superfamily cytokine production,187,11
GO:0002702 positive regulation of production of molecular mediator of immune response,120,9
GO:0008406 gonad development,226,12
GO:0045785 positive regulation of cell adhesion,446,17
GO:1903829 positive regulation of protein localization,446,17
GO:0051223 regulation of protein transport,495,18
GO:0003170 heart valve development,65,7
GO:0043507 positive regulation of JUN kinase activity,43,6
GO:0061136 regulation of proteasomal protein catabolic process,190,11
GO:0043271 negative regulation of ion transport,155,10
GO:0072001 renal system development,312,14
GO:0034605 cellular response to heat,66,7
GO:0060389 pathway-restricted SMAD protein phosphorylation,66,7
GO:0022612 gland morphogenesis,123,9
GO:0032355 response to estradiol,123,9
GO:0045088 regulation of innate immune response,231,12
GO:0045137 development of primary sexual characteristics,231,12
GO:0018210 peptidyl-threonine modification,124,9
GO:0036296 response to increased oxygen levels,26,5
GO:0051204 protein insertion into mitochondrial membrane,26,5
GO:0070665 positive regulation of leukocyte proliferation,158,10
GO:0051216 cartilage development,195,11
GO:0002443 leukocyte mediated immunity,457,17
GO:0002720 positive regulation of cytokine production involved in immune response,68,7
GO:1902895 positive regulation of miRNA transcription,45,6
GO:0097305 response to alcohol,235,12
GO:0002449 lymphocyte mediated immunity,365,15
GO:0010623 programmed cell death involved in cell development,13,4
GO:0036462 TRAIL-activated apoptotic signaling pathway,13,4
GO:1901298 regulation of hydrogen peroxide-mediated programmed cell death,13,4
GO:1901990 regulation of mitotic cell cycle phase transition,321,14
GO:0032607 interferon-alpha production,27,5
GO:0032647 regulation of interferon-alpha production,27,5
GO:0051051 negative regulation of transport,464,17
GO:0032479 regulation of type I interferon production,98,8
GO:0032606 type I interferon production,98,8
GO:0002460 adaptive immune response based on somatic recombination of immune receptors built from immunoglobulin superfamily domains,370,15
GO:1903205 regulation of hydrogen peroxide-induced cell death,28,5
GO:0002756 MyD88-independent toll-like receptor signaling pathway,14,4
GO:0035270 endocrine system development,132,9
GO:0048762 mesenchymal cell differentiation,244,12
GO:0050851 antigen receptor-mediated signaling pathway,244,12
GO:1902175 regulation of oxidative stress-induced intrinsic apoptotic signaling pathway,29,5
GO:1903203 regulation of oxidative stress-induced neuron death,29,5
GO:0010862 positive regulation of pathway-restricted SMAD protein phosphorylation,49,6
GO:0007346 regulation of mitotic cell cycle,478,17
GO:0002699 positive regulation of immune effector process,248,12
GO:0072331 signal transduction by p53 class mediator,170,10
GO:0043457 regulation of cellular respiration,50,6
GO:1902041 regulation of extrinsic apoptotic signaling pathway via death domain receptors,50,6
GO:0051099 positive regulation of binding,171,10
GO:0070498 interleukin-1-mediated signaling pathway,30,5
GO:0090151 establishment of protein localization to mitochondrial membrane,30,5
GO:1902914 regulation of protein polyubiquitination,30,5
GO:0034766 negative regulation of ion transmembrane transport,104,8
GO:0051222 positive regulation of protein transport,293,13
GO:0032635 interleukin-6 production,172,10
GO:0032675 regulation of interleukin-6 production,172,10
GO:0010951 negative regulation of endopeptidase activity,251,12
GO:0010421 hydrogen peroxide-mediated programmed cell death,15,4
GO:0050679 positive regulation of epithelial cell proliferation,211,11
GO:0051384 response to glucocorticoid,139,9
GO:0001782 B cell homeostasis,31,5
GO:0033137 negative regulation of peptidyl-serine phosphorylation,31,5
GO:0060390 regulation of SMAD protein signal transduction,31,5
GO:1902042 negative regulation of extrinsic apoptotic signaling pathway via death domain receptors,31,5
GO:0002429 immune response-activating cell surface receptor signaling pathway,300,13
GO:0002757 immune response-activating signal transduction,300,13
GO:0034763 negative regulation of transmembrane transport,141,9
GO:0034349 glial cell apoptotic process,16,4
GO:0045651 positive regulation of macrophage differentiation,16,4
GO:0097468 programmed cell death in response to reactive oxygen species,16,4
GO:0036474 cell death in response to hydrogen peroxide,32,5
GO:0051443 positive regulation of ubiquitin-protein transferase activity,32,5
GO:1903955 positive regulation of protein targeting to mitochondrion,32,5
GO:0010498 proteasomal protein catabolic process,496,17
GO:0002062 chondrocyte differentiation,110,8
GO:0032611 interleukin-1 beta production,110,8
GO:0032651 regulation of interleukin-1 beta production,110,8
GO:1901222 regulation of NIK/NF-kappaB signaling,110,8
GO:0070374 positive regulation of ERK1 and ERK2 cascade,220,11
GO:0010466 negative regulation of peptidase activity,262,12
GO:0036475 neuron death in response to oxidative stress,33,5
GO:0051054 positive regulation of DNA metabolic process,263,12
GO:0032640 tumor necrosis factor production,182,10
GO:0032680 regulation of tumor necrosis factor production,182,10
GO:0030522 intracellular receptor signaling pathway,264,12
GO:1904951 positive regulation of establishment of protein localization,309,13
GO:0071732 cellular response to nitric oxide,17,4
GO:0010639 negative regulation of organelle organization,356,14
GO:0043276 anoikis,34,5
GO:0002440 production of molecular mediator of immune response,312,13
GO:0032608 interferon-beta production,57,6
GO:0032648 regulation of interferon-beta production,57,6
GO:0032768 regulation of monooxygenase activity,57,6
GO:0051896 regulation of protein kinase B signaling,187,10
GO:0098586 cellular response to virus,85,7
GO:0035967 cellular response to topologically incorrect protein,117,8
GO:0050670 regulation of lymphocyte proliferation,230,11
GO:2000134 negative regulation of G1/S transition of mitotic cell cycle,86,7
GO:1901654 response to ketone,190,10
GO:1903749 positive regulation of establishment of protein localization to mitochondrion,36,5
GO:1902893 regulation of miRNA transcription,59,6
GO:0071248 cellular response to metal ion,191,10
GO:1990542 mitochondrial transmembrane transport,87,7
GO:0032944 regulation of mononuclear cell proliferation,233,11
GO:0043506 regulation of JUN kinase activity,60,6
GO:0061614 miRNA transcription,60,6
GO:0003176 aortic valve development,37,5
GO:0055070 copper ion homeostasis,19,4
GO:0009895 negative regulation of catabolic process,324,13
GO:0090316 positive regulation of intracellular protein transport,156,9
GO:0071482 cellular response to light stimulus,121,8
GO:1903578 regulation of ATP metabolic process,89,7
GO:0045428 regulation of nitric oxide biosynthetic process,61,6
GO:0031960 response to corticosteroid,157,9
GO:1903364 positive regulation of cellular protein catabolic process,157,9
GO:0035304 regulation of protein dephosphorylation,91,7
GO:0032495 response to muramyl dipeptide,20,4
GO:0070584 mitochondrion morphogenesis,20,4
GO:1903204 negative regulation of oxidative stress-induced neuron death,20,4
GO:0009267 cellular response to starvation,160,9
GO:0032615 interleukin-12 production,63,6
GO:0032655 regulation of interleukin-12 production,63,6
GO:0032728 positive regulation of interferon-beta production,39,5
GO:1901031 regulation of response to reactive oxygen species,39,5
GO:0080164 regulation of nitric oxide metabolic process,64,6
GO:0003206 cardiac chamber morphogenesis,126,8
GO:0070371 ERK1 and ERK2 cascade,335,13
GO:0042113 B cell activation,336,13
GO:0000266 mitochondrial fission,40,5
GO:0071731 response to nitric oxide,21,4
GO:0090141 positive regulation of mitochondrial fission,21,4
GO:0042098 T cell proliferation,204,10
GO:0001701 in utero embryonic development,387,14
GO:0032612 interleukin-1 production,129,8
GO:0032652 regulation of interleukin-1 production,129,8
GO:2000058 regulation of ubiquitin-dependent protein catabolic process,166,9
GO:0045429 positive regulation of nitric oxide biosynthetic process,41,5
GO:0150077 regulation of neuroinflammatory response,41,5
GO:1905314 semi-lunar valve development,41,5
GO:0032091 negative regulation of protein binding,96,7
GO:1903321 negative regulation of protein modification by small protein conjugation or removal,96,7
GO:0003205 cardiac chamber development,167,9
GO:0070936 protein K48-linked ubiquitination,67,6
GO:1902807 negative regulation of cell cycle G1/S phase transition,97,7
GO:0033617 mitochondrial cytochrome c oxidase assembly,22,4
GO:0071218 cellular response to misfolded protein,22,4
GO:0050999 regulation of nitric-oxide synthase activity,42,5
GO:0060412 ventricular septum morphogenesis,42,5
GO:1900180 regulation of protein localization to nucleus,132,8
GO:1904063 negative regulation of cation transmembrane transport,98,7
GO:0060284 regulation of cell development,500,16
GO:1903844 regulation of cellular response to transforming growth factor beta stimulus,133,8
GO:1904407 positive regulation of nitric oxide metabolic process,43,5
GO:0043467 regulation of generation of precursor metabolites and energy,134,8
GO:1903052 positive regulation of proteolysis involved in cellular protein catabolic process,134,8
GO:0045861 negative regulation of proteolysis,350,13
GO:0090101 negative regulation of transmembrane receptor protein serine/threonine kinase signaling pathway,135,8
GO:0032722 positive regulation of chemokine production,70,6
GO:0032963 collagen metabolic process,101,7
GO:0048771 tissue remodeling,174,9
GO:0010717 regulation of epithelial to mesenchymal transition,102,7
GO:0032434 regulation of proteasomal ubiquitin-dependent protein catabolic process,137,8
GO:0003181 atrioventricular valve morphogenesis,24,4
GO:0038095 Fc-epsilon receptor signaling pathway,24,4
GO:0045649 regulation of macrophage differentiation,24,4
GO:0051788 response to misfolded protein,24,4
GO:0030217 T cell differentiation,263,11
GO:0070372 regulation of ERK1 and ERK2 cascade,311,12
GO:0035307 positive regulation of protein dephosphorylation,46,5
GO:0046677 response to antibiotic,46,5
GO:0061383 trabecula morphogenesis,46,5
GO:0150076 neuroinflammatory response,73,6
GO:2000573 positive regulation of DNA biosynthetic process,73,6
GO:0045089 positive regulation of innate immune response,140,8
GO:0031330 negative regulation of cellular catabolic process,265,11
GO:0030324 lung development,179,9
GO:0030510 regulation of BMP signaling pathway,105,7
GO:1901653 cellular response to peptide,361,13
GO:0048284 organelle fusion,141,8
GO:0050671 positive regulation of lymphocyte proliferation,141,8
GO:0070555 response to interleukin-1,141,8
GO:0032469 endoplasmic reticulum calcium ion homeostasis,25,4
GO:0090287 regulation of cellular response to growth factor stimulus,314,12
GO:0060840 artery development,106,7
GO:0001542 ovulation from ovarian follicle,10,3
GO:0003330 regulation of extracellular matrix constituent secretion,10,3
GO:0015851 nucleobase transport,10,3
GO:0032025 response to cobalt ion,10,3
GO:0043653 mitochondrial fragmentation involved in apoptotic process,10,3
GO:0060439 trachea morphogenesis,10,3
GO:1902884 positive regulation of response to oxidative stress,10,3
GO:0043161 proteasome-mediated ubiquitin-dependent protein catabolic process,414,14
GO:0045619 regulation of lymphocyte differentiation,181,9
GO:0003197 endocardial cushion development,47,5
GO:0034198 cellular response to amino acid starvation,47,5
GO:0070849 response to epidermal growth factor,47,5
GO:1901987 regulation of cell cycle phase transition,415,14
GO:0032946 positive regulation of mononuclear cell proliferation,143,8
GO:0006809 nitric oxide biosynthetic process,75,6
GO:0051865 protein autoubiquitination,75,6
GO:0051348 negative regulation of transferase activity,270,11
GO:0030323 respiratory tube development,183,9
GO:2000060 positive regulation of ubiquitin-dependent protein catabolic process,108,7
GO:0001783 B cell apoptotic process,26,4
GO:0002726 positive regulation of T cell cytokine production,26,4
GO:0008535 respiratory chain complex IV assembly,26,4
GO:0060561 apoptotic process involved in morphogenesis,26,4
GO:0051052 regulation of DNA metabolic process,472,15
GO:0031333 negative regulation of protein-containing complex assembly,145,8
GO:0016311 dephosphorylation,422,14
GO:0022602 ovulation cycle process,49,5
GO:0030225 macrophage differentiation,49,5
GO:1990928 response to amino acid starvation,49,5
GO:0051346 negative regulation of hydrolase activity,371,13
GO:0071478 cellular response to radiation,187,9
GO:0003171 atrioventricular valve development,27,4
GO:0006515 protein quality control for misfolded or incompletely synthesized proteins,27,4
GO:0071347 cellular response to interleukin-1,111,7
GO:1903053 regulation of extracellular matrix organization,50,5
GO:0014889 muscle atrophy,11,3
GO:0072584 caveolin-mediated endocytosis,11,3
GO:0097396 response to interleukin-17,11,3
GO:0097398 cellular response to interleukin-17,11,3
GO:0097400 interleukin-17-mediated signaling pathway,11,3
GO:0048844 artery morphogenesis,79,6
GO:0043433 negative regulation of DNA-binding transcription factor activity,190,9
GO:0060562 epithelial tube morphogenesis,328,12
GO:0043124 negative regulation of I-kappaB kinase/NF-kappaB signaling,51,5
GO:0016049 cell growth,484,15
GO:0048638 regulation of developmental growth,329,12
GO:0003272 endocardial cushion formation,28,4
GO:0036294 cellular response to decreased oxygen levels,151,8
GO:0048872 homeostasis of number of cells,282,11
GO:0033673 negative regulation of kinase activity,236,10
GO:0030512 negative regulation of transforming growth factor beta receptor signaling pathway,81,6
GO:0046209 nitric oxide metabolic process,81,6
GO:0038093 Fc receptor signaling pathway,52,5
GO:2001057 reactive nitrogen species metabolic process,82,6
GO:1901800 positive regulation of proteasomal protein catabolic process,116,7
GO:0036295 cellular response to increased oxygen levels,12,3
GO:1901029 negative regulation of mitochondrial outer membrane permeabilization involved in apoptotic signaling pathway,12,3
GO:1902337 regulation of apoptotic process involved in morphogenesis,12,3
GO:0042594 response to starvation,196,9
GO:0032092 positive regulation of protein binding,83,6
GO:0060395 SMAD protein signal transduction,83,6
GO:0044772 mitotic cell cycle phase transition,440,14
GO:0043500 muscle adaptation,118,7
GO:0032388 positive regulation of intracellular transport,198,9
GO:0010921 regulation of phosphatase activity,84,6
GO:0031397 negative regulation of protein ubiquitination,84,6
GO:0090140 regulation of mitochondrial fission,30,4
GO:0051897 positive regulation of protein kinase B signaling,119,7
GO:2000278 regulation of DNA biosynthetic process,119,7
GO:0006470 protein dephosphorylation,291,11
GO:0010507 negative regulation of autophagy,85,6
GO:0072384 organelle transport along microtubule,85,6
GO:2000106 regulation of leukocyte apoptotic process,85,6
GO:0003179 heart valve morphogenesis,55,5
GO:0042743 hydrogen peroxide metabolic process,55,5
GO:0010332 response to gamma radiation,56,5
GO:0032494 response to peptidoglycan,13,3
GO:1903054 negative regulation of extracellular matrix organization,13,3
GO:1904748 regulation of apoptotic process involved in development,13,3
GO:0060541 respiratory system development,203,9
GO:0071901 negative regulation of protein serine/threonine kinase activity,122,7
GO:0048511 rhythmic process,297,11
GO:0001541 ovarian follicle development,57,5
GO:0001961 positive regulation of cytokine-mediated signaling pathway,57,5
GO:0043388 positive regulation of DNA binding,57,5
GO:0070228 regulation of lymphocyte apoptotic process,57,5
GO:0030307 positive regulation of cell growth,163,8
GO:0002063 chondrocyte development,32,4
GO:0032770 positive regulation of monooxygenase activity,32,4
GO:0035456 response to interferon-beta,32,4
GO:0046661 male sex differentiation,164,8
GO:0030514 negative regulation of BMP signaling pathway,58,5
GO:0051100 negative regulation of binding,165,8
GO:0003007 heart morphogenesis,254,10
GO:0001843 neural tube closure,90,6
GO:0070278 extracellular matrix constituent secretion,14,3
GO:1901857 positive regulation of cellular respiration,14,3
GO:0002218 activation of innate immune response,59,5
GO:0002711 positive regulation of T cell mediated immunity,59,5
GO:0045927 positive regulation of growth,256,10
GO:0060606 tube closure,91,6
GO:0032409 regulation of transporter activity,305,11
GO:0051205 protein insertion into membrane,60,5
GO:0055008 cardiac muscle tissue morphogenesis,60,5
GO:0032436 positive regulation of proteasomal ubiquitin-dependent protein catabolic process,92,6
GO:0048639 positive regulation of developmental growth,169,8
GO:0034405 response to fluid shear stress,34,4
GO:0051973 positive regulation of telomerase activity,34,4
GO:0001101 response to acid chemical,129,7
GO:0006469 negative regulation of protein kinase activity,213,9
GO:0031669 cellular response to nutrient levels,213,9
GO:0045185 maintenance of protein location,93,6
GO:0017015 regulation of transforming growth factor beta receptor signaling pathway,130,7
GO:0050730 regulation of peptidyl-tyrosine phosphorylation,261,10
GO:0002730 regulation of dendritic cell cytokine production,15,3
GO:0001657 ureteric bud development,94,6
GO:0045582 positive regulation of T cell differentiation,94,6
GO:1901655 cellular response to ketone,94,6
GO:1904035 regulation of epithelial cell apoptotic process,94,6
GO:0016242 negative regulation of macroautophagy,35,4
GO:1905898 positive regulation of response to endoplasmic reticulum stress,35,4
GO:0032088 negative regulation of NF-kappaB transcription factor activity,95,6
GO:0072163 mesonephric epithelium development,95,6
GO:0072164 mesonephric tubule development,95,6
GO:0002685 regulation of leukocyte migration,218,9
GO:0010634 positive regulation of epithelial cell migration,174,8
GO:0042129 regulation of T cell proliferation,174,8
GO:0014020 primary neural tube formation,96,6
GO:0010922 positive regulation of phosphatase activity,36,4
GO:0071312 cellular response to alkaloid,36,4
GO:0035265 organ growth,175,8
GO:0032642 regulation of chemokine production,97,6
GO:0043279 response to alkaloid,97,6
GO:0032507 maintenance of protein location in cell,64,5
GO:0045670 regulation of osteoclast differentiation,64,5
GO:0060760 positive regulation of response to cytokine stimulus,64,5
GO:0002371 dendritic cell cytokine production,16,3
GO:0015867 ATP transport,16,3
GO:0050862 positive regulation of T cell receptor signaling pathway,16,3
GO:0070431 nucleotide-binding oligomerization domain containing 2 signaling pathway,16,3
GO:1900044 regulation of protein K63-linked ubiquitination,16,3
GO:0001659 temperature homeostasis,177,8
GO:0032602 chemokine production,98,6
GO:0034620 cellular response to unfolded protein,98,6
GO:0003203 endocardial cushion morphogenesis,37,4
GO:0014823 response to activity,65,5
GO:0048645 animal organ formation,65,5
GO:0072577 endothelial cell apoptotic process,65,5
GO:0018108 peptidyl-tyrosine phosphorylation,373,12
GO:0001823 mesonephros development,99,6
GO:0002833 positive regulation of response to biotic stimulus,180,8
GO:0022898 regulation of transmembrane transporter activity,273,10
GO:0018212 peptidyl-tyrosine modification,376,12
GO:0042100 B cell proliferation,100,6
GO:1904037 positive regulation of epithelial cell apoptotic process,38,4
GO:1901550 regulation of endothelial cell development,17,3
GO:1903140 regulation of establishment of endothelial barrier,17,3
GO:1904355 positive regulation of telomere capping,17,3
GO:0008584 male gonad development,140,7
GO:0071470 cellular response to osmotic stress,39,4
GO:0046546 development of primary male sexual characteristics,141,7
GO:0071456 cellular response to hypoxia,143,7
GO:0001841 neural tube formation,104,6
"GO:0006977 DNA damage response, signal transduction by p53 class mediator resulting in cell cycle arrest",18,3
GO:0010940 positive regulation of necrotic cell death,18,3
GO:0034138 toll-like receptor 3 signaling pathway,18,3
GO:0048535 lymph node development,18,3
GO:0060438 trachea development,18,3
GO:0014065 phosphatidylinositol 3-kinase signaling,144,7
GO:0045786 negative regulation of cell cycle,387,12
GO:0042698 ovulation cycle,70,5
GO:0031099 regeneration,188,8
GO:0002714 positive regulation of B cell mediated immunity,41,4
GO:0002891 positive regulation of immunoglobulin mediated immune response,41,4
GO:1902742 apoptotic process involved in development,41,4
GO:0003279 cardiac septum development,106,6
GO:0062207 regulation of pattern recognition receptor signaling pathway,106,6
GO:0060411 cardiac septum morphogenesis,71,5
GO:0045621 positive regulation of lymphocyte differentiation,107,6
GO:0001890 placenta development,147,7
GO:0050821 protein stabilization,191,8
GO:0003208 cardiac ventricle morphogenesis,72,5
GO:0014855 striated muscle cell proliferation,72,5
GO:0030501 positive regulation of bone mineralization,42,4
GO:0003012 muscle system process,449,13
GO:0003417 growth plate cartilage development,19,3
GO:0035795 negative regulation of mitochondrial membrane permeability,19,3
GO:0003281 ventricular septum development,73,5
GO:0060415 muscle tissue morphogenesis,73,5
GO:0010632 regulation of epithelial cell migration,290,10
GO:0062012 regulation of small molecule metabolic process,342,11
GO:0071897 DNA biosynthetic process,194,8
GO:0002637 regulation of immunoglobulin production,74,5
GO:0045580 regulation of T cell differentiation,151,7
GO:0014066 regulation of phosphatidylinositol 3-kinase signaling,111,6
GO:0010288 response to lead ion,20,3
GO:0010310 regulation of hydrogen peroxide metabolic process,20,3
GO:0030150 protein import into mitochondrial matrix,20,3
GO:1901679 nucleotide transmembrane transport,20,3
GO:1902004 positive regulation of amyloid-beta formation,20,3
GO:1902236 negative regulation of endoplasmic reticulum stress-induced intrinsic apoptotic signaling pathway,20,3
GO:0034504 protein localization to nucleus,294,10
GO:0010799 regulation of peptidyl-threonine phosphorylation,44,4
GO:0050856 regulation of T cell receptor signaling pathway,44,4
GO:1903573 negative regulation of response to endoplasmic reticulum stress,44,4
GO:0021536 diencephalon development,75,5
GO:0031668 cellular response to extracellular stimulus,245,9
GO:0045834 positive regulation of lipid metabolic process,153,7
GO:0030968 endoplasmic reticulum unfolded protein response,76,5
GO:0034121 regulation of toll-like receptor signaling pathway,76,5
GO:0010720 positive regulation of cell development,297,10
GO:0021915 neural tube development,154,7
GO:1903828 negative regulation of protein localization,199,8
GO:0009636 response to toxic substance,247,9
GO:1904062 regulation of cation transmembrane transport,352,11
GO:0043200 response to amino acid,114,6
GO:0002902 regulation of B cell apoptotic process,21,3
GO:0003177 pulmonary valve development,21,3
GO:0071243 cellular response to arsenic-containing substance,21,3
GO:0032271 regulation of protein polymerization,201,8
GO:0090257 regulation of muscle system process,250,9
GO:0090288 negative regulation of cellular response to growth factor stimulus,115,6
GO:0001974 blood vessel remodeling,46,4
GO:0010970 transport along microtubule,157,7
GO:0030856 regulation of epithelial cell differentiation,157,7
GO:0071383 cellular response to steroid hormone stimulus,203,8
GO:0071675 regulation of mononuclear cell migration,116,6
GO:0014068 positive regulation of phosphatidylinositol 3-kinase signaling,79,5
GO:0032924 activin receptor signaling pathway,47,4
GO:0051972 regulation of telomerase activity,47,4
GO:0055010 ventricular cardiac muscle tissue morphogenesis,47,4
GO:0060711 labyrinthine layer development,47,4
GO:0010631 epithelial cell migration,358,11
GO:0006606 protein import into nucleus,159,7
GO:0032411 positive regulation of transporter activity,117,6
GO:0032609 interferon-gamma production,117,6
GO:0032649 regulation of interferon-gamma production,117,6
GO:0007162 negative regulation of cell adhesion,305,10
GO:0002223 stimulatory C-type lectin receptor signaling pathway,22,3
GO:0032891 negative regulation of organic acid transport,22,3
GO:0051000 positive regulation of nitric-oxide synthase activity,22,3
GO:1903798 regulation of production of miRNAs involved in gene silencing by miRNA,22,3
GO:1905709 negative regulation of membrane permeability,22,3
GO:0001558 regulation of cell growth,415,12
GO:0048644 muscle organ morphogenesis,80,5
GO:0090132 epithelium migration,361,11
GO:0031641 regulation of myelination,48,4
GO:0060324 face development,48,4
GO:0030500 regulation of bone mineralization,81,5
GO:0034765 regulation of ion transmembrane transport,476,13
GO:0001837 epithelial to mesenchymal transition,162,7
GO:0090100 positive regulation of transmembrane receptor protein serine/threonine kinase signaling pathway,120,6
GO:0051170 import into nucleus,163,7
GO:0009205 purine ribonucleoside triphosphate metabolic process,82,5
GO:0010155 regulation of proton transport,23,3
GO:0021854 hypothalamus development,23,3
GO:0030728 ovulation,23,3
GO:0035988 chondrocyte proliferation,23,3
GO:0051131 chaperone-mediated protein complex assembly,23,3
GO:0070920 regulation of production of small RNA involved in gene silencing by RNA,23,3
GO:1990840 response to lectin,23,3
GO:1990858 cellular response to lectin,23,3
GO:0010659 cardiac muscle cell apoptotic process,49,4
GO:0060043 regulation of cardiac muscle cell proliferation,49,4
GO:0090130 tissue migration,366,11
GO:0030282 bone mineralization,121,6
GO:0051101 regulation of DNA binding,121,6
GO:0042509 regulation of tyrosine phosphorylation of STAT protein,83,5
GO:0060425 lung morphogenesis,50,4
GO:0002683 negative regulation of immune system process,425,12
GO:1900182 positive regulation of protein localization to nucleus,84,5
GO:0035458 cellular response to interferon-beta,24,3
GO:0035994 response to muscle stretch,24,3
GO:0045672 positive regulation of osteoclast differentiation,24,3
GO:0072530 purine-containing compound transmembrane transport,24,3
GO:1901028 regulation of mitochondrial outer membrane permeabilization involved in apoptotic signaling pathway,24,3
GO:1904996 positive regulation of leukocyte adhesion to vascular endothelial cell,24,3
GO:2000679 positive regulation of transcription regulatory region DNA binding,24,3
GO:0034250 positive regulation of cellular amide metabolic process,167,7
GO:0001838 embryonic epithelial tube formation,124,6
GO:0010658 striated muscle cell apoptotic process,51,4
GO:0045778 positive regulation of ossification,51,4
GO:0071622 regulation of granulocyte chemotaxis,51,4
GO:0032102 negative regulation of response to external stimulus,429,12
GO:0010657 muscle cell apoptotic process,85,5
GO:0035196 production of miRNAs involved in gene silencing by miRNA,52,4
GO:0070169 positive regulation of biomineral tissue development,52,4
GO:0003231 cardiac ventricle development,126,6
GO:0031348 negative regulation of defense response,268,9
GO:0010001 glial cell differentiation,218,8
GO:0003148 outflow tract septum morphogenesis,25,3
GO:0060343 trabecula formation,25,3
GO:1902993 positive regulation of amyloid precursor protein catabolic process,25,3
GO:0001892 embryonic placenta development,87,5
GO:0007260 tyrosine phosphorylation of STAT protein,87,5
GO:0009144 purine nucleoside triphosphate metabolic process,87,5
GO:0010718 positive regulation of epithelial to mesenchymal transition,53,4
GO:0071385 cellular response to glucocorticoid stimulus,53,4
GO:0072132 mesenchyme morphogenesis,53,4
GO:0110151 positive regulation of biomineralization,53,4
GO:1900087 positive regulation of G1/S transition of mitotic cell cycle,53,4
GO:1905475 regulation of protein localization to membrane,172,7
GO:0014031 mesenchymal cell development,88,5
GO:0043270 positive regulation of ion transport,273,9
GO:0009199 ribonucleoside triphosphate metabolic process,89,5
GO:0010524 positive regulation of calcium ion transport into cytosol,54,4
GO:0030878 thyroid gland development,26,3
GO:0050857 positive regulation of antigen receptor-mediated signaling pathway,26,3
GO:1904353 regulation of telomere capping,26,3
GO:1904385 cellular response to angiotensin,26,3
GO:0042475 odontogenesis of dentin-containing tooth,90,5
GO:0051258 protein polymerization,277,9
GO:0048015 phosphatidylinositol-mediated signaling,177,7
GO:0090398 cellular senescence,91,5
GO:0009743 response to carbohydrate,226,8
GO:0002220 innate immune response activating cell surface receptor signaling pathway,27,3
GO:0002719 negative regulation of cytokine production involved in immune response,27,3
GO:0016540 protein autoprocessing,27,3
GO:0030262 apoptotic nuclear changes,27,3
GO:0033032 regulation of myeloid cell apoptotic process,27,3
GO:0051503 adenine nucleotide transport,27,3
GO:1900017 positive regulation of cytokine production involved in inflammatory response,27,3
GO:1903055 positive regulation of extracellular matrix organization,27,3
GO:0048588 developmental cell growth,227,8
GO:0003229 ventricular cardiac muscle tissue development,56,4
GO:0070918 primary sncRNA processing,56,4
GO:0001658 branching involved in ureteric bud morphogenesis,57,4
GO:0042306 regulation of protein import into nucleus,57,4
GO:0060350 endochondral bone morphogenesis,57,4
GO:2001258 negative regulation of cation channel activity,57,4
GO:0002758 innate immune response-activating signal transduction,28,3
GO:0003416 endochondral bone growth,28,3
GO:0010800 positive regulation of peptidyl-threonine phosphorylation,28,3
GO:0015868 purine ribonucleotide transport,28,3
GO:0034123 positive regulation of toll-like receptor signaling pathway,28,3
GO:0070723 response to cholesterol,28,3
GO:0048017 inositol lipid-mediated signaling,181,7
GO:0033108 mitochondrial respiratory chain complex assembly,94,5
GO:0072175 epithelial tube formation,136,6
GO:0033619 membrane protein proteolysis,58,4
GO:0060038 cardiac muscle cell proliferation,58,4
GO:0019216 regulation of lipid metabolic process,339,10
GO:0002274 myeloid leukocyte activation,232,8
GO:1901991 negative regulation of mitotic cell cycle phase transition,183,7
GO:0043502 regulation of muscle adaptation,95,5
GO:0097696 receptor signaling pathway via STAT,184,7
GO:0006921 cellular component disassembly involved in execution phase of apoptosis,29,3
GO:0015865 purine nucleotide transport,29,3
GO:0031571 mitotic G1 DNA damage checkpoint signaling,29,3
GO:0060037 pharyngeal system development,29,3
GO:0061082 myeloid leukocyte cytokine production,29,3
GO:0045930 negative regulation of mitotic cell cycle,234,8
GO:0071384 cellular response to corticosteroid stimulus,59,4
GO:0030316 osteoclast differentiation,96,5
GO:0050921 positive regulation of chemotaxis,140,6
GO:0072073 kidney epithelium development,140,6
GO:0044819 mitotic G1/S transition checkpoint signaling,30,3
GO:0070979 protein K11-linked ubiquitination,30,3
GO:1900101 regulation of endoplasmic reticulum unfolded protein response,30,3
GO:1902230 negative regulation of intrinsic apoptotic signaling pathway in response to DNA damage,30,3
GO:1903579 negative regulation of ATP metabolic process,30,3
GO:1990776 response to angiotensin,30,3
GO:0000079 regulation of cyclin-dependent protein serine/threonine kinase activity,98,5
GO:0002687 positive regulation of leukocyte migration,141,6
GO:0060537 muscle tissue development,405,11
GO:1904589 regulation of protein import,61,4
GO:0010212 response to ionizing radiation,142,6
GO:0030183 B cell differentiation,142,6
GO:0045598 regulation of fat cell differentiation,142,6
GO:0050731 positive regulation of peptidyl-tyrosine phosphorylation,190,7
GO:0001649 osteoblast differentiation,241,8
GO:0002712 regulation of B cell mediated immunity,62,4
GO:0002889 regulation of immunoglobulin mediated immune response,62,4
GO:0030199 collagen fibril organization,62,4
GO:0060351 cartilage development involved in endochondral bone morphogenesis,31,3
GO:0061036 positive regulation of cartilage development,31,3
GO:0061311 cell surface receptor signaling pathway involved in heart development,31,3
GO:0061384 heart trabecula morphogenesis,31,3
GO:0098868 bone growth,31,3
GO:0030177 positive regulation of Wnt signaling pathway,144,6
GO:0046620 regulation of organ growth,101,5
GO:0070167 regulation of biomineral tissue development,101,5
GO:1904029 regulation of cyclin-dependent protein kinase activity,101,5
GO:0009410 response to xenobiotic stimulus,411,11
GO:0060675 ureteric bud morphogenesis,63,4
GO:0070542 response to fatty acid,63,4
GO:0071806 protein transmembrane transport,63,4
GO:0043524 negative regulation of neuron apoptotic process,145,6
GO:0050729 positive regulation of inflammatory response,145,6
GO:0062013 positive regulation of small molecule metabolic process,146,6
GO:0033028 myeloid cell apoptotic process,32,3
GO:0060674 placenta blood vessel development,32,3
GO:1901889 negative regulation of cell junction assembly,32,3
GO:1902235 regulation of endoplasmic reticulum stress-induced intrinsic apoptotic signaling pathway,32,3
GO:0014015 positive regulation of gliogenesis,64,4
GO:0030888 regulation of B cell proliferation,64,4
GO:0072171 mesonephric tubule morphogenesis,64,4
GO:0010522 regulation of calcium ion transport into cytosol,103,5
GO:0042102 positive regulation of T cell proliferation,103,5
GO:0110149 regulation of biomineralization,103,5
GO:1903076 regulation of protein localization to plasma membrane,103,5
GO:0003183 mitral valve morphogenesis,10,2
GO:0016559 peroxisome fission,10,2
GO:0021548 pons development,10,2
GO:0031943 regulation of glucocorticoid metabolic process,10,2
GO:0032070 regulation of deoxyribonuclease activity,10,2
GO:0033079 immature T cell proliferation,10,2
GO:0033131 regulation of glucokinase activity,10,2
GO:0033197 response to vitamin E,10,2
GO:0048563 post-embryonic animal organ morphogenesis,10,2
GO:0051351 positive regulation of ligase activity,10,2
GO:0060068 vagina development,10,2
GO:0060346 bone trabecula formation,10,2
GO:0061626 pharyngeal arch artery morphogenesis,10,2
GO:0070391 response to lipoteichoic acid,10,2
GO:0071223 cellular response to lipoteichoic acid,10,2
GO:0097049 motor neuron apoptotic process,10,2
GO:1902510 regulation of apoptotic DNA fragmentation,10,2
GO:2000347 positive regulation of hepatocyte proliferation,10,2
GO:0098656 anion transmembrane transport,247,8
GO:0046822 regulation of nucleocytoplasmic transport,104,5
GO:0031100 animal organ regeneration,65,4
GO:0030705 cytoskeleton-dependent intracellular transport,197,7
GO:0036314 response to sterol,33,3
GO:0043552 positive regulation of phosphatidylinositol 3-kinase activity,33,3
GO:0045736 negative regulation of cyclin-dependent protein serine/threonine kinase activity,33,3
GO:0046685 response to arsenic-containing substance,33,3
GO:0060317 cardiac epithelial to mesenchymal transition,33,3
GO:1904030 negative regulation of cyclin-dependent protein kinase activity,33,3
GO:2000191 regulation of fatty acid transport,33,3
GO:0001667 ameboidal-type cell migration,480,12
GO:0099111 microtubule-based transport,198,7
GO:0007584 response to nutrient,150,6
GO:0016331 morphogenesis of embryonic epithelium,150,6
GO:0050435 amyloid-beta metabolic process,66,4
GO:0050854 regulation of antigen receptor-mediated signaling pathway,66,4
GO:1902808 positive regulation of cell cycle G1/S phase transition,66,4
"GO:2000514 regulation of CD4-positive, alpha-beta T cell activation",66,4
GO:0032410 negative regulation of transporter activity,106,5
GO:0042742 defense response to bacterium,364,10
GO:0034284 response to monosaccharide,200,7
GO:0050864 regulation of B cell activation,200,7
GO:0032212 positive regulation of telomere maintenance via telomerase,34,3
GO:0048536 spleen development,34,3
GO:1900181 negative regulation of protein localization to nucleus,34,3
GO:1990000 amyloid fibril formation,34,3
GO:0046637 regulation of alpha-beta T cell differentiation,67,4
GO:0055021 regulation of cardiac muscle tissue growth,67,4
GO:0006913 nucleocytoplasmic transport,308,9
GO:0051169 nuclear transport,308,9
GO:0035148 tube formation,152,6
GO:0050871 positive regulation of B cell activation,152,6
GO:0090066 regulation of anatomical structure size,487,12
GO:0048754 branching morphogenesis of an epithelial tube,153,6
GO:0001660 fever generation,11,2
GO:0002604 regulation of dendritic cell antigen processing and presentation,11,2
GO:0002732 positive regulation of dendritic cell cytokine production,11,2
GO:0003174 mitral valve development,11,2
GO:0031642 negative regulation of myelination,11,2
GO:0033234 negative regulation of protein sumoylation,11,2
GO:0034350 regulation of glial cell apoptotic process,11,2
GO:0036490 regulation of translation in response to endoplasmic reticulum stress,11,2
GO:1901856 negative regulation of cellular respiration,11,2
GO:1903299 regulation of hexokinase activity,11,2
GO:1903799 negative regulation of production of miRNAs involved in gene silencing by miRNA,11,2
GO:0021761 limbic system development,108,5
GO:0010611 regulation of cardiac muscle hypertrophy,68,4
GO:0010614 negative regulation of cardiac muscle hypertrophy,35,3
GO:0070536 protein K63-linked deubiquitination,35,3
GO:0036503 ERAD pathway,109,5
GO:0090263 positive regulation of canonical Wnt signaling pathway,109,5
GO:0007004 telomere maintenance via telomerase,69,4
GO:0034394 protein localization to cell surface,69,4
GO:0070527 platelet aggregation,69,4
GO:0060070 canonical Wnt signaling pathway,313,9
GO:0007009 plasma membrane organization,156,6
GO:0016579 protein deubiquitination,156,6
GO:0090150 establishment of protein localization to membrane,259,8
GO:0044743 protein transmembrane import into intracellular organelle,36,3
GO:0071108 protein K48-linked deubiquitination,36,3
GO:0032890 regulation of organic acid transport,70,4
GO:0061035 regulation of cartilage development,70,4
GO:0009141 nucleoside triphosphate metabolic process,111,5
GO:0046632 alpha-beta T cell differentiation,111,5
GO:0060828 regulation of canonical Wnt signaling pathway,261,8
GO:0002698 negative regulation of immune effector process,112,5
GO:0030900 forebrain development,376,10
GO:0014743 regulation of muscle hypertrophy,71,4
GO:0002863 positive regulation of inflammatory response to antigenic stimulus,12,2
GO:0010992 ubiquitin recycling,12,2
GO:0033182 regulation of histone ubiquitination,12,2
GO:0051340 regulation of ligase activity,12,2
GO:0051798 positive regulation of hair follicle development,12,2
GO:0061517 macrophage proliferation,12,2
GO:0090085 regulation of protein deubiquitination,12,2
GO:0140052 cellular response to oxidised low-density lipoprotein particle stimulus,12,2
GO:1903624 regulation of DNA catabolic process,12,2
GO:1903800 positive regulation of production of miRNAs involved in gene silencing by miRNA,12,2
GO:1990845 adaptive thermogenesis,159,6
GO:0032412 regulation of ion transmembrane transporter activity,263,8
GO:0006862 nucleotide transport,37,3
GO:0014741 negative regulation of muscle hypertrophy,37,3
GO:0038179 neurotrophin signaling pathway,37,3
GO:0090218 positive regulation of lipid kinase activity,37,3
GO:1904358 positive regulation of telomere maintenance via telomere lengthening,37,3
"GO:0030330 DNA damage response, signal transduction by p53 class mediator",72,4
GO:0072078 nephron tubule morphogenesis,72,4
GO:0048662 negative regulation of smooth muscle cell proliferation,73,4
GO:0002701 negative regulation of production of molecular mediator of immune response,38,3
GO:0045622 regulation of T-helper cell differentiation,38,3
GO:1902229 regulation of intrinsic apoptotic signaling pathway in response to DNA damage,38,3
GO:0050680 negative regulation of epithelial cell proliferation,163,6
GO:0050900 leukocyte migration,384,10
GO:0050688 regulation of defense response to virus,74,4
GO:0060420 regulation of heart growth,74,4
GO:0072088 nephron epithelium morphogenesis,74,4
GO:0032570 response to progesterone,39,3
GO:0042307 positive regulation of protein import into nucleus,39,3
GO:0071634 regulation of transforming growth factor beta production,39,3
GO:1904994 regulation of leukocyte adhesion to vascular endothelial cell,39,3
"GO:2000516 positive regulation of CD4-positive, alpha-beta T cell activation",39,3
GO:0032621 interleukin-18 production,13,2
GO:0032661 regulation of interleukin-18 production,13,2
GO:0061430 bone trabecula morphogenesis,13,2
GO:0070424 regulation of nucleotide-binding oligomerization domain containing signaling pathway,13,2
GO:0072683 T cell extravasation,13,2
GO:1900103 positive regulation of endoplasmic reticulum unfolded protein response,13,2
GO:1903265 positive regulation of tumor necrosis factor-mediated signaling pathway,13,2
GO:0006278 RNA-templated DNA biosynthetic process,75,4
GO:0043536 positive regulation of blood vessel endothelial cell migration,75,4
GO:0048568 embryonic organ development,449,11
GO:0045787 positive regulation of cell cycle,329,9
GO:0015931 nucleobase-containing compound transport,218,7
GO:0061333 renal tubule morphogenesis,76,4
GO:0010719 negative regulation of epithelial to mesenchymal transition,40,3
GO:0016233 telomere capping,40,3
GO:0097009 energy homeostasis,40,3
GO:0045471 response to ethanol,119,5
GO:0051928 positive regulation of calcium ion transport,119,5
GO:0016055 Wnt signaling pathway,452,11
GO:0051651 maintenance of location in cell,219,7
GO:0198738 cell-cell signaling by wnt,454,11
GO:0032729 positive regulation of interferon-gamma production,77,4
GO:0072028 nephron morphogenesis,77,4
GO:0007517 muscle organ development,334,9
GO:0010463 mesenchymal cell proliferation,41,3
GO:0046688 response to copper ion,41,3
GO:0071548 response to dexamethasone,41,3
GO:0072595 maintenance of protein localization in organelle,41,3
GO:2000008 regulation of protein localization to cell surface,41,3
GO:0038127 ERBB signaling pathway,121,5
GO:0003222 ventricular trabecula myocardium morphogenesis,14,2
GO:0009886 post-embryonic animal morphogenesis,14,2
GO:0033033 negative regulation of myeloid cell apoptotic process,14,2
GO:0034309 primary alcohol biosynthetic process,14,2
GO:0048070 regulation of developmental pigmentation,14,2
GO:0051547 regulation of keratinocyte migration,14,2
GO:0071801 regulation of podosome assembly,14,2
GO:0120305 regulation of pigmentation,14,2
GO:1903729 regulation of plasma membrane organization,14,2
GO:1903894 regulation of IRE1-mediated unfolded protein response,14,2
GO:1904294 positive regulation of ERAD pathway,14,2
GO:2001171 positive regulation of ATP biosynthetic process,14,2
GO:0007492 endoderm development,78,4
GO:0033077 T cell differentiation in thymus,78,4
GO:1902369 negative regulation of RNA catabolic process,78,4
GO:0050769 positive regulation of neurogenesis,222,7
GO:0031214 biomineral tissue development,170,6
GO:0043487 regulation of RNA stability,170,6
GO:0030111 regulation of Wnt signaling pathway,336,9
GO:1990778 protein localization to cell periphery,337,9
GO:0043542 endothelial cell migration,279,8
GO:0048708 astrocyte differentiation,79,4
GO:0072332 intrinsic apoptotic signaling pathway by p53 class mediator,79,4
GO:0046777 protein autophosphorylation,224,7
GO:0030890 positive regulation of B cell proliferation,42,3
GO:0045022 early endosome to late endosome transport,42,3
GO:0045687 positive regulation of glial cell differentiation,42,3
GO:0060964 regulation of miRNA-mediated gene silencing,42,3
GO:1904591 positive regulation of protein import,42,3
GO:0001704 formation of primary germ layer,123,5
GO:0097237 cellular response to toxic substance,123,5
GO:0110148 biomineralization,172,6
GO:0050920 regulation of chemotaxis,225,7
GO:1904375 regulation of protein localization to cell periphery,124,5
GO:0007259 receptor signaling pathway via JAK-STAT,173,6
GO:0021954 central nervous system neuron development,80,4
GO:0042770 signal transduction in response to DNA damage,174,6
GO:0070646 protein modification by small protein removal,174,6
GO:0071364 cellular response to epidermal growth factor stimulus,43,3
GO:0071604 transforming growth factor beta production,43,3
GO:0090317 negative regulation of intracellular protein transport,43,3
GO:0072659 protein localization to plasma membrane,283,8
GO:0006446 regulation of translational initiation,81,4
GO:0010660 regulation of muscle cell apoptotic process,81,4
GO:0010833 telomere maintenance via telomere lengthening,81,4
GO:0002468 dendritic cell antigen processing and presentation,15,2
GO:0010763 positive regulation of fibroblast migration,15,2
GO:0045475 locomotor rhythm,15,2
GO:0048308 organelle inheritance,15,2
GO:0048313 Golgi inheritance,15,2
GO:0061307 cardiac neural crest cell differentiation involved in heart development,15,2
GO:0061308 cardiac neural crest cell development involved in heart development,15,2
GO:1902902 negative regulation of autophagosome assembly,15,2
GO:2000345 regulation of hepatocyte proliferation,15,2
GO:0048705 skeletal system morphogenesis,228,7
GO:0051656 establishment of organelle localization,404,10
GO:0034655 nucleobase-containing compound catabolic process,405,10
GO:0042310 vasoconstriction,82,4
GO:0060147 regulation of post-transcriptional gene silencing,44,3
GO:0060443 mammary gland morphogenesis,44,3
GO:0062208 positive regulation of pattern recognition receptor signaling pathway,44,3
GO:1900368 regulation of post-transcriptional gene silencing by RNA,44,3
GO:0030336 negative regulation of cell migration,346,9
GO:0014032 neural crest cell development,83,4
GO:0032413 negative regulation of ion transmembrane transporter activity,83,4
GO:0048678 response to axon injury,83,4
GO:0045931 positive regulation of mitotic cell cycle,128,5
GO:0001936 regulation of endothelial cell proliferation,178,6
GO:0002861 regulation of inflammatory response to antigenic stimulus,45,3
GO:0046006 regulation of activated T cell proliferation,45,3
GO:0098927 vesicle-mediated transport between endosomal compartments,45,3
GO:1902622 regulation of neutrophil migration,45,3
GO:1990090 cellular response to nerve growth factor stimulus,45,3
GO:2000273 positive regulation of signaling receptor activity,45,3
GO:0043409 negative regulation of MAPK cascade,179,6
GO:0051899 membrane depolarization,84,4
GO:0006878 cellular copper ion homeostasis,16,2
GO:0010224 response to UV-B,16,2
GO:0023035 CD40 signaling pathway,16,2
GO:0031649 heat generation,16,2
GO:0035970 peptidyl-threonine dephosphorylation,16,2
GO:0042532 negative regulation of tyrosine phosphorylation of STAT protein,16,2
GO:0051044 positive regulation of membrane protein ectodomain proteolysis,16,2
GO:0061684 chaperone-mediated autophagy,16,2
GO:0070242 thymocyte apoptotic process,16,2
GO:0048738 cardiac muscle tissue development,234,7
GO:0060560 developmental growth involved in morphogenesis,234,7
GO:0042063 gliogenesis,291,8
GO:0030168 platelet activation,130,5
GO:0042476 odontogenesis,130,5
GO:0046889 positive regulation of lipid biosynthetic process,85,4
GO:0071229 cellular response to acid chemical,85,4
GO:0010665 regulation of cardiac muscle cell apoptotic process,46,3
GO:0031018 endocrine pancreas development,46,3
GO:0035987 endodermal cell differentiation,46,3
GO:0060966 regulation of gene silencing by RNA,46,3
GO:0010595 positive regulation of endothelial cell migration,131,5
GO:0050728 negative regulation of inflammatory response,182,6
GO:0030433 ubiquitin-dependent ERAD pathway,86,4
GO:0010565 regulation of cellular ketone metabolic process,132,5
GO:0001774 microglial cell activation,47,3
GO:0031648 protein destabilization,47,3
GO:0045601 regulation of endothelial cell differentiation,47,3
GO:1905953 negative regulation of lipid localization,47,3
GO:1990089 response to nerve growth factor,47,3
GO:0043588 skin development,296,8
GO:0016032 viral process,418,10
GO:0001960 negative regulation of cytokine-mediated signaling pathway,87,4
GO:0009791 post-embryonic development,87,4
GO:0055017 cardiac muscle tissue growth,87,4
GO:0003198 epithelial to mesenchymal transition involved in endocardial cushion formation,17,2
GO:0006390 mitochondrial transcription,17,2
GO:0010566 regulation of ketone biosynthetic process,17,2
GO:0016045 detection of bacterium,17,2
GO:0034134 toll-like receptor 2 signaling pathway,17,2
GO:0048569 post-embryonic animal organ development,17,2
GO:0090594 inflammatory response to wounding,17,2
GO:1903358 regulation of Golgi organization,17,2
GO:2000811 negative regulation of anoikis,17,2
GO:0007565 female pregnancy,185,6
GO:0061138 morphogenesis of a branching epithelium,185,6
GO:0001889 liver development,134,5
GO:0048864 stem cell development,88,4
GO:0006953 acute-phase response,48,3
GO:0010662 regulation of striated muscle cell apoptotic process,48,3
GO:0050798 activated T cell proliferation,48,3
GO:0061028 establishment of endothelial barrier,48,3
GO:1902003 regulation of amyloid-beta formation,48,3
GO:1903426 regulation of reactive oxygen species biosynthetic process,48,3
GO:0051302 regulation of cell division,186,6
GO:0030879 mammary gland development,135,5
GO:0001942 hair follicle development,89,4
GO:0050767 regulation of neurogenesis,361,9
GO:2000146 negative regulation of cell motility,361,9
GO:0045667 regulation of osteoblast differentiation,136,5
GO:0000959 mitochondrial RNA metabolic process,49,3
GO:0030850 prostate gland development,49,3
GO:0061008 hepaticobiliary system development,137,5
GO:0002923 regulation of humoral immune response mediated by circulating immunoglobulin,18,2
GO:0006309 apoptotic DNA fragmentation,18,2
GO:0010759 positive regulation of macrophage chemotaxis,18,2
GO:0019896 axonal transport of mitochondrion,18,2
GO:0030540 female genitalia development,18,2
GO:0043217 myelin maintenance,18,2
GO:0060044 negative regulation of cardiac muscle cell proliferation,18,2
GO:0060965 negative regulation of miRNA-mediated gene silencing,18,2
GO:0061687 detoxification of inorganic compound,18,2
GO:0071360 cellular response to exogenous dsRNA,18,2
GO:0150079 negative regulation of neuroinflammatory response,18,2
GO:2000319 regulation of T-helper 17 cell differentiation,18,2
GO:2000641 regulation of early endosome to late endosome transport,18,2
GO:0045926 negative regulation of growth,245,7
GO:0007369 gastrulation,190,6
GO:0060401 cytosolic calcium ion transport,190,6
GO:0060021 roof of mouth development,91,4
GO:0072080 nephron tubule development,91,4
GO:0002269 leukocyte activation involved in inflammatory response,50,3
GO:0030857 negative regulation of epithelial cell differentiation,50,3
GO:0042149 cellular response to glucose starvation,50,3
"GO:0043370 regulation of CD4-positive, alpha-beta T cell differentiation",50,3
GO:0046638 positive regulation of alpha-beta T cell differentiation,50,3
GO:2000107 negative regulation of leukocyte apoptotic process,50,3
GO:0090068 positive regulation of cell cycle process,247,7
GO:0007044 cell-substrate junction assembly,92,4
GO:0022404 molting cycle process,92,4
GO:0022405 hair cycle process,92,4
GO:0060761 negative regulation of response to cytokine stimulus,92,4
GO:0014706 striated muscle tissue development,248,7
GO:0034341 response to interferon-gamma,140,5
"GO:0006120 mitochondrial electron transport, NADH to ubiquinone",51,3
GO:0009409 response to cold,51,3
GO:0015872 dopamine transport,51,3
GO:0051271 negative regulation of cellular component movement,369,9
GO:0031645 negative regulation of nervous system process,19,2
GO:0032930 positive regulation of superoxide anion generation,19,2
GO:0051546 keratinocyte migration,19,2
GO:0051797 regulation of hair follicle development,19,2
GO:0060149 negative regulation of post-transcriptional gene silencing,19,2
GO:0060340 positive regulation of type I interferon-mediated signaling pathway,19,2
GO:0060967 negative regulation of gene silencing by RNA,19,2
GO:0071800 podosome assembly,19,2
GO:0097709 connective tissue replacement,19,2
GO:1900369 negative regulation of post-transcriptional gene silencing by RNA,19,2
GO:1902894 negative regulation of miRNA transcription,19,2
GO:1903427 negative regulation of reactive oxygen species biosynthetic process,19,2
GO:0032273 positive regulation of protein polymerization,93,4
GO:0034109 homotypic cell-cell adhesion,93,4
GO:0060993 kidney morphogenesis,93,4
GO:0098773 skin epidermis development,93,4
GO:0035296 regulation of tube diameter,141,5
GO:0097746 blood vessel diameter maintenance,141,5
GO:0001935 endothelial cell proliferation,194,6
GO:0051924 regulation of calcium ion transport,251,7
GO:0035150 regulation of tube size,142,5
GO:0031103 axon regeneration,52,3
GO:0032206 positive regulation of telomere maintenance,52,3
GO:0065002 intracellular protein transmembrane transport,52,3
GO:2000677 regulation of transcription regulatory region DNA binding,52,3
GO:0061326 renal tubule development,94,4
GO:0014033 neural crest cell differentiation,95,4
GO:0051592 response to calcium ion,144,5
GO:0032210 regulation of telomere maintenance via telomerase,53,3
GO:0051960 regulation of nervous system development,440,10
GO:0002577 regulation of antigen processing and presentation,20,2
GO:0010523 negative regulation of calcium ion transport into cytosol,20,2
"GO:0035313 wound healing, spreading of epidermal cells",20,2
GO:0036498 IRE1-mediated unfolded protein response,20,2
GO:0043011 myeloid dendritic cell differentiation,20,2
GO:0043555 regulation of translation in response to stress,20,2
GO:0045591 positive regulation of regulatory T cell differentiation,20,2
GO:0046794 transport of virus,20,2
GO:0060716 labyrinthine layer blood vessel development,20,2
GO:0098543 detection of other organism,20,2
GO:1900225 regulation of NLRP3 inflammasome complex assembly,20,2
GO:1900424 regulation of defense response to bacterium,20,2
GO:1903206 negative regulation of hydrogen peroxide-induced cell death,20,2
GO:1903817 negative regulation of voltage-gated potassium channel activity,20,2
GO:1904292 regulation of ERAD pathway,20,2
GO:2000010 positive regulation of protein localization to cell surface,20,2
GO:1901988 negative regulation of cell cycle phase transition,255,7
GO:0003300 cardiac muscle hypertrophy,96,4
GO:0060419 heart growth,96,4
GO:0072006 nephron development,145,5
GO:0001763 morphogenesis of a branching structure,199,6
GO:0022408 negative regulation of cell-cell adhesion,199,6
GO:0071674 mononuclear cell migration,199,6
GO:0002067 glandular epithelial cell differentiation,54,3
GO:0006968 cellular defense response,54,3
GO:0014888 striated muscle adaptation,54,3
GO:0016925 protein sumoylation,54,3
GO:0045661 regulation of myoblast differentiation,54,3
GO:0061900 glial cell activation,54,3
GO:0046700 heterocycle catabolic process,443,10
GO:0060349 bone morphogenesis,98,4
GO:0150115 cell-substrate junction organization,98,4
GO:0001706 endoderm formation,55,3
GO:0002707 negative regulation of lymphocyte mediated immunity,55,3
GO:0097352 autophagosome maturation,55,3
GO:1902991 regulation of amyloid precursor protein catabolic process,55,3
GO:0003085 negative regulation of systemic arterial blood pressure,21,2
GO:0030220 platelet formation,21,2
GO:0032069 regulation of nuclease activity,21,2
GO:0038083 peptidyl-tyrosine autophosphorylation,21,2
GO:0070262 peptidyl-serine dephosphorylation,21,2
GO:0071498 cellular response to fluid shear stress,21,2
GO:0071636 positive regulation of transforming growth factor beta production,21,2
GO:0072111 cell proliferation involved in kidney development,21,2
GO:0014897 striated muscle hypertrophy,99,4
GO:0002064 epithelial cell development,203,6
GO:0044270 cellular nitrogen compound catabolic process,449,10
GO:0034205 amyloid-beta formation,56,3
GO:0061756 leukocyte adhesion to vascular endothelial cell,56,3
GO:0014013 regulation of gliogenesis,100,4
GO:0031341 regulation of cell killing,100,4
GO:1901992 positive regulation of mitotic cell cycle phase transition,100,4
GO:0043535 regulation of blood vessel endothelial cell migration,150,5
GO:0044703 multi-organism reproductive process,205,6
GO:0045216 cell-cell junction organization,205,6
GO:0042692 muscle cell differentiation,387,9
GO:0014896 muscle hypertrophy,101,4
GO:0021884 forebrain neuron development,22,2
GO:0023019 signal transduction involved in regulation of gene expression,22,2
GO:0032928 regulation of superoxide anion generation,22,2
GO:0036344 platelet morphogenesis,22,2
GO:0044346 fibroblast apoptotic process,22,2
GO:0044546 NLRP3 inflammasome complex assembly,22,2
GO:0045624 positive regulation of T-helper cell differentiation,22,2
GO:0046823 negative regulation of nucleocytoplasmic transport,22,2
GO:0051444 negative regulation of ubiquitin-protein transferase activity,22,2
GO:0061081 positive regulation of myeloid leukocyte cytokine production involved in immune response,22,2
GO:0070269 pyroptosis,22,2
GO:0072574 hepatocyte proliferation,22,2
GO:0072575 epithelial cell proliferation involved in liver morphogenesis,22,2
GO:1901032 negative regulation of response to reactive oxygen species,22,2
GO:1903428 positive regulation of reactive oxygen species biosynthetic process,22,2
GO:2000725 regulation of cardiac muscle cell differentiation,22,2
GO:2000810 regulation of bicellular tight junction assembly,22,2
GO:0006754 ATP biosynthetic process,57,3
GO:0007566 embryo implantation,57,3
GO:0038066 p38MAPK cascade,57,3
GO:0043551 regulation of phosphatidylinositol 3-kinase activity,57,3
GO:0048255 mRNA stabilization,57,3
GO:0098900 regulation of action potential,57,3
"GO:0035710 CD4-positive, alpha-beta T cell activation",102,4
GO:0035051 cardiocyte differentiation,153,5
GO:0051147 regulation of muscle cell differentiation,153,5
GO:0050732 negative regulation of peptidyl-tyrosine phosphorylation,58,3
GO:1901796 regulation of signal transduction by p53 class mediator,103,4
GO:1905477 positive regulation of protein localization to membrane,103,4
GO:0097530 granulocyte migration,154,5
GO:0032970 regulation of actin filament-based process,393,9
GO:0002053 positive regulation of mesenchymal cell proliferation,23,2
GO:0003323 type B pancreatic cell development,23,2
GO:0008211 glucocorticoid metabolic process,23,2
GO:0010893 positive regulation of steroid biosynthetic process,23,2
GO:0046641 positive regulation of alpha-beta T cell proliferation,23,2
GO:0071359 cellular response to dsRNA,23,2
GO:0072576 liver morphogenesis,23,2
GO:0097150 neuronal stem cell population maintenance,23,2
GO:0140632 inflammasome complex assembly,23,2
GO:2001169 regulation of ATP biosynthetic process,23,2
GO:1905952 regulation of lipid localization,155,5
GO:0019218 regulation of steroid metabolic process,104,4
GO:0050830 defense response to Gram-positive bacterium,104,4
GO:0031102 neuron projection regeneration,59,3
GO:0043666 regulation of phosphoprotein phosphatase activity,59,3
GO:0045599 negative regulation of fat cell differentiation,59,3
GO:2000351 regulation of endothelial cell apoptotic process,59,3
GO:0051235 maintenance of location,331,8
GO:0051962 positive regulation of nervous system development,270,7
GO:0040013 negative regulation of locomotion,396,9
GO:0046634 regulation of alpha-beta T cell activation,105,4
GO:0043407 negative regulation of MAP kinase activity,60,3
GO:0046824 positive regulation of nucleocytoplasmic transport,60,3
GO:1903078 positive regulation of protein localization to plasma membrane,60,3
GO:0001894 tissue homeostasis,272,7
GO:0034764 positive regulation of transmembrane transport,213,6
GO:0044706 multi-multicellular organism process,213,6
GO:0032414 positive regulation of ion transmembrane transporter activity,106,4
GO:0042116 macrophage activation,106,4
GO:0007292 female gamete generation,158,5
GO:0043488 regulation of mRNA stability,158,5
GO:0046631 alpha-beta T cell activation,158,5
GO:0002755 MyD88-dependent toll-like receptor signaling pathway,24,2
GO:0002922 positive regulation of humoral immune response,24,2
GO:0032740 positive regulation of interleukin-17 production,24,2
GO:0042026 protein refolding,24,2
GO:0048011 neurotrophin TRK receptor signaling pathway,24,2
GO:0051043 regulation of membrane protein ectodomain proteolysis,24,2
GO:0070841 inclusion body assembly,24,2
GO:1901522 positive regulation of transcription from RNA polymerase II promoter involved in cellular response to chemical stimulus,24,2
GO:1904666 regulation of ubiquitin protein ligase activity,24,2
GO:2000209 regulation of anoikis,24,2
GO:2000353 positive regulation of endothelial cell apoptotic process,24,2
GO:2000637 positive regulation of miRNA-mediated gene silencing,24,2
GO:0019439 aromatic compound catabolic process,466,10
GO:0032387 negative regulation of intracellular transport,61,3
GO:0043112 receptor metabolic process,61,3
GO:0050994 regulation of lipid catabolic process,61,3
GO:1903409 reactive oxygen species biosynthetic process,61,3
GO:1904356 regulation of telomere maintenance via telomere lengthening,61,3
GO:0000045 autophagosome assembly,107,4
GO:0019882 antigen processing and presentation,107,4
GO:0030004 cellular monovalent inorganic cation homeostasis,107,4
GO:0016064 immunoglobulin mediated immune response,216,6
GO:0002262 myeloid cell homeostasis,160,5
GO:0010959 regulation of metal ion transport,403,9
GO:0061387 regulation of extent of cell growth,108,4
GO:0035904 aorta development,62,3
GO:0043434 response to peptide hormone,404,9
GO:0050806 positive regulation of synaptic transmission,161,5
GO:0006929 substrate-dependent cell migration,25,2
GO:0030810 positive regulation of nucleotide biosynthetic process,25,2
GO:0031579 membrane raft organization,25,2
GO:0033233 regulation of protein sumoylation,25,2
GO:0045662 negative regulation of myoblast differentiation,25,2
GO:0046039 GTP metabolic process,25,2
GO:0048668 collateral sprouting,25,2
GO:0060148 positive regulation of post-transcriptional gene silencing,25,2
GO:0098581 detection of external biotic stimulus,25,2
GO:1900370 positive regulation of post-transcriptional gene silencing by RNA,25,2
GO:1900373 positive regulation of purine nucleotide biosynthetic process,25,2
GO:1903077 negative regulation of protein localization to plasma membrane,25,2
GO:1903959 regulation of anion transmembrane transport,25,2
GO:1905523 positive regulation of macrophage migration,25,2
GO:0019724 B cell mediated immunity,219,6
GO:0010573 vascular endothelial growth factor production,63,3
GO:2000401 regulation of lymphocyte migration,63,3
GO:0006401 RNA catabolic process,280,7
GO:0034767 positive regulation of ion transmembrane transport,163,5
GO:0051146 striated muscle cell differentiation,281,7
GO:0007596 blood coagulation,221,6
GO:0001938 positive regulation of endothelial cell proliferation,111,4
GO:0031532 actin cytoskeleton reorganization,111,4
GO:0072009 nephron epithelium development,111,4
GO:1905037 autophagosome organization,111,4
GO:0001885 endothelial cell development,64,3
GO:0009620 response to fungus,64,3
GO:0019229 regulation of vasoconstriction,64,3
GO:0098930 axonal transport,64,3
"GO:0000737 DNA catabolic process, endonucleolytic",26,2
GO:0031664 regulation of lipopolysaccharide-mediated signaling pathway,26,2
GO:0032515 negative regulation of phosphoprotein phosphatase activity,26,2
GO:0033598 mammary gland epithelial cell proliferation,26,2
GO:0048641 regulation of skeletal muscle tissue development,26,2
GO:0050995 negative regulation of lipid catabolic process,26,2
GO:0060740 prostate gland epithelium morphogenesis,26,2
GO:0071549 cellular response to dexamethasone stimulus,26,2
GO:2000316 regulation of T-helper 17 type immune response,26,2
GO:0061564 axon development,479,10
GO:0042093 T-helper cell differentiation,65,3
GO:0070613 regulation of protein processing,65,3
GO:0002526 acute inflammatory response,113,4
GO:0002832 negative regulation of response to biotic stimulus,113,4
GO:0009306 protein secretion,350,8
GO:0043489 RNA stabilization,66,3
GO:1902373 negative regulation of mRNA catabolic process,66,3
GO:0042303 molting cycle,114,4
GO:0042633 hair cycle,114,4
"GO:0001963 synaptic transmission, dopaminergic",27,2
GO:0002675 positive regulation of acute inflammatory response,27,2
GO:0002710 negative regulation of T cell mediated immunity,27,2
GO:0009651 response to salt stress,27,2
GO:0010758 regulation of macrophage chemotaxis,27,2
GO:0046426 negative regulation of receptor signaling pathway via JAK-STAT,27,2
GO:0051953 negative regulation of amine transport,27,2
GO:1902883 negative regulation of response to oxidative stress,27,2
GO:1904376 negative regulation of protein localization to cell periphery,27,2
GO:0050817 coagulation,226,6
GO:0032535 regulation of cellular component size,351,8
GO:0035592 establishment of protein localization to extracellular region,351,8
GO:0007599 hemostasis,227,6
GO:0021543 pallium development,169,5
"GO:0002294 CD4-positive, alpha-beta T cell differentiation involved in immune response",67,3
GO:0002704 negative regulation of leukocyte mediated immunity,67,3
GO:0042531 positive regulation of tyrosine phosphorylation of STAT protein,67,3
GO:0051926 negative regulation of calcium ion transport,67,3
GO:1904377 positive regulation of protein localization to cell periphery,67,3
GO:1904892 regulation of receptor signaling pathway via STAT,116,4
GO:0010804 negative regulation of tumor necrosis factor-mediated signaling pathway,28,2
GO:0010955 negative regulation of protein processing,28,2
GO:0032801 receptor catabolic process,28,2
GO:0033688 regulation of osteoblast proliferation,28,2
GO:0042634 regulation of hair cycle,28,2
GO:0045830 positive regulation of isotype switching,28,2
GO:0048873 homeostasis of number of cells within a tissue,28,2
GO:0060512 prostate gland morphogenesis,28,2
GO:0060765 regulation of androgen receptor signaling pathway,28,2
GO:0072539 T-helper 17 cell differentiation,28,2
GO:1901017 negative regulation of potassium ion transmembrane transporter activity,28,2
GO:1903318 negative regulation of protein maturation,28,2
GO:1903649 regulation of cytoplasmic transport,28,2
GO:0060402 calcium ion transport into cytosol,171,5
GO:0002287 alpha-beta T cell activation involved in immune response,68,3
GO:0002293 alpha-beta T cell differentiation involved in immune response,68,3
GO:0009206 purine ribonucleoside triphosphate biosynthetic process,68,3
GO:0042987 amyloid precursor protein catabolic process,68,3
GO:0043627 response to estrogen,68,3
GO:0051148 negative regulation of muscle cell differentiation,68,3
GO:0061180 mammary gland epithelium development,68,3
GO:1900046 regulation of hemostasis,68,3
GO:1903317 regulation of protein maturation,68,3
GO:0010594 regulation of endothelial cell migration,230,6
GO:0045446 endothelial cell differentiation,117,4
GO:0032368 regulation of lipid transport,118,4
GO:0009145 purine nucleoside triphosphate biosynthetic process,69,3
GO:0043550 regulation of lipid kinase activity,69,3
GO:0046635 positive regulation of alpha-beta T cell activation,69,3
GO:0010469 regulation of signaling receptor activity,173,5
GO:0061013 regulation of mRNA catabolic process,173,5
GO:0071375 cellular response to peptide hormone stimulus,294,7
GO:0071692 protein localization to extracellular region,359,8
GO:1901361 organic cyclic compound catabolic process,494,10
GO:0001773 myeloid dendritic cell activation,29,2
GO:0002068 glandular epithelial cell development,29,2
GO:0003209 cardiac atrium morphogenesis,29,2
GO:0003309 type B pancreatic cell differentiation,29,2
GO:0010464 regulation of mesenchymal cell proliferation,29,2
GO:0010575 positive regulation of vascular endothelial growth factor production,29,2
GO:0010667 negative regulation of cardiac muscle cell apoptotic process,29,2
"GO:0030970 retrograde protein transport, ER to cytosol",29,2
GO:0032369 negative regulation of lipid transport,29,2
GO:0051481 negative regulation of cytosolic calcium ion concentration,29,2
GO:0055022 negative regulation of cardiac muscle tissue growth,29,2
GO:0061117 negative regulation of heart growth,29,2
GO:0061437 renal system vasculature development,29,2
GO:0061440 kidney vasculature development,29,2
GO:0097421 liver regeneration,29,2
GO:1903513 endoplasmic reticulum to cytosol transport,29,2
GO:0043534 blood vessel endothelial cell migration,175,5
GO:0046890 regulation of lipid biosynthetic process,175,5
GO:0006413 translational initiation,120,4
GO:0001818 negative regulation of cytokine production,363,8
GO:1904427 positive regulation of calcium ion transmembrane transport,71,3
GO:0048675 axon extension,121,4
GO:0048736 appendage development,177,5
GO:0060173 limb development,177,5
GO:0045948 positive regulation of translational initiation,30,2
GO:0045444 fat cell differentiation,237,6
GO:0006941 striated muscle contraction,178,5
GO:0050810 regulation of steroid biosynthetic process,72,3
GO:0051937 catecholamine transport,72,3
GO:0010948 negative regulation of cell cycle process,301,7
GO:0010906 regulation of glucose metabolic process,123,4
GO:1901989 positive regulation of cell cycle phase transition,123,4
GO:0008361 regulation of cell size,179,5
GO:0032984 protein-containing complex disassembly,239,6
GO:0033555 multicellular organismal response to stress,73,3
GO:0045123 cellular extravasation,73,3
GO:0000002 mitochondrial genome maintenance,31,2
GO:0010039 response to iron ion,31,2
GO:0010664 negative regulation of striated muscle cell apoptotic process,31,2
GO:0032148 activation of protein kinase B activity,31,2
GO:0045737 positive regulation of cyclin-dependent protein serine/threonine kinase activity,31,2
GO:2001257 regulation of cation channel activity,180,5
GO:0002688 regulation of leukocyte chemotaxis,124,4
GO:0009201 ribonucleoside triphosphate biosynthetic process,74,3
GO:0035924 cellular response to vascular endothelial growth factor stimulus,74,3
GO:0045669 positive regulation of osteoblast differentiation,74,3
GO:0043244 regulation of protein-containing complex disassembly,125,4
GO:0006308 DNA catabolic process,32,2
GO:0035883 enteroendocrine cell differentiation,32,2
"GO:0043372 positive regulation of CD4-positive, alpha-beta T cell differentiation",32,2
GO:0060914 heart formation,32,2
GO:1900745 positive regulation of p38MAPK cascade,32,2
GO:1901380 negative regulation of potassium ion transmembrane transport,32,2
GO:1902253 regulation of intrinsic apoptotic signaling pathway by p53 class mediator,32,2
GO:1902624 positive regulation of neutrophil migration,32,2
GO:0006109 regulation of carbohydrate metabolic process,183,5
GO:0045766 positive regulation of angiogenesis,183,5
GO:1904018 positive regulation of vasculature development,183,5
GO:0002437 inflammatory response to antigenic stimulus,75,3
GO:0002534 cytokine production involved in inflammatory response,75,3
GO:0045685 regulation of glial cell differentiation,75,3
GO:0071230 cellular response to amino acid stimulus,75,3
GO:0086003 cardiac muscle cell contraction,75,3
GO:1900015 regulation of cytokine production involved in inflammatory response,75,3
GO:0042593 glucose homeostasis,244,6
GO:0070069 cytochrome complex,42,22
GO:0005741 mitochondrial outer membrane,205,32
GO:0031968 organelle outer membrane,232,33
GO:0019867 outer membrane,234,33
GO:0070469 respirasome,101,25
GO:0005746 mitochondrial respirasome,94,24
GO:0098798 mitochondrial protein-containing complex,281,34
GO:0098803 respiratory chain complex,91,23
GO:0005751 mitochondrial respiratory chain complex IV,25,14
GO:0005743 mitochondrial inner membrane,491,37
GO:0098800 inner mitochondrial membrane protein complex,155,24
GO:0045277 respiratory chain complex IV,28,14
GO:0005750 mitochondrial respiratory chain complex III,14,10
GO:0045275 respiratory chain complex III,14,10
GO:0045121 membrane raft,326,26
GO:0098857 membrane microdomain,327,26
GO:0035631 CD40 receptor complex,11,8
GO:0046930 pore complex,26,10
GO:0098573 intrinsic component of mitochondrial membrane,90,14
GO:0031306 intrinsic component of mitochondrial outer membrane,25,9
GO:0032592 integral component of mitochondrial membrane,88,13
GO:0031307 integral component of mitochondrial outer membrane,24,8
GO:1990204 oxidoreductase complex,120,13
GO:0005758 mitochondrial intermembrane space,83,10
GO:0031970 organelle envelope lumen,93,10
GO:1905369 endopeptidase complex,79,9
GO:1905368 peptidase complex,111,9
GO:0098799 outer mitochondrial membrane protein complex,22,5
GO:0098562 cytoplasmic side of membrane,193,11
GO:0009898 cytoplasmic side of plasma membrane,169,10
GO:0016234 inclusion body,74,7
GO:0098802 plasma membrane signaling receptor complex,313,13
GO:0005901 caveola,82,7
GO:0031300 intrinsic component of organelle membrane,412,15
GO:0031301 integral component of organelle membrane,382,14
GO:1904813 ficolin-1-rich granule lumen,124,8
GO:0005742 mitochondrial outer membrane translocase complex,21,4
GO:0000151 ubiquitin ligase complex,302,12
GO:0044853 plasma membrane raft,113,7
GO:1902495 transmembrane transporter complex,377,12
GO:0101002 ficolin-1-rich granule,185,8
GO:0031143 pseudopodium,18,3
GO:0030139 endocytic vesicle,342,11
GO:1990351 transporter complex,399,12
GO:0005776 autophagosome,112,6
GO:0009295 nucleoid,44,4
GO:0042645 mitochondrial nucleoid,44,4
GO:1902911 protein kinase complex,115,6
GO:0062023 collagen-containing extracellular matrix,429,12
GO:0034774 secretory granule lumen,322,10
GO:0060205 cytoplasmic vesicle lumen,325,10
GO:0031983 vesicle lumen,327,10
GO:0005775 vacuolar lumen,174,7
GO:0005819 spindle,402,11
GO:0000502 proteasome complex,59,4
GO:1902554 serine/threonine protein kinase complex,99,5
GO:0005796 Golgi lumen,104,5
GO:0016605 PML body,105,5
GO:0016235 aggresome,35,3
GO:0005905 clathrin-coated pit,70,4
GO:0042405 nuclear inclusion body,12,2
GO:0005759 mitochondrial matrix,473,11
GO:0043209 myelin sheath,45,3
GO:0045335 phagocytic vesicle,138,5
GO:0001650 fibrillar center,140,5
GO:0061702 inflammasome complex,18,2
GO:0005838 proteasome regulatory particle,19,2
"GO:0061695 transferase complex, transferring phosphorus-containing groups",259,7
GO:0043202 lysosomal lumen,97,4
GO:0030027 lamellipodium,202,6
GO:0044233 mitochondria-associated endoplasmic reticulum membrane,20,2
GO:0005811 lipid droplet,100,4
GO:0031305 integral component of mitochondrial inner membrane,56,3
GO:0031304 intrinsic component of mitochondrial inner membrane,57,3
GO:0022624 proteasome accessory complex,23,2
GO:0031625 ubiquitin protein ligase binding,298,44
GO:0044389 ubiquitin-like protein ligase binding,317,44
GO:0009055 electron transfer activity,125,22
GO:0015453 oxidoreduction-driven active transmembrane transporter activity,72,17
GO:0032813 tumor necrosis factor receptor superfamily binding,49,15
GO:0004129 cytochrome-c oxidase activity,19,11
"GO:0016675 oxidoreductase activity, acting on a heme group of donors",20,11
GO:0002020 protease binding,136,19
GO:0015078 proton transmembrane transporter activity,120,18
GO:0015399 primary active transmembrane transporter activity,162,18
GO:0097153 cysteine-type endopeptidase activity involved in apoptotic process,15,8
GO:0005126 cytokine receptor binding,272,21
GO:0061631 ubiquitin conjugating enzyme activity,36,10
GO:0061650 ubiquitin-like protein conjugating enzyme activity,39,10
GO:0005164 tumor necrosis factor receptor binding,31,9
GO:0005123 death receptor binding,21,8
GO:0022853 active ion transmembrane transporter activity,254,19
GO:0004175 endopeptidase activity,432,24
GO:0031593 polyubiquitin modification-dependent protein binding,53,10
GO:0097199 cysteine-type endopeptidase activity involved in apoptotic signaling pathway,10,6
GO:0070513 death domain binding,11,6
GO:0016504 peptidase activator activity,43,9
GO:0022804 active transmembrane transporter activity,404,21
GO:0004674 protein serine/threonine kinase activity,430,20
GO:0004842 ubiquitin-protein transferase activity,433,20
GO:0031996 thioesterase binding,11,5
GO:0008234 cysteine-type peptidase activity,178,13
GO:0043130 ubiquitin binding,96,10
GO:0019787 ubiquitin-like protein transferase activity,458,20
GO:0031386 protein tag,13,5
GO:0061134 peptidase regulator activity,230,14
GO:0043028 cysteine-type endopeptidase regulator activity involved in apoptotic process,40,7
GO:0004709 MAP kinase kinase kinase activity,26,6
GO:0032182 ubiquitin-like protein binding,116,10
GO:0050700 CARD domain binding,16,5
GO:0004197 cysteine-type endopeptidase activity,120,10
GO:0019955 cytokine binding,141,10
GO:0004222 metalloendopeptidase activity,111,9
GO:0043422 protein kinase B binding,11,4
GO:0070530 K63-linked polyubiquitin modification-dependent protein binding,24,5
GO:0019902 phosphatase binding,193,11
GO:0005518 collagen binding,68,7
GO:0005024 transforming growth factor beta-activated receptor activity,13,4
GO:0140030 modification-dependent protein binding,166,10
GO:0004252 serine-type endopeptidase activity,174,10
GO:0008656 cysteine-type endopeptidase activator activity involved in apoptotic process,17,4
GO:0031435 mitogen-activated protein kinase kinase kinase binding,17,4
GO:0019903 protein phosphatase binding,148,9
GO:0106310 protein serine kinase activity,360,14
GO:0008236 serine-type peptidase activity,191,10
GO:0004675 transmembrane receptor protein serine/threonine kinase activity,19,4
GO:0017171 serine hydrolase activity,195,10
GO:0016505 peptidase activator activity involved in apoptotic process,20,4
GO:1990381 ubiquitin-specific protease binding,21,4
GO:0008320 protein transmembrane transporter activity,22,4
GO:0097110 scaffold protein binding,67,6
GO:0005160 transforming growth factor beta receptor binding,24,4
GO:0005031 tumor necrosis factor-activated receptor activity,10,3
GO:0017002 activin-activated receptor activity,10,3
GO:0034713 type I transforming growth factor beta receptor binding,10,3
GO:0019209 kinase activator activity,110,7
GO:0022884 macromolecule transmembrane transporter activity,27,4
GO:0046332 SMAD binding,78,6
GO:0004706 JUN kinase kinase kinase activity,11,3
GO:0005347 ATP transmembrane transporter activity,11,3
GO:1990459 transferrin receptor binding,11,3
GO:0008237 metallopeptidase activity,189,9
GO:0022829 wide pore channel activity,30,4
GO:0140318 protein transporter activity,31,4
GO:0004712 protein serine/threonine/tyrosine kinase activity,446,14
GO:0005035 death receptor activity,13,3
GO:0005507 copper ion binding,61,5
GO:0004707 MAP kinase activity,15,3
GO:0048185 activin binding,15,3
GO:0008308 voltage-gated anion channel activity,17,3
GO:0036122 BMP binding,17,3
GO:0000295 adenine nucleotide transmembrane transporter activity,18,3
GO:0004708 MAP kinase kinase activity,18,3
GO:0005346 purine ribonucleotide transmembrane transporter activity,18,3
GO:0019207 kinase regulator activity,235,9
GO:0048156 tau protein binding,43,4
GO:1990782 protein tyrosine kinase binding,113,6
GO:0015216 purine nucleotide transmembrane transporter activity,21,3
GO:0030021 extracellular matrix structural constituent conferring compression resistance,22,3
GO:0043027 cysteine-type endopeptidase inhibitor activity involved in apoptotic process,22,3
GO:0019211 phosphatase activator activity,23,3
"GO:0051537 2 iron, 2 sulfur cluster binding",24,3
GO:0031072 heat shock protein binding,123,6
GO:0043539 protein serine/threonine kinase activator activity,53,4
GO:0038187 pattern recognition receptor activity,26,3
GO:0015215 nucleotide transmembrane transporter activity,27,3
GO:0004869 cysteine-type endopeptidase inhibitor activity,56,4
GO:0046982 protein heterodimerization activity,332,10
GO:0046625 sphingolipid binding,29,3
GO:0140678 molecular function inhibitor activity,59,4
GO:0015605 organophosphate ester transmembrane transporter activity,32,3
GO:0061135 endopeptidase regulator activity,194,7
GO:0016248 channel inhibitor activity,33,3
GO:0051087 chaperone binding,106,5
GO:0043394 proteoglycan binding,36,3
GO:0061133 endopeptidase activator activity,13,2
GO:0089720 caspase binding,13,2
GO:0030971 receptor tyrosine kinase binding,76,4
GO:0048487 beta-tubulin binding,41,3
GO:0070411 I-SMAD binding,14,2
GO:0019199 transmembrane receptor protein kinase activity,79,4
GO:0005201 extracellular matrix structural constituent,172,6
GO:0051879 Hsp90 protein binding,43,3
GO:0030544 Hsp70 protein binding,44,3
GO:0034979 NAD-dependent protein deacetylase activity,16,2
GO:1990380 Lys48-specific deubiquitinase activity,16,2
GO:0005539 glycosaminoglycan binding,234,7
GO:0008013 beta-catenin binding,86,4
GO:0051020 GTPase binding,298,8
GO:0042834 peptidoglycan binding,18,2
GO:0015485 cholesterol binding,50,3
GO:0015932 nucleobase-containing compound transmembrane transporter activity,50,3
GO:0019838 growth factor binding,139,5
GO:0020037 heme binding,139,5
GO:0030674 protein-macromolecule adaptor activity,305,8
GO:0016247 channel regulator activity,143,5
GO:1901505 carbohydrate derivative transmembrane transporter activity,53,3
GO:0070300 phosphatidic acid binding,20,2
GO:0097001 ceramide binding,20,2
GO:0015459 potassium channel regulator activity,54,3
GO:0061630 ubiquitin protein ligase activity,316,8
GO:0060090 molecular adaptor activity,379,9
GO:0033558 protein lysine deacetylase activity,21,2
GO:0046906 tetrapyrrole binding,149,5
GO:0005496 steroid binding,100,4
GO:0019887 protein kinase regulator activity,207,6
GO:0010857 calcium-dependent protein kinase activity,23,2
GO:0061659 ubiquitin-like protein ligase activity,329,8
GO:0030295 protein kinase activator activity,104,4
GO:0032934 sterol binding,60,3
GO:0050431 transforming growth factor beta binding,24,2
GO:0004843 cysteine-type deubiquitinase activity,106,4
GO:0019208 phosphatase regulator activity,111,4
GO:0101005 deubiquitinase activity,113,4
GO:0004190 aspartic-type endopeptidase activity,27,2
hsa05022 Pathways of neurodegeneration - multiple diseases,476,79
hsa05012 Parkinson disease,266,52
hsa04210 Apoptosis,136,40
hsa05010 Alzheimer disease,384,58
hsa04668 TNF signaling pathway,112,36
hsa05208 Chemical carcinogenesis - reactive oxygen species,223,46
hsa04932 Non-alcoholic fatty liver disease,155,39
hsa05014 Amyotrophic lateral sclerosis,364,50
hsa05161 Hepatitis B,162,36
hsa05020 Prion disease,273,44
hsa05415 Diabetic cardiomyopathy,203,39
hsa05131 Shigellosis,247,42
hsa04621 NOD-like receptor signaling pathway,184,36
hsa05016 Huntington disease,306,44
hsa04215 Apoptosis - multiple species,32,19
hsa05417 Lipid and atherosclerosis,215,37
hsa04064 NF-kappa B signaling pathway,104,27
hsa05160 Hepatitis C,157,30
hsa04217 Necroptosis,159,30
hsa05164 Influenza A,171,30
hsa05145 Toxoplasmosis,112,25
hsa05170 Human immunodeficiency virus 1 infection,212,32
hsa05169 Epstein-Barr virus infection,202,31
hsa05222 Small cell lung cancer,92,22
hsa04137 Mitophagy - animal,72,20
hsa04657 IL-17 signaling pathway,94,22
hsa01524 Platinum drug resistance,73,20
hsa00190 Oxidative phosphorylation,134,25
hsa05167 Kaposi sarcoma-associated herpesvirus infection,194,29
hsa04260 Cardiac muscle contraction,87,21
hsa05132 Salmonella infection,249,31
hsa05162 Measles,139,24
hsa04936 Alcoholic liver disease,142,24
hsa05152 Tuberculosis,180,26
hsa04620 Toll-like receptor signaling pathway,104,20
hsa04380 Osteoclast differentiation,128,21
hsa05142 Chagas disease,102,19
hsa04714 Thermogenesis,232,27
hsa05130 Pathogenic Escherichia coli infection,197,25
hsa05212 Pancreatic cancer,76,16
hsa05418 Fluid shear stress and atherosclerosis,139,20
hsa04622 RIG-I-like receptor signaling pathway,70,15
hsa05166 Human T-cell leukemia virus 1 infection,222,24
hsa05220 Chronic myeloid leukemia,76,15
hsa04722 Neurotrophin signaling pathway,119,18
hsa04010 MAPK signaling pathway,294,27
hsa05215 Prostate cancer,97,16
hsa04933 AGE-RAGE signaling pathway in diabetic complications,100,16
hsa05210 Colorectal cancer,86,15
hsa05163 Human cytomegalovirus infection,225,23
hsa04218 Cellular senescence,156,19
hsa04120 Ubiquitin mediated proteolysis,142,18
hsa05165 Human papillomavirus infection,331,27
hsa05017 Spinocerebellar ataxia,143,17
hsa04071 Sphingolipid signaling pathway,119,15
hsa05135 Yersinia infection,137,16
hsa05168 Herpes simplex virus 1 infection,495,31
hsa04625 C-type lectin receptor signaling pathway,104,14
hsa04660 T cell receptor signaling pathway,104,14
hsa04115 p53 signaling pathway,73,12
hsa04140 Autophagy - animal,141,16
hsa05203 Viral carcinogenesis,204,18
hsa05213 Endometrial cancer,58,10
hsa04350 TGF-beta signaling pathway,94,12
hsa04920 Adipocytokine signaling pathway,69,10
hsa05235 PD-L1 expression and PD-1 checkpoint pathway in cancer,89,11
hsa05134 Legionellosis,57,9
hsa04141 Protein processing in endoplasmic reticulum,171,15
hsa04926 Relaxin signaling pathway,129,13
hsa04068 FoxO signaling pathway,131,13
hsa05133 Pertussis,76,10
hsa05140 Leishmaniasis,77,10
hsa01521 EGFR tyrosine kinase inhibitor resistance,79,10
hsa05171 Coronavirus disease - COVID-19,232,17
hsa04662 B cell receptor signaling pathway,82,10
hsa05221 Acute myeloid leukemia,67,9
hsa05223 Non-small cell lung cancer,72,9
hsa04613 Neutrophil extracellular trap formation,190,14
hsa04151 PI3K-Akt signaling pathway,354,20
hsa04659 Th17 cell differentiation,108,10
hsa05205 Proteoglycans in cancer,205,14
hsa05218 Melanoma,72,8
hsa04022 cGMP-PKG signaling pathway,167,12
hsa05219 Bladder cancer,41,6
hsa05225 Hepatocellular carcinoma,168,12
hsa01522 Endocrine resistance,98,9
hsa04370 VEGF signaling pathway,59,7
hsa05416 Viral myocarditis,60,7
hsa04510 Focal adhesion,201,13
hsa01523 Antifolate resistance,30,5
hsa04931 Insulin resistance,108,9
hsa05120 Epithelial cell signaling in Helicobacter pylori infection,70,7
hsa05214 Glioma,75,7
hsa05226 Gastric cancer,149,10
hsa04390 Hippo signaling pathway,157,10
hsa04623 Cytosolic DNA-sensing pathway,63,6
hsa04062 Chemokine signaling pathway,192,11
hsa05202 Transcriptional misregulation in cancer,193,11
hsa04915 Estrogen signaling pathway,138,9
hsa04930 Type II diabetes mellitus,46,5
hsa04664 Fc epsilon RI signaling pathway,68,6
hsa05211 Renal cell carcinoma,69,6
hsa04917 Prolactin signaling pathway,70,6
hsa04150 mTOR signaling pathway,156,9
hsa05216 Thyroid cancer,37,4
hsa04012 ErbB signaling pathway,85,6
hsa04060 Cytokine-cytokine receptor interaction,295,13
hsa04014 Ras signaling pathway,235,11
hsa04211 Longevity regulating pathway,89,6
hsa05321 Inflammatory bowel disease,65,5
hsa04658 Th1 and Th2 cell differentiation,92,6
hsa04912 GnRH signaling pathway,93,6
hsa05207 Chemical carcinogenesis - receptor activation,212,10
hsa04919 Thyroid hormone signaling pathway,121,7
hsa05230 Central carbon metabolism in cancer,70,5
hsa04666 Fc gamma R-mediated phagocytosis,97,6
hsa04520 Adherens junction,71,5
hsa04650 Natural killer cell mediated cytotoxicity,131,7
hsa05146 Amoebiasis,102,6
hsa05144 Malaria,50,4
hsa04910 Insulin signaling pathway,137,7
hsa04371 Apelin signaling pathway,139,7
hsa05224 Breast cancer,147,7
hsa04730 Long-term depression,60,4
hsa04213 Longevity regulating pathway - multiple species,62,4
hsa04929 GnRH secretion,64,4
hsa05330 Allograft rejection,38,3
hsa05323 Rheumatoid arthritis,93,5
hsa05332 Graft-versus-host disease,42,3
hsa05206 MicroRNAs in cancer,310,11
hsa04940 Type I diabetes mellitus,43,3
hsa04914 Progesterone-mediated oocyte maturation,102,5
