gene,log2FC,t,p,q
ITIH5,2.262266847897261,11.668812315261121,8.058201480975027e-15,9.51270684829102e-11
ENSG00000248491,3.128591742483271,9.187585278708353,8.630109535484514e-12,3.9339727000724844e-08
CCL11,5.571804454386665,9.436773721436815,9.997389326740749e-12,3.9339727000724844e-08
PLPPR4,3.6704185039451263,8.804058912954368,1.1858583834033358e-10,2.9589375197859144e-07
HTR2A,2.8728272923023175,8.35560991343946,1.253256043958456e-10,2.9589375197859144e-07
ROBO2,4.132688231063278,9.123339196806631,1.9611672874304504e-10,3.858596638019411e-07
POSTN,5.6307786789836065,8.915620080943452,2.91191177127345e-10,4.910731208554725e-07
PDE3B,3.142292784159802,8.390418486458444,4.869156563777418e-10,6.915650871145264e-07
SNAP25,2.6922776095819914,8.045665778966692,5.27241489540935e-10,6.915650871145264e-07
SUGCT,2.7823880225722784,7.835237097133039,1.2829458405685602e-09,1.5145175647911854e-06
CHRDL2,3.2857703683253234,7.9367468237847065,2.095017508154218e-09,2.2483346985236858e-06
COMP,5.280286904704043,7.6328261219736016,2.5314077302125036e-09,2.4902723545965505e-06
KIAA1217,2.9799434050554767,7.381636761376153,3.165433587850244e-09,2.8744571926593947e-06
COL8A1,1.9162368962297913,7.122748219312341,7.559047905334083e-09,6.366664618440474e-06
HMCN1,1.9125560759591824,7.285508000461525,8.089789858247108e-09,6.366664618440474e-06
ACKR2,-2.801983358863793,-6.898250999040019,2.2964414543827938e-08,1.694343210561805e-05
BMP5,3.6004497370521666,6.9001276286194955,2.7094322427759266e-08,1.8265557763124955e-05
CDH11,1.808513922974674,6.927524116218214,2.7850913997140974e-08,1.8265557763124955e-05
TDO2,3.6363356729146057,6.753385141546291,3.237337609829804e-08,2.0114089728442542e-05
DIRAS3,2.828720501391051,6.70629203654356,3.441418314907426e-08,2.031297160374108e-05
TSPAN11,2.7817789754340447,6.55442756083682,5.297146870308736e-08,2.9777532763806968e-05
TGFBI,3.3461865009940217,6.69911160073502,6.736322342717712e-08,3.6146493298082994e-05
LINC01028,-3.3364459912777464,-6.3877365404622966,9.505870177027411e-08,4.773116145853168e-05
COL13A1,3.014053157575071,6.683105211511497,9.703921008087761e-08,4.773116145853168e-05
SPOCK1,-2.8611497152399625,-6.362666058591633,1.0640377661234083e-07,4.964630575181768e-05
SSPN,1.0166694546389259,6.443983777840732,1.093438330832071e-07,4.964630575181768e-05
HPSE2,2.048147801216124,6.41996898773344,1.3044304182579808e-07,5.703259662050171e-05
COL14A1,1.5068688177163203,6.473539540938178,1.465519369654674e-07,6.178734342419081e-05
A2M,1.832559605936794,6.215021139502378,2.2725779300475252e-07,9.134635029926596e-05
CXCL12,1.342503112051089,6.206795076410561,2.3213812020143827e-07,9.134635029926596e-05
CLEC14A,2.3901446680958593,6.097504108096936,2.438107980156686e-07,9.284472485725703e-05
BLVRB,-0.74086846506769,-6.27142636389032,3.398923998254627e-07,0.0001253884306231121
PTGER1,2.638733888847027,6.022070971771188,3.645418259215897e-07,0.0001304065531819505
ROBO1,2.8443401449807166,6.831914633885459,4.3673526496794325e-07,0.00014621890318443275
CNTN1,2.3415963486005102,5.94001369772676,4.490468786519242e-07,0.00014621890318443275
FHL2,1.8782006302454635,6.014248672014987,4.574743603077426e-07,0.00014621890318443275
MXRA5,3.9403929913044835,6.880120096693402,4.582888113362145e-07,0.00014621890318443275
COL6A5,2.958062981245754,5.927613311301971,4.818437287557929e-07,0.0001496885583674246
PTN,3.1313521349663245,5.998654222045491,5.135090090781213e-07,0.00015543522697864673
PSTPIP1,2.467429149752776,6.308287894171294,5.328097801404534e-07,0.0001572454863639513
ENPP2,2.633675639895912,6.288958695876683,5.915132441334874e-07,0.00016844112454710358
SPP1,2.6598021287976965,6.2407535722754615,5.992822728486532e-07,0.00016844112454710358
NRCAM,2.3894488984323385,5.822276454974317,6.480256122175273e-07,0.0001779056360983235
UCHL1,-1.289862889565569,-5.793927666434736,7.117508660366612e-07,0.00019095952212642693
LSAMP,1.1288492948688562,5.884441569192562,8.81214362048267e-07,0.00023117190097732873
GALNT15,-4.062171353445633,-5.915882003372209,9.2527184979409e-07,0.00023745291710476594
PENK,3.2281997862723073,5.6493152767152415,1.1358831399075265e-06,0.0002810397869680403
TUSC3,2.2079419574921646,6.042120477994204,1.1427284857658562e-06,0.0002810397869680403
FNDC1,2.444680821273356,5.627606949186981,1.243149855617643e-06,0.00029949763358298525
EMID1,2.7848003169586146,5.761390858409734,1.318048170028458e-06,0.0003111911729437189
PIEZO2,2.9340038833117803,6.275079718161939,1.356724992158793e-06,0.0003140419320085206
LIMCH1,1.32972723409162,5.647350800542994,1.419032087135145e-06,0.0003221475728582767
CYP4B1,-4.061621691860972,-5.6530047985702705,1.4755889012923384e-06,0.00032355726151823906
OCIAD2,1.9968440524152338,5.561875806096777,1.4800586295624659e-06,0.00032355726151823906
DIO2,3.0773039318438022,5.932256272281781,1.6051905666051282e-06,0.00034453226615951884
PHLDA1,2.986235655164749,6.045606064371391,1.9541177282304302e-06,0.00041193499610286125
LAMP5,2.7299901320887536,5.492532702939839,2.0400259519744514e-06,0.0004225001116326035
GALNT5,2.0795609552286907,5.448404439105858,2.176149149950521e-06,0.0004363323423352793
RNF24,0.9322643340912942,5.446556496250155,2.1807376702906803e-06,0.0004363323423352793
SPON1,1.367732698709185,5.506250173401532,2.467707870789248e-06,0.0004855215235777845
MDK,2.7535368298169045,5.940087201230264,2.738052482305201e-06,0.0005275793206242099
PRELP,-1.396990819862662,-5.6126674728109505,2.770852848682847e-06,0.0005275793206242099
SDK2,2.2296904724186604,5.366874536632052,2.8894964125913795e-06,0.000541436589692718
CD68,-1.2717771566643803,-5.44495364805769,2.9857144622599246e-06,0.0005507243629215376
PKIA,2.2223240936734427,5.864294549282215,3.0861702521235667e-06,0.0005604959973279801
GPX3,-1.9488024859264659,-5.6049447126051515,3.151177488804559e-06,0.0005636310644748154
LINC01436,2.5162837945101764,5.346722587297558,3.434594725082747e-06,0.0006051550855164453
HMGCLL1,2.512672359424501,5.327344744816209,3.537757547553997e-06,0.0006141651154246314
PHACTR2,0.9815498758505656,5.361757441964139,3.6859503632337675e-06,0.0006306180295358642
TMEM50A,-0.5153360112066538,-5.299083034531372,4.151003833185685e-06,0.0007000371464393859
CASS4,2.6070713336143765,5.228473037127164,4.728391867328129e-06,0.0007861783942789939
FDFT1,-0.7837670532725758,-5.210034118567978,5.131604408343293e-06,0.0008298997401141183
CCL13,2.8093046527973016,5.231452695879597,5.131950955385908e-06,0.0008298997401141183
BEX3,0.5036878361233992,5.171880375620328,5.5448220826807825e-06,0.0008837457002295745
CCL2,2.7643047069138538,5.43962083771955,5.61464866727811e-06,0.0008837457002295745
COL15A1,2.145861834169814,5.347148508711143,5.854516042841065e-06,0.0009093758142860363
ARSI,2.3330626092542035,5.141853135715258,6.089411070742916e-06,0.0009335778920794821
COL6A3,1.148067616674716,5.163123879250641,7.138119331129137e-06,0.0010803269064612751
TALDO1,-0.6205903768061667,-5.092737283431475,7.238851352698542e-06,0.0010817043065646365
HSD11B2,2.549340283841296,5.089223369419175,7.446313852870467e-06,0.0010987966879141982
CIMAP1C,1.98566706203882,5.095817536054729,7.593421307639499e-06,0.0011006805186899399
FAM184A,2.271565352364627,5.115216241099631,7.645557181920802e-06,0.0011006805186899399
FBF1,1.6837689495533013,5.0432553237284266,8.628795204878016e-06,0.0012165401359527522
SERINC5,2.146109979684346,5.425295427974721,8.656448235496076e-06,0.0012165401359527522
PCK2,-1.7609277962013445,-5.143680635460944,9.912016227895715e-06,0.001374429599162656
TKT,-0.7665465266681872,-4.986611053320751,1.0103003024174743e-05,0.001374429599162656
LRRC4C,1.9465813671133827,5.094479687766091,1.0129214326738761e-05,0.001374429599162656
STS,2.16307732360487,4.964289767506271,1.0949595791170959e-05,0.0014688633899406043
CFH,0.9795551109878957,5.072558726160973,1.1416669014198175e-05,0.0015062850227964785
TNFRSF4,1.718297102287265,4.950507241893622,1.1514706557021788e-05,0.0015062850227964785
MOXD1,1.2471501233399973,4.976666736049185,1.1698840059138575e-05,0.0015062850227964785
VMP1,0.992138068534417,5.029391801179783,1.1776642480636333e-05,0.0015062850227964785
LMO4,0.6958723574689039,4.942811236351224,1.1866540205004025e-05,0.0015062850227964785
PCDH7,2.118626661703863,5.272479861669049,1.2848628773239589e-05,0.0015987833879842948
CALM1,0.6580363264517874,4.912524871648239,1.2866109433164592e-05,0.0015987833879842948
LTBP2,1.1101729720805338,4.882157095677968,1.4528280362876624e-05,0.0017787171168240276
TNFSF18,1.8394867932327894,4.8965008008994495,1.4615464661747623e-05,0.0017787171168240276
PDGFC,2.138152365976932,5.049062676707845,1.5462805582671797e-05,0.001853851140740519
ADAM12,1.8958834769493604,4.9088236795805384,1.557380084139044e-05,0.001853851140740519
ASPN,1.3587482469585561,4.851347533002147,1.577818494318043e-05,0.001853851140740519
CSRNP3,2.116789195774087,4.872453910506784,1.586098815881342e-05,0.001853851140740519
COL24A1,2.04626232846073,4.857923212029228,1.6043319367083162e-05,0.0018567782855727132
HTATIP2,-0.8698244080997553,-4.862289758270576,1.654049732861211e-05,0.0018957336986821938
COL10A1,2.494905988496994,4.840409242918448,1.804775239045689e-05,0.002048593432397534
LDLRAD4,1.9748743410387086,5.24413386646939,1.8307279145996072e-05,0.0020582612411284154
FN1,1.157656331066768,4.936650709765719,1.8910971493175745e-05,0.0021060756460088647
NREP,2.6831086707875738,5.144421376584979,1.9843078362967004e-05,0.002189229346493696
GSTA1,2.179209742226353,4.827238975934086,2.0344013009832104e-05,0.0022144819322242235
ITGA8,2.693773725880173,5.123195749906288,2.0778997023777486e-05,0.0022144819322242235
ANTXR1,1.0690195833380187,5.041332299026178,2.0902879506035987e-05,0.0022144819322242235
PODNL1,2.185494540969637,4.8104821449470565,2.1008351005279993e-05,0.0022144819322242235
NICOL1,1.0755589737225089,4.857698370061038,2.1009909056256928e-05,0.0022144819322242235
LBH,1.6623336469396177,4.986180509837671,2.131284827390952e-05,0.0022196182125577136
OSBPL8,0.6666183810982513,4.819092646269476,2.143468667781274e-05,0.0022196182125577136
SSC5D,0.9985600222711462,4.812137834434267,2.1912183228168077e-05,0.0022493332435523836
CORIN,2.0974323469889953,4.730046151519576,2.344429143524048e-05,0.002385860865457016
PPIG,0.6112422409468845,4.901598668665939,2.4734536214472947e-05,0.002478816975971685
FREM1,2.1242411222392903,4.789663516273657,2.504399921097406e-05,0.002478816975971685
MRC2,1.3373018953889524,5.202935820728954,2.5303128121279917e-05,0.002478816975971685
HMGB1,0.48063469686388416,4.7528558978441104,2.537312570817056e-05,0.002478816975971685
PDE4D,2.3839280605505326,5.211496413273511,2.5559308081406686e-05,0.002478816975971685
SFTPC,-3.349632930213888,-4.801593560003853,2.561759178894922e-05,0.002478816975971685
CDC42BPA,0.6918022888387458,4.840051741433227,2.636830351265172e-05,0.00251075263220906
F5,2.0093682814935026,4.733470395672367,2.6373005200671196e-05,0.00251075263220906
RYBP,2.095828487076783,4.9732228076329745,2.7127802053695343e-05,0.002561949625950988
TGFB3,1.9645129939614612,5.074985726537845,2.74166666986779e-05,0.002568680558554703
ADGRL1,1.8952845574785613,4.800442338282128,2.8365081449188276e-05,0.0026366124921863594
VIT,-2.445512758629205,-4.699939933236517,2.947618824692898e-05,0.0027184875176171613
MFAP2,1.0342969440829348,4.729107088847515,3.0205045859918737e-05,0.002764112917646052
MFAP4,0.7875368678160477,4.642626483476829,3.112554914753463e-05,0.002792885194797449
C4B,1.7676200310443075,4.646603487438059,3.120885907421226e-05,0.002792885194797449
MDFI,2.2026556140426727,4.970507723658098,3.122921183509219e-05,0.002792885194797449
ACYP1,-1.7430680235460834,-4.6392692185523785,3.214983711794436e-05,0.0028536002043408506
BDKRB2,2.176732438046499,4.722280453962663,3.256509090778829e-05,0.0028688872997495586
LITAF,0.7595286306596387,4.692934002431063,3.4074154072363496e-05,0.002974636856115012
SRGN,1.8940379538792484,4.872556381327264,3.426942926146901e-05,0.002974636856115012
ALDH1A3,2.0565584359889426,4.840685787826835,3.585819414232772e-05,0.003089824685037801
SOX4,1.037808815240246,4.619731112975561,3.6501036634479137e-05,0.0031224256338407697
FLYWCH2,0.6036932881636652,4.800552473128904,3.7372647898065155e-05,0.0031739863916306417
LEF1,1.8026480782007748,4.57476409093357,3.931845305299473e-05,0.0033153881306471626
PLAGL1,1.0284862153345191,4.556476303643638,4.157143593378652e-05,0.0034681435480935696
PLCB4,2.0113794586115725,4.591051912408703,4.171760981188368e-05,0.0034681435480935696
GLT8D2,0.7726732341118634,4.684987383719516,4.3018683447240513e-05,0.003551297609053666
CNKSR3,1.7505852771716042,4.533508751432186,4.447055012641893e-05,0.003645658640572052
NFATC2,1.9566048685037405,4.657338211474447,4.577100978086476e-05,0.003711627249660566
ENC1,1.637736333314873,4.612442914547453,4.590407271922428e-05,0.003711627249660566
TSPAN13,2.357171651521819,4.567146184348087,4.731938078293228e-05,0.003800035987364051
TSPAN5,1.8928575509401075,4.5141324197466925,4.904662828878499e-05,0.0039121313983047756
LIMS1,0.98937713678432,4.549376487880958,5.252928615553194e-05,0.004161800154805735
RUNX1,1.9581429241513408,4.6383753509162675,5.587025191306247e-05,0.004396988825558016
PSMB1,-0.38281417386221683,-4.452224652557662,5.928349854405426e-05,0.00463471324710305
ATRX,0.4835492556019956,4.441407545519077,6.115862358534303e-05,0.004749559246427376
VCAM1,2.6331931328058187,4.5601969784054255,6.192869154420112e-05,0.004749559246427376
NCAM2,1.8934414588250004,4.74119999640228,6.195951918253417e-05,0.004749559246427376
LTBP1,0.7273079925642048,4.426096419925468,6.299144082631948e-05,0.004797509412610978
CCDC186,0.8092596218869961,4.462911572404316,6.50148345937721e-05,0.004919872579355639
ADGRG6,1.812357791111626,4.410304032098557,6.601637704418065e-05,0.004963154804014156
GSTO1,-0.5432660000154437,-4.431603993518271,6.642765430192601e-05,0.004963154804014156
TCF12,0.8974099976855845,4.409982209410555,6.723956869892835e-05,0.004992220808118548
CRYM,1.8776305296853475,4.404854552739475,6.793639133424743e-05,0.005012431873129943
ADH1B,-1.2382591526331002,-4.454737129017822,7.035792605035043e-05,0.0051588529007725896
CRISPLD1,1.6986963423702905,4.396602078790598,7.172098125214537e-05,0.005197297620137931
AOX1,-1.3361700951323554,-4.405123786097084,7.216069374428365e-05,0.005197297620137931
STAP2,1.4839620003960161,4.396534772958334,7.220303343520717e-05,0.005197297620137931
CLSTN3,2.0963674838444892,4.702147575889507,7.463695520377728e-05,0.005325569236602823
PDE7B,2.0029617108450966,4.370970724550601,7.48872929501117e-05,0.005325569236602823
SERTAD4-AS1,2.016690283968639,4.364657211039301,7.60250084968479e-05,0.005358305472865739
MYH10,1.1126613593004286,4.383914072937089,7.62554273139724e-05,0.005358305472865739
PLXDC1,2.474006589735552,4.489144669998607,7.980133689440725e-05,0.005574288651115251
PEAK1,0.9342753773227583,4.411821451160511,8.563944921750203e-05,0.005944428004183398
NINJ1,0.7280947251287211,4.359931735108068,8.610734338969599e-05,0.005944428004183398
PRRC2C,0.5307829749345796,4.366827832237075,8.782134663392748e-05,0.0060223161880953195
ENTPD1,2.2175260748534478,4.513483268396422,8.825588314616606e-05,0.0060223161880953195
TCIM,1.937078642343093,4.489361724387263,9.009153890026479e-05,0.006112244923664516
IL32,2.093694275584326,4.621571991633633,9.223506772233635e-05,0.006221914139783889
RNF150,1.784792380738641,4.293049454550124,9.787420435171997e-05,0.006564801036204854
RPLP0,-0.5568409247930823,-4.274515479746801,0.00010181533201068288,0.006757930897511008
ARHGAP18,1.9462978044542263,4.620755808196438,0.0001018984921437492,0.006757930897511008
NMT1,-0.8513271075165916,-4.2751937876489015,0.00010421947514173626,0.006873245274012271
TMCO6,-1.7069213098744913,-4.282031878323269,0.00010582466277546335,0.006888766229450126
ODF2L,0.8285839339762635,4.413564673245774,0.00010589079920775945,0.006888766229450126
CX3CL1,2.1299291147562025,4.317565900819968,0.00010620545986954027,0.006888766229450126
FGF14,1.8785823171447786,4.268243137861187,0.00010696355358997144,0.00690002595699242
GUCY1A1,1.8311071314672578,4.445154571822364,0.00011084564403702658,0.007077479979290567
COL1A1,1.4580923419203167,4.326472853371945,0.00011153427908984538,0.007077479979290567
TMSB4X,0.9549665455100804,4.450594326321548,0.00011220799033088629,0.007077479979290567
RHOJ,1.908064856453075,4.48237104266645,0.00011234143170993198,0.007077479979290567
TOP1,0.6549700658128694,4.249181681110932,0.00011271209115685104,0.007077479979290567
POLD4,-0.6520254854022154,-4.215961447362657,0.00012177616804704235,0.007606178115319232
PPL,-1.9165826468377691,-4.2048407302375335,0.00012713719659628196,0.007899234767468993
DST,0.7047460304098792,4.1885885485051935,0.00013429240367376184,0.00830011426894638
KCNMA1,1.9315595955688583,4.223735557855799,0.0001370221863383052,0.008424723488144234
GLDN,1.7543759158685825,4.1842434608720955,0.00013814756555914778,0.008449906794952017
PDE4B,2.03171249326718,4.283703333615683,0.00013967605538615788,0.0084993599682144
RPP25,-1.0415237778546373,-4.170896764495957,0.0001426605279811289,0.008636448886242187
FLOT2,-1.2259717113406596,-4.241877072883554,0.0001471954884913976,0.008865524192045657
RBFOX2,0.7438286717019134,4.227406752174482,0.0001519960507938451,0.009108189744270767
CALCRL,-1.6751482347959197,-4.156846454988624,0.00015314682095359655,0.009130799097763672
SERPINF2,-1.9580036598119188,-4.157539088991862,0.00015423851627577022,0.009147774316199736
NUDT5,-0.6148495892086157,-4.139860122398205,0.0001550524215541404,0.009147774316199736
PTGFRN,1.8678017382070538,4.328274503182293,0.00015575625900517975,0.009147774316199736
LINC01936,2.025011787282522,4.133422388560242,0.00015840979048968788,0.009239035683926571
RCAN1,1.96324582782042,4.148236265413317,0.00015887541243855095,0.009239035683926571
AP4S1,1.6232902823459623,4.232754613285138,0.00016022337080357974,0.009271749472236563
ITGB8,1.9718605337640283,4.146302807962806,0.00016354219972618576,0.009408793894519029
TGFBR3,-1.22855421264945,-4.183445117607336,0.00016418564525801948,0.009408793894519029
COL3A1,1.4384267607070669,4.240697157159098,0.00016590689980244282,0.009461502184385689
BOK,1.7293663576911236,4.364485222677702,0.0001712839235976691,0.009721186144569634
EBF1,-0.8352180463846581,-4.113235443862406,0.0001757022342020224,0.009858229611965039
RND3,1.2193545515841686,4.1000249410150165,0.00017600277853006084,0.009858229611965039
BTBD3,1.817270211212172,4.355677160258992,0.0001762038499046695,0.009858229611965039
HIGD1A,-1.6829139440120775,-4.124198029552255,0.00018006387888390958,0.010026670236908267
SFTA1P,1.9413227897519447,4.119229379352959,0.00018511186002636255,0.01025936858033432
SQOR,-1.3822819265110784,-4.2635225944456145,0.00018857767442371357,0.010389323680835186
NKD2,2.159990767253727,4.095238248429368,0.00018921682264968784,0.010389323680835186
ETV1,1.7698856142367125,4.281215482697925,0.00019435203704947472,0.010621878691523376
ZBTB20,0.6530224496273584,4.136215215402286,0.00019631371003306862,0.010679646760093895
MACF1,0.9695854661211412,4.107538290546168,0.00020182188603262564,0.01092893286520709
SUN2,-1.2974397106246576,-4.229137766253174,0.00020762836655620942,0.011165336385322156
UBB,0.44960927541647777,4.061324991809786,0.00020807911942150565,0.011165336385322156
TNIK,1.396343219295594,4.118172950361593,0.0002167767907905783,0.01157941183385872
ADAMTS5,-1.6807920915310328,-4.033702880825779,0.00022335765816973983,0.011877194390512517
MTPN,0.48684500999016933,4.027894484856379,0.00022499558498406422,0.01187929180245051
WNT5A,1.8400447159457474,4.022738250976918,0.00022736005047447214,0.01187929180245051
RDX,0.5904116569035951,4.11563345103172,0.0002275710586689221,0.01187929180245051
CHPT1,-1.0396719569844768,-4.097753217322389,0.00022806003789376493,0.01187929180245051
CASC15,1.8879050560071573,4.014632323968684,0.00022842856748464768,0.01187929180245051
IGFBP3,2.0747068845835352,4.1535820793119544,0.00023001598488256014,0.011909380269906239
RHOD,1.544283740517776,4.270544663505787,0.0002318298044087124,0.011924502261203935
UGCG,1.488740292117889,4.071597934516048,0.00023232829479685768,0.011924502261203935
TNC,2.5271631744936096,4.099303363401151,0.00023455776904787845,0.011986815859784438
NORAD,0.6673587755952131,4.007292928038859,0.00023968887781014868,0.012161573210185826
P4HA3,2.0492225050529704,4.047667817031036,0.0002400378278672848,0.012161573210185826
GPR153,1.8007721140904853,4.048925339273405,0.00024336139340171346,0.012277270295330031
HGF,0.982915642047252,4.075317832725001,0.000246792913116262,0.012397405699308394
DENND1B,1.8335108494595185,3.9865916110218587,0.000250770765233709,0.012543851201626844
NUCKS1,0.4386832636698763,3.984122779754859,0.0002529790653381947,0.012600919267161979
MARCKS,1.070317683530674,3.9787350472529748,0.0002554015353547286,0.012605080023313849
TNNC1,-1.7723693138748435,-4.0042956088856245,0.0002557207441905709,0.012605080023313849
DLST,-0.7614042748207082,-3.9926149983126136,0.00025626592169380124,0.012605080023313849
PPP1CC,0.5830568529590483,3.9745987468058073,0.000258505594825849,0.012623571480182397
IQGAP2,1.6903668743143174,3.9763344974860595,0.00025878054199103263,0.012623571480182397
NAP1L1,0.5003227482117101,3.973017710479595,0.00026540915724161955,0.012893642391923123
TENM1,1.6781411097418362,3.9895335996705494,0.0002683312763886057,0.012934984604882351
COL5A2,0.9956763908459285,4.06040441676961,0.0002684516076405062,0.012934984604882351
SELENOW,0.598830322407812,3.9578846946954425,0.0002736137129084678,0.013130121467010009
MIR222HG,2.0598742793833797,3.9469387690624362,0.0002908117471673444,0.013853717945821532
F13A1,2.26017417962969,3.996001623150337,0.0002910715441059568,0.013853717945821532
AKAP7,1.7748269287191394,4.0304528767245245,0.0002922131104201238,0.013853717945821532
LMNA,0.9379223979264069,4.031426587313346,0.0002944810995722894,0.013874296420346837
SDHA,-0.6507677481707539,-3.9319461079604623,0.00029554317261799363,0.013874296420346837
RBM25,0.6505323433214212,3.98903844810012,0.00029617303667322343,0.013874296420346837
TXNRD1,-0.9165189890283134,-3.9296259373086992,0.000303922578380566,0.014181051532737477
NAPSA,-2.1396463938418027,-3.91972666000862,0.0003091511366320638,0.01436822507063588
SLCO2B1,1.6720335847005607,3.9330516532032376,0.00031187129057945695,0.014437806216825447
EIF5,0.7050203387778726,3.9579922120588082,0.000316290719183733,0.01453855091878111
TMEM176B,0.7569790909749967,4.06891384427743,0.00031760279759630324,0.01453855091878111
CRABP2,2.192756415384034,4.0454179016442655,0.00031774215476878663,0.01453855091878111
LUM,1.1456005591712728,3.9453711313291158,0.00032903447058877056,0.014997111680696666
DOK5,1.9297853766943982,3.9489850096061407,0.00033045965767453106,0.015004139457107074
LINC02202,-1.1358791655013718,-3.965778957330518,0.0003342081502062537,0.015116196219098946
CLMP,1.876687796857972,4.195788463201095,0.0003360920146375774,0.015143382567925958
HMGN1,0.7719751719516337,3.888246019971979,0.00033825644664470136,0.015182955713462737
VLDLR,1.7048523323537599,3.9128609685002567,0.0003399930550572062,0.015203098541478482
WLS,0.7580573572825475,3.881551401471741,0.0003491681994248248,0.01555445507249078
TSC22D1,1.5376096646541857,4.018115111426607,0.0003515523790374846,0.01560178885164476
PDE1A,1.6304350631774995,4.067538912659925,0.00037100860294422453,0.016403582613320488
CREB3L2,0.6723336457409399,3.913462845821544,0.00037304026006611534,0.016431866679404817
KDM5B,0.7546899985196598,3.897896611351023,0.0003778289146040209,0.016580930620447833
TWIST1,1.94347134399977,3.8494346495225895,0.000380205724606214,0.016623439181393914
DOK4,-1.2328273400481282,-3.907071648651723,0.00038376194789443687,0.016717010313261355
KCNK15,-1.7728703653223667,-3.844920148646211,0.0003915562167205174,0.016993827714653336
SLC31A2,-1.64764015196838,-3.838537659895489,0.0004037107710432012,0.017457163561043917
LOXL2,1.8504291147113041,3.8542007221990957,0.00041362660673692036,0.01782066457127498
MICAL3,1.6866114764885343,3.8248053804480864,0.00041555990841746053,0.017838853523156804
EDEM2,-1.0784931589354487,-3.866927223447567,0.00041810187153772994,0.017882944179358342
GLIPR1,0.8552363497470443,3.89459792379207,0.00042979760927617535,0.01828469096321515
TMEM120A,-0.7269092267632749,-3.8374303425926146,0.00043059246825699377,0.01828469096321515
TNFRSF19,1.7003703006942366,3.8008439902305744,0.0004399938760856732,0.018616945187065848
CBX5,0.8117338130010712,3.9764749629134513,0.00044657343865880104,0.018827855154882667
SFTPA2,-2.071287474533555,-3.8129236654595733,0.0004483515346985408,0.018835551128527667
AIG1,1.3234333656409838,4.113105402904124,0.00045067420621679367,0.018865989377266842
SNX30,1.4419973564040465,3.7832870372673257,0.0004651116364648263,0.019401564906244787
COL18A1,1.0908787654006993,3.856826265191458,0.0004718947259699794,0.019615201549561995
SCG2,1.7271467177857869,3.779879187936197,0.00048284872822581713,0.019966786058153774
EEA1,0.4221067542056369,3.774193271595126,0.0004837357740476052,0.019966786058153774
TNFAIP6,1.791757341426175,3.8776572067588155,0.0004959023764666237,0.020397656983235167
NUPR1,-0.674383222777756,-3.829090968639981,0.0005020867977260821,0.020568385789390818
SOSTDC1,1.7528425393210458,3.782007905895826,0.0005035377800198176,0.020568385789390818
FAM200B,-0.5395633732766525,-3.7543164408218974,0.0005063528497060466,0.020603854413618887
IGFBP6,-1.5112283153944883,-3.7768631615623387,0.0005101740764475631,0.020603854413618887
RRBP1,0.7418441556072128,3.7927292126740415,0.0005128796129343098,0.020603854413618887
TMOD3,0.6025645518398646,3.817849247412383,0.000514035932906863,0.020603854413618887
TSHZ2,0.9789063566636393,3.870993046088475,0.0005143596395074891,0.020603854413618887
SEZ6L2,1.8077005007302986,3.7485021486022734,0.0005156155717064459,0.020603854413618887
SERPINA3,-2.4496063305868976,-3.752416425226457,0.0005194552213118973,0.020603854413618887
TMEM35A,1.7333524191580365,3.757796801275861,0.0005204063279201141,0.020603854413618887
NT5C,-0.4017417562181471,-3.752914465670068,0.0005215338837982761,0.020603854413618887
FAT1,1.2620000484485354,3.8920339335946608,0.0005218595908235533,0.020603854413618887
ZNF428,0.5307609245279492,3.741044958333543,0.0005291956104982802,0.020823847273107324
CD44,0.7577144204434312,3.8152488795287844,0.0005378153052996568,0.02109272318625398
MMP19,1.0783629906064176,3.743123168677324,0.0005403350946992242,0.021121376797762725
PTPRD,1.359699963724852,3.855126732527005,0.0005456176977381415,0.021257481590094923
NR4A3,1.9834399713911055,3.749356681616124,0.0005523631939513061,0.021449498370378843
COL5A1,1.0285608950541754,3.8274509713035414,0.0005579021430664349,0.02158621917858177
SPARC,0.8803713815700664,3.7573448249761765,0.0005595411324562492,0.02158621917858177
LINC00578,1.6725360514490548,3.7340229793626465,0.0005662402004151348,0.021773503471989142
JADE2,-1.1928748861551717,-3.765945175675413,0.0005732606421027395,0.021971889220853375
PTMA,0.6438815858338884,3.7471742103132124,0.0005821343119102746,0.0222397914307469
ZNF275,1.6667700508349421,3.738388909378264,0.0005966964753454522,0.022687457831733832
LMO3,-1.6432768090359802,-3.747731982578138,0.0005976958395314886,0.022687457831733832
TMEM59L,2.0439019884847736,3.7176008441822783,0.0006049077765960839,0.022879081815921368
COL1A2,0.9501444093852367,3.781778819529119,0.0006066202971946961,0.022879081815921368
VGLL4,0.7228837127940055,3.7111879450995597,0.0006156814995016395,0.023146879304512275
FARP1,1.7209566733012913,3.7874284390648745,0.0006191660626671312,0.0232039853009063
HMGB2,-1.1024857458747137,-3.7285713145723323,0.0006217938391724838,0.023228722377946744
PTMS,0.5590408097567998,3.758376597312171,0.0006265277283210239,0.023304229970661665
RARRES2,0.8888291518714144,3.8279545189567257,0.0006277632469860576,0.023304229970661665
NPY1R,-2.1842160606320595,-3.739919167443397,0.0006425770849096912,0.02377938083811569
IL18,-2.483855064189534,-3.7426531936340206,0.0006457886352146645,0.023823546370965985
G6PD,-1.0808601430836982,-3.7235565447740533,0.0006511886288190964,0.02394791826544995
CYS1,1.6695206348665814,3.6855521885870233,0.0006545913879638734,0.023998296071160018
FAT4,1.6329007226442993,3.8417576905077193,0.0006598771755664649,0.024117182840749592
ENPEP,1.7119350536602864,3.7151993096052256,0.0006658400508330467,0.024260005555815173
PRR13,-0.4585690862585894,-3.6781464247256745,0.0006696615951726182,0.02432416963388541
IL34,1.510912141237101,3.668878371821177,0.0006725262549742527,0.02435328969316274
TCAF1,1.6103709935505632,3.929785445442375,0.0006753876696117185,0.024382114494698275
GNG2,1.8718731268489646,3.677075813502777,0.0006783761093778214,0.02441527533618349
LIMA1,0.7268208526344706,3.6812969451723174,0.0006804426586704251,0.02441527533618349
ADH5,-0.4994993779801087,-3.655916441554608,0.0006859619272170227,0.024518403897081795
ATOH8,-1.5852608213902686,-3.652923888653777,0.0006874707064747204,0.024518403897081795
BNIP3,-0.7622104056852583,-3.767659490838064,0.000695305748334471,0.024723145659904907
LSS,-0.9346210498972272,-3.6630843136666855,0.0007028099008396159,0.0249149275658008
GAS1,-1.7357115919181734,-3.665093016415189,0.0007135124282955358,0.025172381282691222
ADI1,-0.7158318533088117,-3.6838463607430363,0.000714336952960742,0.025172381282691222
ATP1B2,1.9110996369925999,3.6818243325772464,0.0007225257951778393,0.025385169678792837
MID1IP1,-1.0790115732181649,-3.65550129044743,0.0007274936979703824,0.025483866779051526
CHN1,2.0264610497190594,3.663524375900893,0.0007296786144095823,0.025484781192618697
ALPL,1.6807880056752613,3.6345877477831117,0.0007361545067252175,0.0256351149023339
NAAA,-0.9872050370757837,-3.6983928210306645,0.0007399136556535639,0.025690237367618593
TMEM69,-1.2244653466525723,-3.7226134512124323,0.0007523307275698987,0.026044763164113353
SAT1,0.8076747326327176,3.701190699543867,0.0007591133098306519,0.02620272696652294
PAFAH1B3,1.610350996854748,3.761486251648109,0.0007625055041936373,0.026243083023340785
PIR,-1.295603606933759,-3.6527980638573183,0.0007737791834757909,0.026553672270150326
SYNPO,1.5811101986783553,3.6864537778775857,0.0007824961991255517,0.026774978639643877
ADAM33,-0.8416054415379,-3.60975030580657,0.0007955473954437725,0.027142881512178425
MALRD1,1.489582196552071,3.6048929858549377,0.0008001595972170287,0.027221567853449636
CENPV,1.5203945117800761,3.749067581664515,0.0008068080347988369,0.027333546130345207
NPR1,-1.7793070562428293,-3.6010320575333163,0.0008080819652257923,0.027333546130345207
FOXF1,0.8045269325584776,3.597019098436761,0.0008161224368427628,0.0275266439055109
EID1,0.4017624670401396,3.5932481649386014,0.0008253100579989834,0.027720494527186997
ARID5B,0.6930453791573301,3.589983476747763,0.0008275588228536011,0.027720494527186997
FGF10,1.5739793121375558,3.58988341396732,0.0008289144064461678,0.027720494527186997
MPG,-0.3753806989833999,-3.587106051365092,0.000846478538330597,0.028227907189244908
ESD,-0.352916069432629,-3.578929313994452,0.0008551099864195976,0.028349587831542733
SGCD,1.424446175040666,3.753948929930203,0.0008555986176468193,0.028349587831542733
CLEC11A,0.7179192926722449,3.580472653101203,0.000857331881055549,0.028349587831542733
KDM6B,1.384204547263324,3.5890868593069722,0.0008661406843234909,0.028560868096197796
CCDC40,1.1938955425094262,3.5780199254669327,0.0008715876337500539,0.028660423444065143
MMD,1.4621747073650342,3.647813323148761,0.0008774260482610397,0.028772262499226597
TNFRSF21,1.6360062063911487,3.6115273288150287,0.0008842185876263173,0.028914682623071123
TCF4,0.6233163693734474,3.636611946624083,0.0008919218409772937,0.02908601473131755
FILIP1,0.9176369276922909,3.6200508615272597,0.000897686678924786,0.02914186477515042
NTM,2.135476978594456,3.6604073264467494,0.0008985716881113725,0.02914186477515042
ABHD2,0.7648216294772423,3.570289172054354,0.0009190999193873835,0.029720143520992587
RAP2B,1.6149812282434626,3.6136239486345905,0.0009214377406762632,0.029720143520992587
CCSER2,0.544302942523271,3.5848740163587083,0.0009311754402757139,0.029952387118405456
PTK7,1.3477206438754177,3.5471376598312028,0.0009439489154910565,0.03028075257438022
SREBF2,-1.051393601771394,-3.558327435221154,0.0009510891993355917,0.03042712194622401
ERG,1.3637930070901616,3.5430685832117153,0.0009557245046443513,0.03049277777655829
S100A2,1.6447845775099428,3.545107194025794,0.0009656330484890732,0.03071804690598177
CASP2,1.326986238892741,3.5502258022647393,0.0009679892798835425,0.03071804690598177
RELB,1.3396245270855829,3.710701895139642,0.0009814138784712439,0.031060565242233336
RNPEPL1,-1.2324533520552765,-3.6046150314096486,0.0009900404601792662,0.031249806503786733
RPL14,-0.359819024184203,-3.5306000624556004,0.000994009851091582,0.031291430112363
ZBTB7B,-1.322552920051686,-3.5266799082472695,0.0010024718692169543,0.03147388408538868
HEPH,1.0786683118237246,3.623014501143407,0.0010314679228195774,0.032298352331260244
FNBP1L,1.5790106387502616,3.5300851281844476,0.001034777577789067,0.032316268004761735
SLC29A1,-0.9020730111390645,-3.538677208319533,0.0010375983283201502,0.03231886085968172
EFEMP2,0.567226869664192,3.5188725077499163,0.0010444766564890959,0.032337070419828584
SYNJ2,1.5749423718372357,3.526944939335075,0.0010447322167627974,0.032337070419828584
PAM16,-1.0405357255961958,-3.5525710725657498,0.001046400753949557,0.032337070419828584
FILIP1L,1.2345877637658802,3.610446548553006,0.0010590044249554514,0.03262171815600334
FRMD6,1.258218676016102,3.6546069849567955,0.0010611384813134506,0.03262171815600334
NOTUM,1.5908417702899855,3.5119907139868762,0.001081881556470754,0.03310611960065607
KLHL12,-1.2926460868575362,-3.5018806927865613,0.0010825042071879072,0.03310611960065607
FIBIN,-0.9958967514096875,-3.4997608184643294,0.001087251318426073,0.033165379364392227
MTF2,1.5747061107968867,3.588672947891305,0.0010982105078462896,0.03337175408141406
DCHS1,1.3693402565466992,3.6484818702513984,0.001099670676634483,0.03337175408141406
ADAMTS9,1.8311578173739944,3.495600909399403,0.0011168439671838278,0.033780666553485314
MEG3,2.0209736628989763,3.697264827551463,0.0011227683907236512,0.033780666553485314
RIN3,1.478404523782422,3.593002295825088,0.0011245515830245226,0.033780666553485314
HR,1.6011609016765316,3.485995243934073,0.0011261705019123146,0.033780666553485314
SNAP29,-0.5920735540524698,-3.5331813787843767,0.0011274529963636777,0.033780666553485314
HAGHL,1.331239605211058,3.5054082757841036,0.0011438010300925275,0.034068361100894014
BAD,0.4437622856569403,3.484300849397131,0.0011440177789784883,0.034068361100894014
C10orf143,1.405275405231093,3.478675339827868,0.0011484017262497715,0.034068361100894014
EGR3,2.0259678780300243,3.518402262356026,0.0011485987054769859,0.034068361100894014
KCTD12,1.5946278753555232,3.491715987798922,0.0011544923536324291,0.0341573489589745
SERTAD1,0.9993982755254489,3.5225549192070855,0.001160095122637745,0.034176753780947575
NFATC1,1.441358693595351,3.5855306863179575,0.001172112496766921,0.034176753780947575
ACTR3B,1.3461258409215093,3.485703505806916,0.0011734184176307606,0.034176753780947575
DBNDD2,-0.8788511943076527,-3.504312226279878,0.001173884099913511,0.034176753780947575
C4orf3,0.3560962734718922,3.5207876949866552,0.0011758939382889146,0.034176753780947575
GADD45A,1.1022588479619726,3.5613606747949924,0.0011782217745480695,0.034176753780947575
KAZN,1.6126888734710834,3.631507706640014,0.0011782467862176684,0.034176753780947575
SLPI,-1.9269902360796305,-3.472392524806651,0.0011788539773302546,0.034176753780947575
SOX13,-1.6993439951281295,-3.468906614425893,0.0011812041967493951,0.034176753780947575
BCAS3-AS1,1.4202630100918638,3.4691539962422917,0.001185455991838541,0.03421591194047427
SPATS2L,0.7122874773441987,3.4989367387142063,0.0011889073276953723,0.034231831715716754
RGS4,1.466296652030256,3.4719867357995073,0.0012117302942269337,0.034804078158999885
DKK3,1.257229123996976,3.5111642222509323,0.0012179607120041218,0.034898121857302566
VASN,-0.8449880189260099,-3.460510127656232,0.0012277407192265934,0.03509316995271171
PLA2G4C,1.6818156641691735,3.507380286083641,0.0012466420553950044,0.03554736585492277
PTGER2,1.415435277581686,3.448786759833758,0.0012794855950470604,0.036395969757904933
SHMT1,-1.6824648764382073,-3.465177694819494,0.0012838978146622573,0.03643368678386526
PHGDH,-1.4371710833694422,-3.5282005262210516,0.0012991045980043669,0.0367059777013496
SFTPA1,-2.2021330194521975,-3.4368463084151593,0.0013042485150377046,0.0367059777013496
MAOA,-1.4403366598648262,-3.451894990891823,0.0013058854427559427,0.0367059777013496
NALCN,1.4738025221392435,3.434399559250279,0.0013059305916617392,0.0367059777013496
PRSS12,1.471248529924212,3.4381391186615486,0.0013173852170629049,0.03693998215540996
CLDN1,1.499875382284543,3.4303524712625246,0.0013218479152035333,0.03697728587435476
BPIFB1,1.980387042401694,3.4329810253069923,0.0013518975490281026,0.03762040432884093
PLTP,0.7357329147978202,3.426529129740462,0.0013540565028738905,0.03762040432884093
IARS2,-0.4545102237570555,-3.4326782896072463,0.0013609642400777197,0.03762040432884093
PSMC5,-0.40491825627945843,-3.4329377893601487,0.0013617671350198745,0.03762040432884093
RYR2,1.872309979948563,3.4271841434083843,0.0013621380532382902,0.03762040432884093
DLG2,1.5998039799579882,3.422553311913951,0.0013639587507618734,0.03762040432884093
TSPAN1,1.3707898994000098,3.430116765385839,0.0013731668848187798,0.0377860957465867
FSTL3,-0.7509937028166398,-3.4619360618384944,0.0014157343454172817,0.03886684638988607
CYBA,0.4772511466257301,3.436691988615836,0.0014212471020809707,0.03892766134586047
RAB31,1.2560627165332,3.572035276915837,0.0014289806995934624,0.03904888231180746
CNTN4,-1.6688651288015182,-3.453672375589513,0.001445948583510941,0.039151471990463316
LIMS2,-0.9711376897606998,-3.403460028566241,0.0014481658279415467,0.039151471990463316
VSTM4,1.3525410579931911,3.5501790245245735,0.0014482569315802975,0.039151471990463316
ZNF827,1.4072654844022678,3.441868974411155,0.0014500504084529117,0.039151471990463316
MCTP2,1.752507778448435,3.422696566814576,0.0014517225982423985,0.039151471990463316
KGD4,-0.4595842333694282,-3.4014845989164746,0.001452634030649973,0.039151471990463316
TNFSF13B,1.389459847136009,3.4335280329694085,0.0014685959675377039,0.0394286876837248
ZNF530,1.1108180593961665,3.404990413166169,0.001469599540943576,0.0394286876837248
UNC5B,1.5635569234420623,3.392014758470305,0.0014768916342697638,0.03953448014184708
PODN,-0.7876262563571403,-3.4152007848842163,0.0014887148983631293,0.039760813066010724
DHCR24,-1.7420613653555708,-3.4012596029283704,0.001500885158273227,0.03999537086549761
COL7A1,1.4794448994106455,3.383245200516856,0.0015201677716443402,0.04041797419878702
DOCK10,1.5218622476085726,3.3805940856338026,0.0015311683106340565,0.04053793397993387
OSER1-DT,-1.3117168436632567,-3.3822117366524145,0.0015338833800231304,0.04053793397993387
GADD45G,1.312740584684697,3.393655481859743,0.0015349814899644591,0.04053793397993387
ARHGAP28,1.5286446836291239,3.3861216874264204,0.0015394196754923148,0.04056439569014906
FOSB,1.2993982654158476,3.372351209681529,0.0015637030725556959,0.041112505059064566
TMTC2,1.466353646835471,3.3723553889987974,0.0015771340652012394,0.041309670321618704
ADAMTSL4,-0.8351932753537215,-3.369683694326967,0.0015782008737865339,0.041309670321618704
DCUN1D3,1.3896272237221678,3.4403421671277736,0.0016126554049293324,0.041992216615738195
NDNF,0.7786044411189694,3.361421967150357,0.0016135109955766008,0.041992216615738195
ANK2,0.9483174652899207,3.4850063758091707,0.0016149484407916258,0.041992216615738195
CNTNAP1,1.5476886085883572,3.3723240427316594,0.0016275731304713765,0.04210712466265125
PHF14,1.0954477856888074,3.457315523776753,0.001630383534494497,0.04210712466265125
SCUBE1,1.5765827510720567,3.357720859899412,0.0016361155675394274,0.04210712466265125
TMBIM1,-0.5304813143785037,-3.374088687407679,0.0016382051968600111,0.04210712466265125
LRRC17,1.414305553373083,3.481657542006053,0.0016435052274073026,0.04210712466265125
PTGDS,1.5772025021561724,3.391698959468875,0.0016441639151505898,0.04210712466265125
KIF13B,1.5096657136984866,3.382736406667551,0.0016443358296893034,0.04210712466265125
ZFP36L1,0.6931048750598681,3.4208960767749974,0.0016846701283361478,0.0430466036039139
RABAC1,-0.47861300093876125,-3.3561342150963975,0.0016910994295058974,0.04311755672854669
THY1,1.1524919094252901,3.455197764550347,0.001711505095856311,0.04354378805298222
CD24,1.99597631384091,3.3369190753538107,0.0017620330520982466,0.04469156440514119
ARC,2.380257800417706,3.370239181452476,0.0017641905135786357,0.04469156440514119
RNF145,1.0229594493235288,3.4558368589670345,0.001771464223400823,0.04477973267076384
TENM4,1.4995843097313368,3.3255638202842372,0.001792101087506162,0.045204601149594535
HAX1,-0.3858559255925531,-3.332639580012624,0.0018119560334629848,0.04558662724332746
VCAN,0.9615270550119455,3.4240073925114793,0.0018149694878749603,0.04558662724332746
SRPX2,-0.870184276637648,-3.3083576548849543,0.0018900418050722323,0.04729849809268665
MGST1,-1.038868368552496,-3.3351286203473745,0.001891138593794841,0.04729849809268665
BIRC3,1.62619006317105,3.303924044686942,0.0019010719470700032,0.047446415084907795
LMO2,-1.398031254005624,-3.3312374504036426,0.001950206193716283,0.04846951971849988
PPFIA2,1.7017591295193095,3.2949092867924317,0.0019527123316481776,0.04846951971849988
PRICKLE1,1.4210389968187673,3.427580745314565,0.001954383006014904,0.04846951971849988
ZMAT3,1.3404965375402682,3.417234274433938,0.0019816393202740663,0.04900261222861579
CDK14,1.5405514953847215,3.355180845553228,0.001984180317262037,0.04900261222861579
RETREG1,-1.3674274554717685,-3.282416180963515,0.0020223035097678664,0.049839859984988855
AKR7A2,0.6642117900959681,3.3078899959774843,0.0020298744493651463,0.04992222473907407
GSDME,-1.252587901893376,-3.3847165006406232,0.0020370087244283206,0.04999353012864101
TTC3,0.5641723464356296,3.3291324316342017,0.002056809738557626,0.05037476963417587
LRIG1,1.3278365501878975,3.352762861760133,0.0020649860116447667,0.05041122614891582
DHX36,0.5499526426133778,3.3417137346257477,0.0020668389204638086,0.05041122614891582
XRRA1,1.5103617602173198,3.312247613441381,0.0020712599033878287,0.050414893112357355
RGS2,1.5443010927307572,3.355209233275552,0.0020955206643170133,0.05090045564251511
PDLIM3,0.7940827320154957,3.273712782901576,0.002107813300718482,0.0510939137884634
PAPPA2,1.435759412400908,3.274011899549807,0.002114393999471409,0.05114840402409832
PRDM1,1.5702255201528672,3.2931038424966284,0.002127060660160911,0.051349593237626896
PTPN18,-0.8383445157578171,-3.2679148565895284,0.0021350829494573027,0.05143806983335399
CSNK1A1,0.41846660179904305,3.2851252700762603,0.0021437468360307756,0.05154161181128983
CFL2,-0.7278215770366332,-3.2576803004126553,0.002174920107470604,0.05218482087132211
RNH1,-0.4748947940516519,-3.27779902249281,0.0021974483587681236,0.052618413540076465
REV1,1.2993315031477506,3.461518554628933,0.002207292144233666,0.052695762837052344
PSMA3-AS1,1.4335041105683248,3.4330131099983805,0.0022140138992862695,0.052695762837052344
TPD52L2,-0.6624022407857444,-3.259132473861061,0.0022140701708748805,0.052695762837052344
AHR,0.8388834030341084,3.278271371597396,0.0022303265182811293,0.05297586428231133
FGFR4,1.838139560761109,3.3725053123924886,0.002243813918407555,0.05318920342731162
DOCK5,1.2907661424464574,3.2463512540723647,0.002251667353637408,0.05326840302543007
ZCCHC14,1.3781022210280591,3.3767834032920514,0.002263204395625933,0.05343425578072828
PGC,-1.8618593325031148,-3.2866727270274185,0.002277058492435611,0.05359059710360092
ENSG00000242282,1.3093403637428525,3.2784177947911557,0.0022807485566120568,0.05359059710360092
FNDC4,1.5126992837365023,3.266776971748251,0.0022858654824284706,0.05359059710360092
IFI6,0.9476080939285492,3.3439754135341118,0.0022879848318691116,0.05359059710360092
ADGRA3,1.406064407707256,3.2419229753407093,0.0022979701332115896,0.053717895886263
TMEM176A,0.7470275743958954,3.2878904548564796,0.0023405089362543725,0.054604165993049146
ATP6V0D1,0.5213159492974455,3.230747043534222,0.002352759637975322,0.05474871183290139
KLHL4,1.5018023670224094,3.2292598175835434,0.0023559801449482345,0.05474871183290139
NHSL2,1.317216350859292,3.312127571594662,0.0023606299325128026,0.05474899087095017
PCOLCE2,-1.9323813946026869,-3.2442704324348064,0.002384853952663523,0.05520235472782919
MED11,-0.640727240184308,-3.2253042852273173,0.0024128927226459876,0.0555569910152957
AGTR1,-1.093501153272498,-3.2269825147139204,0.0024131247683110346,0.0555569910152957
FBXW7,1.0906092123590017,3.3328103420215944,0.0024142936375134852,0.0555569910152957
TBC1D17,-0.6561068962246042,-3.225817672676966,0.002420455925611818,0.055590432299314214
SPATS2,1.1279523015934227,3.341965000078264,0.002435592970124419,0.055764355577435774
GPSM1,1.4498567983590371,3.2515728536636836,0.0024374762793694924,0.055764355577435774
LINC01354,-1.166954037784625,-3.2555338527438304,0.002452955642323,0.056009944598883976
SERPINE1,1.5339738653226451,3.222974795097066,0.002458662927789435,0.056031883904544943
MT-CO3,0.6458864003330671,3.218844088909444,0.002464083119966194,0.05604720853795938
MAT2A,0.8018044955699288,3.2334080927204636,0.002477161922242497,0.05623633940783207
RCC2,1.4516926382596225,3.242908733252222,0.0024954197750671958,0.05654209298400815
MAFIP,-1.3797394857230734,-3.2192253528500023,0.0025004632164930896,0.056547831936208666
C3orf70,1.607343384052216,3.2155494107535545,0.0025099148018731185,0.05665304825260452
ARL5B,1.4736349300448577,3.2162974349292184,0.002542066981548176,0.057247873209909615
PDE5A,1.1494238860443637,3.3017095873251563,0.002545966407048077,0.057247873209909615
F2R,1.3207866925351643,3.278826946035816,0.0025512070765156777,0.05725665311457714
FBLN7,1.5671703866814806,3.217605439521544,0.0025573349095248657,0.05728527249893935
RBP5,1.5037740135889939,3.2003756762983158,0.002569655841980545,0.05745224851246275
GEM,0.9479399904840289,3.2149815844301344,0.002610894130634695,0.058263903992708074
DUSP6,1.4789714105881195,3.1999961801942916,0.0026517385955792507,0.05899491716462878
CHD3,1.0756696675578246,3.3153972603219124,0.0026570747664160193,0.05899491716462878
MARCKSL1,1.3010102779057409,3.1860869292573106,0.002658644297465693,0.05899491716462878
HMOX2,-0.4612670641568348,-3.184581849274183,0.0027067741664528475,0.0599502233301611
FGF9,-1.6190323505854538,-3.197491956804732,0.0027212762498784963,0.0600528979080135
BBC3,-1.4208547103697997,-3.1839649558942926,0.0027215841068011204,0.0600528979080135
ADGRA2,1.3684933999891964,3.3291253895963298,0.0027346824841416786,0.06022934090539648
CNOT8,-0.9472826239821872,-3.1781762681242816,0.0027431470456632614,0.060303260473100195
HSPB6,0.6335029489789648,3.2044599335282355,0.0027487971955905545,0.06031515036049534
PRR5L,1.463704303330152,3.2063866911552714,0.0027653800092706815,0.06056643972066863
CCDC91,1.2741707790961279,3.2812198901301515,0.0027862156617199183,0.06085349471184824
ABRAXAS1,-0.8220152677789927,-3.1699961815083073,0.002788796326904693,0.06085349471184824
PBX3,1.1658611384342272,3.298891759279651,0.0027975787270973886,0.06093250345642928
GATA5,-1.2792638076960299,-3.175868008686363,0.002808122104081923,0.061049505411946786
C1QTNF2,0.7997482474941258,3.18127477335617,0.0028328748680601598,0.061421134855794285
ITM2C,0.9791330111939311,3.2059907195069077,0.0028359840333870108,0.061421134855794285
CDKL5,1.4331832674587917,3.1964200552357287,0.0028408250428855297,0.061421134855794285
SPRY1,0.6323699108048144,3.1899273121986655,0.00285157602614883,0.06152869299600019
LRRN2,1.0720724515073472,3.1608239613576794,0.002856223952715638,0.06152869299600019
TEX41,1.4238063653568283,3.185019597836616,0.002866456947645976,0.06159562366900866
TRAC,-2.075233346733609,-3.159752198469675,0.0028697664564129406,0.06159562366900866
B3GNT5,1.3584405536557282,3.1587559295415373,0.0028981705437244945,0.062092383427709
A1BG,1.4302076007484414,3.279604606261101,0.002918549238439031,0.062415713332921674
KCND3,1.4931122769729763,3.1504747700873157,0.0029434394070909408,0.06277655793287924
GABARAPL2,0.2854168116990925,3.149325621245768,0.0029460578648720964,0.06277655793287924
ST6GALNAC6,-1.6356998564655632,-3.1774748303672307,0.002958542465655043,0.06282901493566698
PSD3,1.0096927995379472,3.2662363808233943,0.0029606010862487093,0.06282901493566698
FKBP9,0.5058836418095849,3.1650469228777176,0.0029683646161675833,0.06282901493566698
PLPP3,0.6409214191186168,3.1465127686771934,0.0029698085839984898,0.06282901493566698
RSPO2,1.4016930469181281,3.1458824299752037,0.002991690996825565,0.06317873384172772
ZFHX4,1.3586234083272248,3.149537446363879,0.0030035816689177332,0.06322015785062435
CNRIP1,-0.5932620990934732,-3.18596899101459,0.003004363282863216,0.06322015785062435
TCEAL1,-0.6020551335490705,-3.163508302619705,0.0030294800882606538,0.0634897018940473
DUSP8,1.278944202538311,3.13933323994096,0.0030303222804887206,0.0634897018940473
GGT1,-1.4116758061965278,-3.147620360927086,0.0030333072315326284,0.0634897018940473
FAM32A,-0.33910843281454195,-3.140740315523342,0.003048874960149512,0.06370259983108847
CLK2,-1.0668718865703117,-3.1585124290612483,0.003060608001307916,0.06383476582233205
FZD7,1.4866755625768096,3.185048454083208,0.003080801745203665,0.064142618345907
RSF1,0.40037275507199066,3.1501508333207573,0.0030940656884878874,0.06418557963264916
NHS,1.2332018957457052,3.132347985493522,0.0030944013754619164,0.06418557963264916
EFEMP1,-0.9387074744509754,-3.1365430271731536,0.003099176653164763,0.06418557963264916
DDT,-0.7625448959282961,-3.1369123396189402,0.003107079290304976,0.06423655170236468
CYP7B1,1.3584474866039686,3.2200599419712446,0.003120809686350289,0.06438943623181972
AATF,-0.45439411174991395,-3.1487222350393047,0.0031253830547084034,0.06438943623181972
STK17A,1.2925605721140112,3.1369808065889546,0.0031343493631004805,0.06446166242404386
ZC3H13,0.5779772239932459,3.1508484587388277,0.003158127839762758,0.0648377376493902
DCP1B,-1.059638763310092,-3.189771581227684,0.0031657453798293917,0.06488129202931592
IRF2BP2,0.6267682138554456,3.1606060077740428,0.003172924994742844,0.0649157358109866
PIF1,1.2417571988265683,3.1187398068816155,0.003201615172497015,0.06538938946596412
SPATA13,1.528091281183233,3.1472174948020606,0.0032190371528736735,0.06563166423086997
MVB12B,1.2386687460838872,3.11371532012334,0.003251686770203129,0.06617904816374605
CCNB1IP1,-1.1004075073411252,-3.128289866114567,0.0032587091723038017,0.06617904816374605
RCN3,0.8034084631980845,3.1515847196422366,0.0032627027557221686,0.06617904816374605
ST3GAL4,0.5825595563463146,3.111182270431808,0.0032692789791455667,0.06619869356571768
RASD1,1.9140965025125523,3.1516826023571474,0.003297202607584267,0.0666380087764133
INSR,-1.1672915361425544,-3.1591316514821273,0.0033022647297079014,0.0666380087764133
ANKRD65,1.3787898529877038,3.1592850020525205,0.0033148866466012894,0.0667785611998775
TTYH3,1.3836406477253032,3.1097406388024056,0.0033740087684137458,0.06785378792355072
ASL,-1.0684430799982167,-3.1559735931157817,0.003388107570792206,0.06802144536258842
PALLD,0.6563505941866756,3.122269169874553,0.003403608629179983,0.06810151944778918
SSX2IP,1.3779714195063881,3.096541997928299,0.003403633754696791,0.06810151944778918
MAPK10,1.3196192996253124,3.2300501307691745,0.003439200308959647,0.06869671683124981
EFR3A,0.5019837422914195,3.116900798695776,0.003464139412804002,0.0690779827164717
LRRN3,1.374318806470163,3.0952988217164648,0.0034702097458305524,0.06908233735165206
FUS,0.4341739404892593,3.1424093334280356,0.003492827761940468,0.06941554163250375
TCEAL4,-0.5262556603405821,-3.1221540867275794,0.003517495002654886,0.0695518414611285
SPTBN1,0.507766571017628,3.132422402947576,0.003520295880194365,0.0695518414611285
SULT1C4,1.392614705734815,3.0844280890605753,0.0035213944243682625,0.0695518414611285
CD320,-0.7721638826571517,-3.086037416477596,0.0035232529600808847,0.0695518414611285
ST6GALNAC5,1.5041607713520995,3.081217496263239,0.003549559525252411,0.06995417394925661
HOMER1,1.41132702361161,3.0964333868846605,0.003560200766902774,0.07004695008881208
VAT1,-0.6235868728829903,-3.099212057368076,0.0035800727933415475,0.07032073099067715
LRRN1,1.6017744015574558,3.0759767664468916,0.0036014784888542977,0.0706236770115033
CTNNB1,0.5855139702777752,3.078795116123167,0.0036077438043299126,0.07062921328377217
CIBAR1,0.518221921883705,3.0812532289093717,0.003622227520246583,0.07079535741144191
DCXR,-0.7700489145479033,-3.099424375211153,0.0036284664914694193,0.07080007757321734
ZSCAN31,1.218733900694741,3.0723010909187085,0.0036402204708203397,0.07091221560731702
FADS3,-1.134442485543584,-3.0731875626270084,0.003655986828589187,0.07095442500138874
HMGN2,0.4840008091783581,3.0708648418278033,0.003657805410962205,0.07095442500138874
HACD3,0.6380272133628466,3.117408829989523,0.0036604188755481356,0.07095442500138874
ST8SIA1,1.349797827066229,3.0718688323201087,0.0036795542251205197,0.07120842234024219
SLC9A1,1.3127593319830548,3.077634221816735,0.003711889125808328,0.07164996180351324
ABL2,1.5160030252900176,3.096360126520545,0.0037145088203091995,0.07164996180351324
PXN,-0.7768658940709745,-3.0638577323237772,0.0037311449435489647,0.07172730630461055
ZNF385B,-1.4058167487076,-3.0679542656284604,0.0037329225906857512,0.07172730630461055
ETS2,1.0587526571608512,3.1731607485485753,0.0037369998881564698,0.07172730630461055
SLC6A6,1.5454690501931623,3.0664730046656814,0.003745364908232176,0.07172730630461055
NID1,-0.8648963765570032,-3.095642901002684,0.0037488986014353838,0.07172730630461055
ANG,-1.4455298488776291,-3.058368149426681,0.0037823888394633636,0.07215651871642212
PLEKHA5,0.6481435744553066,3.1200566809021777,0.0037835565510771106,0.07215651871642212
SCD,-1.5846542791726816,-3.119293727961992,0.0037905105504423228,0.07217254362576067
TSC22D2,1.02534282441888,3.119563848491795,0.0038016601751759958,0.07226827434452919
PI16,-2.3202410873312402,-3.0763874911717677,0.003810016708130406,0.07231068688019203
CALM2,0.5689933459325065,3.07609954078903,0.0038755344668917327,0.07320038604680751
PALMD,1.4061345616299072,3.0622417139249327,0.0038768913980382876,0.07320038604680751
MIDN,0.9404940907706143,3.088062599992084,0.0038805355421079987,0.07320038604680751
SAMD11,1.2382329930853473,3.1061749473755538,0.0038816977268362135,0.07320038604680751
PCAT6,1.2743784898506136,3.0578000975693236,0.0038922916295232226,0.07323480344264606
NRIP1,1.5994282366656267,3.073580523083481,0.00389593024667359,0.07323480344264606
SLC16A1,1.3328791753636193,3.134592287450337,0.003911944682810925,0.07326951379139743
PGD,-0.7134054083481534,-3.0474713198816485,0.00391767223757361,0.07326951379139743
DKK2,-1.4112275017425846,-3.092596193899807,0.003929915309512003,0.07326951379139743
PYGO1,1.3645463463930305,3.0442861128855485,0.003938654867534576,0.07326951379139743
DHX29,0.3952836385871361,3.064075291734899,0.003948600607384153,0.07326951379139743
RCN2,0.3831342718142787,3.0701543526292085,0.0039543785748227,0.07326951379139743
WASL,0.4672443176415344,3.0638435326133893,0.0039584301516887065,0.07326951379139743
AREG,2.00306498457438,3.040595132301253,0.003969390749410859,0.07326951379139743
SEL1L3,1.2498095888922933,3.0534214736436702,0.003970796569981137,0.07326951379139743
PSMA5,-0.5065223455353483,-3.0399990790536076,0.0039746813163472495,0.07326951379139743
MYOC,-2.5460054861743675,-3.043637303622092,0.003976894999163693,0.07326951379139743
FHL1,0.5924445073458209,3.043349477921772,0.0039838384218252336,0.07326951379139743
SERTAD2,1.0926439572385345,3.098694557856896,0.0039852173224592165,0.07326951379139743
ZNF512B,1.348146329808304,3.038740365024612,0.003988921761349551,0.07326951379139743
TNFRSF1B,1.1201979790714147,3.0681454723812984,0.003990876524173532,0.07326951379139743
CLIP4,-0.9754660310551868,-3.055101099490329,0.00401425905964483,0.0735843605576199
LGMN,-0.5634190518389035,-3.0367093875014572,0.004024749355696101,0.07359666350003059
TULP4,1.4329630170952128,3.0619272736701046,0.0040273989513782095,0.07359666350003059
RPSA,-0.3959966328094868,-3.110121049115094,0.004100186967722008,0.07481098478200665
DYNLL1,0.37875609122596465,3.0299557427733346,0.004156369369385474,0.07571904383579556
MMP16,1.402041073880634,3.03129469138259,0.00416572958509093,0.07577263135901144
SH3PXD2A,1.209682709112064,3.020302639774853,0.004197774337823555,0.07623804008924165
PAK1,1.2079682575813506,3.0649259167323946,0.0042131516120124035,0.07638686978997487
ASNSD1,-0.6004298898558087,-3.0219049444227783,0.0042189105551091585,0.07638686978997487
CTSO,1.0539855116673769,3.121384601078957,0.004240845400689077,0.0766123600942779
SERPING1,-0.5429856314239849,-3.02447087032369,0.004244344218691888,0.0766123600942779
WT1,1.5822368761908314,3.0259829663193836,0.004256583188804948,0.07671597640281284
APOLD1,1.844244271545945,3.0133989320728913,0.004283659893097531,0.07708628816770786
DACT3,1.2423050305403924,3.0569073706672114,0.004302912468134821,0.07715174508480561
C1QTNF7,0.7804938246554425,3.0187027076721544,0.004302982383068198,0.07715174508480561
NME2,-0.7239160022780631,-3.0314344444683976,0.004306903855221254,0.07715174508480561
PI15,2.0756971098251915,3.0100235127108386,0.00433287183777933,0.07749932128028028
ANGPTL2,1.2635889599046628,3.1311712779807865,0.0043642696978483135,0.07793766698532098
IL27RA,1.1664411156926007,3.005207144223518,0.004370583273552096,0.07793766698532098
FMO1,1.5448058583039446,3.002904705533401,0.004401331182310506,0.07836759367598117
PLP2,-0.514697979410621,-3.0042880252537625,0.004418694802709358,0.07850726878711203
TRIB1,1.521328199371494,3.010350238669464,0.004422476386567514,0.07850726878711203
TCEAL9,0.38462214402929895,3.0049396398808446,0.004430188685918939,0.07852609224815776
SLC39A10,0.5431601980917229,2.9992194678544726,0.004456670804863956,0.07876112486316465
ADRA2A,1.335142538197242,2.9984457809752336,0.0044567921565941545,0.07876112486316465
GMNN,-1.1385882120821198,-3.0228869112281234,0.004483615196327638,0.07901428983670253
CTHRC1,1.6169682832243062,3.0907756690908035,0.004484504378703151,0.07901428983670253
NOP14,-0.9924128898510527,-3.0022525713547776,0.0044959960474432225,0.07909870840546535
KCNS3,1.43040564515224,3.030225394542009,0.0045185933328949915,0.079377967700633
MYLK,1.5136436891444927,3.053751880447511,0.004525513823196602,0.07938141260451098
NR4A2,1.1576662576508108,2.992330031867831,0.004539835824701359,0.07939692697259608
CCND1,1.2617995134122042,3.0657552167595017,0.004542196651621388,0.07939692697259608
NUDT4,1.2267125827239083,3.050822645370084,0.00454666666179202,0.07939692697259608
SNRNP48,-0.9299615673293671,-2.9942094663528147,0.004553301106348797,0.07939692697259608
TRAF7,-1.0925101724406456,-3.0869663805118854,0.004573879901116364,0.07948644882269083
VANGL2,0.9912796922533766,3.000812791781168,0.004573994317672915,0.07948644882269083
SLC27A3,-0.9827974874572636,-3.0331614401338203,0.0045786349173595736,0.07948644882269083
ABHD15,-1.0722246052764746,-3.0183624987776323,0.004588781538481754,0.07954561829923217
SFT2D2,0.7136141740782591,3.0145502696662634,0.004597023705610015,0.07957164933244315
GRK3,1.3370318245666333,2.9859343352176433,0.004606976631971515,0.07962717297280195
RPS21,-0.4589168939176602,-2.992758792206523,0.004652480503728172,0.08029609992179981
FRMD4B,1.3662047718405574,3.1068694511376034,0.004729010642308237,0.08130270580541411
EIF4G2,0.5840413257445602,2.992897148820589,0.004735762398042012,0.08130270580541411
LRIF1,-0.8182190981541702,-3.019795950803129,0.004738195538930995,0.08130270580541411
FTH1,-0.374415681395492,-3.0543587252252995,0.004738353375190589,0.08130270580541411
PIK3R3,1.4089469060572222,2.9774884772795134,0.004751085060421921,0.08140284345178633
VLDLR-AS1,1.1588086851820567,2.9766517782576134,0.0047685678166549395,0.08158397547190081
ACKR3,-1.7936027818315363,-2.969932286782836,0.00481064075386063,0.08218468031740193
HADHA,-0.36141575343573695,-2.97653417135681,0.0048178862004298285,0.08218951820241925
TMEM71,-1.338223195469817,-3.0157565089976215,0.004839212445628291,0.08243420334868971
SOCS1,1.0488341532692926,3.0159022541149083,0.004847955446559514,0.08243731674408919
SLC38A5,1.512053785480258,3.000430781478186,0.004853361722756628,0.08243731674408919
NBL1,0.6560512517107462,2.9679837648932237,0.004863325152564706,0.08248786411785396
REL,1.3358265018237216,3.040310702856589,0.004901759024936422,0.083020466699246
CIBAR1-DT,1.1737393232129172,2.9622628654396888,0.004910871376267777,0.0830556398235546
DHX30,-0.5076030010088299,-2.9629112846266086,0.004931424525365028,0.08328392921592868
MLYCD,-1.2925662266844995,-2.9640355528039244,0.004947512331030905,0.08341137225048392
LDB2,1.3609537605817326,3.0708603529099907,0.004953102240371811,0.08341137225048392
MMP2,0.8760523249010639,3.0133170044656836,0.0049980259860946345,0.08404800109095037
FZD1,0.9890331625187665,2.987754182153403,0.005009301698841897,0.08411779026291408
TEF,1.3610598281490662,2.9731341508072417,0.005021788971687029,0.08420769717438263
SCN2B,1.1904235170324682,2.952957500586803,0.005042398576599841,0.08443335488902287
CNIH4,-0.41793643344581977,-2.994080327356585,0.005062078008430317,0.08464281995682704
ABLIM1,-1.380476009578409,-2.9505288087291834,0.005103884675187557,0.0852078097958601
TMEM109,-0.5829912777440747,-2.9767683372417437,0.005110303205037607,0.0852078097958601
AGAP6,0.9684695781399996,2.946337338674857,0.005130041790453271,0.08541628115134113
CMAS,-0.5156222643852812,-2.94823777624344,0.005167228569856972,0.0859142722072698
TMEM38A,-1.2205111877330947,-2.949927310513984,0.005175042046958958,0.08592316647587975
G0S2,1.2831919785953012,3.0430930091297963,0.0051908933233915855,0.0860653029250529
EML4,0.9688820484106762,2.94739844977114,0.005211306008710302,0.08628256301939007
AFAP1L2,1.4718548813281125,2.953620118023217,0.005231520593421145,0.08649593922316053
SLC18B1,1.2833842076666806,2.9447856063671534,0.00524045514655687,0.08652247972741796
VPS29,-0.33617374182823756,-2.9397395893351552,0.00525860456458153,0.08670087553754884
CEMIP2,1.6042468035789716,2.936119042618821,0.005279126513967151,0.0869178361190826
HLX-AS1,-1.2519328363759672,-2.938494514709773,0.005315905413656451,0.08738759635813506
CADM3,-1.4653933562470947,-2.933981255266988,0.005324606412236191,0.08738759635813506
CA11,1.2085004395461045,2.931930051294707,0.005339493231757665,0.08738759635813506
BCAT2,-0.6138849809033244,-2.9461787302285445,0.005342155636809743,0.08738759635813506
CNPPD1,-1.0041776650511318,-3.0193816065430195,0.005345584754438841,0.08738759635813506
BBIP1,-0.4509871035920652,-2.9370134178031075,0.005352073881146264,0.08738759635813506
AFAP1,0.9265615401557001,2.9903083700433606,0.005398613882403851,0.08800326625648298
FBLN5,-0.6675330027862536,-3.0090136355520953,0.005404690219055499,0.08800326625648298
ATXN1,1.3203780902747857,3.037091182866415,0.005480145063104962,0.08909266512713256
EPSTI1,1.4524355369711102,2.92907697103659,0.005486689330573941,0.08909266512713256
CLDN23,1.230782411137593,2.9212104703043114,0.00551035677854879,0.0893540683664402
TLN2,-0.8417273845370965,-2.9179205964531683,0.00553294147664372,0.08957850593301245
INHBA,1.35470960099763,2.926359501953186,0.005539373937407801,0.08957850593301245
COX6A1,-0.3213396044212171,-2.9273076006173566,0.005557859566765608,0.08972844566987673
VASH2,1.411108167146489,2.916576619780827,0.005563847711168976,0.08972844566987673
KCTD18,-0.8967168353856785,-2.968279301207848,0.0055777752332309485,0.08983033646424467
GTF2IRD2,1.3648447302584907,2.9145824537991616,0.005611171679060365,0.09021086879698192
CDC42EP2,-1.19253018351007,-2.9629489951639507,0.005616686875542712,0.09021086879698192
GABPB2,1.4306482713715467,2.9553743317544012,0.005641057447576583,0.0904791890878282
IFT27,0.9074210216370862,2.991038357442247,0.005683135825911914,0.09091623758364348
CILP,-1.5316275035623956,-2.973765403967273,0.005683708880705539,0.09091623758364348
RAI1,1.2599911776158979,2.9450148837058516,0.0057324663658296126,0.09157207773832013
CSF1,-0.9269630206901196,-2.9157316608758133,0.005752917934870254,0.09177458948803156
UPF3A,0.53791650197347,2.937090209517374,0.005764784918460236,0.09183979212202846
PLEKHA2,1.1837699672246265,3.0004032730339207,0.005778695883615637,0.09193733814835929
SLC25A33,1.1132613389785284,2.966641796643849,0.005791569249275997,0.09201813591884676
MED14OS,1.1066317922841535,2.901738694036338,0.005810716209256621,0.09219825920735808
ICAM2,1.2577155710221466,2.9820745048291784,0.005822267478924397,0.09225754038752015
TCF21,0.858975871277404,2.9373928524298876,0.0058627655907183135,0.09275020496589008
ELK4,1.3441564308217142,2.9145605043770835,0.00586907269034476,0.09275020496589008
ECM2,1.0214119817440714,3.0240735361453672,0.0059209334653876665,0.09344467855468103
NUDT14,1.3970607722738642,2.9133763560408155,0.005950483875979125,0.09378566375959088
NAA15,1.1228439661207599,2.9905385285367023,0.005966732824237737,0.09381626813769453
RHOG,-0.4626812278651826,-2.893388581080643,0.005968319980636052,0.09381626813769453
TRAF4,1.2304023174208254,2.9319590277045147,0.005994069070424869,0.0940957252345287
PLAU,1.403025385541615,2.9233714219659985,0.006070427079607947,0.09516785082971023
ATF3,1.1589330462691265,2.9057921483130786,0.006082757936603774,0.09523469156711876
FGD6,1.1501032725628204,2.8815069075609276,0.006131574901965999,0.0958718433347134
CMKLR1,1.28348048167124,2.8789189994951982,0.006141129259196025,0.09589422077355697
EDNRA,1.802709767816296,2.9850966288427454,0.0061860316825522515,0.09630907142728608
DSE,-0.6363379536579625,-2.91070393400998,0.006189644701509205,0.09630907142728608
RTN3,-0.32213775956288515,-2.8786547414298616,0.006192414682128913,0.09630907142728608
OSGIN2,-1.2449279700258393,-2.8775641541200523,0.006200329884348785,0.09630907142728608
TMEM121,1.272012025084365,2.8845445752048224,0.0062249090974114095,0.09656380012475912
TRAPPC5,-0.7424240079847149,-2.8951424927840326,0.0062368966609851716,0.09662278882274272
PLEKHH2,0.8257185887463638,2.8766068546172465,0.00625353895838052,0.09675364010967503
PLK3,1.3581374604055196,2.9387277640166207,0.006296875004321625,0.09729660919635705
PCDHB14,1.3510846582395162,2.895221318500759,0.006350396314196735,0.09799533135829079
SEC11C,-0.7226412001611457,-2.864222551251265,0.006387630699280801,0.0983146129500378
ALG6,-1.1122702882958486,-2.878318248160503,0.006387743170917322,0.0983146129500378
SH3RF1,1.2337935827406024,2.9567015230819504,0.006408949359149894,0.09851256143849545
AFF4,0.45272076237634007,2.8634905819529775,0.006482034202746102,0.09950638980938588
TNFAIP8L3,-0.8612213819226593,-2.8668352034822937,0.0065334731905976485,0.0997391283501607
EIF3M,-0.31691355014556954,-2.855507657080841,0.0065341389963464004,0.0997391283501607
CLSTN2,-1.378982119704776,-2.860792312053229,0.0065365632270827975,0.0997391283501607
GBP1,0.8194321897420513,2.8784285899294484,0.006538499304895297,0.0997391283501607
SLC16A3,1.1838486757105096,2.8551569155267207,0.006539439673276103,0.0997391283501607
SMO,1.2756529711954714,2.861807860190542,0.006565405791874476,0.09994934969804521
RAB27A,1.0805395696691145,2.9244197998355914,0.0065763462540509784,0.09994934969804521
ECI2,-0.4729094339068771,-2.862555632587174,0.006578623016974258,0.09994934969804521
EHD3,1.3580984056889958,2.867161783970235,0.006593567476793374,0.10004764018450614
CHD4,0.46654749640895776,2.8644218626018048,0.006607013343650389,0.10007660153670571
ZNF710,1.0569369861282254,2.8571604348098565,0.006612431105347772,0.10007660153670571
CNTROB,1.170107364582853,2.8520591216061866,0.006624658394915302,0.10013328086040352
ZNF415,1.237137519556284,2.8880380682303213,0.006642744811159139,0.10022826901815218
MIR99AHG,0.6499600375059238,2.8648612620689033,0.006653845579644131,0.10022826901815218
KANK1,-0.9238664086884123,-2.868282254186204,0.006656413630684567,0.10022826901815218
PRTFDC1,1.2237532589260627,2.880920267250268,0.006703067781814195,0.10069979985783792
ANKRD10,0.5353702023250637,2.8460036460980733,0.0067166388794543674,0.10069979985783792
F10,-0.5191679237736633,-2.8472509162000827,0.006721702967361449,0.10069979985783792
EMB,1.210496784825441,2.8454782073756593,0.006721850257346572,0.10069979985783792
LAYN,1.3875677605213284,2.8636983365399695,0.006754272393070489,0.10091199630403593
PPP3CA,1.2492790332662604,2.9295433914587465,0.006763752553676555,0.10091199630403593
EIF4EBP3,-1.3074093711681183,-2.853058119039824,0.006767290168766756,0.10091199630403593
ERAL1,-1.0303810520440404,-2.9007258089185313,0.006772169567277673,0.10091199630403593
MFGE8,-0.7504380461299984,-2.8931637298276787,0.006804513711826984,0.10091199630403593
SLC8A1,1.478726675339047,2.88436703257013,0.006808540553498139,0.10091199630403593
FIBP,0.4012111875435682,2.843361363153123,0.006811005519307173,0.10091199630403593
PARVB,-0.732521697761614,-2.8620918809330433,0.0068113204587461704,0.10091199630403593
AIMP2,-0.5491604407485005,-2.864053100890426,0.00681294883984046,0.10091199630403593
PPP1R2,0.368592857542934,2.893518317720325,0.006826682595295776,0.10092499266496655
PNPLA2,-0.9302217744338561,-2.856770726957896,0.006832276871510621,0.10092499266496655
TDRP,1.288742245871829,2.840970785108357,0.006839474301734285,0.10092499266496655
WBP1,0.5861156450546536,2.8389723182960847,0.0069196743499769595,0.1019809684163271
PMEPA1,1.367865864243769,2.873480397104519,0.006934450930866674,0.10207131326543777
CLU,-0.8866692609143563,-2.838029371145694,0.006944498478277237,0.10209191100381416
CP,1.3350166243523636,2.8430928530269552,0.006983293776189042,0.10251561758645601
NAALADL2,1.0982804188833515,2.926292271114721,0.006990688026861252,0.10251561758645601
TMEM98,0.5068220382727207,2.8287420769128286,0.007021811240880559,0.10276956713120765
COL6A1,0.4558955278309291,2.8504612122116746,0.007025416406174043,0.10276956713120765
ABHD17C,1.2406644216896212,2.8285846979179237,0.007034609069559535,0.10277668325018602
SCGB3A1,1.5506454267486234,2.8551503297356375,0.007067681168341011,0.10299001286022846
LRP10,-0.46411283986735796,-2.82651604065509,0.007067700724598493,0.10299001286022846
TVP23A,1.2004429134249022,2.826388650609229,0.007075383348551062,0.10299001286022846
EFCC1,1.410135989961491,2.827082874737328,0.007115105289905874,0.10344066249672271
PCBP3,1.288861527639778,2.8272780338157784,0.007152259992556941,0.10372426893042538
CHRD,-0.5962664944292024,-2.8305147550512073,0.007152734386433905,0.10372426893042538
TENT5C,-1.27673471956815,-2.8207821266681905,0.0071609723996862934,0.10372426893042538
RPL18A,-0.2903526156870768,-2.8352748011226896,0.007186783839880114,0.10391968852287857
MPST,-0.7613281994188528,-2.8381913345344283,0.007194207435404822,0.10391968852287857
LRRC32,-0.9203095347820653,-2.81869868542859,0.007200872953131273,0.10391968852287857
B4GALT1,0.5666171183388427,2.8181404604863793,0.0072129876555163345,0.10396742280020796
GLIS3,1.1593455896569353,2.828673346155444,0.007228143884347771,0.10405882750576272
FRA10AC1,0.5481302011648639,2.835366321498395,0.0072795072798026534,0.10463388110216464
FEZ2,0.5631029914229906,2.8907671313454255,0.0073035568831315905,0.10463388110216464
HSD17B11,-0.5407484578807287,-2.8142376733580674,0.007304423531881041,0.10463388110216464
LMO7,1.1899716486798737,2.850743931171783,0.007305108080745758,0.10463388110216464
ASAP1,0.9558397105505554,2.899048744565771,0.007312405922006423,0.10463388110216464
PRKAG2,-0.7831633800623075,-2.811392071897854,0.007351483309907391,0.10495112963424409
CCL8,1.568545759887154,2.817133931254152,0.007357163944647366,0.10495112963424409
SDC3,1.1604956062309335,2.8257410269806162,0.0073633101729741,0.10495112963424409
EGFR,-1.0856107890981894,-2.8595699712652887,0.007370138624886773,0.10495112963424409
CCDC8,1.120262083932321,2.8368766780024437,0.007396531235846049,0.10519489547663444
RPL12,-0.3653650334934664,-2.824835057688183,0.007405079046258637,0.10519489547663444
PPFIA3,1.1727200348081643,2.8093666645388584,0.0074228927645322886,0.10532121284291306
TRIL,1.2219531067884613,2.807727633360638,0.007439527093859314,0.10543051301681777
CXCL3,1.709543663096363,2.806109797519927,0.007464068654237901,0.10565147537563359
MLX,-0.47117764201642665,-2.804491736496169,0.0075130314466035995,0.10621716913431795
SNAI2,1.3345434374853111,2.8226260149133213,0.007549122666685358,0.10659975248830221
MAGED1,0.6858583675681986,2.840994548261901,0.007573136941125256,0.10681108911587056
IGDCC4,1.2428011379871011,2.7976861154412096,0.007617943877195721,0.10731482991682038
HERPUD2,-0.462283481338873,-2.7925184826725333,0.007732372396419667,0.10879696798538041
ISM1,1.4230681338499092,2.802705532958803,0.007759157694979531,0.10895003675250071
TMEM53,-1.1879290627691135,-2.7903479794064916,0.007766799353787136,0.10895003675250071
UBE2V1,-1.4022985081035406,-2.8437854575467596,0.0077709386654473194,0.10895003675250071
GPR146,-1.2654151741529742,-2.8186017718822343,0.007804006024432069,0.1092838566054811
ALDH6A1,-1.1608536340125468,-2.807398464469521,0.007820063172714225,0.10937896416337846
EXPH5,1.2745100754635983,2.794220407509214,0.007832371659881501,0.10942147626615518
AGR2,1.3567179053655332,2.7859340890107585,0.007855561949317708,0.1096157314559049
GRIP2,1.103732757124586,2.7838674325856467,0.007890227132952576,0.10996945844687739
TMEM150C,1.275169259461209,2.8006990596011936,0.007905439226349552,0.11005154489039677
ITGA2,1.5221426246047942,2.810395712721202,0.00793964463658334,0.11029451573794564
COMMD1,0.3813535592779749,2.8245404711302378,0.007941578854489945,0.11029451573794564
SOCS3,0.9233901395827271,2.8041656365880647,0.007967281513819922,0.1105214550771377
TES,1.1303854142094316,2.8202500685327,0.007985889846469802,0.11064956530231927
CCDC170,1.1101943901561917,2.7789739143236374,0.007998060735850073,0.11068828486132487
SGK1,1.4627826272782727,2.776135692962199,0.00805310277239678,0.11131952954115219
PRDX2,0.3406963938092975,2.777345626764448,0.00806874047416731,0.11140524128367846
TMEM70,0.5966993408412344,2.7789698905625273,0.008101421105623187,0.11172578989705809
ZNF816,-0.9469632864409722,-2.7778898451263387,0.008154697064133756,0.11232928686359275
MRPL13,-0.46101525843409785,-2.7805243011664142,0.008193400897416695,0.11268214260667272
SPOPL-DT,0.977115711073024,2.7690591697369755,0.00819940368480575,0.11268214260667272
CXCL14,2.073877104313481,2.8362242029902753,0.008259619249189923,0.11326631943471697
TIPARP,0.8614214915123357,2.767170317958726,0.008264879984009469,0.11326631943471697
TNRC6C,1.2236560858590892,2.8584996131670612,0.008270965879158354,0.11326631943471697
ACAT1,-0.40809468489649703,-2.7784197525590475,0.008281448247147903,0.11326631943471697
NUP133,-0.8214592782721972,-2.8234976284393203,0.008304979678780421,0.11326631943471697
BARD1,1.321940192688056,2.7661086858427737,0.008306877321949492,0.11326631943471697
CST3,-0.6034731648612954,-2.766209740982413,0.008309950719395364,0.11326631943471697
ERF,1.195388158651241,2.791226655572159,0.008318669966107549,0.11326631943471697
VSNL1,1.0985580645675124,2.763260310618747,0.008328345106747799,0.11326741242529698
ACADL,-1.3242792761638384,-2.7920903802412456,0.008352005733470832,0.11345848985457212
HIF1A,0.6563681443032614,2.761034417948908,0.008378750492277199,0.11359043871780235
SKI,1.3128456907940556,2.8696508196473,0.008380963331063604,0.11359043871780235
CASP1,1.3185093141338045,2.7996684052419396,0.008486113904140854,0.11488368651190686
PRDX3,-0.41740565410052266,-2.7659817386470062,0.008524657443620076,0.11527328879946735
HPS6,-1.2775161153025714,-2.753012221394792,0.008549120796282464,0.1154718203662637
TCEAL7,0.832718231317382,2.8144068461606464,0.008656278180325003,0.11678555876427048
TRIR,0.320327215122429,2.77540615385708,0.008668533965172772,0.11681740120874952
ARHGEF12,1.0427254172121518,2.8169480304156775,0.008723962286094225,0.11732538374978978
TFPI,-0.4831765330823945,-2.7504908127115786,0.008726106474571404,0.11732538374978978
MGME1,-1.1242668680975687,-2.749142675103865,0.008776103122651417,0.11786336446291237
CALHM2,-0.8110124669163268,-2.797103833381596,0.008788404311830979,0.11789444647859626
VDAC2,-0.2892645291811169,-2.7610000192720463,0.008804118474252894,0.11797119022537504
TNFRSF10B,1.337414420283166,2.7642040743624396,0.008838158369474061,0.11829303804040962
PSMG2,-0.3080352438651719,-2.7778660243106357,0.008851715589776744,0.11834031997430858
RTN4,-0.36617958609329726,-2.7376401129162864,0.008898030870312212,0.11882494844347927
LINC02126,1.2480831648256654,2.740187678556129,0.008940310869884761,0.11922920284042507
NRP2,1.0442722241918956,2.7487800749098468,0.008955410328348557,0.11922920284042507
TET1,1.1499021155952076,2.7388305838209357,0.008958602534473278,0.11922920284042507
FXR1,-0.4652341881895383,-2.737450801158075,0.008974239389582543,0.11930281080407874
CHI3L2,-1.7872695362483082,-2.7653102034270054,0.008985069023234139,0.11931241824440833
COL27A1,1.5612358007758114,2.7699024437978372,0.009083764161844815,0.1203862501424816
ASAP3,-0.9501785845387958,-2.7439060492517497,0.009086331967551977,0.1203862501424816
KATNAL2,1.0677162215990683,2.7255142577091807,0.009180219241688107,0.12149382079386559
BCO2,-1.221304695889924,-2.745012993514472,0.009252717947826734,0.12219532902315211
RBM23,-0.6931586364851716,-2.758865884433282,0.009253928347877848,0.12219532902315211
TBL1XR1,0.5058376516846668,2.751378392154279,0.009304090180685965,0.12272042970167354
FAM118A,1.326693760073423,2.719859617175744,0.009315949364734519,0.12273971233336048
TYW1,-0.7752314643761569,-2.7731250030608257,0.009328156686853177,0.12276353365473998
PSPC1,1.2979954531839777,2.7710571185362194,0.009362741091699583,0.1230814683602601
SIRT7,-0.8227041979767984,-2.7333429099913347,0.009383102342497368,0.12321192786783251
CEPT1,-0.686192921383002,-2.7237957552690824,0.009433906095846212,0.12374140162384949
SLC34A2,-1.4575552823291957,-2.712496818758843,0.009573952121296558,0.12537995667793314
TMEM42,1.2561682895321562,2.8139151184377043,0.009596472682174149,0.12537995667793314
RPS7,-0.2519929305149162,-2.708170403840418,0.009607910843357758,0.12537995667793314
SCN4B,1.2050977436931112,2.719717382483378,0.009608247916761625,0.12537995667793314
CCNDBP1,-0.970838527599561,-2.7894167735552498,0.00961193229932482,0.12537995667793314
LGALS1,0.424371982198382,2.7353835158288113,0.009671071772425566,0.12601214378971723
SWAP70,-0.699026005788177,-2.722275118536253,0.009765063182784174,0.12696601405943866
DPYSL3,0.7584012397534448,2.773090610536021,0.009765789137312181,0.12696601405943866
NTN4,-0.7706661072769823,-2.7072004259179634,0.009803045597043496,0.12731017961837016
MINCR,-1.0944099483512977,-2.6992138882694463,0.009837526240416046,0.1276030443461797
MAOB,1.4340211537552596,2.701895479097703,0.009847215027477315,0.1276030443461797
PHOSPHO2,1.0863560216666017,2.7370723834962822,0.009879056724302993,0.1278752901649088
LSM6,-0.32916867018169604,-2.7013488249296636,0.009923048240723703,0.12830403557693681
STK33,1.0142187722322684,2.692343230473072,0.009999745630599379,0.12900018618056802
FLII,-0.6921915814936277,-2.742060648707006,0.010005444831033628,0.12900018618056802
AGRN,1.206821562182267,2.699853605633221,0.010009671371571393,0.12900018618056802
ENSG00000274213,-1.1621403946394926,-2.698232402266056,0.010040101900107238,0.12925125728545905
RCC1,-1.12705723388334,-2.7412955602545557,0.010073453602676885,0.1295393461651423
AUH,-0.8308665762507568,-2.7254487128549445,0.010109590962536623,0.1297635483328737
GGT5,-0.9222559568337196,-2.71495009582369,0.010112872889982534,0.1297635483328737
ZSWIM6,1.4714590753975618,2.6927383579409843,0.010175078390734144,0.1300993872158225
GSEC,1.1826113353183896,2.7288716990547557,0.010175540489453797,0.1300993872158225
TUFM,-0.2730481942560328,-2.68559026222588,0.010182890236534887,0.1300993872158225
POLR3C,-0.6842589369332255,-2.690908455854929,0.01018312865628293,0.1300993872158225
WNT2,1.5605364716607024,2.725220483081603,0.010222555108588115,0.13046190600744076
LUZP1,0.8128520099030521,2.7774971255163616,0.010290291529121006,0.13118454805753074
ADAMTS8,1.6200228409995874,2.6896430869187866,0.010312682354549366,0.13132817173188271
DOCK9,-1.1690877646149276,-2.6833096888309336,0.010339377659670499,0.13152624275044206
ERV3-1,1.3040120301285567,2.6867946375844913,0.010428537450990304,0.1325176368234021
PLPP1,0.5641735127369589,2.679697274419543,0.010443969262291958,0.13257102918425437
CRYAB,-0.6274094671108639,-2.711386486777494,0.01047152248202371,0.13277800526346928
HOXA4,-1.133687990623104,-2.6770399217330074,0.010501548170166223,0.13291443201257325
ADAMTSL1,-1.4323546744818216,-2.674632123870174,0.010504800090447339,0.13291443201257325
COLEC11,1.4025269907092288,2.684597029756814,0.010589705063720199,0.13372638170436646
URM1,-0.37608507784731593,-2.6810168975929147,0.010612569466498951,0.13372638170436646
XPNPEP2,-1.3985440802640658,-2.674750624968919,0.01061378812726457,0.13372638170436646
LACC1,1.0470589760164803,2.6748893820819517,0.010621036418116413,0.13372638170436646
TCIRG1,-0.42198732885715273,-2.670522358629794,0.010625611693239792,0.13372638170436646
FOXF2,1.0336290629200997,2.699328797042034,0.010640012816554701,0.13376501735828356
ORMDL1,-0.36097406778180297,-2.6663913808193542,0.010685411660014587,0.13419285600688532
DAAM1,0.5813950899125837,2.6644316114666733,0.010739389543916737,0.13472741080333375
HSP90AA1,0.6468083801888262,2.675199972257476,0.01075741658913362,0.1348103002491745
MFN2,1.090491028083445,2.7158553949444686,0.010774277821166167,0.13487841959582883
GNB2,-0.42175141739651334,-2.6968622084651814,0.010820294903394097,0.1351513888886909
ENSG00000261227,1.0164938795336709,2.6626822588476475,0.0108271661193137,0.1351513888886909
PNRC1,0.4021571439338789,2.663457942889505,0.010856742276661129,0.1351513888886909
RAPGEF3,1.0617046047070924,2.6599630893343154,0.010863261816459094,0.1351513888886909
NEK6,1.184072065390728,2.680999158099505,0.01086424291798398,0.1351513888886909
MRPS24,-0.6427519084708182,-2.702875050350479,0.010864774930569053,0.1351513888886909
TST,-1.064615359804026,-2.6630540540457335,0.010883143358030955,0.1352373761490057
NCAM1,1.4260614659311595,2.660059687245834,0.010921269236664989,0.13554257573835896
MID1,1.1586974721109469,2.6898062172668618,0.010930667691903238,0.13554257573835896
TMED8,-1.0721716336409952,-2.656237526066088,0.011010061027036791,0.13613818487915513
YPEL3,-0.810791477788495,-2.659262911091662,0.011012308209490401,0.13613818487915513
CXCL1,2.122777283153868,2.6594092854909603,0.01101329661665338,0.13613818487915513
PTGER4,1.1544922853618598,2.6649488573501996,0.011025560268732281,0.13614721649831021
COL4A5,1.4041458323253178,2.679552128803664,0.01109198654650638,0.1368243481520458
SFRP2,1.2568640828688444,2.6991681309640065,0.011115071491541314,0.1369659905612163
MEG8,1.3606441834427105,2.6572351751919547,0.011144408181343414,0.13718429466189674
APEX1,-0.47161661725782356,-2.7015399441950767,0.011192077522487067,0.1376122707346577
TNFSF4,1.2449109675490873,2.6548254382554117,0.01120248980737027,0.1376122707346577
TMEM106C,-0.8282053489900107,-2.676026804683231,0.01127788898426828,0.13833019201861804
PLEKHJ1,-0.43141277059041094,-2.6457703395282293,0.011284368904187138,0.13833019201861804
MEST,0.8818733466394875,2.6598930528993137,0.011301122562894346,0.13839185877071344
CAVIN2,0.6020105622957761,2.651058543379211,0.011330227331929262,0.1384327542994501
PAM,0.44564728929675024,2.668948934850603,0.011334090659675809,0.1384327542994501
GDI1,-0.5219544703232364,-2.6475564760142247,0.011345330145903844,0.1384327542994501
CAND1,0.45562824181572026,2.6444020343663723,0.01135217637786233,0.1384327542994501
GCC2-AS1,1.0631367150145414,2.642673662912436,0.011363095206790949,0.1384327542994501
WFDC1,1.7263121386656257,2.6602399534492567,0.011388489197810438,0.13859908760840436
C11orf54,-0.8332674901047756,-2.6599441480285466,0.011438491822030886,0.1390642594841139
IZUMO4,-1.3005521278223335,-2.6615793521365525,0.01145523789864415,0.13912457139248374
ZNF154,1.1192871749120592,2.6397825943818334,0.011516342162049706,0.13972293856423101
TAF13,1.2667648510305844,2.653266425443058,0.011552582632656929,0.1399990338644441
HMGB3,1.060227845271929,2.636901162923097,0.011562817282323844,0.1399990338644441
ARHGAP1,-0.516010197447125,-2.6348303708726073,0.011586210342214649,0.14013853800188927
ECM1,0.6765171337490603,2.6592117463534097,0.011607134488271742,0.14024792490690677
RORA,0.4760844585576276,2.6363261337957544,0.01169394110248692,0.14107743628451735
DNAJA1,0.6917632513633549,2.632563980476585,0.011699687430965056,0.14107743628451735
RFK,0.5168158938402749,2.6314349385740345,0.011750230287113602,0.14154231483609805
DTNA,1.339102082128079,2.6548483510849343,0.011769464574731684,0.1416294896072452
GALNT17,1.2868554308897513,2.6283453210543533,0.011789053968129919,0.14172075569630724
ENSG00000268205,1.0737402009200752,2.65379494248091,0.0118132750456605,0.141832240577955
TMOD1,-1.0022744006391022,-2.6422724989657427,0.011822357029115434,0.141832240577955
KRT18,-1.2352812361488503,-2.6255556761284913,0.01187000332822278,0.14225623642052462
COTL1,1.0735676827178997,2.6937704155490567,0.011881800009372069,0.14225623642052462
LYPLA1,0.5238888621400806,2.654004961244645,0.011922077325303213,0.14259384278136214
EDA2R,1.0313115398731456,2.624107162779266,0.011952855032254388,0.14281726078518528
RTTN,-1.0184492286537346,-2.626442579515988,0.012005320147288638,0.1430459246616584
ACSM3,-1.1093158019900395,-2.6702004852910863,0.0120204492213225,0.1430459246616584
ARL2,-0.806383306143065,-2.6425056276246592,0.012021020387072123,0.1430459246616584
EGFL6,1.6366304525589852,2.6742100617270994,0.012024292343247875,0.1430459246616584
NIPSNAP3B,1.0817362525960723,2.623779707042469,0.012032579685643948,0.1430459246616584
HIVEP2,0.9559051791255322,2.677895530134079,0.01207853044072984,0.14344773828251084
TPPP3,1.2372698445843984,2.659966509877006,0.01217314282524512,0.14439282644330956
MCU,1.1610071738563095,2.628615438769668,0.012182571379715065,0.14439282644330956
CMIP,1.2945202069755313,2.6325819238933743,0.012226401105908778,0.1446468773262548
MRPL38,-0.3754629632595572,-2.6151720621476477,0.012228511950156909,0.1446468773262548
AMPD2,1.0235425887457112,2.644567316035178,0.012287489610788266,0.14515953462975986
TMBIM6,-0.3065543196058762,-2.6166915613907102,0.012296445118997024,0.14515953462975986
RHOBTB3,0.595409976256418,2.6115102800339036,0.012331116443457305,0.14533436124219445
FMO3,1.079289710987804,2.654015521200247,0.012335877167698335,0.14533436124219445
PRKD3,1.0454589242338321,2.6229300065636214,0.012386645700586786,0.14571482379931563
CMC4,-1.201908071940992,-2.6116600262344125,0.012392857526007023,0.14571482379931563
TMEM126A,-0.7491754044090175,-2.626433826069216,0.012431906670433304,0.14602851566613448
EMC1,-0.8461795383191699,-2.62136865785399,0.012513893675132708,0.1468454421818505
ERP44,-0.3038659313197547,-2.6127832288871593,0.012542691715497404,0.14700130452204602
C1orf122,0.5251819627942567,2.606106242950276,0.012552080894385632,0.14700130452204602
SNX24,1.2831376392378337,2.6457075608288627,0.012617147210131336,0.14758559911144245
KANSL1-AS1,-1.33198524395012,-2.6062382792425343,0.012632851363742034,0.14758559911144245
HNRNPH1,0.6339295942711018,2.6079344058147673,0.012639478246647042,0.14758559911144245
CCAR2,-0.8639926811714016,-2.6415321568800283,0.012663800445763903,0.147723482472572
KLF6,0.5692634177000517,2.6010451724009247,0.012681635571178821,0.1477854964637374
STAT3,0.3948725162398201,2.5996467684773026,0.012695685831402112,0.14780332469398613
TACC1,0.3725000930943567,2.5970745160480653,0.01274691071908104,0.14825347885591297
NFIB,0.4346941116378735,2.5970990413719672,0.012808708029581777,0.14882558886733552
SH3KBP1,1.0288632554026789,2.606622844544964,0.012829775352452893,0.14892379354543403
FGD4,-1.1792774761709897,-2.596542067500943,0.012879551482585233,0.14935472028675706
NPEPL1,-1.2530701619495148,-2.5918745117514512,0.012905839703230731,0.14946165636312042
C1QB,-1.4641912701947266,-2.60235859791737,0.01291409483188334,0.14946165636312042
PTPA,0.9414053481746087,2.6546921936354377,0.012947729703012742,0.14970416174737064
TPM4,0.4470268374927038,2.622918810181639,0.01299497073102038,0.15010335565527944
FXYD6,0.9679983714716451,2.605207895833056,0.013057566289440341,0.15052052858099157
HLX,-0.9010287216722883,-2.591948287053105,0.013062292242965401,0.15052052858099157
NOX4,-1.4010591938251835,-2.602503017984449,0.013069338568023411,0.15052052858099157
ACP1,-0.2898161481536041,-2.5919616923066737,0.013156256084064285,0.15126697538074393
PAPPA,1.226903497331683,2.5844380698477245,0.013159778374927914,0.15126697538074393
UBE2E2,0.32926671580310884,2.5919643281702975,0.013197130373493722,0.15154875881234767
MAGI3,1.0578841966581307,2.599761380954502,0.01324327499397106,0.15193086618447849
APLP2,-0.3043966093578261,-2.5810511866992507,0.013263224268714329,0.1520120024195851
MAP3K20,0.5485267552805624,2.589375129285202,0.013341808932713932,0.15276435931201549
SPCS3,-0.39606390631885535,-2.611350735736125,0.013363605164740071,0.15286565791643078
PSMA1,-0.6029729775488502,-2.5770393473634416,0.013394851589183035,0.15307475606031531
TXLNB,1.1359100685667647,2.5938406614215443,0.013412519765866495,0.15312842924183168
LIN7B,0.8901975601386902,2.6225020237704095,0.013465893069015186,0.1535892441349993
ARRDC3,1.0711735656147754,2.5727422489298277,0.013540050437625935,0.15428599943646157
PIGS,-0.8181251632845767,-2.586301613547774,0.013654745470816422,0.1554428835901522
U2SURP,0.3630273307577596,2.589917503299103,0.013673285449415548,0.1555039833625728
KLF8,-1.1156784412043588,-2.566926469451662,0.013745681868969385,0.1561768762879534
EDIL3,1.274019596440171,2.600980460487736,0.013796033209907596,0.15659824234899922
PLEKHG1,1.3660102757599155,2.5659119123479175,0.013810256712702623,0.15660910710226172
NKAP,0.7191555266289393,2.6337406360847746,0.013889531194229173,0.15735692490199174
HINT1,-0.28176723959905736,-2.5601584219266926,0.013972576084357336,0.15814598339006553
SELL,0.9778684471917729,2.559415198051705,0.014008915149937202,0.15840540550288187
ZHX1,0.7428963946642213,2.623399158163605,0.014040521842728219,0.15861087115158531
STARD8,0.9152861301773045,2.5580680305630485,0.014068218322586784,0.1586217315332607
PSMD6,-0.4428140927736903,-2.557170999863805,0.01407698324471,0.1586217315332607
ROR1,1.3035300954818507,2.5761522351318913,0.014081793701555037,0.1586217315332607
NNT-AS1,1.255867534740092,2.6440925830435016,0.01413820568546264,0.15896723958450504
GJA5,1.5272238416879849,2.5556620254478073,0.014140672525201958,0.15896723958450504
HOXB6,-0.6646625784058955,-2.5769463296827793,0.01415286478638838,0.15896723958450504
ARHGAP15,1.3003058746821021,2.55741729149721,0.01422576967099959,0.1594389996871518
U2AF1,-1.617298556972432,-2.5534871577599176,0.014232679441554512,0.1594389996871518
PCDHB2,1.1434529357336376,2.56005511877994,0.01423538379248268,0.1594389996871518
BCAT1,-1.1679051759574688,-2.5567252359846773,0.014264687000768553,0.1595743435463225
BCAS3,0.843728961553992,2.6065227782795986,0.01427450290427078,0.1595743435463225
NTNG1,1.1872599461041677,2.552284593558226,0.014323985616020366,0.15997601721581875
OFD1,1.0512066562922557,2.6228203970568384,0.014364752870265823,0.16027968585395846
CDK6,0.7913688373316488,2.56999763238634,0.014393204950725873,0.1604454999464768
PALM,-0.8271297491471357,-2.5489996307278937,0.014497936828080779,0.16146051344857887
KLHL8,1.1915283889871358,2.5452352254232733,0.014591398199636632,0.16214965866527803
IGFBP4,0.7882938518271381,2.5518600245811824,0.014609479011112791,0.16214965866527803
PRKG1,1.1510355427080476,2.6101939362112225,0.01461283572902988,0.16214965866527803
UBE2N,0.3979851615685579,2.5428020790038315,0.01461475957813264,0.16214965866527803
ADAM17,0.8227075759673141,2.584386366772294,0.01465110072425534,0.16240022915477398
RAC1,0.23619403360748414,2.5409757964462414,0.014685244526393451,0.16258950150571075
USP15,-0.42858476725282113,-2.542119490188632,0.014695721991240437,0.16258950150571075
RNF7,-0.24538237217831416,-2.539154718945275,0.0147354918407474,0.16287685503747476
SRGAP1,1.2820819485010846,2.6021180489056843,0.014914902626844275,0.16458966224235233
NDRG1,-0.9144301138292104,-2.5728614526743936,0.014918334485329691,0.16458966224235233
HES4,0.8686574104188747,2.56736793494696,0.014943595605642521,0.16471442215183002
CSTF2T,-0.7373501859589222,-2.542732658790374,0.014985117683798793,0.16487365437359264
BASP1,1.4216109645299833,2.6009134990085356,0.014985974683851324,0.16487365437359264
NCK1,-0.8654858400502246,-2.5779282633991247,0.0150431199188388,0.16525693029452024
SYPL1,-0.404515658447826,-2.539570225816012,0.01504880983198723,0.16525693029452024
STAT2,0.645737437299367,2.52974093258271,0.01508179017628869,0.16546517939692193
CAPZA1,0.47236273980427157,2.5490048693314376,0.015118846112117675,0.16568137574371106
H1-10-AS1,-1.6626721036214611,-2.562169058911102,0.015129565696884414,0.16568137574371106
CREG1,-0.36061739337728227,-2.5423578202946278,0.0152108042592267,0.16641663047281852
NLE1,-0.8796015417913274,-2.5288610927369897,0.015246741001758348,0.16665366705197682
JCAD,1.1330508960167034,2.527089449067206,0.015260704284895123,0.16665366705197682
DRAP1,0.2889963892398786,2.5268156403891746,0.015299582372038167,0.16682068393785815
ANGPT1,1.4815800480244077,2.5806939061738343,0.01533716256331798,0.16682068393785815
DNAJC1,0.31921308937132054,2.5227439224363795,0.01533826141059266,0.16682068393785815
CCDC7,0.973235804418336,2.5261968910206116,0.015345399802377304,0.16682068393785815
FAM171B,1.1968377211079884,2.546852982788356,0.015346655040788984,0.16682068393785815
LINC00294,-0.9652064194261585,-2.525574208842909,0.01538315054310665,0.16706356224597424
RPS8,-0.296303532162689,-2.525150182053484,0.015440007749588733,0.16737132393359958
CCND3,-0.9794176295881529,-2.5741390176865884,0.015449276314937964,0.16737132393359958
SPATA18,1.036583743771718,2.5249139367492197,0.015454023133216732,0.16737132393359958
AGFG2,-1.0729844128109867,-2.5333581715064577,0.015477314411189215,0.16737909189877717
ROR2,1.2112751560292887,2.5520028104908117,0.015483097700420556,0.16737909189877717
DOCK6,1.0542035335026148,2.531202737887323,0.015509543439166155,0.16738365641154615
PACS2,-0.9176852478337891,-2.5233949814630523,0.015513032499516044,0.16738365641154615
PLA2G5,1.0302364394221302,2.588766054186324,0.015526057075022706,0.16738365641154615
C15orf61,-0.4730062758504987,-2.5216591836537545,0.015623590825631022,0.16828146870125382
RTP4,1.1478406242249828,2.51463014846257,0.015686387680353676,0.16874530686479078
UNC45A,-0.38826359590713544,-2.5136310620703934,0.01569524328145195,0.16874530686479078
C11orf98,-1.1640327941847444,-2.5241259538927854,0.015735376346519957,0.16902285511434767
CFL1,0.39294196210614096,2.572958415569716,0.01575703752253235,0.169101661775904
TRIM2,0.8247160544589676,2.5863707747460305,0.015884648241853715,0.17031632379208275
FAM20C,1.132683962542671,2.5478557760685216,0.015912573661295726,0.17037512959625215
NTPCR,0.7540801747552397,2.596798009603071,0.01591899770814622,0.17037512959625215
SFTPB,-1.2611149673874094,-2.532267798809172,0.015934749023102213,0.17038923208126958
CNTFR,-1.2780504623291897,-2.5173598027536586,0.015959611410362288,0.17050064497676634
SPTSSA,0.5886443502359242,2.5063880783854273,0.016058245794985226,0.17139926908661898
CFI,1.2254568099658272,2.5172893712353606,0.016086005288680347,0.17154046290232297
MAN1A2,0.3478991418490036,2.5024285974752267,0.016126717331564257,0.17181940261653073
KMT2CP2,-0.8716569481239942,-2.5035389075648813,0.016201233085424135,0.17245767049001978
ZNF131,0.4240390389661455,2.499593250050833,0.01627975025126351,0.17298649522389048
MMP25-AS1,1.0735209119510565,2.4996158785339087,0.016280219923231032,0.17298649522389048
SNRPD2,-0.2741578997408265,-2.5053827918250673,0.016310412123332806,0.17315145244239546
TTC7B,1.1533963314059903,2.4968136863364694,0.01640716621645497,0.17387920683542463
RNASE4,-0.9177576753701189,-2.5033620967441226,0.016408423245630074,0.17387920683542463
MSMO1,-1.071505138424452,-2.49395394612994,0.016480935326676004,0.17449097895193744
RPS5,-0.285654999369914,-2.519577070103283,0.01657349762861594,0.17525942396900016
CSGALNACT1,0.8643755555174693,2.4945327837007953,0.016583208519557236,0.17525942396900016
CYP11A1,0.9850394709494456,2.4916023826298197,0.016630544893654987,0.17548539966735083
SLC7A5,1.2307179083382813,2.499725776977258,0.01664525738257196,0.17548539966735083
MCL1,0.5711815466868604,2.490187517244652,0.016649186584280638,0.17548539966735083
SNX21,-0.7497147201260672,-2.509936933423915,0.016686260035276217,0.1757192682573022
FRZB,1.7470608353636674,2.5285268898493847,0.01684027647158756,0.17707312951190723
TDG,0.7652241980650762,2.5564782156763557,0.016844822061996764,0.17707312951190723
PDAP1,-0.3021123702107813,-2.501809515716601,0.016903603664665874,0.1775329548588796
CHSY1,1.05823422398527,2.5052716128064185,0.01693236263093249,0.1776769252072516
CSRNP1,1.2210447312651027,2.525639016689756,0.01698015625689342,0.1778064634125549
MLLT11,1.2119501307906813,2.5066509339632086,0.016985539864841002,0.1778064634125549
ATP5IF1,0.42526560626097343,2.5119087888786398,0.01699670043704101,0.1778064634125549
HOTAIRM1,-0.7650488049657431,-2.484079862726269,0.01700495528951923,0.1778064634125549
ST3GAL1,0.9836595866085851,2.5643746385067847,0.017037257859517665,0.17798657436425314
LINC03013,-1.2302512636689928,-2.484550674393135,0.01712721432993447,0.17847614479793317
RGCC,0.7723993184185449,2.48415394029685,0.017134487656890116,0.17847614479793317
ACSS2,-1.0293976456997131,-2.4812150455268918,0.017142775731967874,0.17847614479793317
PLXNC1,1.1550502545664365,2.5084519506107728,0.017144595357971724,0.17847614479793317
COPS2,-0.34759246181290937,-2.4788981086964257,0.017228804662271707,0.17919474805120486
CAB39L,-0.5818041709394084,-2.4750743959884716,0.01724706265166406,0.17921914641607914
TMEM120B,1.032794555511003,2.499741155098216,0.01726151372088793,0.17921914641607914
RGMB,0.9430908734424261,2.5384646130647277,0.01732978491018436,0.17973731360353198
RPL36A,-0.5756230066119388,-2.476598998293827,0.017341872104567804,0.17973731360353198
LUC7L3,0.37953551233172345,2.4877686578262646,0.01737072983229725,0.17987847865813072
MDH2,-0.2956666124654763,-2.471498546571321,0.017418493176736917,0.18021499732811508
POLR1F,0.4284868867971934,2.4706921438323173,0.017441918242706918,0.180299338752325
AAR2,-0.5962546233488011,-2.4854583749739563,0.017465164481955505,0.18038168566009163
STK38L,0.8369567046012092,2.517776688920283,0.01749650616582884,0.18038526453626844
PCBP4,0.9213686396271279,2.4847167042791543,0.017514661067319907,0.18038526453626844
PARG,1.0763312964971345,2.4950532370203407,0.01751684313638099,0.18038526453626844
MOCS1,-1.1029051511075076,-2.47097276702964,0.017526632649140186,0.18038526453626844
SERPINB9,1.1949932658282583,2.486410339018749,0.017589016721836853,0.18086963623805233
CLIC6,1.0840566263820268,2.4750610384706353,0.01763822517930044,0.1810762977989784
LAGE3,0.383186100166383,2.473525550482846,0.01764979755678382,0.1810762977989784
MXD1,-0.8896430150332346,-2.4898129050860067,0.017655130772268036,0.1810762977989784
MSTO1,-1.0691814575814154,-2.4671622891407985,0.017743876759557978,0.1818285287730746
MT-ND4,0.35492004392425436,2.4623900399597636,0.01778865306200443,0.18202060716868793
TMUB1,-0.6548868109308943,-2.4837220684811068,0.017793458760920446,0.18202060716868793
PLOD3,-0.5161270040145727,-2.4635717738521534,0.01783570137719238,0.1820905516432581
LTV1,1.0314799259826803,2.5257362939224324,0.017842745740319518,0.1820905516432581
C16orf74,1.0982709875742263,2.4616814522864847,0.017846570796378622,0.1820905516432581
CRAMP1,1.0356673200063686,2.4601061841770973,0.01794226536830463,0.18270995515485736
ENSG00000277511,-0.9336681092576335,-2.461968494721425,0.01796138485057319,0.18270995515485736
SMIM7,-0.6773570487413991,-2.4670317778016715,0.0179688108508264,0.18270995515485736
RIC3,-1.1000532058329886,-2.4600412882543803,0.017984277731457454,0.18270995515485736
DZIP1,0.902161626371218,2.475098508326664,0.01798466479372675,0.18270995515485736
SNX10,1.1729840125322089,2.457219001840166,0.01801463661132321,0.1828570809945576
ZNF395,-1.1518382697952378,-2.4565226167241963,0.018046643008941435,0.18287089954025904
ASTN2,1.0122847956427872,2.4577876728450234,0.018061783138747105,0.18287089954025904
CCNK,-0.8700904983665811,-2.4650205118316664,0.01806247089063465,0.18287089954025904
NQO1,-1.1014449895538654,-2.4831808056933333,0.018105953863320243,0.18295147307844623
MYC,0.852562920074357,2.4564263189135,0.018107022119993835,0.18295147307844623
NOD1,-0.984166270387067,-2.454885808797491,0.018116922662321358,0.18295147307844623
FUT8,1.010947066340218,2.536333714095489,0.018145804032990074,0.18308650992260497
OAZ2,0.579221786088894,2.467333206416945,0.018311113652205814,0.1843648650084156
LCLAT1,1.2018074246552342,2.4634270966229423,0.018323226965950956,0.1843648650084156
ALAS1,0.46248116886827617,2.470520168707606,0.018326347113101077,0.1843648650084156
TUBB2B,1.2661424826172871,2.449975030068783,0.018335162532347273,0.1843648650084156
MIB1,1.152377875273249,2.460052840060116,0.01836645642080406,0.1843648650084156
DCBLD1,1.2157229035970705,2.4527617707235834,0.018368345381673666,0.1843648650084156
RAB2A,0.23561057097911497,2.4679458477056744,0.018381825168564604,0.1843648650084156
C1GALT1C1,-0.492940259269778,-2.4485639656020797,0.018404268924497032,0.18443327220177205
FCMR,1.2573770799252266,2.4480923478051464,0.018472290552813308,0.18495792194738006
GLP2R,-1.1419315647977446,-2.46373531837458,0.01850385463481201,0.18511695251182692
EMILIN1,0.6426285788041373,2.4574840718866775,0.018525656187182167,0.18517812979651607
ENSG00000275202,0.8393794275853074,2.445434008798659,0.0185770311020013,0.18545185770539058
ALDOA,-0.4020320183856487,-2.4480265120124716,0.018589295282214667,0.18545185770539058
GSTP1,-0.3163704166215169,-2.4440973636705596,0.018609701575942186,0.18545185770539058
WDR41,0.4408571646551902,2.452943690024963,0.018615878981862587,0.18545185770539058
TSPOAP1-AS1,0.7803241082966546,2.4453723669040417,0.018646384550455523,0.18549427953072373
FSCN1,1.2147030683903317,2.496075939052342,0.01865156372748573,0.18549427953072373
ZKSCAN1,0.47229456250959956,2.443361481565933,0.018671980525477798,0.18554101860544225
PCNX2,-1.1606134246026334,-2.4475545296145054,0.01870148163370375,0.1855974431210594
VCP,-0.3369300543737568,-2.444340283570278,0.018709102694964903,0.1855974431210594
CBR3,-1.1787977056717773,-2.442753098521375,0.018782536797641868,0.18608553114063558
F11R,1.268072420346315,2.4401037403055867,0.018789830844526696,0.18608553114063558
CCT8,-0.32417444073522184,-2.4389614334996765,0.01883270632158887,0.18635381234397033
TXNIP,-0.9530282653499373,-2.4824526389659884,0.018875878867029173,0.186624581260703
GNAO1,1.007034277757574,2.438746242970174,0.018965611390726996,0.187354847253165
CD58,-0.7070044268658799,-2.4736329948263296,0.018982667273331314,0.18736654444956202
RNF168,-0.8566147189263118,-2.4728546298714904,0.01900847700389162,0.18738878362641906
TPGS1,-0.3296567202616272,-2.4348737607838107,0.019030208093794885,0.18738878362641906
MMP23B,0.5783876376225034,2.4920140697251454,0.019038098036807307,0.18738878362641906
PNISR,0.35913634647149717,2.4466155329239543,0.019048415108149332,0.18738878362641906
C1orf54,0.7805382461306518,2.4719993634778668,0.01915547290761982,0.18828506051161698
ABCG1,-1.3656055131433864,-2.437645617133812,0.01918200768790501,0.1883890189315463
EIF3K,-0.25276570209619287,-2.434064953599474,0.019241628335495583,0.18869166435938822
EGFLAM,1.066955038556424,2.4309890043388767,0.019244791519585212,0.18869166435938822
DHX35,-1.0379324067992253,-2.432945203644993,0.0193224785376965,0.18914313201841254
CD248,-0.8239324702613011,-2.4288655251365947,0.01932288159374888,0.18914313201841254
ANO1,1.1555528339362013,2.4289559506766363,0.019372236930166497,0.189469144126442
SRSF6,0.8291331372180597,2.455109670500429,0.019435354428173388,0.18972981066584937
TAGLN2,0.41020684444155187,2.4256800953715985,0.019452237358173335,0.18972981066584937
DPT,0.7182676864874695,2.4320402286528116,0.01945738264668011,0.18972981066584937
HOXA-AS2,1.0189938379229342,2.4437865891543464,0.01946317668075761,0.18972981066584937
PHF19,-0.84276258891007,-2.432292787546922,0.019494591628214798,0.1898792526163991
PDS5B,0.9155832455186461,2.480599547812214,0.01952978454969659,0.19006521567120216
BNC2,0.8838466534643752,2.459240470987516,0.01954961428715884,0.19010147995050256
GSN,-0.8334461490390837,-2.42198889221999,0.01962861158770488,0.1905395357392414
OSER1,-0.6578934801221372,-2.430401667197741,0.019633305340508937,0.1905395357392414
PTGIS,-0.7090506050139398,-2.422572441328907,0.019643084709416076,0.1905395357392414
DESI2,0.3509209416840964,2.4327831114388516,0.019678953177044132,0.19061882679864994
ENSG00000257207,-1.3037697343591137,-2.4422140200773965,0.019683553567772495,0.19061882679864994
RGS22,1.1200570425314829,2.4372826681959725,0.019789529601677805,0.1914880302850873
RPS12,-0.3079788689005607,-2.4280072121000043,0.01986399676723558,0.19198105344923327
COL6A6,1.4469246385575611,2.4165352600027563,0.01988524288842569,0.19198105344923327
GLRB,1.062413468219198,2.4198890527456074,0.01989784039488691,0.19198105344923327
ATG14,-0.857155450752777,-2.4550197500702415,0.019930114617484448,0.19198105344923327
EGLN2,-0.9162894975453328,-2.4350578493160095,0.01995055645184479,0.19198105344923327
MAMLD1,-1.0011865721062838,-2.4170256184381325,0.01995326774497009,0.19198105344923327
MCOLN1,-0.8730609544673662,-2.459115151808297,0.019966875226687848,0.19198105344923327
ICMT,0.5694853686414545,2.416302277532854,0.019970583111872806,0.19198105344923327
GALNT1,0.8951321583986735,2.4613652744777146,0.020001203144379236,0.19210470281733497
RTF1,0.3699677629100213,2.4296609469688097,0.02001599190726997,0.19210470281733497
SIPA1,-0.9329979656043377,-2.4137139323231573,0.020043819218959178,0.1922155043702787
RAI2,-1.0825964859812887,-2.413463005295724,0.020076179878883476,0.19221595638343952
SLC6A8,1.064392809232124,2.419552717226485,0.02008546227326507,0.19221595638343952
AJM1,0.7567045467556195,2.4719441645426357,0.02009271411920071,0.19221595638343952
FSD1L,0.9317352216044233,2.41466102188603,0.020110313467676867,0.19222854290358332
AASDH,1.1819777508437528,2.4352927150062227,0.020148301937049067,0.19232527378292386
FMC1,-0.5846323145146517,-2.416001941916257,0.020153016829265295,0.19232527378292386
RPE,0.6523507773819386,2.4419471358748783,0.020239085554378297,0.1929259275047183
MPHOSPH8,0.34841057096784667,2.437314495342549,0.020248642454751883,0.1929259275047183
SLC25A42,-0.8587033433549354,-2.4077410884655697,0.02031454229077821,0.19315984648796436
HCFC1,0.8051427901700645,2.4590416183511357,0.020315975358472276,0.19315984648796436
APRT,-0.2605404496770163,-2.407766876027098,0.020325358162827465,0.19315984648796436
AAMP,-0.43069600272452835,-2.4204860478861434,0.02033864372592458,0.19315984648796436
SELENOH,0.29195806186483075,2.4344749645106294,0.02040522517766653,0.1936364013041426
PPIC,0.4732746601737414,2.4069250257809345,0.02043142088263197,0.19372925583893205
SNW1,-0.3915292420100158,-2.4048112332627958,0.02045985307084408,0.19384315048259582
CES1,1.0690053244604876,2.438073857606627,0.02051650161981842,0.19422397884679746
ZCCHC9,-0.6577118174289813,-2.4084359934714743,0.020557767684832126,0.19431632314095096
ATM,0.890719210034467,2.46326823712646,0.020559177264129414,0.19431632314095096
RSRC1,0.695518002801669,2.437719294231834,0.020696545409614634,0.194964059117709
EEF1G,-1.152834577404973,-2.4211452430372904,0.02070770810510333,0.194964059117709
ARHGAP5-AS1,-1.0248156314529806,-2.405173944015016,0.020711925180215446,0.194964059117709
TRMT9B,0.9351224604538606,2.399299066966596,0.020733177961266783,0.194964059117709
OMG,1.4207547778154073,2.4024032761925715,0.020734575247799824,0.194964059117709
TMEM17,0.9514235565882143,2.4024848635843896,0.02073667766752065,0.194964059117709
WWTR1,0.5493316855315573,2.4004441941121066,0.02074331709037209,0.194964059117709
THBS2,0.619872632670468,2.430162328665008,0.02079044814249422,0.19525158339072735
RNF207,1.0003247340073844,2.3999855263216703,0.020859834419228986,0.19574749230445004
CCDC51,-0.8760506461492996,-2.4021124286105566,0.02087804839763695,0.19576279692939175
NNAT,1.0898578317988656,2.3951249111308743,0.020942763085937562,0.19621374462658167
SLC30A1,1.0670735470998798,2.4052906067601767,0.020976711160738556,0.19637595182594658
ENSG00000272368,0.9204365892488624,2.393573114679036,0.021015873496616523,0.19649021018517815
NCALD,0.9767890683163252,2.4463259802670145,0.02102220546072681,0.19649021018517815
DDR2,0.5727016450536198,2.4282757729023516,0.021116207314110024,0.19721267986002283
ALG10B,0.9853767597392831,2.4038734105744095,0.02117083159979127,0.19756653520595727
RGS5,1.9291560625974973,2.392708131687732,0.021250042911044913,0.1981131970230725
ENSG00000266302,0.9693811992832815,2.389594408945102,0.02126297506380626,0.1981131970230725
MVD,-0.6081166474613617,-2.3912691044814345,0.021320470713196163,0.1984922371997482
IRAG1,1.56523991043411,2.4056417562971624,0.021353663388888503,0.19864459913776894
RNF19A,-0.4181552856720865,-2.418220104672498,0.021419789329764977,0.19910284491171304
RSPH3,0.8641787831169312,2.3962688299805786,0.021451614753857186,0.1992417877020331
AKIRIN1,0.5343561880166074,2.3959725710319395,0.021520851733361424,0.19972771596881417
MFHAS1,1.1348384920289476,2.394769921777933,0.021556502696217575,0.19975236714615843
OSCP1,-0.783452989870149,-2.3834697940047445,0.02155734991479931,0.19975236714615843
NAF1,0.9527975992815305,2.4389581376397103,0.021586124330153902,0.19986211585683672
FBXL9P,0.8311922617312154,2.3830914100013096,0.02161211240901408,0.19994591456772037
CALCOCO2,-0.45659303820953046,-2.4173565742081506,0.02166424833095175,0.20017974769864977
POLR1D,-0.3387826768720066,-2.3827460046767133,0.02167194722156193,0.20017974769864977
DCUN1D5,0.9364398330705566,2.4567477857327717,0.021690506727323606,0.20017974769864977
FUCA2,-0.4825419030581344,-2.3842431994406197,0.02171370854659713,0.20017974769864977
FPGS,-0.8615196137917369,-2.3989316316537392,0.021722173384326166,0.20017974769864977
NPEPPS,-0.4536977466289871,-2.3840362319351542,0.021750084305031885,0.20028061249680296
PROCR,-1.1968326119187234,-2.3764064686576716,0.021902008066022147,0.2015223735147244
PLIN2,-0.8438096525953744,-2.3807551859992766,0.02192302909494181,0.2015499655400657
ERLIN2,1.0223036269861114,2.449158059029239,0.02195105420189659,0.2015499655400657
PJA1,0.43553983362921844,2.378343130769385,0.021971649391064767,0.2015499655400657
GPAT2,0.9404865838140561,2.3768804746027374,0.021981666309188623,0.2015499655400657
IGSF8,-0.4695766480889514,-2.374839866727369,0.021990373199119412,0.2015499655400657
SORCS2,1.0972806753418598,2.37828362717398,0.022010665756499483,0.2015794486078172
ID1,-0.7655337455810036,-2.3729159856866895,0.022090751675213356,0.20200482784712046
ZNF91,0.8608338727955642,2.4184879027527617,0.0220913369547338,0.20200482784712046
ADAMTS7,1.0882247155585292,2.3740673388143394,0.022196676980019682,0.20261620924924906
ARHGAP24,0.7479767451531965,2.392402517009165,0.022203270930329717,0.20261620924924906
ATP6V0A2,0.7923166162045927,2.4103050907600014,0.022209688671624588,0.20261620924924906
PABPC5,-0.7617248796292921,-2.3754606658713637,0.02225748154820639,0.20278144982483318
INO80D,0.7858976467285239,2.4100441581009435,0.022262156626258685,0.20278144982483318
PSMD13,-0.3984459782533456,-2.374635388327429,0.02234767544014753,0.20317972478755875
RRAS,-0.8340365848677402,-2.370866936045248,0.022356383829480762,0.20317972478755875
ZNHIT2,-1.112008897307792,-2.367777680363466,0.022370718291903798,0.20317972478755875
SLC12A8,1.2422985768019106,2.3688809986257944,0.022377483328651172,0.20317972478755875
SMDT1,-0.34293652585646317,-2.367665097167268,0.022391937479763993,0.20317972478755875
LRRC20,0.9072442737272819,2.3670024946432418,0.022412251532433248,0.20320785663623234
THAP6,-0.9875857739915084,-2.3674888007894968,0.022438048611813526,0.20326475886714082
NXN,1.1717518778390872,2.369993366058581,0.022452964469525764,0.20326475886714082
EIF4E,0.4840208383163169,2.36564400411685,0.022473869469131606,0.20329810657708705
RGS11,1.0365419737235562,2.3828201220857985,0.022516900733482073,0.20341918340929138
YLPM1,0.8448050850907411,2.410301177491098,0.022527070653388975,0.20341918340929138
PRAF2,-0.6086212281859158,-2.3927987467241434,0.022539316976242712,0.20341918340929138
RNASEH2C,-0.40762387431341107,-2.3656128276413857,0.022556180523740994,0.20341918340929138
RIOK3,-0.382009558252431,-2.3744724035976095,0.022645465081903588,0.20406848495562738
PARP6,-0.9718693097810474,-2.3633360348784094,0.022735930719129525,0.20466541450176623
ATL1,-0.7501408407210519,-2.3725364367226423,0.022746380671437295,0.20466541450176623
ENSG00000245025,0.8947718896407971,2.359574104534499,0.022802785011800084,0.2050166618920792
PFKFB3,1.249081628724709,2.3672868002566254,0.02284131391966757,0.20520678144724175
DDX5,0.37454142957104253,2.357938495681608,0.022906625426127213,0.20563704422466292
MCEE,-0.6067886683149712,-2.370479322283769,0.02293366824930765,0.20572336906008878
CROCC,1.0309186586070194,2.404702973160883,0.022983256418114776,0.20601164921476456
PDZD8,1.1323613319927563,2.4318029049627143,0.023035073033382078,0.20631945156227272
PRKCB,1.0874633662403395,2.3554989646023623,0.02306246869245937,0.20640822055684827
GLI1,1.05201957819044,2.3600647590614994,0.023100201365831567,0.2065893008512437
STK35,1.0515311511833993,2.390618839028034,0.023170974020136927,0.2070096174576746
ECE1,-0.8851345906873105,-2.375604216560842,0.02318227143405725,0.2070096174576746
ZDHHC12,-0.9369861376333168,-2.35094609857967,0.023289296489021675,0.20780812173310723
ATAD3B,1.119487834819338,2.381157279449073,0.02335095220768384,0.20820089940461312
RUVBL2,-0.4216689371532567,-2.34899191013379,0.023398193701440546,0.20846466161924954
PHPT1,0.35062443804619736,2.3512066291793317,0.023451372910610516,0.20878088779016377
APOD,-1.2212880443967116,-2.382065799763619,0.023596489167640657,0.20991450988997584
POU2F1,1.1822658592972521,2.375694251549199,0.02363263479343378,0.2100777513075947
UBE2W,-0.9275665911487159,-2.3646888944877062,0.023669065864796286,0.21015881553143637
PSME2,0.40181790483805635,2.3612718833916513,0.02367735914077174,0.21015881553143637
DHRS12,-0.8253858267389438,-2.340529963075935,0.023858308731829755,0.21160581110386945
MAF1,-0.5470670257652701,-2.339151117740684,0.023932573574139696,0.21191241438500952
TMEM14A,0.297122496526236,2.339224779301211,0.02393266792448966,0.21191241438500952
RPL7A,-0.24276348231664002,-2.340748654854829,0.023946731113054016,0.21191241438500952
SLC37A4,-1.0324090268907957,-2.339260827427893,0.023970139906533034,0.21195892222770948
CCDC43,0.8609652031987634,2.42450878470566,0.02398789666211096,0.21195892222770948
MBD4,-0.3404690314054015,-2.337763350177225,0.024012994336476915,0.2120219881391997
ENSG00000273259,-1.2381293446361028,-2.3512038281347776,0.02404559114846711,0.21213560418298097
BACE2,0.5338300882508982,2.352891047343771,0.02406390881328743,0.21213560418298097
PVT1,1.1535857473461755,2.341316438011304,0.024079772097009275,0.21213560418298097
TFB1M,-0.8049848597642884,-2.370041682495644,0.024140510399080203,0.21251209937445323
BACH1,1.006710632672363,2.379851539467287,0.024254030782833724,0.21327401969895518
MSI2,0.8678178164468404,2.402409863614696,0.02428911955735297,0.21327401969895518
RPL5,-0.20531093535365308,-2.334233734552592,0.024303246525278863,0.21327401969895518
TIMP3,-0.47692588598131813,-2.333768788706222,0.024313722293474577,0.21327401969895518
MEGF8,0.9454371721732842,2.3517477211232265,0.024324004304115174,0.21327401969895518
NHEJ1,-1.0911297184951199,-2.3368485194686586,0.024335459935153972,0.21327401969895518
THSD4,1.0182047619974566,2.3678357203060507,0.024478398709077302,0.21436757919930083
QPRT,1.1249717791298144,2.333825653907895,0.02457217811667595,0.21502932740352823
HOXB2,-0.5726517425324644,-2.32477043072801,0.024761384146455158,0.21652454803622453
TENM3,1.2009923207296707,2.3242099983676066,0.024801429998622414,0.2167141977303757
PPP1R14B,-1.2539236017098965,-2.3478314591151754,0.024865700153782255,0.21706333230616295
SCYL1,-0.38390344623448147,-2.3230303661212215,0.024878172276038224,0.21706333230616295
NMT2,-0.6191225270455853,-2.3271519995608387,0.024902085565065384,0.21706333230616295
CLEC3B,-1.428632323966112,-2.322811923775918,0.024939043206195978,0.21706333230616295
PLEKHG3,-0.9444629008706991,-2.3229930678969315,0.02496097230528106,0.21706333230616295
RAD51B,0.8985062771386079,2.3213902818577505,0.024966367945070785,0.21706333230616295
INPP4A,1.0396673735212891,2.3262306487484445,0.02497009786291989,0.21706333230616295
ZFPL1,-0.4786565160093357,-2.323306402722879,0.024993243450856645,0.21710466441307041
MANEA,-1.1243059037247813,-2.326481284355298,0.025012773081618495,0.21711454869743113
SNCAIP,0.9172633445799556,2.319328402929231,0.02514202662852325,0.2180761383906811
TYRO3,1.0289088149917096,2.3198193997160117,0.025163721439552547,0.21810406137585744
KRCC1,0.4639933422452085,2.333954001246585,0.025201820801987893,0.21814339814595296
TMT1A,-0.6145808882538137,-2.33581008629989,0.025205217710383723,0.21814339814595296
KCNAB2,0.9446736799849302,2.3159703792849684,0.025281417209331625,0.21845128830601843
ALKBH5,0.9287155064540085,2.3388318889574675,0.025302284278355847,0.21845128830601843
HDHD2,0.8073795823425405,2.3654213897132292,0.02530419842394457,0.21845128830601843
SNRPA,-0.3519530381179026,-2.3200443717323447,0.0253465517378093,0.21845128830601843
DPM3,-0.40311941205357105,-2.3154533690488472,0.025349894363849972,0.21845128830601843
PHC2,-0.952682471254608,-2.3148689391403465,0.025351822531066943,0.21845128830601843
FAM66B,0.9855633970629805,2.311655542565036,0.025565800956698616,0.21998567106838193
ARPC2,0.2605964453500098,2.36443467006742,0.025567161432089792,0.21998567106838193
USP39,-0.8004001785711923,-2.3498280450102644,0.025656985377358454,0.22041487806329202
HAUS1,-0.8617862689211506,-2.3443198504994567,0.02567109144154296,0.22041487806329202
C16orf89,1.1018177982160626,2.370844917375533,0.025695162479487926,0.22041487806329202
VPS36,0.4895731354291115,2.311747362577406,0.025698832037777834,0.22041487806329202
YAP1,0.7959673221477823,2.32159154807351,0.02571040127853902,0.22041487806329202
ZNF771,-0.3799219569925256,-2.322681644415823,0.025741888736134606,0.22052467092167563
KDSR,-0.38274763168234927,-2.331714900918427,0.025812041146344496,0.2209652978481485
AADACL2,-1.4681071759118247,-2.3235610515363825,0.025897959002218036,0.2214290975676705
ZNF326,0.8708329817114944,2.3841274113675897,0.0259050442221927,0.2214290975676705
GJA1,1.1665099631288198,2.3210710165920285,0.025922491557689168,0.2214290975676705
EPDR1,0.4776740630176386,2.32487318128081,0.0259603412575411,0.22149227254065018
ENSG00000271254,0.9342158760760075,2.3052731702256954,0.025967412553685714,0.22149227254065018
TMEM220-AS1,-0.9657554131486596,-2.307547686938018,0.02601886171478183,0.22165858868835694
KMT5A,1.0932916591701582,2.3667675585377848,0.02602752473755,0.22165858868835694
C1orf43,-0.29525417542480437,-2.3116985263945,0.026054145823139425,0.22165858868835694
MORC3,-0.7860039548036966,-2.3282354345980716,0.026062017882205798,0.22165858868835694
RPRD1A,0.8574077310222199,2.3667490061837384,0.026127773038198444,0.22205785508706452
MRPL53,1.0417300310378106,2.30998282105508,0.0261899600573314,0.22242624350848716
TRIP6,0.3783553491157905,2.3095691321423284,0.02621766522860989,0.22244379290119848
STOML1,1.0923359686638539,2.333027620407283,0.026229712809696593,0.22244379290119848
ZNF813,-0.8914095594124661,-2.317590025086853,0.02626402370015817,0.22257487421419037
LARP6,-0.5350330309818991,-2.3154122249960736,0.02642437424469078,0.22368964743463243
SLC35D2,-1.1674877924183402,-2.2985619324252036,0.026433465325820603,0.22368964743463243
SLIT3,0.5276296738861772,2.3032764579473866,0.02645338376783598,0.22369784769291098
HIPK1,0.9434191288844689,2.3320325944315123,0.02648913281714453,0.2238398088091562
LINC02289,-1.099636174416103,-2.3113742954408703,0.026526256336730943,0.22387636944875136
CPXM1,1.4136561527456886,2.3113270500913017,0.02654946883135726,0.22387636944875136
TSC22D4,-0.7633430254619995,-2.3084542032008177,0.02655035300535806,0.22387636944875136
CD40,-0.45852699246841144,-2.2923236503813467,0.026728940656105225,0.22522137362264255
ENAH,0.6543685097595251,2.2927561976370745,0.026748573711622578,0.22522604327083062
EPHB2,1.1014051052284692,2.3073881339847486,0.026826349611034337,0.22553496520274985
SPDL1,-0.8760733350927372,-2.296303520426055,0.026833162376382207,0.22553496520274985
CXCL16,0.913786101864476,2.3340649703306418,0.026860805213516473,0.22553496520274985
TRPC4,1.0131750300408284,2.2955538827010016,0.02687186484481651,0.22553496520274985
FGFR1,0.3562615776596987,2.2982146730456297,0.026880787466350618,0.22553496520274985
TIMELESS,-0.8978223552373297,-2.3035333904480906,0.026952711946687764,0.2258671510109038
CAST,-0.2307763896757704,-2.301266951014983,0.02695864597834506,0.2258671510109038
SV2A,1.0366153562425888,2.2932618153956,0.02712016932116793,0.22672451623704473
TMSB15A,0.9383967193728905,2.288191177170288,0.027128201451204217,0.22672451623704473
TNFRSF12A,1.0599010701400857,2.299401553013336,0.027131804374818543,0.22672451623704473
BMP4,1.1192630880334202,2.2890060297769637,0.027137801054040168,0.22672451623704473
RGN,1.0978172146961622,2.3261442084238113,0.027159580208333,0.2267460002541521
DNAJC27-AS1,-0.9722117899985274,-2.287493334158539,0.027190288890418662,0.22684195077836913
RAMP1,1.5948864735455222,2.30052663026737,0.02727889353239328,0.2272956131343671
BMAL1,-1.3469683622204842,-2.283679469247425,0.027283175248741905,0.2272956131343671
MRPS30,-0.41246127770055363,-2.28420289552413,0.027357315877696017,0.22775254861509273
MEX3B,0.9466947726626769,2.2875225134361066,0.02740465903198771,0.2279859054775299
SAYSD1,0.8101332673435051,2.3420757985963094,0.02745619228174069,0.22825376752531606
SMG1,0.3922643458359625,2.2827911977324775,0.02747833553179511,0.2282770942666019
GNA11,0.8594148448088639,2.3390316688436927,0.02751020582359949,0.22838113906300422
ARL8A,-0.9545488662710664,-2.2889486241156973,0.027588722545356416,0.22887200959095746
AP1M1,-0.62391261185505,-2.2907782319894094,0.02767684807759204,0.22944184800279077
ETFB,-0.3845168707580573,-2.2924235273693405,0.027722695991649077,0.22953987722900748
ENSG00000267058,-0.9758658502771276,-2.2827079891499324,0.0277275616203782,0.22953987722900748
MOB3A,-0.7294024368829155,-2.2783542797048946,0.027788582669453703,0.229812985863627
C4orf46,0.9627700848680554,2.291012407524652,0.027799486981216377,0.229812985863627
PCOLCE,0.5088311758455131,2.2860020128668186,0.027820276394848683,0.22982390681678705
TTC38,-1.1067345648173275,-2.2746884531982485,0.02786425781908678,0.22988082059828568
RRAD,-1.4197429156675412,-2.279417565848964,0.027866112179258516,0.22988082059828568
PID1,-0.7839650029384666,-2.3142131886535906,0.02790182256220522,0.22989779310783312
MTMR6,0.9884253694597938,2.3358689441169593,0.02790711880758364,0.22989779310783312
ALPK1,0.9560476670345928,2.296273023275353,0.027939661430198718,0.23000537181554803
MAP3K13,0.7544812993799015,2.320316012304622,0.028091681986464768,0.2310956835193147
HNRNPUL2,0.7757985146520818,2.311483004825977,0.028131318019788278,0.23126059138133745
PPARGC1B,0.7986645861702707,2.269315386455426,0.028212976469983282,0.2317704851970443
FCHO2,-0.9822731189771305,-2.2689677484692417,0.028259005668528306,0.23198717796729948
LINC02884,-1.1090310075767698,-2.2770780862899413,0.028328381381389454,0.23239509534906358
GTF2I,0.7368195914735969,2.3324226780781574,0.028368807207908235,0.2325651174231644
GCNT1,1.068411534540663,2.2685878797672734,0.02840863402309277,0.23261683768720268
DUSP2,1.2090754250242388,2.2662454439559063,0.028419007538680714,0.23261683768720268
ROM1,-0.9369678910110988,-2.267518843300173,0.028434230985398854,0.23261683768720268
CCNG1,-0.6417200782203283,-2.28457009451347,0.028488333994281755,0.23289804903219952
NADSYN1,-0.694249144651383,-2.272300652260318,0.028544791587727405,0.23319810705406369
CDKN2A,1.3159898915317263,2.263187108928039,0.02861062529986522,0.23357429575719843
ENSG00000234961,-1.6943954243490298,-2.264530985814689,0.02865737607660962,0.2336921668067318
BTC,1.0942262288220097,2.263338903709036,0.028664655445671126,0.2336921668067318
BRAP,-0.8669049397317252,-2.262640860340909,0.028820987591068794,0.23480452623365572
PSMB5,-0.2407453277008118,-2.265665662394944,0.028870763954575777,0.2350305169513044
ZNF254,1.0538919745335562,2.2652966987901015,0.028890748435960414,0.2350305169513044
INPP5E,-0.8563332107075399,-2.261683842926832,0.02892077808534665,0.2350305169513044
ADH1C,1.1903823890657572,2.2592021591233356,0.02892836434817834,0.2350305169513044
SCAMP3,-0.39997076197397075,-2.258079788971941,0.02896770968803871,0.23518831696512857
SH3BGRL3,-0.4531847280674448,-2.2574606841493288,0.029065629401914504,0.23582113751862593
SUSD6,0.9582009970351337,2.2609114525508054,0.029100554322276522,0.23594233775719392
SUDS3,0.8507588040200043,2.312606253798025,0.02913798673581578,0.2360836880002095
INKA1,-0.9663163125993202,-2.254733484029165,0.029200038763162052,0.23642418216675448
CH25H,1.3450207232743674,2.3022642604284598,0.029221339382657082,0.2364344834902446
IGFBP7,-0.46303597271092123,-2.2523410385087685,0.02934037384332213,0.23723500905508066
RAB7B,0.9973750958892631,2.266916253787873,0.029461560428056446,0.23794202821057944
OSBPL9,-0.5021639095913502,-2.2609093259135644,0.02948225621393479,0.23794202821057944
PPDPF,0.34587079751217154,2.250208723979722,0.029505727653154228,0.23794202821057944
ALDH3B1,-0.9512158077543584,-2.2483680413859752,0.02961734669495576,0.23794202821057944
CTTN,-0.36439792954274886,-2.2483081725039833,0.029618258012751045,0.23794202821057944
HSPB2,-1.1521560207451675,-2.2484306167363384,0.02962087242435951,0.23794202821057944
CS,-0.5866323893831051,-2.2603671580803764,0.02962686606793899,0.23794202821057944
WDR82,0.6377416484167471,2.2893007584894387,0.02964779766509419,0.23794202821057944
IGFBP2,0.8677729535749599,2.2658345014972454,0.029669427022933122,0.23794202821057944
HMGN3-AS1,0.8586877567973498,2.2483287636673275,0.029669897681242393,0.23794202821057944
ARMH4,0.9420016343463979,2.258905461233071,0.029670481363670467,0.23794202821057944
GPRASP1,0.9065714898946289,2.2628640917089258,0.029675851873097025,0.23794202821057944
SLC25A53,0.864613789121992,2.260013364319128,0.02970608737582415,0.23794202821057944
DPY30,-0.29879954893100624,-2.255412119363159,0.029717905648850317,0.23794202821057944
ALG8,-0.7050803288618592,-2.2705968886701897,0.029737388608946935,0.23794202821057944
MYL5,0.9647321756548226,2.255892319503857,0.02975031204056038,0.23794202821057944
GCHFR,-1.0326077723327818,-2.248600513865598,0.029836348099351408,0.238458085087722
TSFM,-0.46764307811798655,-2.2465996734406235,0.02985523504952589,0.238458085087722
PPP6C,-0.26483686479057145,-2.253053881049291,0.029891434505198697,0.23858579062465896
EFCAB11,0.977765505182083,2.2526319369150674,0.029946990458316364,0.23886771781109775
CD63,0.24033480656687622,2.245598071911903,0.030093972622596953,0.23979994312747854
ELK3,0.9801862099391299,2.2651408830811914,0.030104490954250166,0.23979994312747854
ATP6V0E1,-0.24670420920809022,-2.2424901878560393,0.03015097421058783,0.2400082606581182
HAAO,0.9421269311756748,2.29549615581715,0.030203436746361844,0.24015616283020375
DHX40,-0.8021817118408814,-2.2507172007969327,0.030210241575845197,0.24015616283020375
S100A8,-1.5149780328580147,-2.2551843119547756,0.03025502695713735,0.24035033191723176
IHO1,0.8991533862741662,2.2389996493341235,0.03030006400446984,0.24047506632427182
PDZRN3,0.9335744258770493,2.2456629466810343,0.030311469605295766,0.24047506632427182
AP2A1,-0.45027678558464324,-2.23794869439869,0.03035506379842097,0.24065918612515755
ENSG00000278740,0.8965416821779246,2.239699078763025,0.030415995796012125,0.2409804230684048
STXBP6,-1.4943817464533455,-2.2410315465641792,0.03048086763893743,0.24124096613475302
ARHGAP29,-0.49001020202781564,-2.2369725882613505,0.030507890323514777,0.24124096613475302
OSBPL10,1.025941293728457,2.240475885176892,0.030510187415432977,0.24124096613475302
GREM2,1.1210221666458269,2.2582066922307025,0.030540882523875622,0.2413220335972903
CDK17,0.7371372513663763,2.2552974137137825,0.030669481374658605,0.24217607199186944
MPRIP,0.7779278045871312,2.2697432361554575,0.0307500792405489,0.24223466641571587
MRPS21,-0.25121623361200385,-2.2325070837793444,0.030752344422797354,0.24223466641571587
SUMF2,-0.33591158034715907,-2.2318732675298367,0.03077134654163035,0.24223466641571587
CRIP2,0.5666904778023829,2.239835500713404,0.030802995059349268,0.24223466641571587
SLC25A46,0.6522327740845437,2.2813799378843496,0.03080571660838641,0.24223466641571587
TPBG,0.4331851727990559,2.231249125275843,0.030808496201449015,0.24223466641571587
CDC42EP5,1.0451822126644998,2.263032198543189,0.03082480124107927,0.24223466641571587
ZNF862,-0.9355407190853997,-2.235413120378934,0.030859279336323802,0.24223466641571587
WNT2B,1.0716855633222133,2.267468581118018,0.030861578847034023,0.24223466641571587
RGS3,1.3792097956833622,2.244504117679598,0.03088796583494923,0.2422806888249672
STAU2,1.0567230564021082,2.2435501783658562,0.030957258832558412,0.24266297511178758
THBS3,0.8802412697507886,2.2299798648683207,0.03098603410901783,0.24272736075444953
RFTN2,1.0894256879319792,2.2555564584423116,0.031119779705027825,0.24361339483942537
APOL6,0.8700902004057793,2.257295221599319,0.03124937611772368,0.24446579527483636
HSF1,-0.2916048313967945,-2.2228855790593927,0.03140850060994937,0.2452265701502577
GPATCH2L,0.6585711942370214,2.251103288076716,0.031426354517392334,0.2452265701502577
TMED10,-0.3227418085852616,-2.226239540221388,0.031426950045874896,0.2452265701502577
MRPL32,0.28643810656743707,2.223840874936578,0.03143998868022291,0.2452265701502577
ANKH,0.748723938029153,2.2485583398299656,0.03146730880436858,0.2452265701502577
CNN2,0.6445373893447126,2.228082508812587,0.031486496891979965,0.2452265701502577
NFKB2,0.9612273514887639,2.2375335382126282,0.031492035607606154,0.2452265701502577
BAZ2B,0.6952005909220835,2.2517188239505495,0.031527414250344186,0.24526986035141202
CORO1B,-0.3713390118388329,-2.2216906137240167,0.031539148497538624,0.24526986035141202
INPP1,0.36483727104310315,2.221816035639779,0.03174465317642915,0.2466559243985053
CCDC69,-1.0899556008986484,-2.226698469361325,0.0317591702740981,0.2466559243985053
USP18,1.0222357919967524,2.226667125664737,0.031856125448331364,0.24724625964336078
ATF5,-0.8820818759517275,-2.223792826638522,0.032022047533731515,0.2483396427388462
KIF5B,1.0825981622312426,2.27250384053481,0.03203907462018321,0.2483396427388462
RPL8,-0.22519452740114332,-2.213154036090766,0.032123805283636425,0.24883301927383727
LHFPL6,-0.3503604370465556,-2.2212463109519316,0.03220383216759735,0.2492893368776962
NTRK2,1.2328847062773978,2.2140387807461193,0.03236004179899718,0.25029532532656884
DAAM2,1.0975388079157096,2.2334823367765546,0.03237619328874804,0.25029532532656884
CCDC102B,0.8911343969466232,2.2447944281089254,0.03240814972202891,0.2503784080291566
MINDY1,-0.9809618622331233,-2.2083706593123,0.03247583726882001,0.2507372524253893
FAM66C,0.9978018053560336,2.208029617302262,0.03250148977746334,0.25077129857709457
ZCRB1,0.3442831474258199,2.216909954082102,0.03262842031102939,0.25158621931528535
CFAP36,-0.5927849256826612,-2.244052207803134,0.03266887969533673,0.251733762926534
PA2G4,-0.2981238109658655,-2.205525834285159,0.03273196388837191,0.2520553383576193
ICOSLG,0.8278630804209026,2.2057717229824947,0.032808661032023505,0.25242821498453444
TRMT11,-0.3743401486879927,-2.204856076638358,0.03284415667740565,0.25242821498453444
GHITM,-0.3244780171196675,-2.215476210329493,0.03284453521526852,0.25242821498453444
STAU1,0.25843632697128616,2.223639556178683,0.03291448418913925,0.25249620841479736
ABI2,0.7187740147364607,2.2477295495595735,0.03291698915330665,0.25249620841479736
ORMDL2,-0.40211295257561464,-2.2040702925477262,0.032954365496041894,0.25249620841479736
CMTM4,0.7862760114196896,2.2019618899416655,0.032959939274939905,0.25249620841479736
RPL29,-0.24422980917087145,-2.2027074358745433,0.03296881584961069,0.25249620841479736
TNFRSF11B,1.1784674337657608,2.2099480767161284,0.032981715660789286,0.25249620841479736
MYL6B,0.7406550402264562,2.2556018404359004,0.03309002487316975,0.25316120779505435
BAMBI,-0.9773414830159899,-2.1989907721414403,0.033218985766072205,0.2538520094600317
ALKAL2,-1.3484461881699987,-2.2018864574015864,0.03322332525334596,0.2538520094600317
ATP8A2,0.7992076573412571,2.198036251261992,0.03328724368759823,0.2541758808098946
NADK,-0.8880234247023373,-2.197146291648324,0.033340488905340346,0.2544178872188383
SLF2,0.9249073636695675,2.2249297065559266,0.0334407166456216,0.2549784753012872
PTBP3,0.8033147537888237,2.2364152669684394,0.03345715021107106,0.2549784753012872
PSMA6,-0.37427704779420257,-2.1928947842280895,0.03364622542625321,0.2561920863021888
MT1A,1.149204802365884,2.193073761249372,0.03365979888646293,0.2561920863021888
SLC25A25,0.627968931850134,2.2035664266834414,0.033738799865905035,0.2566279203717841
UAP1,-1.0448425501249794,-2.1936477836955506,0.03386461170173419,0.25738403451615044
PPIP5K1,0.8817952814441103,2.193130803576312,0.033889049823653684,0.25738403451615044
DNM1L,-0.3613223131868759,-2.191323454254158,0.03390361488120406,0.25738403451615044
SPSB3,-0.4865453136805664,-2.200605422936906,0.03394186439287323,0.2575088105127689
GALM,0.7625695542908701,2.1916788254331,0.0340108924802859,0.2578667859536128
HNRNPA0,0.3899989585350969,2.2086668975714403,0.0340747373248011,0.25818502831789286
FAM13C,1.0122895262160707,2.2170374536959185,0.034121124966385155,0.25837067365502037
WDFY2,-0.9042245669455196,-2.1858262985273726,0.03421449805284504,0.2589116343037408
MRPS22,-0.6796010448951719,-2.2131218383365283,0.03432461784608964,0.25957854815700715
S1PR3,0.9915829218563506,2.1906333615170857,0.034350390635911957,0.2596071456190401
CD200,0.9237813255781719,2.22079916750838,0.03442987485175405,0.2599214905651714
RPS13,-0.23241307164277636,-2.183662862347757,0.03443844963789457,0.2599214905651714
DUSP22,-0.31183127159881074,-2.1832147110123086,0.03447910278919454,0.2599214905651714
NR1H2,-0.5958531591720959,-2.2061644429974727,0.0344800554193188,0.2599214905651714
ASCC1,-0.7105351229238135,-2.1956143948538442,0.034597367851031464,0.26050343140610116
SYTL2,0.9284017399585931,2.2175046238024723,0.034601387585325424,0.26050343140610116
SHKBP1,-0.5445008879282032,-2.1928979716908144,0.03466838599741838,0.2608414892922396
GTF2H2C,-0.7841464911452158,-2.1794760639469275,0.03469829278468153,0.2608661679048309
RPL11,-0.23723718740637878,-2.182158265269314,0.0347247803136177,0.2608661679048309
Y_RNA,1.0151368134857564,2.1798096828926283,0.03475547960715184,0.2608661679048309
AIFM2,-0.848068988525204,-2.1807331882221224,0.03476005778181271,0.2608661679048309
ELK1,0.8260255695000849,2.191531759392799,0.03481796103639838,0.26103577526304755
ANXA11,-0.4208789241944979,-2.211379122898778,0.03482688234132147,0.26103577526304755
SCG5,1.191570764538596,2.1781754663562403,0.03486608542368756,0.26108544473425843
KLF15,-1.3836258840746634,-2.191272543522229,0.034877742172462985,0.26108544473425843
RTL8C,0.24721932577815142,2.1866119507348416,0.03491388477615981,0.26119037375321075
CCL19,1.9113976638549506,2.176450265215252,0.034996816078917484,0.26164497391489605
MED14,0.9656846359709417,2.2017741990815267,0.035055998205041405,0.26192155620918595
CARD16,0.918465647197134,2.196531583363077,0.035142703910930405,0.2624033014981236
USP19,-0.6685870648273284,-2.1958096397189237,0.035334299126578685,0.2635641171935239
FEZ1,0.34440412920540986,2.1713198687502278,0.035342820628322606,0.2635641171935239
NAA38,-0.35805421194494347,-2.171712629335021,0.03541789115412573,0.2639572001732666
SLC43A1,-0.877879129601999,-2.1700062646153238,0.03549727108538377,0.26417372729333244
TARS2,-0.8479663501288228,-2.1702350181154815,0.03551258355584885,0.26417372729333244
ZNF70,0.8042643643578673,2.169941576187493,0.03552744612374779,0.26417372729333244
BID,0.8898519400619507,2.1773415953476625,0.03555022185852329,0.26417372729333244
CDKN1A,0.5814695154964671,2.1689494239079687,0.03558027157672598,0.26417372729333244
SMPD2,-0.882346200957894,-2.1685329617363904,0.03560350552206022,0.26417372729333244
ALKBH4,-0.8008678214683638,-2.1866471622759724,0.035603591708910795,0.26417372729333244
NBPF26,1.1986943680857776,2.176040744450529,0.03574865709435372,0.2650834780143503
ENSG00000275532,-1.0025792277864423,-2.179231900147309,0.03582065999109647,0.2653918098467296
ZNF274,1.0181137890777947,2.176421084589734,0.035835200753552475,0.2653918098467296
HCCS,-0.8691614259425582,-2.1644612179241056,0.03589760836402536,0.26562196287329615
SLFN13,0.8652921272911431,2.1645346668264267,0.035911279351612084,0.26562196287329615
TNPO2,0.8677425828877121,2.1784449292894386,0.035951782959137875,0.26568491021143825
TMEM132C,1.174286508757423,2.1653707150910155,0.035964801907486514,0.26568491021143825
YME1L1,0.3031098988779837,2.1776098935303247,0.036064391874435046,0.2660100420335472
ABHD4,-1.0854573283352797,-2.1629710942406497,0.03609300046791999,0.2660100420335472
CSTF3,0.8771303295413015,2.1926593484882506,0.036095467346143766,0.2660100420335472
ERO1A,-0.7430343547499625,-2.1642429549695223,0.036098948525009965,0.2660100420335472
DDOST,-0.37056430985987454,-2.164117375448084,0.03618195867060805,0.2663120278160318
ARHGDIA,-0.273364629742586,-2.1640179849685253,0.03618504808275434,0.2663120278160318
SETD6,-0.8125307047240393,-2.159701904253434,0.03629462317842299,0.2669520415085878
NUDT16,-0.5810325075394296,-2.168326749155365,0.03645627767550279,0.2679305915993252
UACA,0.3846707147114037,2.1574564838194408,0.03647305893266545,0.2679305915993252
MAT2B,-0.628995416115381,-2.174491215872858,0.03652899361138311,0.2681051244014345
C1RL-AS1,0.9212056724449686,2.1793907078604704,0.03654224016619299,0.2681051244014345
SYNDIG1,0.9274702611122783,2.1571594074261733,0.03661658474285385,0.26848371608036625
NFYA,0.9220824815414805,2.1551535746248334,0.036664761512551665,0.2686700866888097
SVIL,0.5251279890666378,2.170771391930561,0.036713704429268385,0.2688053582591199
GTF2H3,-0.5625262353775513,-2.157334880749598,0.0367511245611126,0.2688053582591199
RPIA,0.8158709121570147,2.1875433183760244,0.03675189272316346,0.2688053582591199
NBEA,0.93214119445193,2.154940796682771,0.036774303565309495,0.2688053582591199
SPTLC2,0.9610426737876971,2.1796405149574913,0.03689751457857225,0.2694914710437957
ZNF200,0.8371485817771867,2.152574833694344,0.03693407432670641,0.2694914710437957
RABGGTB,-0.6528077714891012,-2.1650811793917035,0.03694090208678197,0.2694914710437957
C1D,-0.2951128209381606,-2.1583082557524262,0.036959482559924206,0.2694914710437957
ICAM1,0.790943032097867,2.173587629580156,0.037000560906606174,0.26962445771758387
PDE1C,0.7918909564856211,2.1502547403208774,0.03707130287328267,0.269938846880472
PRPF31,-0.3810253390554257,-2.171401683819845,0.037089437495986914,0.269938846880472
CHD2,0.42056684652801746,2.151080404408705,0.037114585698797574,0.2699554431141746
SLX9,-0.601340676869853,-2.151936876392085,0.03743652170857201,0.27192537696227914
ABI3BP,-0.47923630078085466,-2.158750132061891,0.03744048457156821,0.27192537696227914
SNRPC,-0.37799416256454865,-2.153835557018137,0.037454524603190674,0.27192537696227914
NDOR1,0.8505042393889288,2.1453631559865527,0.03750924395005585,0.27200584446383114
WAC-AS1,0.8638606682936194,2.1854083534794637,0.03751169121449531,0.27200584446383114
SMG5,-0.5108092503592907,-2.1516575837816716,0.03757460602597398,0.27210625345001754
TACO1,-0.6559216663554448,-2.1534647248803234,0.03758246600101227,0.27210625345001754
RNASEK,-0.8069817010345162,-2.157898134382745,0.03759468863845647,0.27210625345001754
GUK1,0.23902087335882882,2.1495909917344695,0.0376638012761695,0.2724394448928805
TET2,1.029308771391054,2.1626876259910794,0.03778596566326669,0.27315574075619303
GBE1,-0.6010944123445521,-2.152251884814863,0.03783933565728333,0.2732778218767134
CCND2,0.7262838728933803,2.177389430065909,0.037861590726043996,0.2732778218767134
PRMT9,0.8368660498706295,2.1408231121527295,0.0378723012782976,0.2732778218767134
ENSG00000272234,-1.2277990582652947,-2.146553484146269,0.03799180471101572,0.27380138376911356
FAM107B,0.8927344213357333,2.184741106239301,0.03804786880746671,0.27380138376911356
MSRB3,0.5924843519141652,2.150873262281446,0.038047887008998096,0.27380138376911356
ANKRD11,0.39663908508972856,2.1638087985216767,0.03811832646777114,0.27380138376911356
SEH1L,0.7192155925584576,2.1735376365448618,0.038120170936994296,0.27380138376911356
TFPI2,1.5151134168137674,2.137798135111266,0.03813265316404174,0.27380138376911356
HNRNPA3,0.40861537861627273,2.165455105466806,0.03814672244395152,0.27380138376911356
C1orf53,0.7712960841909784,2.137532210920033,0.038151294592934065,0.27380138376911356
A4GALT,-0.3793645589236023,-2.139038893704118,0.03816432471697831,0.27380138376911356
RIPOR3,-1.046121149416002,-2.1417825332716465,0.03817679607657441,0.27380138376911356
NHERF2,0.7386066275088972,2.1465768875785876,0.038222165356892025,0.2739603291063208
PCDHA10,0.9010502166793042,2.1363609842705578,0.038293500081116746,0.2743050779475626
VPS51,-0.3689794038277121,-2.1355686548790858,0.038459021241382715,0.2750107203950563
MCOLN3,0.9130432584835022,2.1350827587323087,0.03846659816694737,0.2750107203950563
BET1L,-0.537325170420142,-2.151185533083551,0.03846804900322547,0.2750107203950563
MAST4,0.9947985804933879,2.150276056851037,0.03848519356989691,0.2750107203950563
RAB23,0.698536915578706,2.1402525949443234,0.03853345670827711,0.2751890238603819
B3GLCT,0.9772185820565689,2.158456060353788,0.038656416827817605,0.27584727925312214
IER5L,-0.7323611907631538,-2.136500116834065,0.03867236316509252,0.27584727925312214
PTTG1IP,-0.34362720151880044,-2.1482048219503076,0.03871334116605598,0.27597282153701136
MYD88,-0.7824983093480786,-2.152405542730674,0.03879135921736052,0.276296674068693
DUSP15,0.908330206213926,2.1302200752656257,0.0388055811610244,0.276296674068693
DHCR7,-1.0956182120552596,-2.136616537639993,0.03884346062563943,0.27639967009383576
RHOA,-0.2934458960450339,-2.132679353439646,0.038872263643014056,0.27643799536492825
MBNL1-AS1,1.0171762264596804,2.1301796562521185,0.038941836477843515,0.27676603228232555
UQCR10,0.20507788798764803,2.131345225467539,0.0389747910624484,0.2768335791168492
TCP11L1,-0.926768855607409,-2.126874887351944,0.03907496916073833,0.27730112018336195
CD82,1.0025363117866988,2.154032837648972,0.039095512512517146,0.27730112018336195
MCCC1,-0.7486367479308029,-2.132893153859055,0.03911108556588713,0.27730112018336195
STMN3,0.49507993126774696,2.1263424423198716,0.03916383834954537,0.2774637589400479
NDRG2,-0.7639230724031085,-2.157812365995595,0.03918103228742565,0.2774637589400479
F3,-1.1463734790200064,-2.1310647296751597,0.0392423522734475,0.2777313960359999
C8orf82,-0.9461221822654609,-2.1246420460682023,0.039304376481347957,0.2778197411337072
CAMK2D,0.49031080317858233,2.125378179130479,0.03931773040459835,0.2778197411337072
RIMOC1,-0.5516450700313547,-2.1496282748205173,0.03934260960526805,0.2778197411337072
TNS2,-0.7621179154203652,-2.1259490752749826,0.039348971382935916,0.2778197411337072
SLC41A3,-0.6208015800748656,-2.1280291566857406,0.03939663510459822,0.27783105044702744
DUS2,0.8866567574229416,2.1233613862158123,0.0393976432400105,0.27783105044702744
CCDC102A,1.0735121892135826,2.1300411840108047,0.03951501622834158,0.2783819692027899
NIT2,-0.4132773635492635,-2.145100564667083,0.039530279590043814,0.2783819692027899
FSTL1,-0.477082520145105,-2.1230208267462487,0.03954651099983724,0.2783819692027899
ENSG00000230074,-1.007230373136072,-2.1253941508048793,0.039620122515751637,0.2785578865271017
CASTOR1,-0.8747267972556325,-2.12078402066333,0.03962251945584033,0.2785578865271017
RFESD,-0.8185649654781734,-2.1291523491063216,0.03964237668168987,0.2785578865271017
PMPCB,-0.3058843701506646,-2.120461281208921,0.0396658879501955,0.2785578865271017
ALDH1A2,-0.8600191903840675,-2.1196985897638703,0.03972172329572589,0.2787841519060904
LCAT,0.9345979821256045,2.122455887792454,0.03975093593850563,0.27882340983604215
MTSS1,-1.0001016353375758,-2.1252669678377645,0.039793326234242865,0.27888471366278866
BMP7,1.1674166969528113,2.1337753443567404,0.03982149442853195,0.27888471366278866
FBXO28,0.9874269990901978,2.1338673049142987,0.0398305486857655,0.27888471366278866
TIMM23B,0.979092158460221,2.1368246309752363,0.03992608082651457,0.2793878981369321
MAP3K7CL,1.5132150061116283,2.1319964929963424,0.03997770554441666,0.27939076211106845
TNFAIP3,0.9286525193930846,2.1251732919334065,0.03999374707726151,0.27939076211106845
ZNF350,-0.7767640264411266,-2.124354491699163,0.03999749156863242,0.27939076211106845
IGFBP5,0.586609414221293,2.118286055269425,0.04003089263889701,0.2794587153176696
SULF2,1.0028620714855907,2.169171234620287,0.04006297839066823,0.27951741128950264
MRPL37,-0.584240996718683,-2.125888708219188,0.040113172688978384,0.2796065617913956
NCAPD2,0.9128419764112232,2.133301281428522,0.040128655715538135,0.2796065617913956
MANBA,-0.5340263720058926,-2.119813117962501,0.0401468125570873,0.2796065617913956
MOB1B,0.9975266476891789,2.1279741501558784,0.04020425456473211,0.2798415242551076
MT-ATP6,0.4714956684856535,2.129577156357248,0.04028853404305874,0.2802629018139708
WDR81,0.9323155031675849,2.1402566383286152,0.0403358277312792,0.28042664685968843
PEX2,0.6045263912082985,2.157036390749067,0.04041730862451308,0.2806684025515731
TSPAN6,0.4302216030528676,2.120116032592983,0.04041815199810879,0.2806684025515731
THUMPD2,0.9129815385527191,2.172275133494517,0.040490050001669824,0.28067524735758664
TLE1,0.6613223439128824,2.153357539972546,0.040499081823256775,0.28067524735758664
DYNC1LI2,0.7332997852134984,2.140852359939464,0.040503813740524405,0.28067524735758664
PSMB4,-0.29935539468989614,-2.115198208465473,0.040514241549964226,0.28067524735758664
CARMIL1,-0.610042859761859,-2.113418070625883,0.040594394722558096,0.2808940927044436
SULT1A1,-0.6649960877717733,-2.119885268926307,0.04060146982521102,0.2808940927044436
ME2,0.8704868478661907,2.1245003669508993,0.040617214421557406,0.2808940927044436
UBE2V2,0.24489077876660836,2.111454812635795,0.04072052697144513,0.2814436890502985
APP,0.30337540566132226,2.12356746723355,0.04078816651700377,0.2817462292178054
TSPAN2,1.3658996098410485,2.1138118560557535,0.040909761591072465,0.2824208980015266
MYO1D,0.9912123144425635,2.142283267460808,0.04104328220641787,0.28298268842092755
MTERF2,0.7755405040864325,2.1163690802376354,0.041071337944605,0.28298268842092755
UCP2,-0.9751924654962911,-2.104599870489905,0.04108264120471796,0.28298268842092755
MCM9,0.942676283011701,2.1071222369119154,0.04108705269418435,0.28298268842092755
ANGPTL5,-1.2863874206336527,-2.1074110908642623,0.04111099624243039,0.28298268842092755
SNAP23,-0.5689621112122252,-2.1321621791958725,0.04117042203713475,0.2832265921610581
ZNF69,0.8359981737684841,2.1035680597720745,0.04127441988137259,0.2837766608617376
CHI3L1,1.42321242388762,2.1006939911853744,0.04143516511164798,0.2846083166025721
AGTPBP1,-1.0033028078198445,-2.1022544462932298,0.041464283166169506,0.2846083166025721
EIF4EBP2,-0.7469717420580047,-2.112293567037951,0.04151306075662614,0.2846083166025721
FBXO31,-0.881932908623924,-2.0997816345655047,0.041525004762651044,0.2846083166025721
ZNF189,0.9155276112277435,2.105624221665865,0.04154849344342347,0.2846083166025721
MAP4K5,0.33555392704533205,2.100014049430128,0.041552969230125754,0.2846083166025721
PLEKHA3,0.642212807749881,2.1333291992438497,0.04156414551654674,0.2846083166025721
TEPSIN,-0.8578775666783185,-2.0996742292608808,0.04160163052664699,0.28469985412583637
TRMT2B,0.9166085573683873,2.10337735932993,0.04162683660250816,0.2847073036457757
NOCT,0.9733518310705855,2.0983210997467387,0.04170226393902249,0.28494945215021644
RPS28,-0.31294048902912586,-2.1021641139451535,0.04173215561731467,0.28494945215021644
STIM2,0.7555034578769724,2.098751033717707,0.04174769062838202,0.28494945215021644
ZNF451,0.6569098919879952,2.114570379756382,0.041758793072416305,0.28494945215021644
PXMP2,-0.44495090624393896,-2.096999845891157,0.042129331683666546,0.2868813122302517
TTC28,0.7876377394870984,2.1331103382159715,0.042149646646562636,0.2868813122302517
RFX2,1.0971254827897727,2.1072829792223096,0.04217082907594153,0.2868813122302517
VAMP3,-0.2939945777674584,-2.0998155014989406,0.042188541961933425,0.2868813122302517
PGM2L1,1.0064933467288628,2.0929877965466366,0.042190571194895284,0.2868813122302517
CSAD,0.9629622567940279,2.094871808933646,0.04221094927802448,0.2868813122302517
BTN2A1,-0.6732970976492085,-2.0942162548645378,0.042212015192202225,0.2868813122302517
IMPDH2,-0.3827039973536337,-2.095256789202844,0.0422605900610789,0.2870461827796527
PRPF6,-0.3558830120625416,-2.0976280519833836,0.042528636590831566,0.28870072165311483
OLA1,-0.35646611226619296,-2.0948463886570834,0.04257025929123402,0.28881719019138946
RNF141,-0.6635304686793795,-2.0924028262981835,0.04268604831827456,0.2894225311391986
ERCC6L2,0.8687533444529745,2.1293829254408267,0.0427386336056749,0.2894225311391986
HMGN3,0.23240961705963858,2.087025314966237,0.04275609236465014,0.2894225311391986
NXPE3,0.8635241681912613,2.0890713877824396,0.04275755140252116,0.2894225311391986
EGR2,1.2237176163624772,2.0922461813396014,0.04282293028930412,0.28969896393423217
RAB8B,-0.4347205957552953,-2.090922311762458,0.04294716724408903,0.2900564777834786
METTL27,-1.0957428467070862,-2.0910041410672373,0.04294905681993421,0.2900564777834786
TOR1AIP1,-0.3218565963204032,-2.08455984137864,0.04294948946764257,0.2900564777834786
CENPL,0.7858640643058928,2.084103613896883,0.042991579165324825,0.2901177513459953
SEC63,0.32080610513902563,2.0886017043986884,0.04300771409195187,0.2901177513459953
SBF2-AS1,-0.8749734498822708,-2.0937618875776565,0.04304741582414165,0.2901866713357596
ARMC1,0.8821462639022108,2.138637648253217,0.04308631221154973,0.2901866713357596
HCLS1,-0.8889704554233209,-2.093013415670267,0.04309167597218014,0.2901866713357596
SYBU,-1.0366678427190252,-2.08300410174612,0.04322645221986023,0.2909283172494014
SEC11A,-0.2163015450208361,-2.0916189827351364,0.043318824834861484,0.29138389012851273
LUC7L,0.8368256059598496,2.1315686301980725,0.043403998263359306,0.2917905464117065
PTP4A3,1.3487790347243278,2.080545756499556,0.04344300766997861,0.29188657116909367
PSMB2,-0.23566966355682073,-2.078353740360118,0.043541577755001504,0.29238243765517224
NDUFB2,0.24433392468261772,2.0768973767056504,0.043683203445813064,0.29313364451501106
MT-CYB,0.3576250406834447,2.0782023496667428,0.043707582070603906,0.29313364451501106
TUT7,0.8770818157953242,2.093680405110319,0.043742162796041,0.29313364451501106
HEXIM2-AS1,-0.9326086436177223,-2.0844806680867,0.043752772692541256,0.29313364451501106
BCHE,-0.7689588725953627,-2.0755411822021643,0.043813333863378344,0.293372890673387
NPR3,-1.1089944982407243,-2.087703425542426,0.04388035379528189,0.29365508874903784
SDHD,-0.7759184889802313,-2.0884857276043105,0.04406177319110432,0.2947021147427686
CTNNA1,-0.2727166417447284,-2.073063683286272,0.044114339145918315,0.2948866215275004
SLC7A6OS,0.9221746254084109,2.085409885629606,0.04427111871837634,0.2956982205713072
STARD3,-0.5193146556869728,-2.07748696211695,0.04428584955273792,0.2956982205713072
RAB35-AS1,-0.8484002748281099,-2.0738812097739547,0.044343921070112216,0.29591859142604565
SH3YL1,0.879026463224843,2.0855120079529272,0.044386380896446156,0.2960345912330773
C17orf58,-0.935096430710848,-2.0751652263862326,0.044456314526806345,0.29615634673058766
ZBTB47-AS1,-0.9360224014487386,-2.075455141189312,0.04448287635979302,0.29615634673058766
GYG1,-0.38682753751576726,-2.068889279256699,0.04448385360989991,0.29615634673058766
NEK3,-0.6844773434053724,-2.0797162711429595,0.04450498594663808,0.29615634673058766
UBASH3B,0.9336127046048517,2.0683922230788165,0.04461139445636927,0.29633496588792757
TEAD3,0.8680931860275489,2.1112631900272993,0.04461419125246452,0.29633496588792757
SETD9,0.752028739977447,2.0766592840554328,0.044625440572489676,0.29633496588792757
DDAH1,0.9254600210582713,2.082224480453343,0.04463223797956249,0.29633496588792757
KCNMB4,0.9075960977706079,2.0667972683610083,0.04469311346317366,0.29637346463994796
EIF4H,-0.35582791349737963,-2.067323771034648,0.04470829686543221,0.29637346463994796
GBA1,-0.4192354968792653,-2.066113638931887,0.044737714328503105,0.29637346463994796
LINC01140,0.9429707603117672,2.07232873561448,0.04473845946534411,0.29637346463994796
DYRK4,0.42087191270954083,2.065898572711551,0.04478412541046934,0.29650959084160994
MEA1,0.26530880092531106,2.065703915897219,0.04483154825541423,0.2966571901093974
CHST12,-0.5629090964464876,-2.076780054658448,0.04487649046513016,0.2967882184542642
CHMP1B,0.47043380815189195,2.0642797034960774,0.04497197106819102,0.2972531458342637
SEMA4A,0.9648690450788184,2.063350087215472,0.04500989257376051,0.29733731495984483
LRCH1,1.0095868145943734,2.076123000144945,0.04503600025236566,0.29734339092795115
ZNF677,0.7242454297170853,2.103853213170448,0.04507155336473388,0.29741178729496
CYTH3,0.7798426037317991,2.0904659986750493,0.045142159008505205,0.29771127770692957
SAP30L,-0.9138222459960792,-2.062397537313199,0.04521024319515181,0.2979938140249956
PGAP1,1.037348213229933,2.071843493205758,0.04528016950021169,0.29826135963991823
PRRC2A,0.8464597499199531,2.091526884113297,0.04530136533963349,0.29826135963991823
LRP11,0.8530927884596049,2.073431510737689,0.04537268084838648,0.2985452028159526
TNFRSF10D,1.0777270558720022,2.060252532716969,0.04539505625198094,0.2985452028159526
DPH7,0.8473715567120657,2.109240669507403,0.04547543506143921,0.2989073000558407
FXN,0.8878785007417653,2.0643675236151666,0.04551599319671234,0.29900740105018875
NSD3,0.2865866384212561,2.055654412151648,0.04590931280483436,0.301423491468893
ABLIM3,0.9637002104306833,2.0578572733240317,0.04596650312332353,0.3016312225518812
MRGBP,-0.8867973372534381,-2.0533742558009083,0.046023427266171056,0.30183697715397184
PHACTR4,0.717878250007387,2.0896329825201345,0.046067620638094144,0.30195905698650827
RBM43,1.0493862356581136,2.0784119073468417,0.046267456818434194,0.3031006258277556
ZFYVE16,0.36209768886883253,2.0542558142255163,0.04631549561248642,0.30324606747527527
THAP2,1.0436903049788526,2.0638631484292813,0.046341033945395724,0.30324606747527527
WDR19,-0.9329844803510015,-2.0520127566922666,0.04646332996793117,0.30387790042738366
PUM3,-0.5197345670763553,-2.0555778628764,0.04653015339723548,0.3041464345815974
TUT4,0.29713111215807864,2.053831684519594,0.04656302428789576,0.30415088632647336
TIPRL,0.3296630228666162,2.0802492599166023,0.04660679442711485,0.30415088632647336
GLYCTK,-0.8294359469280113,-2.0505099700772824,0.046608128196915746,0.30415088632647336
ATG2A,-0.8428339624710062,-2.054324319379359,0.04666445182271927,0.3043501954514923
CD34,-0.9075190593621247,-2.0464211091497537,0.046747233603616926,0.3046609210134291
TWSG1,0.5047630431275749,2.0463730062951386,0.046763709349964724,0.3046609210134291
VPS37B,0.8288320669654947,2.0610492312446813,0.0468891085782193,0.3053093914869712
TNNC2,0.9238308817885901,2.0443017663189704,0.04698303021398936,0.3055840701964983
MEGF6,-0.9259423105191815,-2.0439093238199355,0.04698306543046543,0.3055840701964983
RPL30,-0.2526954929340288,-2.043963922414325,0.047013707789925044,0.305614989240124
CD59,-0.5051695352472549,-2.0434392881763253,0.04711509859947408,0.3061055250230003
ANKRD50,1.024437470985657,2.057550999731967,0.047234717804717684,0.30671388541512223
OXA1L,-0.3891300828767381,-2.042647890454322,0.04730709610693052,0.30697953464059363
DUSP11,-0.43136991236912525,-2.0457192382368223,0.047327636852679406,0.30697953464059363
EFCAB14,0.6800447025764473,2.078985686474683,0.0473643311293014,0.3070488352451417
RENBP,-0.9025817680744794,-2.046358283379291,0.047478319511119665,0.30761885940107997
GAPDH,-0.31445668471039134,-2.0627042815000167,0.04770717867552893,0.3087712910221223
FAR1,0.6237496334652937,2.063849528150347,0.0477084993497968,0.3087712910221223
EMC10,0.32068802258215445,2.042937061444667,0.047766449342739596,0.3088375184754125
SCO1,0.6941868339577497,2.0773732285552207,0.04781367962564059,0.3088375184754125
ADAT1,0.9205978427536463,2.043756936719628,0.04781483876726223,0.3088375184754125
KIF3A,0.68314422519025,2.0680969549665518,0.04782337854917867,0.3088375184754125
BTG3,0.37442255548419645,2.035206675796532,0.0478822139168102,0.3090064833105058
IVNS1ABP,0.8105764202413814,2.0413659343515613,0.04791793416394458,0.3090064833105058
TP53I3,0.42483482989000887,2.063575535538535,0.047928070388948425,0.3090064833105058
GNA12,-0.7541022831232902,-2.049151043005866,0.04798467677835028,0.3092025706159525
PNPLA8,0.3904403353229551,2.0430218989236564,0.04810180186765309,0.3097790269081903
SYNJ2BP-COX16,-0.9824451122969999,-2.036985153158566,0.0481266188352072,0.3097790269081903
ABCC6,0.8376473895580494,2.0329370849520014,0.04815759481799185,0.309809486008934
USP34,0.6608701373323838,2.0778068477180933,0.0482114583414994,0.30998707283300675
COPS8,-0.28002388417583823,-2.033964366979984,0.04826595333249398,0.31016852427332137
HSPA1A,1.024709791430361,2.0432927978897952,0.04831935492477114,0.3102444954633687
ELAC2,-0.6861379536080423,-2.0435560210860726,0.048330336904458704,0.3102444954633687
ANXA2R,-0.935661138335961,-2.0454910976261576,0.04843024448294894,0.3105561368450564
DCAKD,-0.5519575894621864,-2.0408359697796503,0.048456280537759626,0.3105561368450564
FAM234A,-0.7337041708492822,-2.052952289706666,0.04845780635905073,0.3105561368450564
SMAD4,-0.8165759680374038,-2.0293850890427163,0.048510779305642,0.31063538303591426
GTF2E2,-0.2961153534460559,-2.0362631237466537,0.04852324260057677,0.31063538303591426
ZNF589,-0.7830577573899327,-2.0340466329737925,0.04858779112956511,0.31063538303591426
MAGEF1,-0.59584345106353,-2.054673234894139,0.04862464049298278,0.31063538303591426
DACT1,0.8665538226703107,2.0479490788235624,0.04863760813545191,0.31063538303591426
DHTKD1,-0.9104360117502459,-2.031588917774501,0.0486404644664644,0.31063538303591426
ARHGAP33,0.8822715631652343,2.028871450362384,0.04865436876183019,0.31063538303591426
ZNF516,0.9434036541100648,2.0343497989646635,0.04872968132556966,0.3106955554712775
HAPLN3,1.0847942108450008,2.029300307738059,0.048738963633382336,0.3106955554712775
TRMT1,-0.7223943409086147,-2.040948643765857,0.04874812952632603,0.3106955554712775
PRUNE2,0.8765114008605561,2.0309584878241367,0.04878631989034984,0.3106955554712775
C20orf96,0.7475422463085355,2.047114084984825,0.048795388381511935,0.3106955554712775
GSK3B,0.6102844908034566,2.047917651420551,0.04885528830101145,0.31074595187273385
PIP4K2A,-0.9929152134360786,-2.0258432481625506,0.048895060965979315,0.31074595187273385
CLEC2B,-0.644432060865828,-2.0276276627723813,0.04891596748171837,0.31074595187273385
RNF111,-0.7776938494304861,-2.0444552118500785,0.04899863882482769,0.31074595187273385
LDAF1,-0.4421141220135887,-2.048682392229821,0.049002046150076056,0.31074595187273385
TNIP1,0.43284468563442413,2.0322844671982034,0.049017926808761374,0.31074595187273385
RCN1,0.5351224855799916,2.039363532502801,0.04904730875719854,0.31074595187273385
MMP17,-0.8761593412513369,-2.035653082655897,0.04905295534591776,0.31074595187273385
MFAP5,-1.7233190573617714,-2.0241129291665767,0.049058833973413776,0.31074595187273385
CDCA7L,-0.8959815024824076,-2.0248430482879245,0.04906653572984125,0.31074595187273385
VASP,0.7510492925302668,2.064785560759178,0.04911534452047022,0.31088827992715873
PGBD2,0.7959100326747439,2.028260163119367,0.049334905252642065,0.31151113548749654
HDAC7,-0.3784225956489875,-2.026312843923097,0.04934361082031008,0.31151113548749654
MMP14,-0.49881108379710515,-2.021214768215446,0.049369579843079214,0.31151113548749654
ENSG00000228021,-0.8593083574734512,-2.0296414250163064,0.04937992779495151,0.31151113548749654
HSPBP1,-0.5305868630770387,-2.0354511687743533,0.04938085867680555,0.31151113548749654
SH3BGRL,0.3863261435916545,2.0347595085166015,0.04938696683105306,0.31151113548749654
EVC,0.9372171238511333,2.029594501006821,0.049402352591270654,0.31151113548749654
ENO1,-0.3715626566260468,-2.0209013817705794,0.04946307842701373,0.31151113548749654
LRMDA,0.8646392310156861,2.036854585885536,0.04946580523231882,0.31151113548749654
GABPB1,0.7151756362699282,2.024036043293822,0.04947762634807759,0.31151113548749654
TMEM214,0.36305875349163674,2.0240992548825254,0.049504596472385795,0.3115147981644532
FASN,-0.8811932316995681,-2.0216861161932838,0.04954582403197385,0.3116081261041296
NBPF19,0.9116967700079925,2.0251958729370028,0.04961632723845556,0.3118534451417735
CMTM3,0.45499334170957884,2.019789222588919,0.049637663991646964,0.3118534451417735
DNAJB12,-0.4417288809241908,-2.0184210204960227,0.04975204595155592,0.3124057991798498
COPS9,-0.23939514387907757,-2.016704129225647,0.04989020845254186,0.3126958334494847
AKAP1,1.0042095857861084,2.026022747162041,0.049943858802913375,0.3126958334494847
PEX12,0.7222796160991992,2.017783653952012,0.049944164007899396,0.3126958334494847
NRIP2,1.1238963379520277,2.0198872427638683,0.04994515854320636,0.3126958334494847
BAG2,0.43343072838273233,2.0159921460168313,0.04995007041344564,0.3126958334494847
CIMAP1B,0.3544907351655908,2.019486439979864,0.049981287571831914,0.3126958334494847
RILP,0.9220870457054318,2.030089310937845,0.04998365419052754,0.3126958334494847
LAMA4,0.32217898094448305,2.017229515374731,0.050018888658039856,0.3127505193899155
VSIR,-0.39887109974736656,-2.0144558578981835,0.05012354046318298,0.31323895985594236
ARID1A,0.7322080901406247,2.0528926109676098,0.050299502229701545,0.3140717377809891
PRPF38B,0.3127983748090797,2.012971598531374,0.0503280018733358,0.3140717377809891
CYB5D1,0.8822382275956442,2.0142298774791803,0.05033756592640625,0.3140717377809891
CTSZ,0.7459644011306921,2.038219472547368,0.05036321894277107,0.3140717377809891
ZYX,0.3272802966980972,2.011171357782835,0.05075925022282544,0.3162353313206583
CUL4A,-0.3399364804515992,-2.009986573169987,0.050763740182350484,0.3162353313206583
USP28,0.8654723525577728,2.0116385868437234,0.050808312262398216,0.31634605815274836
SLC25A28,-1.0958991351039278,-2.0090818409660978,0.05087877999284047,0.31649189153242624
CTSA,-0.39641409566378005,-2.0081148155688937,0.05088535452168953,0.31649189153242624
PMS2,0.8084650216703766,2.036826961384825,0.05093717124886521,0.3166473441773848
DYNC2I1,0.7166575730059899,2.0471635263417527,0.05105759924896262,0.31722892586000195
WDPCP,0.8156808760951273,2.0103567561266673,0.05114629931255318,0.3175574939221247
DIP2C,0.9529947434229609,2.0294980707645007,0.051204189991626195,0.3175574939221247
KLHL5,0.8779518394693002,2.004541686115272,0.051214791897276145,0.3175574939221247
RANGAP1,-0.8832739468799451,-2.0042499516235464,0.05122884643173083,0.3175574939221247
LZTS1,0.8846666111225728,2.00407527035908,0.0512489209311998,0.3175574939221247
LDB3,1.279020294523955,2.0100589405025797,0.05127188338971365,0.3175574939221247
FAM3C,0.4293615787843432,2.0116692235285987,0.051400148570788215,0.3181849784363686
FAM53B,0.8626869556065955,2.0035828060315195,0.051442316625512075,0.3182791130839465
TVP23B,-0.5493064511482597,-2.017163201649927,0.05151505439489128,0.3185621881255587
WSB1,0.44275847473436514,2.0074618123254706,0.05159491547502877,0.3187127325428069
ZCCHC2,-0.9450428448266495,-2.0020143905430783,0.051603766503377745,0.3187127325428069
SRSF10,-0.24670240213285854,-2.0021859132265343,0.051653672397936584,0.3187127325428069
APLP1,0.8704790658477797,2.008089809470415,0.051667164959886866,0.3187127325428069
PRPF19,-0.6000292381997516,-2.026138991169852,0.051711622190940235,0.3187127325428069
ULK2,0.9457295343264827,2.0019137441303654,0.051716157838064804,0.3187127325428069
ZNF558,-0.8772360200489353,-2.00064222559502,0.05174020892353438,0.3187127325428069
SLC38A4-AS1,-0.9499015531831705,-2.009984534376283,0.05175538401393993,0.3187127325428069
SQLE,-1.084944513466684,-1.9989729051328622,0.051906072253894424,0.31919792270385794
AIFM1,-0.7421759988070136,-2.0092714008783608,0.05191098701065576,0.31919792270385794
PRR12,0.8768414951710146,2.002338733720073,0.051915291113206884,0.31919792270385794
ACTN1,0.763485148035616,2.0187240711633363,0.05196336666334981,0.3193271959712881
N4BP2L1,-0.858560352868937,-1.9991044307053791,0.05199786645204885,0.3193635665637259
SSBP3,0.4490475111196375,2.0011408237285324,0.05203053186543015,0.3193635665637259
SPAST,0.9572882738528237,2.006477286057036,0.05208817886641126,0.3193635665637259
EPHB4,0.8434105142423209,2.000181360623383,0.052094731424137806,0.3193635665637259
NFIX,0.5127447346531486,2.0356687994265874,0.05210485343775557,0.3193635665637259
KIAA0930,0.8665393054689927,2.0313433317437233,0.05213160463941548,0.3193635665637259
TMSB10,0.3140567421318998,2.0033950509061307,0.05219719736280117,0.31959954090657045
BICC1,0.8607326755830016,1.9972483874334341,0.05226574956947749,0.3198533818909704
ESR1,-1.0060723984389515,-1.996881381033216,0.05235049188796198,0.3199080187940919
SELENBP1,-0.3961994306383163,-2.005178434603714,0.052358779870449484,0.3199080187940919
NDUFA10,-0.3185607481097774,-1.994717448962237,0.05236834026685128,0.3199080187940919
PSMG4,0.5599229981705047,2.032403129288097,0.052398897172022924,0.3199080187940919
SDCCAG8,-0.2556974818157336,-1.995365900019536,0.05241017436236965,0.3199080187940919
CFAP69,0.8767791881465183,1.996178262485703,0.0524539960473702,0.3200100379013981
PRMT3,0.9238375047921172,2.006582839727602,0.052501317254915476,0.320133290389606
RPL3,0.34492577238156485,2.002241407069798,0.052624104311284184,0.3207163404206039
SLC23A2,1.0111767192087853,2.0061784388709802,0.0526838499885265,0.3209147828248479
DCAF4,-0.8914781447034252,-1.9979908847499814,0.052738352496361336,0.32108109913333965
EXOSC7,-0.5198034952032735,-2.001800709694128,0.05282210816808482,0.32142525099187697
PEA15,-0.355070306978325,-1.9986499959725719,0.05291368658425614,0.3218166255163028
APBB1IP,-1.0209801111657009,-1.9980559049156033,0.053067318839954386,0.3221729880443361
ERCC1,0.3694970166439626,1.991951716944427,0.053086141856511025,0.3221729880443361
LAMA3,-0.9808828687514963,-1.9926776524597953,0.053107392721711826,0.3221729880443361
ZNF45,0.7790762815145353,1.9925454384472496,0.05310764707194376,0.3221729880443361
PBX1,0.3336077176999712,1.9984504015097162,0.05310873652979907,0.3221729880443361
PYROXD1,0.717006535387239,2.0261844597374843,0.05316120596089421,0.32232564785226303
CNN1,1.165520752948436,2.0121116244665402,0.05347618860609958,0.3240689971740275
SFXN2,-0.8083802854506505,-1.9842355782884313,0.053614893626577904,0.32470184607874564
BRD2,0.4059930866331207,1.9865320720847859,0.05363562895836967,0.32470184607874564
MAP9,0.5924443554373502,2.0062157884203997,0.05370160311665953,0.32493461034964927
RSPRY1,0.7576774671892501,2.0141187732041557,0.053740694674589244,0.3250045597507818
YJU2,-0.6239525494732656,-1.9824204310117008,0.05378391404277499,0.3250993882616276
PRKRIP1,0.7889263961595763,2.0192795001572077,0.05384269985060261,0.32528816363171126
OPTN,-0.24478053828894453,-1.98010953524615,0.05398142946705944,0.325758622356461
PCSK5,-0.8924101490755545,-1.9886674170958247,0.05403335084498389,0.325758622356461
GOLPH3L,-0.7213435431909767,-1.979819955404195,0.054044103439429864,0.325758622356461
DNAH14,0.7537350428835093,1.9795166577111662,0.054056628087259334,0.325758622356461
SORL1,0.9570813324207328,1.9791957188574851,0.05407723219788313,0.325758622356461
CPQ,0.38256224775816605,1.9807529030672366,0.05411284718224875,0.325758622356461
UBTD2,1.0054206780009083,1.9854051423564913,0.05414056972230692,0.325758622356461
GBP3,0.909797389144289,1.9792741010071009,0.05414133139037497,0.325758622356461
LAMB1,0.8519692088633635,2.0063381316570887,0.05418374589086833,0.32584774337325556
CSRNP2,0.862423936471794,1.9851382529699042,0.054244875379954115,0.3260492636763535
TSPAN9,0.5063629102243548,1.9778579791705995,0.05428474219920368,0.32612284054025414
RPLP2,-0.21010993059938166,-1.9781611765940414,0.054320427410155685,0.3261712337624048
FRY,1.2780470215709965,1.9800872120675759,0.05439636790143865,0.32630756073950684
ESYT2,0.826528677500658,2.0112158604518955,0.054398414191897455,0.32630756073950684
CCL26,-1.057874427018771,-1.9849037317479155,0.05444124829837335,0.32637912726823065
SOAT1,-0.43348297377764666,-1.9761175896674397,0.05446564004391481,0.32637912726823065
ZNF639,-0.8024203557828495,-1.9748171620413255,0.05458769646439231,0.3269445747144349
TOP2B,0.6815246490956715,2.011712603071978,0.05471373531193463,0.32753328872078513
RHOBTB2,-0.9047871639282801,-1.9780019619302736,0.05474557799121862,0.32755780445328725
ACAA2,-0.45189558411526054,-1.9758900572687703,0.05480806376125762,0.3275885527667294
STARD5,0.8541518127472094,1.9779008570204006,0.05483617294100847,0.3275885527667294
GOPC,0.7042580128112013,2.0017751070814835,0.05486133548590715,0.3275885527667294
ITGBL1,0.5912815601354131,1.9724726382430275,0.054861716969065985,0.3275885527667294
SNAPC1,0.5507899451698055,1.997954811942974,0.05490670869296024,0.32769145405480066
MBOAT2,0.948397144351167,1.9731321206927657,0.05495680690599258,0.32782471224115334
RGL1,0.6153814427820405,2.0088385391594006,0.05502366496694268,0.327999671529583
MEAF6,-0.19309956297506492,-1.9715894511023688,0.05504170684456619,0.327999671529583
IER3,0.9596250528652277,1.9844823964088036,0.055073296923657644,0.3280223361169417
PIK3IP1,-0.9765741079919135,-1.970458499024309,0.055112928172981454,0.3280928477468714
PLCD3,-0.71079230569738,-1.9743420879702167,0.05517585394517433,0.32830189305583823
PDE4DIP,0.44960704393753037,1.9741182280927585,0.05524392271894914,0.32841251365716295
SEC24A,0.5566978718480047,1.9783247360072056,0.055273225830652,0.32841251365716295
TUBB3,1.3444342220828909,1.9818752155449832,0.05528650205037176,0.32841251365716295
TP53RK,0.7393793728695837,2.0103813406344386,0.05530572445154087,0.32841251365716295
ZNF512,-0.674488017966504,-1.9818994629562257,0.05539215733435683,0.3286938798397968
PLXNB2,0.7749646967718773,2.0113863537733323,0.05541572298057234,0.3286938798397968
USP42,0.49229716742326257,1.991276170001508,0.05546887342374882,0.3286938798397968
ARHGAP26,-0.7751319595781068,-1.9680195940456795,0.05548367419722189,0.3286938798397968
MECOM,0.9340841151524697,1.9686858424141602,0.055492325499425246,0.3286938798397968
S100PBP,0.7839692472903463,1.9988718745612521,0.05559001144362281,0.3291073646399033
LPCAT4,-0.6814182616276554,-1.9694074659816607,0.05568009594240351,0.3294754549373801
SYDE2,0.7848070640088165,1.9653237977403801,0.055725025403055024,0.32957611467087405
ABCA2,0.9187606520889524,1.9656606971719928,0.05578420571199154,0.329723436590991
CWC27,0.8303333303506824,1.9796535870973953,0.05580579638363406,0.329723436590991
REM1,0.9888801822815037,1.9731197073392688,0.05588814333451867,0.32999385161298966
TSEN34,0.36410000861277325,1.9805973784735167,0.0559074716836916,0.32999385161298966
ADAT2,-0.7864512557295082,-1.9624201566883464,0.05609504762282086,0.33091218989907517
PDGFRB,-0.39121368203249585,-1.9628810888822767,0.05611911937127899,0.33091218989907517
PHIP,0.3225004032158578,1.9714385563467633,0.05617156783792741,0.33093731584049446
PSENEN,-0.5576003730876344,-1.9629611048577742,0.056179447771651916,0.33093731584049446
NSUN5,-0.6496057731720413,-1.975495382955694,0.05625764025561251,0.33100873368494027
PDRG1,-0.4796358611828877,-1.9628221682134834,0.05626437572883078,0.33100873368494027
SCARA5,-0.7830140555363858,-1.9616170161222066,0.056275690682395185,0.33100873368494027
IGIP,0.8479339149204901,1.9608639085729784,0.0563280860745032,0.33107749854916907
SALL2,0.8293509063642661,1.9617481594101471,0.05634347264593652,0.33107749854916907
GPR161,0.9223225667703172,1.9644717688277888,0.05645947474069706,0.3315940792606611
TAPBPL,0.7733287815193037,1.9887569118155657,0.056495488007615655,0.33164059469413365
JPT2,-0.83975563181483,-1.9589536105226963,0.05653467239579054,0.3316872992931705
EXT1,0.8894920282087035,1.9895445722159582,0.05662034586800039,0.3316872992931705
ARHGEF2,-0.5359749013601016,-1.9657382069284406,0.05663098176065352,0.3316872992931705
RMC1,-0.7465440418171161,-1.9587464309273206,0.05663681702423589,0.3316872992931705
CD4,0.5085191714655206,1.9574516644787137,0.05666944568309927,0.3316872992931705
ABHD14B,-0.5733659966982971,-1.9644307129350147,0.05667202733369969,0.3316872992931705
LRP3,0.7354126362583986,1.9727513852773597,0.05703141179854473,0.33362528061537194
RPS17,-0.7067101000447478,-1.9740411806379348,0.05714190318197024,0.3341060758113713
EVL,0.8275731168039901,1.9564639104830899,0.05735233788662655,0.335170469679023
FAM114A1,0.38350016694262035,1.9519141779146838,0.05738633806305868,0.33520322653854906
VPS35L,-0.5977787519123661,-1.9622318772035383,0.05749219301398581,0.3355652267076835
KDELR3,0.7090442452841259,1.9822612490281346,0.057505163373963886,0.3355652267076835
LINC00623,0.7475863496985578,1.9700787048300714,0.057729680307007335,0.3366286834530109
MAP6,0.7710342017095816,1.9508065255077727,0.05774443744111369,0.3366286834530109
ZNF462,0.8589093535598247,1.9550617775785433,0.057792039367591516,0.3367398937484787
ATAT1,0.9097772797048918,1.9494466711838059,0.057875174295553604,0.3369281490302048
SLC22A5,0.8956117758004045,1.9553934081700743,0.057881430430601885,0.3369281490302048
FBXO44,0.8117830621173563,1.960601999899195,0.05794054679069447,0.33710603985418836
COQ8A,-0.8729650854144468,-1.9472009739103988,0.05801732935549805,0.337386489183081
SMIM30,0.500993233486331,1.9482150720726863,0.05806020187198651,0.3374695633179718
RBPMS2,0.9947017650708436,1.9605462959254003,0.05811518369879358,0.3376054646307938
TMEM243,-0.45914200937769056,-1.947855755961941,0.058150335237953245,0.3376054646307938
ZNF555,-0.8410838123203814,-1.9478781563544154,0.05816937865811389,0.3376054646307938
ZNF766,-0.7521775067377079,-1.9444546456221135,0.05833135601013352,0.3383791929727893
EFHD1,-1.0663744737478584,-1.9569488975486633,0.058402371763296,0.3385530044873207
PRKAB2,0.7818735249785664,1.9734979015695244,0.058429816283869514,0.3385530044873207
IFT43,0.2761594206517408,1.9647687908131415,0.05846002309530635,0.3385530044873207
HVCN1,0.8159537054996111,1.9475648124123586,0.05847603355778457,0.3385530044873207
CHML,0.8454574358704223,1.9420695930274519,0.05856225623404724,0.3388292254452304
OGFOD3,0.3582510824481444,1.958243646456271,0.058581147745338014,0.3388292254452304
XXYLT1,0.9777699583799322,1.9437559528020296,0.05862355709847432,0.33890846794686064
SERPINB1,-0.30420039505734486,-1.9470705079440846,0.058684687761143245,0.33909580960366914
DHRS7,-0.23711223074037768,-1.9402798709234979,0.058794569470701996,0.3395645267131297
PEX11B,-0.4705235441029778,-1.9398618446842804,0.05887363885568653,0.33985491769749604
CYGB,0.8417192046335513,1.9600445265769413,0.05917131723788633,0.34140635385789253
SARDH,0.8620721978630013,1.9416252971730346,0.05924361183721726,0.34165649132308246
CNNM2,-0.9279375523318714,-1.9368776378023345,0.05928389001725251,0.34172183674495404
EYA2,-0.9840530033015182,-1.9378318363058638,0.059543065283523294,0.3427849886821498
FBXO7,-0.26423644538309077,-1.9353461906731324,0.05956810816461407,0.3427849886821498
TMEM144,0.7114399023566038,1.9342048088708177,0.05958075452789124,0.3427849886821498
ENSG00000259865,0.7415603297831583,1.933977232880106,0.059584480878930236,0.3427849886821498
DROSHA,0.8107245983509568,1.9513565754205198,0.05961599155601384,0.3427992110661195
CCZ1,0.8154877132551455,1.9367512643497073,0.05974382615141082,0.34336702420516296
NELFA,-0.5430183716466264,-1.9447223980153403,0.05983316856749948,0.34341221150127443
CSRP1,0.671789808840737,1.9456710371132098,0.059891376889946876,0.34341221150127443
BUD31,0.6023220086279686,1.9872655467866402,0.059892836724527956,0.34341221150127443
KLF10,0.48178407214972196,1.944843459933642,0.05990476613821255,0.34341221150127443
CCT4,-0.2699073927569815,-1.9335431204546436,0.05991439846046418,0.34341221150127443
C18orf32,-0.34301212435567496,-1.931154227477387,0.05994853454083401,0.34341221150127443
GNAL,0.9007302117965446,1.9309275933688097,0.059955321296410555,0.34341221150127443
CCDC85C,-0.8530974434165265,-1.9388955355175799,0.06031674611468706,0.3452064408204811
COL6A2,0.33535274406909465,1.9367725558759925,0.060327055265790124,0.3452064408204811
FJX1,0.8808711327957559,1.9345068255609053,0.06036032306543739,0.3452294640443258
ATXN7L1,0.8874577235849048,1.9317540578572514,0.060396187114211165,0.3452673069652605
BIVM,0.8803320031002937,1.9326761589115748,0.06045830459895255,0.34545512380960064
HLA-E,-0.25547223912600003,-1.9278064789770322,0.060584475528875546,0.34584984247345424
UBOX5,0.7418680494421743,1.9310598244767285,0.06058597833418919,0.34584984247345424
BRK1,0.15837802985741334,1.9267496252089158,0.06064306916480679,0.3460084250800117
LRP12,0.7179535991638333,1.933618281396127,0.0606820008303481,0.3460632945904634
RPL27A,0.4207094148384902,1.9243660146581056,0.06084389569036384,0.3467766439602148
URGCP,-0.8010218042541117,-1.9241708166258267,0.06086795082587874,0.3467766439602148
IL6,1.1737567220274454,1.9273164289441178,0.06089521244638079,0.3467766439602148
A1BG-AS1,0.8363701221734501,1.9240973212394286,0.06100759421031476,0.3472491078364348
ELAPOR2,1.0056674613578769,1.9229122030796875,0.06112790993062043,0.347479799660192
DUSP10,0.8809574794746808,1.9231570018522777,0.06120223199446706,0.347479799660192
SPIN1,0.3428520013411518,1.9213306969861013,0.06127886905207807,0.347479799660192
PLGRKT,0.6823821630960607,1.9593285313297235,0.06129938782608431,0.347479799660192
MAP2K3,0.6572650042418919,1.9319026876017695,0.061325117696458833,0.347479799660192
IKBKG,-0.6491018018633614,-1.9338142250610026,0.061374503039398766,0.347479799660192
TGS1,0.5470004484913646,1.9553294489516635,0.06139194983656998,0.347479799660192
TMA16,-0.8116714486611358,-1.9195803505090798,0.061422849414286045,0.347479799660192
SMTN,0.8788114649131042,1.9567030878211287,0.061459739494759066,0.347479799660192
AGER,-0.8860776286281722,-1.9365880434825646,0.06153097839520805,0.347479799660192
NAV2,-0.9014113461748954,-1.9202481300170235,0.061563721343619746,0.347479799660192
LRRC8B,0.8141227367952457,1.9183363753950775,0.0615729613539817,0.347479799660192
STRADA,0.7133948191704911,1.9268930443167327,0.06157380908591142,0.347479799660192
AMOT,0.8225311562362807,1.9199722767357787,0.06157838285966959,0.347479799660192
WNK1,0.5700332508182999,1.948426810821219,0.0615795909000139,0.347479799660192
CYB5D2,0.6969611305427499,1.9453828712110346,0.06158451614624523,0.347479799660192
UBXN1,-0.30004017669522565,-1.9180604056717094,0.061610189225207924,0.347479799660192
CHCHD5,-0.3116883808387767,-1.9180072080258321,0.061630175501106645,0.347479799660192
NAA25,0.7258716054886185,1.9246246681110262,0.06164310053328991,0.347479799660192
CD83,0.9533620305433708,1.9177190412610694,0.06166462349914544,0.347479799660192
CDADC1,0.8973231468099727,1.9554081771104552,0.06166625838950464,0.347479799660192
TMED1,0.2788675821494584,1.9398636571407881,0.06171765850534463,0.3476035108089663
STX17,0.5574966961896877,1.94820845654951,0.06179815804401839,0.34789091831646973
ZDHHC15,0.7642889293028818,1.9310654857661738,0.062010889439429784,0.34879479273387964
FDX1,0.2715266777274161,1.923421601117138,0.06201781193972159,0.34879479273387964
SPR,-0.7892774897183092,-1.915401981627626,0.06210482801880031,0.3491178546485417
GARRE1,0.8322362263487784,1.9377527230522904,0.0621367352135317,0.34913096582377046
CHST7,-1.0861006497112693,-1.9168596481245548,0.06233219696084586,0.34972082178756014
VEGFD,-1.0886975700031596,-1.9128513574587815,0.06234186325430696,0.34972082178756014
KLHDC4,-0.8352616190529174,-1.912519503810343,0.062362762555262644,0.34972082178756014
CCDC28B,0.9195506002663709,1.9120408198427588,0.06242677520732358,0.34972082178756014
SLC25A38,-0.8322281215116094,-1.9120901613155732,0.06243574752241867,0.34972082178756014
CUTC,-0.7104516628956334,-1.9199051938897114,0.06246239064687756,0.34972082178756014
PHACTR1,0.7648429978597855,1.9203594900271088,0.06246604556108613,0.34972082178756014
CLTB,-0.23283612282637822,-1.9128393331280324,0.062478713523927525,0.34972082178756014
RBMXL1,0.7718716750938239,1.915139736118939,0.06262276326931916,0.35011190170020245
AHNAK,0.3130800212059963,1.9103381232701464,0.0626712287778127,0.35011190170020245
PHLDA3,0.6941432345210554,1.9330863270591174,0.06268057437724125,0.35011190170020245
PIP4K2B,0.6776005726390744,1.9166765631046112,0.06269669087247785,0.35011190170020245
PTH1R,-1.0778440923686863,-1.913753277662666,0.06270378650698454,0.35011190170020245
GLUL,-0.5970779013371033,-1.9215582976929455,0.06274967718177836,0.35011190170020245
MGST2,0.6510436064392406,1.9286740276403236,0.06275618670034971,0.35011190170020245
CAPN5,0.8325281540271368,1.9173086522259892,0.06284486035225896,0.35044099029684317
CLTC,0.379803700382519,1.9180257926954871,0.06291669188704899,0.35067589599934523
METTL9,0.6268564727363346,1.9406334842253024,0.06301358267472992,0.35096924872276414
P2RY1,0.8228815454204996,1.9069209563952676,0.06307338377581255,0.35096924872276414
STX8,0.3465988599226426,1.9335878459555085,0.06310271168453413,0.35096924872276414
APOL3,-0.7680538149454303,-1.9110278085591577,0.06310606861766667,0.35096924872276414
TPR,0.2092193913462861,1.915363279319951,0.06311797670804137,0.35096924872276414
MCAT,-0.7119239718754282,-1.9081993621865911,0.0632036496112418,0.3511874712468289
PPP4C,-0.31967887892385427,-1.9070029753131168,0.06323525018895557,0.3511874712468289
PSMD9,-0.4496354236074245,-1.9071163093526289,0.06328208235519914,0.3511874712468289
NUDCD2,0.637986172549331,1.9544125381654047,0.06328685835051119,0.3511874712468289
CDH13,-1.0783654282696231,-1.9123119742027206,0.06333153407444393,0.3511874712468289
MTUS1,-0.4860326989407975,-1.9081531754943228,0.06334616777438037,0.3511874712468289
USP16,0.3078016311560292,1.9080263334837988,0.06336546495177854,0.3511874712468289
PLEKHO1,0.7045195094515613,1.9069615209161583,0.06343421093979389,0.351403500771594
NFKBIE,0.8513019362217926,1.904013637658773,0.06354359598596489,0.35171026722270526
NFAT5,0.37481339554579307,1.9037239764367568,0.06357886493748881,0.35171026722270526
CEP57,0.5678653146753234,1.936668063920323,0.0635966088422561,0.35171026722270526
CCAR1,0.6086161182769931,1.9327310581872439,0.06360876073871036,0.35171026722270526
PPCDC,0.7628465178644208,1.909030393677615,0.06368148496624591,0.35181238400121445
HS6ST1,0.8790968150708292,1.904994754484732,0.06368683308857223,0.35181238400121445
RCOR1,0.7485510180414949,1.9252293707214208,0.06377435030250461,0.3521310595514813
RNF11,0.6447180987150292,1.9405387068773439,0.06380884492505541,0.3521568089482371
PRDX1,-0.20693880254762576,-1.9034369582097797,0.06385606874220379,0.3522527530381849
SRSF11,0.3608109281253382,1.944075740139219,0.06393620775600774,0.3525300946098418
KMT5C,0.7843874144190703,1.901070804962399,0.06405593930742905,0.3525602645223085
ISY1,-0.8564253554466488,-1.901503693233988,0.06405633636897771,0.3525602645223085
R3HDM2,-0.8342085381573012,-1.9015723604732397,0.06405778238351545,0.3525602645223085
STK32C,0.854696629759621,1.9031720537005257,0.0640772857212229,0.3525602645223085
JAK2,-0.7742429859349009,-1.8995764610115176,0.0640992402449006,0.3525602645223085
VMA21,-0.31447472175819957,-1.8991762754096875,0.06412637990458728,0.3525602645223085
HEXIM1,0.8144864520904234,1.902380406630242,0.06418429347635686,0.3525602645223085
MAP4,0.3534170116756812,1.8987385254978215,0.06418968286238196,0.3525602645223085
ATP5MK,-0.24876837818313646,-1.8983093494422836,0.06423162872945033,0.3525602645223085
KCNK6,-0.8136667614840913,-1.8981498490223367,0.06424830453524122,0.3525602645223085
ENSG00000240207,-0.6970926257837184,-1.9033741755304368,0.06427019815773044,0.3525602645223085
SFT2D1,-0.29855927759155687,-1.9006201109861085,0.0643188879226215,0.3526634797615173
CFAP91,0.7121031651795356,1.8980786210250424,0.06436902985684981,0.3527745577809248
EBF4,0.8045418308556882,1.8959546180399711,0.06454904374743041,0.3533792295509761
KDM4C,0.6896998886224486,1.9162803073126364,0.06458115004308924,0.3533792295509761
TGIF2,0.8539510237320349,1.8960152902907443,0.06459610091807133,0.3533792295509761
AP1S2,-0.5444347760804469,-1.9020419404781197,0.06459910015849271,0.3533792295509761
SS18L2,-0.320002641928089,-1.8957208261780585,0.06464391653826952,0.3534605996916497
NECTIN2,0.31624494484719534,1.8947351013953333,0.06471367354035663,0.3536782019184769
RHBDL1,0.6316753111364408,1.8947400478273984,0.06477816160058802,0.35386681984957963
LYPLAL1,0.6674672117418172,1.9275747159272192,0.0648262371878241,0.35396564754961307
CBX6,0.8113496417244335,1.9143704895448568,0.0648665544744713,0.35402204141060273
FAM220A,-0.5211114596525213,-1.9032402379634163,0.06493508330613308,0.3542322820835957
FAP,0.6252719009706231,1.9143990177938792,0.0649882723225707,0.3542581568296089
FKBPL,0.7605691439057818,1.8924826920593907,0.06502615348961693,0.3542581568296089
NENF,0.27203103636088244,1.9016290266395193,0.06502985394745976,0.3542581568296089
CRELD2,0.5376094754830012,1.9089904608800328,0.06509453284856172,0.3543468200936776
ZNF431,0.8998949573760466,1.8957685321165558,0.06510616287871128,0.3543468200936776
IP6K1,-0.7067610517543415,-1.8916368353871584,0.06513645188301263,0.3543483016032093
MB21D2,-0.885241263527037,-1.8922968226552905,0.06518574277945602,0.354453106177558
MCPH1-DT,0.7618412510210364,1.908036077792386,0.06521735201824515,0.35446171297209206
MRPL2,-0.41356984589261003,-1.890094254531666,0.06535349878350735,0.3550382204966886
CD9,0.42440902430673866,1.8912666301247918,0.06543649621335107,0.35532559236366573
EIF5B,0.3349655472059272,1.9069866491669127,0.06548582614277058,0.3554299667197272
RTCA,-0.6087910290279517,-1.898330086036599,0.0655846121534877,0.3558025489301113
EPS15L1,-0.7036196980180436,-1.889046929380351,0.06568648375719781,0.3561915207871934
ABRACL,0.6042330059696761,1.895787661660421,0.06572260990670865,0.3562237878552322
GON4L,0.7285740171962969,1.9124233802577977,0.06576452391315238,0.3562873817323377
MFSD8,-0.8009895498053221,-1.8884473319251436,0.0658308080582702,0.3564828849210457
ARHGEF25,0.784361866917493,1.9170383252115215,0.0658695827621079,0.3565293097233763
ADIPOR1,-0.5697879144012568,-1.9005655043259189,0.0659962876702008,0.35691792503969977
ENSG00000227733,0.865012345362935,1.8870949006257507,0.06600184924707027,0.35691792503969977
RIPOR1,-0.3664019759160242,-1.8874599590439398,0.0661953728262768,0.3578005385596143
WDR17,-0.7135079523322303,-1.8911229089575752,0.06629324549798338,0.3581655666378461
IL1R1,0.6628041524457347,1.889431114858669,0.06640917391923236,0.3586277667504748
GOLGA2,0.28305338510550015,1.8859328328770841,0.06661198694247604,0.3593384378240319
GGA2,0.759713844024902,1.8931330732500171,0.06662500187404508,0.3593384378240319
ZNF461,-0.7554140849894223,-1.895728396376951,0.06666219871735017,0.3593384378240319
VPS45,0.5286510821817982,1.9008239496965775,0.0666625310321584,0.3593384378240319
STK24,-0.5709555306543148,-1.9002750168474531,0.06671705049045938,0.35946817938834913
MRPL47,0.6201355561006778,1.9053350427477986,0.06683237867371415,0.35992528751970604
PER3,0.9071183626680193,1.8801430142574287,0.06695997533083903,0.3604480204197696
HRH1,-1.0648730070732166,-1.8779758674516829,0.06702191599656822,0.36059323343394295
LRRFIP2,0.616235548162086,1.9146004628652953,0.06707866613855896,0.36059323343394295
CKMT2,0.8935688447751711,1.8814004051971922,0.06715367659535992,0.36059323343394295
ARPC5L,0.6148601117540817,1.900082341900708,0.06715919517936497,0.36059323343394295
TCF3,0.8633131383529191,1.8821503866659506,0.0671761530228231,0.36059323343394295
MFSD14B,-0.6006698713849499,-1.8800505579811404,0.06720607529745981,0.36059323343394295
SIDT2,-0.8440856952361493,-1.8772019869372905,0.06720960520637027,0.36059323343394295
MRPL11,-0.24906089351188232,-1.8796676934636125,0.06726094974452693,0.36059323343394295
TBK1,-0.5789772335108081,-1.8866586919519646,0.0673408665385647,0.36059323343394295
SORBS3,-0.38905324895645865,-1.8820765522179166,0.06737420664247275,0.36059323343394295
VTN,-0.9153512309867404,-1.87605736909896,0.06738533338181729,0.36059323343394295
SH3BP5L,0.7987824525864586,1.8757798111618318,0.06738646825006578,0.36059323343394295
MLXIPL,-0.9945394763827318,-1.880218254337132,0.06739907169718332,0.36059323343394295
ZNF689,0.8032603265613998,1.8771039212099023,0.06741459264622719,0.36059323343394295
SPAG16,0.5521114038834067,1.9198677749608346,0.06746453109331775,0.3605978939638799
ALDH18A1,0.7483693656594022,1.8817717298928773,0.06747655635461336,0.3605978939638799
HPS3,-0.4658609388663333,-1.8736674373043918,0.06762726125730152,0.36123973716852686
RAI14,0.6745872307379432,1.876331933395515,0.06782054250495861,0.36210832395795406
LEMD3,-0.7746355582243107,-1.8829149706565902,0.06787085170719358,0.3621967700869721
NDUFC2,-0.7969078048388347,-1.874683281012139,0.06791736401530572,0.3621967700869721
CASP3,0.9150667846450289,1.8846458180942265,0.06792915281427837,0.3621967700869721
KRT222,-1.0186055273545878,-1.8728766630959401,0.06796676341086748,0.3622336984493411
FAM219A,-0.7664329493149036,-1.8713340906635378,0.06802250531594985,0.3623671819741823
ZNF280D,-0.5192603512390948,-1.8748768852526676,0.06812284675975801,0.36262011178435505
EZH2,0.686022590398701,1.870315298172043,0.0681314195627022,0.36262011178435505
UBE2D1,0.3141212469345067,1.8696925186431772,0.06819046035018633,0.36277079064170786
CHCHD6,0.7754881178332584,1.887437365918874,0.06829644391861762,0.3631709551618383
GOLIM4,0.3802009259592589,1.870274745506236,0.06840275693377529,0.36340826230443324
TMEM35B,-0.6080655581577794,-1.882523845836835,0.06842734526818546,0.36340826230443324
ARFGAP3,0.2773767468180246,1.8685513728039886,0.06846434141751581,0.36340826230443324
HSD3B7,-0.8147671495069755,-1.8703673159623886,0.06848195794420874,0.36340826230443324
PCDHB10,0.808390099637792,1.8676104795752106,0.06849499225983599,0.36340826230443324
SCRG1,1.0694612496532798,1.8759151593587915,0.06857407653463927,0.36351934347113707
ENSG00000200753,0.7195607382300622,1.868304533748681,0.06857751612962493,0.36351934347113707
PPHLN1,0.68070946656964,1.9135962005369502,0.06861175680212685,0.36353760729313617
ZC3H7A,-0.5188044764562862,-1.8786059401654829,0.06877763690195735,0.3642530298912546
WDR5,-0.7564657855949122,-1.8661898698847723,0.06887099344205544,0.36458389129303337
S100A6,-0.30434820010425945,-1.8640368264082627,0.06900262365765786,0.36511697547227745
CHURC1,-0.430904147157964,-1.8640135302262473,0.06910088874287308,0.36547311452043757
MYADM,0.3957830360369172,1.8637974142887193,0.06920384552821687,0.36577689164652377
PYCR1,0.9718520614932529,1.891170852859261,0.06924478943490087,0.36577689164652377
ENSG00000275765,-0.7606747288844562,-1.8629270957938515,0.06925913792415263,0.36577689164652377
THUMPD1,0.8447732539232229,1.9008595975350155,0.06929611200588089,0.36577689164652377
PLEKHA4,0.7783762939052958,1.862798806537495,0.06931324918367418,0.36577689164652377
NT5E,-0.7372784776622163,-1.8686718773407338,0.06952592293210012,0.3667352637236112
SEC62,0.28037755872658465,1.8657030438143234,0.0695586227214351,0.366743877278491
SERPINH1,0.5286845612120201,1.8714321916722427,0.06962102232494587,0.3667533998466306
RERG,0.4713648892296112,1.8674318028418195,0.06962256408778476,0.3667533998466306
TMEM115,-0.33424261618954,-1.8590244149839037,0.06976736556316188,0.367025234174305
MRM3,-0.661264867062846,-1.859252653013646,0.06977963535851836,0.367025234174305
ZNF322,0.5594501887357843,1.8781978696884989,0.0697965616185608,0.367025234174305
LHFPL2,0.9698780260663402,1.8609421419417587,0.06979853034488054,0.367025234174305
RBM39,0.25470805802639607,1.8589132133349735,0.06987194589424378,0.36724769424824033
DDB1,-0.32271394918733076,-1.8580301822083918,0.07008155772817791,0.36794311836282895
TP53BP1,0.527853913484023,1.8837666092788812,0.07011322643983171,0.36794311836282895
CIMIP1,0.9128652621821367,1.8584770815916565,0.07012621774781827,0.36794311836282895
SUN1,-0.3466235378523965,-1.8570206435824432,0.0701289298023181,0.36794311836282895
CDH5,-0.8075795946507625,-1.8679585201625961,0.07027166645043102,0.3684257703647128
TMA7,-0.233277903775452,-1.860530501071827,0.07028596245487964,0.3684257703647128
HELB,0.7371344362433278,1.8555016341764725,0.07031454982055892,0.3684257703647128
GNAQ,0.7549592576670978,1.8599758587408295,0.07039626541659641,0.36852294738354074
ZNF180,-0.8879639947861944,-1.8568059968208046,0.07039852385916569,0.36852294738354074
CIC,0.7221729737569604,1.8662244219179094,0.07044483565968289,0.36852294738354074
TAOK1,0.588522195851497,1.876731921081568,0.07050686070514728,0.36852294738354074
ZFP36,0.5680379801217796,1.8573086119579987,0.07051745831560684,0.36852294738354074
HLA-A,0.38197630983288455,1.864332322207015,0.07052889499563855,0.36852294738354074
EIF3G,-0.20320687612899668,-1.857527236368418,0.07055161889765371,0.36852294738354074
CFAP210,0.755088572683766,1.852488506606798,0.07067773327712272,0.3689280130775324
GABPB1-AS1,0.5774417945571875,1.8756088096635186,0.07070161220423393,0.3689280130775324
CMC1,-0.3407741433909548,-1.854850429443734,0.0707356083547173,0.3689280130775324
MAPRE1,0.4670637977749772,1.851934147205669,0.07075417379140478,0.3689280130775324
ZNF260,0.7968333754398982,1.855929342273831,0.07092350816380653,0.36964768824447514
TPPP,0.7348822903564765,1.8517105115237016,0.07098095618408,0.36969780764782884
ZSCAN26,-0.6896289285754684,-1.8506837583980738,0.07102805713638742,0.36969780764782884
CSNK2B,-0.6803599938325586,-1.856378483165369,0.07107215723484696,0.36969780764782884
STAT6,-0.29067894108460823,-1.8497653758233672,0.07108128468833767,0.36969780764782884
CDIN1,0.7936518454199866,1.8738624995614577,0.07108970972982392,0.36969780764782884
ARL13B,0.5594401565097309,1.8693085835117123,0.07117726462546464,0.3699771359214313
UBAC1,-0.7375264803577135,-1.8492597371074528,0.07120610358437034,0.3699771359214313
ZNF117,0.762028544128885,1.8501878393320084,0.07129754774030089,0.3702892877581399
ENSG00000231955,-0.758416632770796,-1.849523129907949,0.07136821289460024,0.3704932951718363
GAS8,-0.7675340604622951,-1.8474627247466084,0.07145660034227802,0.37078908441344705
CLN8-AS1,0.4026038471541833,1.8641937422469164,0.071536455196124,0.3710403574649577
MFSD5,-0.5311458252654946,-1.8490943067990857,0.07163588174964869,0.3713928783726846
GPX4,-0.28510394880907164,-1.8629275255719322,0.0716765372143067,0.3714405275745788
NUP214,-0.7908736704807473,-1.8471715537716564,0.07175479062535038,0.3716492553586812
GTDC1,0.6787726309427708,1.8518726660485554,0.07182121619125205,0.3716492553586812
NASP,0.3290375187325214,1.849928269926076,0.07183587465367876,0.3716492553586812
S1PR2,0.7823053265821498,1.875373462381678,0.0718427446614579,0.3716492553586812
NAGLU,-0.8199922630322551,-1.8466712662279838,0.07190964323896651,0.371832386524748
BOLA3-DT,-0.732827440374932,-1.8444940010447204,0.07199747926578086,0.37203336471229936
KAZALD1,0.8964979463457041,1.847260361314266,0.07201780972682811,0.37203336471229936
PIGM,-0.475717251453164,-1.8445514220338792,0.07204305563170829,0.37203336471229936
C1QBP,-0.22698306343415187,-1.850576496599282,0.07208431376477856,0.37208326875990544
HSPA4,0.5824055377992838,1.8752006598793027,0.0721157576385145,0.37208326875990544
NINL,0.8401312476397793,1.842383272263632,0.07216422021015406,0.37217014199304027
IL17RC,-0.4780034597813527,-1.8484279341103134,0.07219564804439324,0.37217014199304027
NHP2,-0.31465828567687915,-1.847588803166748,0.07229597337922992,0.37246576542603443
C1QA,-1.1015222436140664,-1.8557169822734734,0.07231609778538509,0.37246576542603443
COA5,-0.2621849646537342,-1.841944613186578,0.07237508635521223,0.3726070189373224
SLC20A1,0.8909840161467115,1.8588075603040308,0.07257432846609871,0.37346989866708596
CSTF1,-0.8113661320020213,-1.8423309751162371,0.07262103276506578,0.3735474038307632
HDDC2,0.5800597400356322,1.8759293812220843,0.07266933162148523,0.37363303997893427
CEP19,0.7398503873417166,1.840052187230076,0.07276634151508772,0.3739689427886855
RAMP2-AS1,-0.8947510761370467,-1.8444064225153436,0.07294650896931824,0.3747317399402967
SMTNL2,0.8819297997076949,1.8395785382054062,0.07302572629509117,0.3749755106192046
ZNF841,-0.827013518746265,-1.8374427607554342,0.07313815519705665,0.3753895313483712
NR2C2AP,-0.5432228870939211,-1.836683897917862,0.07332278745889725,0.37610048120428535
ITGB3,0.7602988894431257,1.834575493821991,0.07334039032039516,0.37610048120428535
RAC3,0.8161851684462298,1.833969752127736,0.0734654323749427,0.37642540975645666
CXCL2,1.6175067467044073,1.8353482353868933,0.073492285470193,0.37642540975645666
SPART,-0.32714763849722583,-1.834244716340016,0.07349941291729205,0.37642540975645666
TM2D2,0.28517570137032244,1.833099688662198,0.0735842274197886,0.3766963593627946
CDC25B,-0.45529732807300416,-1.8378987284011221,0.0736302627206899,0.3767686395395511
RALGPS1,0.7601295767539329,1.8321175801263396,0.07370852033990788,0.3770056683763486
PRDM2,0.707528730786251,1.8626262321721965,0.07381195979433655,0.3771834203344419
PIGF,-0.5070766842063659,-1.8337073601947729,0.07382547512827255,0.3771834203344419
PSMD4,-0.23011951027553756,-1.8414383715860345,0.0738391261662766,0.3771834203344419
NR4A1,0.7450469419703847,1.835341338375869,0.07389264553751856,0.37729354695951844
SUGT1,-0.22164507480479223,-1.8394119958679176,0.07396675798872483,0.3774570952753348
ALKBH7,-0.22321854361323723,-1.8338218364379677,0.07399612318353052,0.3774570952753348
GET4,-0.5725750565742143,-1.8406929318402319,0.07402059936996189,0.3774570952753348
ZNF616,0.7717800286116512,1.8329104612044549,0.07417498880960136,0.37789765946148746
CACNA1C,0.9817196941402093,1.8308934363577059,0.07419495897208936,0.37789765946148746
ASPA,-0.7535417499231731,-1.8439226317523036,0.07420303046435646,0.37789765946148746
SREK1IP1,0.3151246226572306,1.8299459953642838,0.07427076131590678,0.3780794900104698
BORCS6,-0.8265853995333594,-1.828955666693803,0.07434151721687146,0.3782765563556757
SGSH,-0.5423029797399419,-1.829505170242097,0.07438081144560006,0.37830191762118287
FKBP14,0.8423462112980724,1.8552810078108535,0.07441059319918565,0.37830191762118287
GALNS,0.6970732431105517,1.8568341260380024,0.07444462307109144,0.37831199972201224
RAB35,0.5762985441401076,1.8551838755768082,0.07449325889556938,0.3783539860798118
TCP11L2,-0.859675040090147,-1.8273147291714336,0.07451698582258047,0.3783539860798118
WBP2,-0.6128601613788316,-1.8262972534129103,0.0746244075547627,0.3785667007344334
ZFAND2A,0.6989469184989945,1.8261359028789643,0.07465912549331677,0.3785667007344334
TPRG1L,-0.8448014515259734,-1.8268506715318156,0.07466283726980039,0.3785667007344334
TUBB2A,0.6098886591436132,1.8349203217767618,0.07468715341046128,0.3785667007344334
TRIAP1,-0.33911921075731666,-1.8303442395971197,0.07483490676167161,0.3791528215972246
ALMS1,0.7869752684114388,1.8307562188866076,0.0748794760914373,0.3792158795621696
PPFIBP1,0.6388901486812051,1.8616464378917068,0.07494213582834792,0.3793704603146
HYPK,0.7740198956106317,1.826899589891131,0.07508122886851189,0.37986890573620763
GLB1L,-0.8097652130216559,-1.8230212448743293,0.07517935096188497,0.37986890573620763
C19orf12,0.5394355777764854,1.8478631993388164,0.07523250573514045,0.37986890573620763
GALNT12,-1.0639502076266516,-1.827203935302414,0.07532060190902705,0.37986890573620763
TIMP1,-0.5177892539107596,-1.830999849915684,0.07532239286364423,0.37986890573620763
SPTY2D1,0.7197578567800162,1.8503551735813966,0.07532582223061066,0.37986890573620763
SNX3,-0.25288327483533557,-1.8246734992656006,0.07534085702109418,0.37986890573620763
ATP5PO,-0.6823010507595484,-1.827017747237505,0.07534657604504254,0.37986890573620763
DYNC1I1,0.8325783967422691,1.8227376178976809,0.07535325471242765,0.37986890573620763
SLC36A1,0.8237889578522215,1.8235673888528032,0.0753672721443324,0.37986890573620763
PCGF1,-0.4847543213986123,-1.823344195896797,0.07539456553493727,0.37986890573620763
GPS2,-0.5797751596663878,-1.8212181317035794,0.07549448877636493,0.38005340317469
COX18,0.7505088611169217,1.8205592083800186,0.07549557225282914,0.38005340317469
TXLNA,0.8272303897869948,1.8218036799058606,0.07566752848463801,0.38051967149916055
NR1H3,-0.4714966441873276,-1.8228440562767028,0.07567443743241814,0.38051967149916055
UIMC1,-0.48516430116634446,-1.821123978260474,0.07569102196555227,0.38051967149916055
C6orf136,-0.7361951835524274,-1.8190256601331267,0.07571712904290794,0.38051967149916055
SCARB2,0.27544469606406174,1.8190138623435457,0.0757757746739863,0.3805564246079162
GNL1,0.31169291779741926,1.8238644655486373,0.07578891607396959,0.3805564246079162
VPS4A,-0.5006292411527475,-1.8251436669444034,0.07587391915561369,0.3806368372244099
HOOK2,0.34318492852634463,1.8182457509736574,0.07591311284017493,0.3806368372244099
CEP20,-0.33244150624891144,-1.8263534079024897,0.07594101428858731,0.3806368372244099
GAP43,0.9985204041541971,1.817702074201056,0.07599279616630933,0.3806368372244099
ZBTB4,0.6369452978771069,1.8365431170032875,0.07601371164184464,0.3806368372244099
DDHD1,0.7799389782035262,1.8231331101228676,0.07602250118629778,0.3806368372244099
TRIP12,0.34294377988391656,1.8174788116413374,0.07603063635537133,0.3806368372244099
GPX7,0.7503038513090923,1.8330211309586482,0.07606606405148972,0.3806527707197271
PCNP,0.3097441413963633,1.8196092833791195,0.07613854630974196,0.3807323594706383
SCGB3A2,1.1207509175406685,1.816729802388862,0.07614647189412767,0.3807323594706383
TMEM43,-0.5406101135548287,-1.8427719438993468,0.07619708606258686,0.38082413250162483
PRRG3,0.8804358653120676,1.8198085776730617,0.07626852309274136,0.38099253958756196
RBPMS-AS1,-0.8291675602658235,-1.8220366517598565,0.07630089992004778,0.38099253958756196
SLC39A13,-0.5290130696506177,-1.8272449875877894,0.0763276032295285,0.38099253958756196
ANOS1,0.9802070949973074,1.8221644179909662,0.07642830572569104,0.38133395988663676
AHDC1,0.7717724169345788,1.8283786866891258,0.0764779008881544,0.38142020278186
GABARAPL1,-0.5832732070426019,-1.8221515937104975,0.07655576647393318,0.38162558328454155
ACP5,0.9596717442301594,1.8208800485176018,0.07662155199928804,0.38162558328454155
ARF4,0.2902347149159432,1.8131214094514907,0.07663982434991207,0.38162558328454155
KDELR1,-0.2501928743004047,-1.8176887034138598,0.07666406916328815,0.38162558328454155
FENDRR,0.8382313777931736,1.8141063748270023,0.0766807186404856,0.38162558328454155
ASH1L-AS1,-0.7576668842098924,-1.8147083031016418,0.07688325962532642,0.3824723471879387
PXYLP1,0.8597700551590322,1.8141700224805777,0.0769185097799552,0.3824865239900468
UBXN8,0.7953851177443458,1.8306568263753764,0.07702691615170996,0.38273103783550955
FOXL1,0.7460689044752595,1.8117364867888979,0.07707341189946586,0.38273103783550955
OLFM2,1.0526174661569172,1.8114281534452976,0.07709697679125924,0.38273103783550955
CD151,-0.27512280946882584,-1.823808901899756,0.07709736619846182,0.38273103783550955
E2F3,0.7715506168143402,1.812336418777387,0.07714880156584526,0.38282538986330533
SCN9A,-0.7343787631440688,-1.8257427175129146,0.07721398632853566,0.3829581568311115
WDR20,-0.6661129932570464,-1.8095533071334362,0.07726047797630108,0.3829581568311115
SMARCA2,0.2935739043873209,1.8233204392953573,0.07727287840505782,0.3829581568311115
NAB1,0.812823660228164,1.8162868164978525,0.0773254814153345,0.3830580394914074
ZNF579,-0.8896625454887943,-1.811261547006216,0.07741755728161195,0.38335329853583433
STX6,0.4767443652410943,1.8238652398053974,0.07747498231617206,0.3834767992630655
GLRX,-0.34506063283220634,-1.8132096869500305,0.0776017166340492,0.3839431118461655
PNO1,0.8579590700608453,1.8169566740228253,0.07773757149403028,0.38414107815664794
LCORL,-0.7532917187626551,-1.8064532234713842,0.07776024420795614,0.38414107815664794
ZDHHC20,0.7744846605312792,1.8099304171862496,0.07781437692284762,0.38414107815664794
PRPF40B,0.5709237546036632,1.811056480169005,0.07782574072181503,0.38414107815664794
TMEM47,-0.4602506160124413,-1.8068521411323077,0.07784992787462819,0.38414107815664794
SCARA3,0.7801709443470219,1.831490695715937,0.07786316769807873,0.38414107815664794
CAV1,0.44592540128944513,1.8136048221818806,0.07786951292069957,0.38414107815664794
TOP6BL,-0.7611633307151873,-1.8082929042652818,0.07802087586776849,0.3847270006762769
RPS10,-0.7828351122733945,-1.8096544343700913,0.07818582118070096,0.38537938164433183
FIGNL1,-0.7403343056993603,-1.8013939074129914,0.07849802208568207,0.386756740701785
CBY1,0.3447124899811911,1.8009553810168921,0.07866698098019359,0.3872752226354257
GTPBP10,-0.40830653560473706,-1.8065920743053296,0.07866886775770866,0.3872752226354257
DOCK4,0.599515255371843,1.8260444135523368,0.07877324253281245,0.3875004491430012
SLC25A11,0.28634171747210857,1.8018731557617307,0.07878026920315145,0.3875004491430012
SUMO2,0.15218134397353644,1.804880442340546,0.07890049517511517,0.38793017307048505
DHRS13,-0.7267775843173145,-1.806047223780752,0.07894013575703335,0.38796348984670215
ANXA7,-0.2289616174835194,-1.7984742427960947,0.07934058316908049,0.38976928186058896
TMOD2,-0.7114231209535107,-1.796667808612994,0.07940436704196024,0.3897886043840652
SENP8,0.5443034782196905,1.7957275325661117,0.07941968773414519,0.3897886043840652
STAT5A,-0.8191860276982972,-1.7957486004881373,0.07944357324422371,0.3897886043840652
TXNDC17,-0.291319777817276,-1.7965330958624013,0.07964233860620956,0.39048206428596816
PSORS1C1,-0.8408207359052107,-1.7987694243796157,0.07965106402377055,0.39048206428596816
UBE2B,-0.23010498444721783,-1.807013156082472,0.0797084860346822,0.3906013605809146
STMP1,-0.24085729897946795,-1.7944261203436378,0.07979816838564582,0.3908232477753149
ZNF236-DT,-0.7785325111630883,-1.7953757637666417,0.07981997885525491,0.3908232477753149
RSPO1,0.847640773164156,1.792227318573382,0.0800877450899805,0.39195577854894303
PRH1,0.7557093748837505,1.7914055414203685,0.0801176868817111,0.39195577854894303
UBQLN1,-0.6095846730333472,-1.813921999291202,0.08021042595250011,0.3922469255879303
FGL2,0.9616688363143373,1.790364881598555,0.08027760687827852,0.3924128982186658
NEGR1,-0.5564507219185497,-1.795443260111301,0.08035536656555096,0.39241957447408987
TRMT5,0.6283613371760066,1.8113531807936987,0.0803605472300599,0.39241957447408987
ENSG00000267328,-0.9748583470397696,-1.7898562480956743,0.08037869810066492,0.39241957447408987
TTC19,0.6888549700592721,1.8144284381458384,0.08049501207585255,0.3927127235499252
KLF9,0.5106669871962684,1.7964836989975037,0.08056533600255017,0.3927127235499252
OTULINL,0.8588783880241944,1.7894826914026265,0.08058719703309153,0.3927127235499252
EIF2AK2,0.5696373750482744,1.81896325262924,0.08059116429444063,0.3927127235499252
CETN2,0.5311722432823061,1.8132378390357815,0.08060511424742163,0.3927127235499252
VAMP8,-0.6249305691306364,-1.7898164829004264,0.08073057677072047,0.3927127235499252
HMGN5,0.8188146313117599,1.7877008827080623,0.08073679413223989,0.3927127235499252
SDC2,0.40559114673060126,1.7878104168582065,0.08078738827720106,0.3927127235499252
ENSG00000284292,-1.0806394698363269,-1.7874014258888946,0.0807885764545853,0.3927127235499252
TAF10,-0.8150613788215155,-1.7873061019039342,0.08080274407347897,0.3927127235499252
PCYT2,-0.8735860485503668,-1.788813957593825,0.08083185901420452,0.3927127235499252
TMEM63A,0.779486249102781,1.797952001640918,0.08083794309413962,0.3927127235499252
DNAJC12,0.7985786720036236,1.7873834040318022,0.08102321813824015,0.39337823590646553
RNASET2,0.41561620919024733,1.7958062323494597,0.0810415815099131,0.39337823590646553
SUPT6H,0.5623620609986206,1.8076910932633048,0.0811828325325405,0.3939019063077026
FOXP2,-0.8305039729664134,-1.7842405678868003,0.08128572345099766,0.39409301482403764
SRF,0.8035373284711862,1.791849425510963,0.08131870064390678,0.39409301482403764
RAB9A,-0.5272879659169325,-1.8004756753913371,0.08132237053039862,0.39409301482403764
TSHZ3,0.5509587381523335,1.7840615078657749,0.08137417946945764,0.3941822686241065
SRGAP3,0.7260838938411356,1.7831277262799408,0.0814673915644288,0.39447192675064885
MLPH,-0.8259875834482442,-1.7891797551272248,0.08153947260700083,0.39461730517985344
FTL,-0.2809410107138639,-1.8066555214286781,0.08157168828509175,0.39461730517985344
ADISSP,0.5140435176802285,1.8027154751772332,0.08163973677601936,0.39461730517985344
ROMO1,-0.28666989019566547,-1.7853163730371568,0.0816546959991934,0.39461730517985344
ENSG00000272691,0.6456393479106101,1.78225003270824,0.08166455540486081,0.39461730517985344
ISG15,0.47509019115085316,1.7817654814059922,0.08172127640897427,0.39468830185055975
FOXRED2,0.8258192970162423,1.800904856444709,0.08174611588518582,0.39468830185055975
MAILR,0.7904341299846245,1.7864655250433668,0.08178155190149258,0.39469796410348323
ACTR10,-0.32534535198461345,-1.7817413398775306,0.08185775596849595,0.39490429473154665
GNB4,0.2869240523306633,1.7813021223870842,0.0819406023616544,0.3950546231073098
TMEM183A,-0.2548024692391744,-1.7857481873033743,0.0819558468436935,0.3950546231073098
MOCOS,-0.7611230764640671,-1.782873068908889,0.0821961529125616,0.3960512592378733
STAT1,0.5897953589183151,1.792960179305494,0.08247508405916239,0.3972331160009841
AZIN1,-0.5330034289341725,-1.7809278499459231,0.08265111755301775,0.3976227589828611
ARMCX3,0.22800566946406597,1.7766299763551063,0.08265454059334833,0.3976227589828611
PCGF3-AS1,0.7530078648176639,1.7797166379221208,0.08265703096517925,0.3976227589828611
ARSJ,0.9002674571030336,1.777332364934368,0.08292486424052084,0.39874868527875706
WHRN,0.754638102552344,1.7739679310350553,0.08300561084220766,0.3989569942577156
BAHCC1,0.794679050379064,1.775482706284025,0.08303577593318147,0.3989569942577156
CENPB,0.7787801705159318,1.7798597224052304,0.08307219488036299,0.3989695933940948
PABIR1,0.6069489963009906,1.8052271189624505,0.08317525148507232,0.3992940044165559
SAMD4A,0.8103477798632204,1.773942264394745,0.083207391009295,0.3992940044165559
MZF1,0.7078588198184468,1.7744784928923931,0.08331270229204571,0.39961687224880393
GRSF1,-0.2178889277838456,-1.7719717000487603,0.08334237522037741,0.39961687224880393
EFNB2,0.8046489603541058,1.7713900198584795,0.08342527788216536,0.39985197133534794
NME4,0.2840546478281931,1.7712309412722316,0.08354667745615281,0.4002713179260893
SP100,-0.24555057929302926,-1.7703715149364654,0.08360321133897881,0.40037967945502834
SEC31A,0.2377988105875941,1.7698462715346197,0.08371084679296908,0.4007325816670722
NLGN3,0.7932332871548109,1.7706874454776151,0.08379751296885203,0.4009848563426422
ENTPD4,0.7117007108337341,1.7814564087984628,0.08388925242014235,0.40122686831785376
SRSF7,0.4388947996930481,1.775779802042902,0.0839160641996426,0.40122686831785376
KAT8,-0.6273032544808803,-1.7819683635617611,0.08401634795168243,0.40147841526329614
MISP3,-0.7726544429350688,-1.7708828275038524,0.0840366932753583,0.40147841526329614
RELA,-0.47191836711725355,-1.787468551795831,0.08420333056048333,0.4019874951211225
ZNF316,0.7570137029492183,1.7709106361166005,0.0842113575124554,0.4019874951211225
ARRB1,-0.7222234824381375,-1.7664444466002724,0.08429100216492755,0.40220504468753826
MRPS15,-0.2573549676636402,-1.7714348968628462,0.08451982197877705,0.40304347742583324
CHD1,0.40719531704890777,1.7657157596286832,0.08453499789126329,0.40304347742583324
ZNF449,0.7595040458811682,1.7694399575541173,0.08460259550362498,0.4032029228584145
SLC43A3,-0.5415587734820182,-1.7655732695613593,0.08468252689652112,0.4034177381090097
COL4A6,0.9026998134359963,1.7643582480604032,0.08471601632971072,0.4034177381090097
SECISBP2L,0.31068011574574683,1.768695203238646,0.08481447602835863,0.4036279785912524
GDPD5,-0.7986404214577152,-1.766964237804505,0.08484770172788535,0.4036279785912524
TMTC1,-0.8351336782522112,-1.7646637945962322,0.08486273975971947,0.4036279785912524
SFRP4,1.0033338321978515,1.7651107299687294,0.08505167718018396,0.404234517271644
ZNF570,-0.711600098154646,-1.761792314221546,0.08505874975881099,0.404234517271644
PRRX2,-1.0791820727084245,-1.763114124560416,0.08509304619673914,0.4042347727776682
CELF1,-0.5805969790999379,-1.774923419854158,0.08520639005720616,0.4042889591648774
UTP3,0.6939380033453979,1.767049216263751,0.08522503628863076,0.4042889591648774
FCGRT,0.3075460544526054,1.7662938244198112,0.08526839459618986,0.4042889591648774
RBMS1,0.25368271211675353,1.7638903263769405,0.0852916892229003,0.4042889591648774
CLIC3,1.002924108724005,1.7663098499768362,0.08529321370261188,0.4042889591648774
MRPS7,0.3071049450932568,1.7638756994759013,0.08530993623716303,0.4042889591648774
DOT1L,0.8467679403351609,1.7597824064648608,0.08541724465139403,0.40463506144049216
RAB28,0.7561927393220023,1.7937905155935419,0.08547514921862766,0.40474694605932593
ENSG00000273338,-0.8649819254838507,-1.7706552905180437,0.08583433812183265,0.40613678704631784
MRAS,0.7248862756681955,1.7820514253590012,0.0858374657925085,0.40613678704631784
ETV2,0.8078660685260275,1.7596055557946504,0.08589167841254326,0.40623047422278574
CORO6,-0.9762349549912108,-1.7625913450705144,0.08594321411810689,0.40631143078263987
SLC35G1,0.7408091915618997,1.7567317272629417,0.08604231271600085,0.4066170943204124
MFSD6,0.8148287688081974,1.7612185712211907,0.08624262076085507,0.4072588796168181
RNPEP,-0.4761732767611173,-1.7663472065356143,0.08624711554782255,0.4072588796168181
CCS,0.22229390866048782,1.7548214770918844,0.08629661408654216,0.4072946613765085
RAVER2,0.6992476770232849,1.754629125957438,0.08632369697281018,0.4072946613765085
CRAT,-0.48578833632900675,-1.773175809254675,0.08650024021349702,0.40796457679597775
CNST,0.7650638122611708,1.7590882246353639,0.08655962570356202,0.40808162197705655
PTPRD-AS1,0.9017554784271606,1.762459305980924,0.08666745420005313,0.40839874244370655
SMAD5,0.7758526538196575,1.7873405840976948,0.08669608204692322,0.40839874244370655
PIGG,-0.6222895427309942,-1.7521259990157463,0.0867981030754811,0.4087162372580991
PMM1,-0.32178153380139296,-1.752207875840886,0.08685186533886301,0.4088063278808923
ADK,0.37585984431167585,1.7569455987404368,0.08691594682996169,0.4089448992936221
SETBP1,0.783594688243805,1.756599623083667,0.08701187732055801,0.40923315209927785
MST1,0.7928436404749672,1.7515212273160443,0.08705875630338017,0.4092905687620083
FIGN,-0.8187639720318627,-1.7502998055221561,0.08709972232953646,0.4093201521099435
SCAPER,0.7364741148314695,1.7525945253135755,0.08714415188670625,0.409365982102096
KHDRBS3,0.8279950660414239,1.760689873252701,0.08722933204662707,0.40960312840510443
NDUFB9,-0.1830598306534501,-1.7489392552739957,0.0873275518180545,0.4099012919332538
UBE2E3,0.2974583832850115,1.7481310617849946,0.08746146646793605,0.41021093311585877
DENND4C,-0.5427669525915793,-1.748046929509646,0.08748266125959493,0.41021093311585877
LRFN5,0.6837869416539988,1.7495231898819472,0.08749776616566984,0.41021093311585877
NFATC4,0.5086608867252238,1.7631338094742017,0.08754089658303739,0.410250212053496
SNRNP70,0.2794663361234955,1.7623753307671142,0.08782789914203157,0.41127830815091077
PRMT2,0.31189531185595687,1.768245846196345,0.08784368266397596,0.41127830815091077
BPHL,0.742329919231342,1.7510074638228925,0.08789376950282005,0.41127830815091077
CHMP2B,0.233129592803909,1.75074372881042,0.08789963333034713,0.41127830815091077
NDFIP1,-0.21887355695055088,-1.7454621813012834,0.08800846788710155,0.4114015312217908
TATDN3,-0.6729491528960945,-1.744553803801404,0.08809880359349265,0.4114015312217908
WASF2,0.34464330523627407,1.7599179573277572,0.08812958563098802,0.4114015312217908
BCL2L1,-0.503316011503772,-1.7460168010272288,0.088133060808706,0.4114015312217908
RHOQ,-0.4250944562231469,-1.7482053086799083,0.08813333495788724,0.4114015312217908
PECR,0.6891942944787832,1.7463681305695826,0.08813506755272418,0.4114015312217908
ACBD3,-0.6097125686843619,-1.7437618095732688,0.08822485628170065,0.41149789871622217
PPP2R5B,0.655080425364523,1.7557382742988377,0.08826581119500389,0.41149789871622217
TMEM263,0.6204262209589482,1.7707874882832249,0.08827723554413736,0.41149789871622217
TMBIM4,-0.49184309687449357,-1.7478857946502229,0.08834311297835194,0.41149789871622217
CDH23,0.8825742211224783,1.743858013935715,0.08834418155396632,0.41149789871622217
RAB32,-0.4426078819652357,-1.7471351402682407,0.08840102116015343,0.41149789871622217
RSPO3,-0.9763491070838297,-1.7425391372103616,0.08842750482054654,0.41149789871622217
PRG4,1.2656963648315571,1.762998718727613,0.08843457594604454,0.41149789871622217
NUP107,-0.45767172973278214,-1.7445270072000258,0.08858976216322703,0.412041627505641
SLC25A23,-0.808650037543845,-1.741262539643161,0.0886370963071598,0.412041627505641
PRICKLE2,0.5640996208060551,1.7502493722495314,0.08865614009863008,0.412041627505641
EIF2S2,-0.2631848634990055,-1.7482072737018677,0.08871897040791213,0.4120985108274208
USP36,0.743581901580304,1.7475843641348743,0.08874906922504254,0.4120985108274208
HUWE1,0.40632724171133994,1.7424884074580944,0.08877310572080738,0.4120985108274208
ZNF92,0.7395008766135227,1.741502743850685,0.08884852572253134,0.4122864961299066
PTBP2,0.863375131101507,1.749468412705376,0.08890387032962664,0.412347541436568
CLEC2D,0.664503625980104,1.740226963647209,0.0889415977139533,0.412347541436568
DPH6,-0.6418922015794037,-1.746284789406847,0.08896647082074872,0.412347541436568
SPRTN,0.6273862110804878,1.7493226773676593,0.0890189877516817,0.41240562483568816
ICE2,0.4705051967311049,1.7546413980135915,0.08907557477528827,0.41240562483568816
HAUS5,0.7775920199459581,1.7400169608354839,0.08908380714366834,0.41240562483568816
FCF1,-0.6801126711136689,-1.7383564373989326,0.08918153474102039,0.4126941624954304
UPF1,0.8085072699904616,1.7553997064007205,0.08921605274784739,0.4126941624954304
TRO,0.8458565542939613,1.7398678262203053,0.08927109181079342,0.4127870108994972
WWC3,0.7409785902726234,1.753134227194089,0.089541429444793,0.41364186219652704
RASA2,0.746755333088895,1.747635923565926,0.08956519506818297,0.41364186219652704
WDR91,0.7552498484884733,1.7366868606980062,0.08957230215634625,0.41364186219652704
MVP,-0.35272294842086627,-1.7359056573633842,0.08959612381503766,0.41364186219652704
ZNF44,-0.6195449584627131,-1.735260618153171,0.08972049494001604,0.41391586109029
PPRC1,0.8229312481965185,1.7352271263882966,0.08972559835070326,0.41391586109029
KMT2B,0.7381922823188054,1.7378291882742407,0.08984617552415324,0.4143101961182144
DENND6B,0.7331650458296715,1.7358952249188957,0.08988900551375927,0.4143458454080156
GAK,-0.5319539606726331,-1.738365149652138,0.08998007399023562,0.41460373671144873
RGS12,0.7661961317441301,1.7395352812546343,0.09010853531138277,0.4149451407332009
FNTA,-0.2571357467216906,-1.736098416869887,0.09013538165023038,0.4149451407332009
GOLGA3,0.5183351421085538,1.7469217023862476,0.09017033756962473,0.4149451407332009
CIART,0.8877934410242418,1.7331403061093786,0.09019476756640352,0.4149451407332009
ITPRIPL2,0.4674715233294737,1.7354977384024308,0.09026405659806998,0.41503866888322244
PGK1,-0.26073966878767685,-1.7336528576204981,0.09029997078869997,0.41503866888322244
YIPF6,-0.28607793347683064,-1.7316315624307497,0.09035246087874133,0.41503866888322244
DNAJC19,-0.49784872464763996,-1.743813347041072,0.09035572884624156,0.41503866888322244
TANC1,0.9160188317920541,1.7309839550878323,0.09052919406341019,0.41567372069955555
NRSN2,0.5077319391506028,1.7466309365242483,0.09061820743749482,0.41568804339886944
PTPRC,-0.7897317109951718,-1.7313373689323166,0.09063338538356196,0.41568804339886944
MCM3,0.5983980795472617,1.7561334603564644,0.09063795202953748,0.41568804339886944
SRGAP2C,0.7827941455824496,1.7370422172513116,0.0907621128185144,0.41609582206701456
KCTD10,0.8301182585183886,1.7334796890969364,0.09082713131708382,0.4161585724524902
KCNQ1OT1,0.6861724504756506,1.7348296058571544,0.09084630590513064,0.4161585724524902
BTF3,-0.15401602900179867,-1.731224481817474,0.09094780211167822,0.41625743314105756
ZNF706,0.2074589557726485,1.7308433890671058,0.09097089421414947,0.41625743314105756
XPO7,0.7882799260154587,1.733470129274179,0.09100297000982278,0.41625743314105756
TSPOAP1,0.7497801224182195,1.7278539514258682,0.0910318827168967,0.41625743314105756
ZFAT,0.699374879673287,1.7304590013370114,0.09104419249218218,0.41625743314105756
SLC7A8,-0.844566407276329,-1.7374363352998596,0.09120300132039726,0.41682207920529984
HSPA12B,0.8354638670509911,1.729601440304337,0.0912877464207331,0.41704792821081826
BAZ1B,0.26921193669453203,1.732438158527293,0.09135024102504638,0.4171719904451344
FRG1,-0.2849285258903427,-1.7267715822350767,0.09138767282729915,0.4171815459111626
EXOSC10,-0.47158281239742106,-1.72827310508057,0.09149015985854193,0.4173363877870338
PRPSAP1,-0.44793269502779687,-1.7408683582623832,0.0914922974665687,0.4173363877870338
CLNS1A,-0.26284267715694387,-1.7326482927487097,0.09160210169158696,0.417675863448893
PRKN,0.7939980266060336,1.7248156079347945,0.09165733248150738,0.41774485796986544
KSR1,0.8112987426410996,1.727707148906894,0.09168800736975191,0.41774485796986544
BLTP2,0.7485718026964161,1.7537529329454518,0.09177182643646596,0.41796543637441386
RMDN1,0.7428636243886366,1.7554168590473531,0.09186893254269338,0.4182404110615149
ADHFE1,-0.9135676036377487,-1.726748933657986,0.09193253561355692,0.4182404110615149
MAST3,0.716188134811257,1.7234305191380161,0.09193848934389082,0.4182404110615149
SMG8,-0.7153384867294774,-1.7231944572658713,0.09211263634131109,0.41864919201038925
RRAGA,-0.27920340213874084,-1.725985161056061,0.09212014496432709,0.41864919201038925
DPY19L1,-0.8335097319272133,-1.7237338354159568,0.09216755729119028,0.41864919201038925
RBMX,0.2979815852487473,1.7226710425762832,0.09217020330664986,0.41864919201038925
DIP2B,0.7581377082960508,1.7279217175290373,0.09220960281921438,0.41866706203108683
INAFM1,0.41011687964900556,1.7285077500729205,0.09234071327037677,0.4191011611521714
CTH,-0.8588441609369721,-1.7273426150211835,0.09240657417003946,0.41923889626338046
APOBEC3C,0.7700911128924259,1.7360681617516813,0.092548633758934,0.4194425317015779
PPTC7,0.656511951469358,1.7216671602823916,0.09256279398233583,0.4194425317015779
EDF1,0.2439336990277976,1.727471386052179,0.09259051453377881,0.4194425317015779
B3GNTL1,0.7184288813244732,1.7200355697375196,0.09259358217825599,0.4194425317015779
ZNF559,0.7186429575932731,1.7200223095997993,0.09271633808391747,0.4198375032913869
PHF23,0.740102530615498,1.7267468429486454,0.09287654551351875,0.42036673286335174
RMND1,-0.66950310601875,-1.7215910704364321,0.09290443083782166,0.42036673286335174
ZFAND3,0.503641908408702,1.7507006330251151,0.09301453488124865,0.42063402850613857
UTP25,-0.7607813306421507,-1.718296156867714,0.0930347690325733,0.42063402850613857
MRPS17,-0.879367487668842,-1.7158425930288206,0.09322675675193771,0.42133728566868345
ADAMTS12,0.8356847227356425,1.7170527093556345,0.09326169652285216,0.42133728566868345
SMIM14,-0.4024999353250287,-1.728040723162647,0.09335303381709417,0.4215271564364829
NIPA2,0.3228472799058366,1.7179886446102524,0.09339984214096483,0.4215271564364829
SGIP1,0.9107085186023172,1.714941279704695,0.09341084635644553,0.4215271564364829
MAP1S,-0.3675468136107751,-1.7162332565462821,0.09345846205153573,0.42156386812932983
ETNK2,-0.5892751822063471,-1.7151162178123736,0.09349040294473406,0.42156386812932983
RAB13,0.3656879725603197,1.7192267595861164,0.09353315902307231,0.42159562514981624
RARB,0.8183508896259335,1.715171574531084,0.09356910246620999,0.42159666206626295
FADS1,-0.40827545350304284,-1.7180353804767363,0.09365538313812587,0.421824417377175
AP2A2,-0.43953918398359093,-1.7156859594521567,0.09375081696261452,0.42204049624497125
TTC32,-0.7076197899601149,-1.718917571238752,0.0938256140011877,0.42204049624497125
ENSG00000254596,0.7797909160910179,1.715783945961675,0.09386546014470523,0.42204049624497125
BST2,0.6984537593205138,1.7301995706121716,0.09387347399154738,0.42204049624497125
LSM1,0.5384862041033509,1.7393428850959716,0.09388211293005459,0.42204049624497125
HINT3,0.7139863279353391,1.7243895119256603,0.09402158292299406,0.4225065802839531
TXNDC12,-0.2636769024549368,-1.7126829965880157,0.09419300667458944,0.4229413302656528
MPHOSPH10,0.6451953905261423,1.7461438886653913,0.09420954132928207,0.4229413302656528
SMAGP,0.759918065113067,1.7152821078500402,0.09422910287015014,0.4229413302656528
DMTF1,0.6487976714503341,1.7252173280262153,0.09426520428982406,0.4229413302656528
FAM89A,-0.7381733799612764,-1.7100988260411847,0.09429746558739502,0.4229413302656528
IFT70A,-0.7187514090715263,-1.7112412214436261,0.09450555098025336,0.42368649877185455
ENSG00000254531,-0.7812567475430305,-1.709007248056416,0.09453538651122956,0.42368649877185455
VWA8,0.7707752751178436,1.7136447616811992,0.0946260553386171,0.42387968142284904
NLGN4Y,1.036238537469597,1.7082226134096832,0.09469530944023828,0.42387968142284904
VWA5A,0.7544394636451015,1.7329250436241435,0.09471922549496235,0.42387968142284904
PDLIM4,0.6015178176412741,1.7183040411495119,0.09477771368490283,0.42387968142284904
COPA,0.54299268355118,1.7384353512970805,0.09479555592272887,0.42387968142284904
PTPRK,0.5895418716546486,1.7095112882667105,0.09482004185471049,0.42387968142284904
GLG1,0.23843684304376644,1.7101224070430143,0.09482983808875428,0.42387968142284904
SLC10A3,-0.6067413956917544,-1.7253163281967734,0.09501842868263885,0.42442828034744456
BMPR2,0.36940188988885225,1.7106980181472746,0.09502447648947869,0.42442828034744456
ZDHHC7,-0.6496861700356993,-1.7151288354455076,0.09508978709582595,0.42455935577391274
ZNG1E,0.8456627254293259,1.7070130615399053,0.09535531062421422,0.4252430334733398
NEK11,0.8195736074637807,1.7104689497594892,0.09539774849690928,0.4252430334733398
PXN-AS1,0.6764229739503784,1.706179183511818,0.09542245551724687,0.4252430334733398
MRPL35,0.4585468908843464,1.7194505322793083,0.09542549627005276,0.4252430334733398
C3,-0.4949628654276168,-1.7043316389893115,0.0954700015009568,0.4252430334733398
SLC16A9,0.6864420368639443,1.7037456769603718,0.09548563341022588,0.4252430334733398
ITPKB,0.7965882894680805,1.7059444964507915,0.09549506833865513,0.4252430334733398
FOLR1,0.7705377368558213,1.7036700728431147,0.09557348224231954,0.4253025028669363
SASH1,-0.6600473208517963,-1.707388342756637,0.0955804777726372,0.4253025028669363
ZFYVE21,-0.22296208363293957,-1.7072907284900019,0.09565813392536021,0.4254876680440382
ZNF808,-0.7739634793825214,-1.704860025893444,0.09581872725663726,0.42604145961001993
PLSCR4,0.27690885297216816,1.7061467219605053,0.09587171652701873,0.42611657138609044
TM6SF2,0.6780694454535046,1.7010466517268639,0.09617340415743485,0.427296588663349
VTI1B,-0.20285519660520457,-1.6997095922089642,0.09625650034210557,0.4273304895098856
ADAM19,0.8783385066984071,1.7016998780943702,0.09628728599843313,0.4273304895098856
NAT10,-0.6095299969024,-1.7012606019013545,0.0962896316896481,0.4273304895098856
EEFSEC,-0.7277603163698352,-1.7021733296767065,0.09651418441998195,0.4281660830807542
FBXW11,0.5235100595305484,1.7229291019195105,0.09664912625005023,0.4283036909054458
JMJD1C,0.3354953078550915,1.698078551785272,0.09665030816246502,0.4283036909054458
SSH2,-0.6958567002969849,-1.6977930450797536,0.09667348224766827,0.4283036909054458
ARMC2,0.769181873496581,1.6990892173188348,0.09669032920482958,0.4283036909054458
CDK18,0.8633984890452036,1.700920580638611,0.09679013945581302,0.4285664832370723
CAMSAP2,0.7759565196956086,1.7063909804887216,0.09682226266779093,0.4285664832370723
HACD4,0.7103618491300043,1.7218272039795197,0.09688812761226809,0.42862650618349535
FMNL3,0.8360305639933867,1.696469533280982,0.09693938138321706,0.42862650618349535
SPMIP6,0.7490257060810459,1.6960399142663143,0.09694474981024417,0.42862650618349535
WDR75,-0.7407338685973683,-1.6977060344914268,0.09707818199331168,0.42905576129952994
AK3,0.23989036757580084,1.6997542528695437,0.09715317129733188,0.42922649220247117
ZDHHC14,0.7150340725542974,1.6994512295243234,0.09723335052041508,0.42934613668513166
EXOSC8,-0.27677257780908704,-1.7057748284358194,0.09725299190987226,0.42934613668513166
NOP58,0.3246680720605024,1.694486209085327,0.09732250384656378,0.4293756978429947
DCTN6-DT,-0.8363193023286075,-1.6986675397393503,0.09733243264954287,0.4293756978429947
GMEB1,0.8034597175871543,1.693859328991008,0.09749164441039988,0.429766367405178
TNFSF9,-0.9799014403549633,-1.6941150355640766,0.09749380194079346,0.429766367405178
STX11,-0.7681416219875001,-1.6936536244792897,0.09762887228253458,0.43020113374218766
CCDC93,0.6178766475091346,1.6972904590455882,0.09769100130109301,0.4302611975239381
GCDH,-0.7747437980447387,-1.696212178329201,0.09772647734848117,0.4302611975239381
RCBTB2,0.6733855937269673,1.7003752746054595,0.09775184512996205,0.4302611975239381
RNF122,0.7898745392824296,1.693065951457127,0.09800422658762209,0.4312112914151617
FNDC3B,0.24848025192039724,1.6901554092726443,0.09808912895039755,0.4313341808225863
NOP10,-0.17464946565638328,-1.6956542328604318,0.0981052329952261,0.4313341808225863
PLA2R1,0.6701014632392672,1.6925299967464624,0.09818309358176071,0.4315157929012231
TNXB,0.40896774284295745,1.6971644316815673,0.09836772920571869,0.4321663726362148
KCNE4,0.6365071698496054,1.7007567432545472,0.09851467777364258,0.43265095651705754
HRCT1,-0.9797877505804808,-1.6919658406855074,0.09865949646803271,0.43312582960398893
CYP4F12,-0.7983499685416799,-1.6901640635242476,0.09877674385158533,0.4333383015714486
CTNS,-0.7223306112218446,-1.6873066552694067,0.09878131042175078,0.4333383015714486
CACYBP,-0.2689244387865921,-1.6858958505918005,0.09896520198876567,0.4339837330896652
NCOA1,0.6039779435187382,1.6875433075596522,0.09904644786853839,0.4341787289595602
CDC34,-0.890406564394369,-1.685297394704089,0.09908725686763438,0.43419638727632665
CAMK2N1,0.7042523341451199,1.702477246277558,0.09959133068512935,0.4361988812164061
STON2,0.7962796934221539,1.6830510888126875,0.09968656699501931,0.4361988812164061
TLE2,0.8154460019623748,1.6930431956269527,0.09972463549272405,0.4361988812164061
PM20D2,0.7980210691085046,1.6816269036355362,0.09973445610453542,0.4361988812164061
LTA4H,-0.45798025702078693,-1.6910338720526505,0.09981972380169586,0.4361988812164061
ANAPC5,0.22773668902075705,1.6840277621031177,0.09984395372579526,0.4361988812164061
ZNF445,0.8526450435093724,1.682754121050009,0.09988798561450199,0.4361988812164061
USP53,-0.3521228818822024,-1.6811164058305923,0.09994439226708884,0.4361988812164061
EPC1,0.24954556289050256,1.6873688615904878,0.09997402835629873,0.4361988812164061
SMCO4,0.7811642162837056,1.685583881674642,0.09997946406764903,0.4361988812164061
BEND6,0.7071182551103024,1.6877975423556892,0.09999677098263625,0.4361988812164061
BATF3,1.0234362631070801,1.6870072380052095,0.10000569374683163,0.4361988812164061
TBCA,-0.18426786488061442,-1.680130623469606,0.10003920082500932,0.4361988812164061
RAB6A,-0.2334951721897056,-1.6801520983988012,0.10006154767759659,0.4361988812164061
PIP5K1A,0.7858001864078998,1.6834871945411343,0.10013275023621196,0.4362629284579385
ZNF317,0.6842631552956127,1.6811463387224885,0.10015015130207652,0.4362629284579385
RALA,0.757484399365782,1.6868605399032506,0.10022541043489162,0.436429719728475
FBXW2,0.46335487528071084,1.7044951133533723,0.10028612101417454,0.43645060598237795
FKBP3,0.5393523408345438,1.7089744401191385,0.10034019534172779,0.43645060598237795
CUL5,0.635088069101621,1.7066551903709282,0.10034112195139125,0.43645060598237795
PLEKHG2,0.7845689798873114,1.6893769936228866,0.10046876625165521,0.43684485657487654
RAB6B,0.747877105001316,1.6776980736549243,0.10070724214998093,0.4373686383087028
MRPS18C,-0.2788552327757312,-1.683081837690399,0.1007404137950294,0.4373686383087028
CGRRF1,0.6317390772578149,1.7075841962970901,0.10074073586360825,0.4373686383087028
C11orf68,-0.7349253643700786,-1.6761112155222446,0.10083230544009629,0.4373686383087028
TPTEP2-CSNK1E,0.6956148161695552,1.679995057242842,0.1008516604265926,0.4373686383087028
PDGFRA,-0.4218292254274978,-1.6805515467548573,0.10086111006232631,0.4373686383087028
RBX1,0.20819137863586068,1.6785411422526277,0.10086781868656597,0.4373686383087028
DLG4,0.6231110926130259,1.677628236879748,0.1009261188874266,0.4373686383087028
RUFY2,0.4798721818166882,1.6945171801131886,0.10097389953505288,0.4373686383087028
C15orf39,-0.7896364224044965,-1.6761045828276477,0.10097618021510404,0.4373686383087028
BEX4,0.3140162644182629,1.6763493045888118,0.10105106913728695,0.4373686383087028
CIAPIN1,-0.3055293825062346,-1.675202261742729,0.10107081082784468,0.4373686383087028
PPT1,-0.4750295751014857,-1.6923720036494145,0.10107151755394879,0.4373686383087028
AZIN2,0.7561076522207806,1.6747234464123755,0.1011149362449123,0.4373686383087028
RPL18,-0.16955737838119056,-1.674885637949476,0.10114497099388045,0.4373686383087028
UBA52,-0.1629258236060025,-1.6758193686281193,0.10129340213411699,0.43785009600631675
CCT7,-0.33505617726393844,-1.6732506891112717,0.10138900816806203,0.4381029434201948
ENDOV,0.7245254900197353,1.6786746036127158,0.10146365169488057,0.43825680305149933
B4GALT5,0.7286299573910071,1.6804546901574728,0.10149886484903001,0.43825680305149933
FAM110B,-0.47812295931164517,-1.672251157303785,0.10164852975799359,0.4387425571455628
APOO,0.7113336069907046,1.6777337870682933,0.10174866048633265,0.43901423137469187
C11orf24,0.6302512262650017,1.6945725830708551,0.10180632034676472,0.4391025252808029
DICER1-AS1,0.5989852009618924,1.6707200391297405,0.10188188313876412,0.439258034145353
ATP5PD,-0.15880166719253808,-1.6704724602587282,0.10192962720900356,0.439258034145353
CREM,0.6659733676939892,1.6704109043623248,0.10195400368981511,0.439258034145353
SDF2,-0.2024428828275111,-1.6700605988307258,0.10200808833417047,0.4393307124351997
PCM1,0.2622194498156327,1.6831365792091872,0.10205378348042311,0.43936721881341895
KIAA1586,0.3166076840187779,1.6696891483273955,0.10214887292982898,0.4393776434716579
POMC,-0.7356995886052993,-1.6726290858983546,0.10215255498375742,0.4393776434716579
TMEM127,0.48623859228050303,1.6903994271914171,0.10216786372975019,0.4393776434716579
RBM4,-0.4313009658174991,-1.6705137915660855,0.10227806799129915,0.4396914029997402
GLI4,-0.6739409888225834,-1.6685957550115622,0.10236162808594275,0.43981206877004947
TRIO,0.7168159288380842,1.6834097666179686,0.10240988461839047,0.43981206877004947
MMGT1,-0.3206565320490684,-1.6717830973027765,0.10241790572205557,0.43981206877004947
NYNRIN,0.7637237339369065,1.6814886352788652,0.10269760851156728,0.4404412969771074
BCAM,1.13165491636477,1.6781929726890952,0.10271346775498445,0.4404412969771074
THAP1,-0.40480192056395703,-1.669112025403001,0.1027405536152694,0.4404412969771074
PRKCE,0.6418075657839672,1.6765408357842537,0.10277306410993359,0.4404412969771074
PDE4A,0.6402816543971133,1.6906633446815635,0.1027756347975256,0.4404412969771074
GSTZ1,0.647325371460906,1.6873933340214347,0.10278829082354349,0.4404412969771074
NDUFA3,-0.28725448630412753,-1.6654650877034487,0.10293519367932596,0.44073284905136995
LARP7,0.33215169067297445,1.6688111500828289,0.10296681762955935,0.44073284905136995
FNTB,0.6716819302215069,1.6806147037556087,0.10301361137617022,0.44073284905136995
SNX5,-0.2819467578362227,-1.6654016339921132,0.1030657313163327,0.44073284905136995
CCDC117,0.7690956704136389,1.668359403343523,0.10306586630478264,0.44073284905136995
ACOT7,0.7861500541151738,1.6798427510865093,0.10308033852018911,0.44073284905136995
PAFAH2,0.6475780574484524,1.6645439975406964,0.10324471633966228,0.44127584228447253
MCM6,-0.5056534870198046,-1.6691728227823321,0.10328941374904414,0.44130501213061074
CDKN2C,-0.3383138841798905,-1.670710549709976,0.10332630694866651,0.44130501213061074
PACSIN3,0.7446882717112322,1.678326280826013,0.10337830645751034,0.44136741690087145
TECR,0.22895463304205066,1.669468248516702,0.10350904704105782,0.44138758186714777
NEURL2,-0.7766507777177543,-1.667494135324248,0.10354960156364182,0.44138758186714777
ZNF519,0.7441870920586027,1.6711023753769452,0.10355842730257209,0.44138758186714777
DHRSX,0.6216862040974398,1.6935427673522179,0.10356203751165545,0.44138758186714777
TTBK2,0.5421633142261637,1.664171569168386,0.10356997897263866,0.44138758186714777
ARIH1,0.5416723260845417,1.669681147588292,0.10364461956053504,0.4415462771245457
GABARAP,-0.19260213499482504,-1.665774713720653,0.10374814552241435,0.44155390810713113
YAF2,0.6688888308307614,1.6699501617946024,0.10378485726843825,0.44155390810713113
TIMP4,-0.9326116089370347,-1.6646984029583975,0.1037983051490984,0.44155390810713113
GOLM2,0.3387942724924162,1.6610953031966507,0.10382555141047022,0.44155390810713113
NBPF14,0.8736874388498501,1.6649213284448017,0.10383343065695858,0.44155390810713113
ZBED3,0.8434468171634708,1.6626283681460343,0.1040085525641529,0.44213934570393404
C1R,-0.31032851305587705,-1.6638556188190172,0.10416300795161475,0.44263654026955074
ETNK1,0.2514028714831591,1.6599378002006933,0.10421445431535536,0.44269580179660667
PTGS1,-0.7966979431180328,-1.6597266290416766,0.10437635290723116,0.4432240453488719
C1QC,-0.9112771031917668,-1.6647143223504077,0.10445253395371482,0.4433880486600516
CSTF2,-0.638265369867455,-1.6568883760588808,0.10466928053246696,0.44403277200636027
CHIC2,0.3743096012994238,1.6598334077672237,0.10467964459921225,0.44403277200636027
TERF1,0.4783399256867469,1.6885641411199008,0.10472213732746208,0.44405345946504665
PGM1,0.6676539504809735,1.656497812894281,0.10476583465956271,0.44407923811710515
RPLP1,-0.17473089996525282,-1.6574822885883813,0.10486865758764864,0.44408151468655577
WDR5B,-0.7080329407714394,-1.655860171396661,0.10491999916756381,0.44408151468655577
PCBP1,-0.3083627868285834,-1.6568417132030824,0.1049614124192836,0.44408151468655577
EIF3J,0.5735762182371174,1.669046334504582,0.10499006882315849,0.44408151468655577
PIM3,0.6272055735896238,1.666588509344601,0.10502596009844871,0.44408151468655577
ACVR1,0.6972007241306155,1.6609577676614127,0.10503780480044346,0.44408151468655577
PRRX1,0.3405802458483205,1.6686117228453428,0.1050788568405883,0.44408151468655577
NGLY1,-0.7393133042457527,-1.6579739602607075,0.10509852154539909,0.44408151468655577
CREB3L4,-0.6689252652731468,-1.6552225227334474,0.10510493452217169,0.44408151468655577
SHMT2,-0.47928816448099276,-1.6581118954826355,0.10522363476302408,0.44442397437477615
LYSET,-0.5191078523940962,-1.6548238657284073,0.1053261241394632,0.44469774515964344
MMP11,0.7274505684212409,1.6552976647001854,0.10543636300232165,0.4450040276161627
DNASE2,-0.3546540159385998,-1.6525588289311623,0.10555308068957549,0.44526815863954866
AMACR,-0.7736078372358053,-1.6534716977273756,0.10557438170538727,0.44526815863954866
ENSG00000275441,-0.7564178635528529,-1.6527125847926134,0.10568284981342091,0.44526869164411226
MN1,0.6778991259628055,1.658006529458524,0.10568779344853539,0.44526869164411226
LRRFIP1,0.7845662781505887,1.6801351732751026,0.10575220847086018,0.44526869164411226
HMGCL,-0.5385700584540212,-1.661502459613987,0.10578978777322362,0.44526869164411226
FAM50B,-0.7095376713235857,-1.6545136244233636,0.10579134653091722,0.44526869164411226
CBR1,-0.24352092957519833,-1.6579763163858672,0.10580081999675857,0.44526869164411226
TRHDE,0.8017859693076956,1.6575108397545313,0.10586205298738677,0.44527157489728547
SLC30A7,0.676853698710655,1.6575955516163268,0.10587694288324273,0.44527157489728547
CCL18,0.8853742369812458,1.6518876072090274,0.10592932730014848,0.4453332296218849
ZNF426,0.7325740769839872,1.6551349428522693,0.10598036020209894,0.4453891606214945
GDAP1,0.7499839255455061,1.6518534908226303,0.10616606640124922,0.4460108234401235
ZBTB2,0.7171462812615608,1.6526325427342687,0.10629652563530029,0.44637896701441315
CC2D1B,0.7353546046822539,1.6503720728539373,0.10636533035366129,0.44637896701441315
METTL17,-0.5038996558294739,-1.6556716360818493,0.10636713546899994,0.44637896701441315
GMCL1,0.5707128677207027,1.6729125513315424,0.10649451094715964,0.4467546914467731
AHCTF1,-0.4888515895046126,-1.656335014312913,0.10669919827125196,0.44745436433112945
MED4,0.2968754186148006,1.6469703530759368,0.10677946038203158,0.447631935301805
DCTN6,-0.365152797131449,-1.64683132383844,0.10686593614317426,0.4477259890123359
NET1,0.8262805763630974,1.665074284387122,0.10687774985487188,0.4477259890123359
PEX5,0.6944401004669527,1.6469314038551268,0.10697731989782445,0.44790767565256717
LNP1,0.7890657783483661,1.6476662026848443,0.10702698732602117,0.44790767565256717
CNOT6L,0.768720580346741,1.66050955648516,0.10703494731180788,0.44790767565256717
GRN,-0.26303739998945463,-1.6458003571920743,0.1071243443958173,0.4480060913550649
CBX7,-0.6529885627650787,-1.645218710657372,0.10713540014858687,0.4480060913550649
EIF4ENIF1,0.7577252349154899,1.6508806028283998,0.10720940433153563,0.4480060913550649
IQCE,0.7212390287970454,1.6446187420415095,0.10721026752037767,0.4480060913550649
RPL26,-0.394193837286549,-1.6512513731828096,0.10737813426208939,0.44842192135233466
SUOX,-0.6727957480444502,-1.6483301363760003,0.1074502237750203,0.44842192135233466
EZH1,-0.6940531723181707,-1.6439319111896145,0.10745900094068897,0.44842192135233466
HPD,-0.6420670936118272,-1.6529786039917491,0.10753366933659343,0.44842192135233466
NDUFA5,0.23134657367362088,1.648865734297147,0.10762446721298381,0.44842192135233466
GOLM1,0.6374992963146289,1.645414209112537,0.10764944491749562,0.44842192135233466
PCMT1,-0.20092861316029875,-1.6431219556718282,0.10768109348380221,0.44842192135233466
MT-ND1,0.3299912207081057,1.6433951748775282,0.10768321191593959,0.44842192135233466
ASCC3,0.5330524081409296,1.6670968844255876,0.10770883321478938,0.44842192135233466
ZHX2,0.7213179420211331,1.645085831318984,0.10775240845151798,0.44842192135233466
NOMO2,-0.7330320346177115,-1.6419541388247416,0.10776548678622039,0.44842192135233466
ENSG00000283563,-0.708953348526125,-1.6433244839517265,0.10776672191602998,0.44842192135233466
LINC01003,-0.7836453328279065,-1.6430423394944913,0.10780359278254348,0.44842192135233466
B3GALNT1,0.8011188911272749,1.6410938264411923,0.10793389670770323,0.4486767742854505
EIF2AK4,0.4846597199483229,1.6617169605425397,0.10794426982631888,0.4486767742854505
JKAMP,-0.2755650448304401,-1.6408599075927484,0.10797888316348705,0.4486767742854505
CRTC3,0.5367233957370345,1.6529001733907136,0.10813509197181322,0.4488259110262215
GPN3,-0.2767082205101996,-1.6505046521671878,0.10815374797239179,0.4488259110262215
RFX5,0.6690186571999028,1.6398053383401623,0.10822665137355697,0.4488259110262215
EVC2,-0.7188139823315058,-1.6394688220449063,0.10828578206712647,0.4488259110262215
PNPLA6,-0.659657386510387,-1.6417803661569192,0.10834702794514614,0.4488259110262215
ALDH5A1,0.5805394463984893,1.6392017219817776,0.10837086470716446,0.4488259110262215
ZNF212,0.7068166626047587,1.6404132007458163,0.10837801822596654,0.4488259110262215
IRAK3,-0.3376246552793267,-1.6428630849544519,0.10838305829819565,0.4488259110262215
FAM133B,0.3471218879136879,1.6425995398093365,0.10839339394387826,0.4488259110262215
AP1G1,0.5047436952651285,1.6417060934661376,0.1084000302778902,0.4488259110262215
GIN1,-0.6862185477683673,-1.6390948549514974,0.10843299434534381,0.4488259110262215
EFS,0.6387436363853456,1.6448302525880643,0.10862806462508022,0.4494144272342763
SUFU,0.6602179199663989,1.6463926340964852,0.1086513151483799,0.4494144272342763
SPINDOC,-0.801430942362531,-1.6402612838400688,0.10885230552936703,0.4499952787338946
TBC1D4,-0.7735562312412521,-1.6365396838000918,0.10886798103041109,0.4499952787338946
MNAT1,-0.43034090170254213,-1.6419184665078193,0.10892058597304795,0.4500551338508334
SLC25A21-AS1,-0.7389085751461448,-1.6389321739409692,0.10899698069654491,0.4501021162181362
CYB5R3,-0.21770973112331227,-1.635943918597325,0.10900821264444314,0.4501021162181362
NPC1,-0.6003071576127152,-1.635275616444344,0.10914499551000677,0.4502353819632569
GID8,-0.4264036652490626,-1.6422707647817225,0.10917951874996606,0.4502353819632569
FHIP1B,-0.6786526088945757,-1.6368745017640904,0.10919410593672782,0.4502353819632569
MCFD2,0.31238018897381536,1.6569166449306265,0.10925248236133239,0.4502353819632569
RPL22L1,-0.4051684522282484,-1.6456747644497551,0.10926458667270315,0.4502353819632569
BEST1,-0.7149457757188129,-1.6394241684467141,0.10926932395804582,0.4502353819632569
ZC3H7B,0.6172029915935413,1.6443870371808893,0.10941216848245439,0.45048788601290285
MOAP1,-0.5612197224606144,-1.6435041511154656,0.10946183079482967,0.45048788601290285
GAB1,0.6263790523787236,1.6424156445724705,0.10946620114634407,0.45048788601290285
RABL2A,-0.7507058417623742,-1.6339629337564814,0.10949198624352226,0.45048788601290285
KLHL26,-0.7711959357594544,-1.6365838732590425,0.1095214089671352,0.45048788601290285
CSNK1E,-0.38458918749378324,-1.6337097444609787,0.10960649863376226,0.4506698330257184
HAS1,1.2539527225715914,1.6341860685668956,0.10965566823141248,0.4506698330257184
HGS,-0.3276352596637837,-1.6326958757418562,0.10968017198499694,0.4506698330257184
AHI1,0.5545543072886607,1.6563050221430258,0.1097671580377324,0.45087032033243946
ANXA4,-0.2446852274329192,-1.633347793308932,0.10984134658108054,0.45101812048335854
IFITM2,-0.2696011824067934,-1.63186691522078,0.10993847646406943,0.4512599842344714
SUPT20H,0.511564920368925,1.6429715431426368,0.1100634438920669,0.45161590376984695
ARL15,0.6184959928825129,1.6320553878838628,0.11010703608005246,0.45163779045344654
SURF2,-0.2773888552775583,-1.6298448606263545,0.11028454105033397,0.4519738873162711
PCSK6,-0.9644000965635056,-1.6326940430450398,0.11033307633974311,0.4519738873162711
ZC3HAV1L,0.7392608307718276,1.6296839986086422,0.11034885723951954,0.4519738873162711
ABR,-0.7066786662318734,-1.6341744647066814,0.11036774838004608,0.4519738873162711
SAC3D1,-0.5431614884828391,-1.6297539600192426,0.1103804080586878,0.4519738873162711
FLYWCH1,0.6308820508468149,1.652208876587247,0.11046291084043623,0.4521548760302877
ACAP2,0.24727580600237697,1.6291450653817767,0.11067930548222374,0.4527126645479773
CXCL8,1.113000141238432,1.630470290307317,0.11068693106800825,0.4527126645479773
MIR23AHG,0.819067754095598,1.6350525894101167,0.11072643529960206,0.4527126645479773
GAMT,0.5843622190914317,1.6507666477446694,0.11075257731593041,0.4527126645479773
ZNF324B,-0.6682677926856747,-1.6343626948715615,0.11086254709411429,0.4530053196420973
Y_RNA,0.5752742729068145,1.6267951725214385,0.11103332745686353,0.4535461697675689
ATXN7L2,-0.663588983286274,-1.6266671060001237,0.11130494346810461,0.4544280667397304
MED19,0.22815724993707764,1.6327093153753582,0.11132621507931388,0.4544280667397304
PLBD1,0.4700912313533836,1.6279122112705602,0.11140014190775988,0.4545726495752179
PAMR1,0.7671516672086547,1.6324605836085553,0.1118890292773561,0.45608314639081726
ELOVL1,-0.6289568398773255,-1.6361277369009217,0.11190288058683424,0.45608314639081726
NUP88,0.7389507414684018,1.6262085826724881,0.11192093803183918,0.45608314639081726
DAPK2,0.6421300769343578,1.6221195539764943,0.11192485176570924,0.45608314639081726
IFITM1,-0.33849319901067965,-1.6216133470011562,0.11204272052415529,0.4562527438482293
SSR3,-0.2491611627565531,-1.6266356817384122,0.11204376996323734,0.4562527438482293
WWOX,0.6603552300076849,1.6358618647499086,0.1121561668228132,0.45655294804941715
ADGRL2,0.6096973073952787,1.6252572022563365,0.11223509302511894,0.45657554711081355
CLDND1,-0.33717124862370973,-1.6211377411615422,0.11225493584928388,0.45657554711081355
RNF216,0.6937855637123507,1.624411806121611,0.11231142206444751,0.45657554711081355
PLAGL2,0.6643283588101154,1.6208273995184355,0.112326847593042,0.45657554711081355
NEBL,0.7869601842904448,1.6211675203671148,0.11242169219187548,0.45657554711081355
ARHGAP10,-0.43683144987117295,-1.6216558181278555,0.11243544849554067,0.45657554711081355
RDH10,-0.7912361549004356,-1.622810885596503,0.11247830311244905,0.45657554711081355
CAP2,1.0575536444507123,1.6285543488698961,0.11250437922284867,0.45657554711081355
FBRS,-0.5151023233018903,-1.6259245441308263,0.11250980656885698,0.45657554711081355
SEMA6C,-0.6750547069664317,-1.621344959353999,0.11257233773479453,0.4566417358910121
PLSCR1,0.32104396257069556,1.6246066156520755,0.11262753551659345,0.4566417358910121
PSMD8,-0.22088912026018725,-1.6278848901500609,0.11264216305926533,0.4566417358910121
BRD9,0.3213494578716567,1.6240791550776057,0.11271514693012974,0.45678074476834246
TMEM204,0.7630657855915652,1.6391454289747847,0.11275840365930734,0.45679922964932157
CIP2A,0.6547968877567045,1.6187047766870803,0.11283380508992398,0.45694787961802835
DPCD,0.546046969006504,1.6322554403885374,0.11296495188660322,0.45717454357977755
MR1,0.6737850585074794,1.6258233576292755,0.11296812323203048,0.45717454357977755
XAB2,-0.4348039761548339,-1.6192145961157431,0.11300595664259135,0.45717454357977755
IKZF4,0.7003718454596233,1.6173053958325894,0.11323367498768908,0.45793886030478576
CCDC32,0.5632474522458653,1.641984963696803,0.11341822093460643,0.4585281157989825
CUX1,0.5123847915418596,1.6425696401717398,0.11349822538844247,0.45869447131481117
COSMOC,0.681868501285749,1.6146638192735592,0.11366663237385422,0.4592178628245548
MMP28,-0.6811647269260027,-1.6186385914177368,0.11371182680149212,0.45924328272036075
GTPBP8,-0.6284074707597869,-1.6149725441877596,0.11376887126704241,0.45931652712292603
HEXA,-0.4999638396491797,-1.6154166534694459,0.11386921966004589,0.4595644916536211
AVEN,-0.7917132253654264,-1.6138916205592913,0.11404056555953208,0.46009872741978
YJU2B,-0.4658067926522875,-1.617552814440769,0.11412930521543588,0.4602994356228974
TAF1A,-0.7338726031264766,-1.6133829292807362,0.11428315444594701,0.4607082046984671
TBC1D8B,0.7263290006744274,1.6154785832349317,0.11430871084809914,0.4607082046984671
CDC26,-0.30517447106288653,-1.6107273367049861,0.11439645579341222,0.4608874240853818
DDX56,-0.4623244820049912,-1.6152728162262617,0.1144312613294582,0.4608874240853818
SYNPO2,0.7852789585678321,1.6102514475400735,0.11456845330024101,0.4611058370819558
LINC00987,0.7596274755760786,1.610360597590177,0.11459221568862187,0.4611058370819558
GPR176,0.7860337219230629,1.6210998509555117,0.11460267056319003,0.4611058370819558
HSD17B4,-0.4554356347102333,-1.613944568285559,0.11482501629683513,0.46157844888178456
PTPN1,0.3412885439076492,1.6190544454916036,0.11487640344658769,0.46157844888178456
BRD3,0.5064379162480597,1.6084005452645684,0.11490045482416023,0.46157844888178456
ADAM22,0.7008868264112258,1.6085738874944624,0.11492781018652018,0.46157844888178456
LRRC23,0.6210900580030057,1.6145249667208803,0.1149578924810287,0.46157844888178456
UBE2D3,-0.20287940494922374,-1.6111620337999264,0.11496905921742143,0.46157844888178456
CRLF1,-0.9828399030893307,-1.6158217310405083,0.11502503060093375,0.46157844888178456
FAM221A,-0.7215073136271783,-1.608442362833195,0.11503293490980179,0.46157844888178456
CPD,0.347156115700189,1.610976351534026,0.11511100740684976,0.46169700663094226
CHMP4B,0.23819055050248572,1.6110552875299302,0.11517029623433908,0.46169700663094226
CHST2,0.7634244602313869,1.6078064956235996,0.11517981232766836,0.46169700663094226
SUSD2,-0.8370773814252188,-1.6074173060344454,0.1152739212942701,0.4619173933736791
RPF2,0.2514525465449662,1.6075523791461723,0.11547266880132477,0.46255678832698977
SLC2A10,-0.6295289926399215,-1.6053359602955173,0.11564089574627373,0.46301040266927973
PDZRN4,-1.013133820937238,-1.6085628031459551,0.11566435217888234,0.46301040266927973
KLHL25,0.6378894904945345,1.6050523742349472,0.11573606815572618,0.4631404354502873
KEAP1,-0.3306965487452782,-1.603989761971123,0.11603421678029789,0.4640255968425891
TAF1D,0.2585111702154368,1.6033644811447734,0.11603587987118366,0.4640255968425891
USP46-DT,0.6339636858762336,1.6028437452951945,0.116137932764061,0.46427642948856757
ZZZ3,0.7311954388379034,1.6062019083177497,0.11622496418622856,0.46431997423331867
ENSG00000283103,0.5822712441847901,1.6237146694668632,0.11626305680302072,0.46431997423331867
DFFB,-0.590899875699141,-1.607395977086609,0.11626682285757645,0.46431997423331867
NDUFAF4,-0.3048169752938401,-1.6051590663506503,0.11651029745110432,0.46513495482255207
OTUD6B-AS1,-0.2069281477815723,-1.6007508512989006,0.11660871322774359,0.46537047317562985
ZNF267,0.736923641244764,1.6032943424902075,0.11666607869508844,0.4654420611677996
KAT2A,-0.7301480942609313,-1.5994947508147501,0.11696444912384311,0.4664747709145162
COIL,0.6152018279190954,1.6052077740338506,0.11713540348796425,0.4669554235913876
ANKRD40,0.7454211358103926,1.6026301077384162,0.11717343975601041,0.4669554235913876
TAOK2,0.7285676446888498,1.6078579521731229,0.1173449040864418,0.4669554235913876
PSEN2,0.7304828093130147,1.600805713508159,0.11739448193241779,0.4669554235913876
LGR5,0.850760234176928,1.5970358671942833,0.11743140439917933,0.4669554235913876
FZR1,-0.6294753784060139,-1.5969189788418794,0.11744228963000927,0.4669554235913876
DCUN1D1,0.6007388551929442,1.601325351813863,0.11746395199580813,0.4669554235913876
POLR2A,0.28550343769983044,1.603845396307257,0.11747307026260025,0.4669554235913876
WAPL,-0.5330336234766992,-1.6104300080154448,0.11748122416706157,0.4669554235913876
ZBTB46,0.6796199429047551,1.5977606269281102,0.1175188601754091,0.4669554235913876
PTX3,-1.158924113565682,-1.5983315956819388,0.11752008161711246,0.4669554235913876
RAB18,-0.2610168886331685,-1.5988073871875004,0.11762420710701636,0.46712310796411893
TK2,-0.4071067948908862,-1.598855821029155,0.11767240358287502,0.46712310796411893
MOK,-0.6773827225083346,-1.5991510026863553,0.11768099306101563,0.46712310796411893
HOOK3,0.3007015856538491,1.6038539836781651,0.11772941171759685,0.46715822027772463
JAZF1,-0.4192690708249529,-1.6038966601582272,0.11777449496229334,0.4671800783030487
XRN1,-0.42979224514303915,-1.606693854448072,0.11786112048472842,0.46723270928523625
IPO7,0.5624231947518306,1.60811420767554,0.11786692149525062,0.46723270928523625
POFUT2,0.6192536128259714,1.5979852097892557,0.1180227170046393,0.4673952404866048
ARHGEF17,0.6134083439993194,1.6063146606353151,0.11803479525740397,0.4673952404866048
STK16,-0.4142729088486057,-1.6027294320350052,0.1180514890990336,0.4673952404866048
CRMP1,0.6939119228650028,1.5946409502336403,0.11810693183558876,0.4673952404866048
PLEC,0.3005190526837218,1.5940955164145478,0.11811385125381166,0.4673952404866048
PHLDB3,0.7476100820684,1.6013746618463778,0.11814548052622013,0.4673952404866048
ZDHHC1,0.6321981658343603,1.5997845813639695,0.11824948136344697,0.4674040774154416
TOB2,0.34407973946557036,1.601775682879756,0.11826865227545645,0.4674040774154416
WDR5B-DT,-0.6806066664772685,-1.5932263461235008,0.11827182823372345,0.4674040774154416
TBC1D20,0.5600917181322842,1.6179888902289175,0.11830608922637352,0.4674040774154416
CSGALNACT2,0.7422938864182704,1.5957814416067948,0.11849094769979683,0.4676667744654917
IL7,0.670337106738027,1.5945440755288072,0.11849099844674646,0.4676667744654917
ANKRD33B,-0.7741110729108709,-1.5986005032918884,0.1184914292610153,0.4676667744654917
MT2A,0.5346934971462929,1.5918666283378466,0.11858907542680497,0.467895733761174
IFNGR1,-0.29074651153096553,-1.5982802083895826,0.11864103407687636,0.4679234847209002
CHRFAM7A,0.734355297370636,1.5924376998043408,0.11867538443493224,0.4679234847209002
MBOAT1,0.6838327005580134,1.5927092068754796,0.1188970513317987,0.4686268043517252
RFXAP,-0.6845138218029838,-1.5907760888818687,0.1189331559371257,0.4686268043517252
B9D1,-0.5113395983693243,-1.5929728474400204,0.1190341847633242,0.4687176216938729
COQ10B,0.3216891654565819,1.590718585022063,0.11903561455639398,0.4687176216938729
ANKRD12,0.551591061825393,1.6183674960576266,0.1190789094129293,0.4687317524573626
ARSD,0.8024962566270792,1.591123362944753,0.11916850248420967,0.46891112679321056
HYDIN,0.6435921644702309,1.5898629428969797,0.11920392134743116,0.46891112679321056
KCNJ8,0.6816255619520364,1.6120655857897424,0.1193660703171617,0.46918507852123925
OPA3,-0.6591259148437052,-1.5883359731997437,0.11937255842694505,0.46918507852123925
KAT6B,0.6212783353977116,1.5899457146884568,0.11939279761777236,0.46918507852123925
FXYD2,0.6377715388203289,1.591009356158052,0.11951977129472345,0.46944828716104514
ARL6IP1,-0.6243559459347701,-1.5960026731522663,0.1195393097167388,0.46944828716104514
ROGDI,0.6442645278566439,1.5905956679523863,0.1195831621333242,0.46946432623341944
ACAA1,-0.4629975981578802,-1.6008423941867014,0.11966623548770608,0.46963427856794226
EFL1,-0.720850292342476,-1.5881055497655334,0.1197484363672039,0.4696615461414941
DNMT3A,0.7142291364308719,1.592819978698847,0.11975275339990658,0.4696615461414941
CDC40,0.23911462241216697,1.5862864460247854,0.1198413626430456,0.4698529677851721
EDC3,0.7420878056361477,1.598152983727815,0.11990678494192379,0.4699533852056475
ASTE1,-0.6626750233000562,-1.5861680731015677,0.12001373138460435,0.4702164284750263
KLHL11,-0.7060194356485754,-1.5846358737859287,0.12021672030143431,0.47085546886477503
FCHSD1,-0.6362131725037488,-1.5853520006195867,0.12026861445684467,0.4709024854603818
TMEM220,-0.30498262634792894,-1.5851007116533107,0.12039882293024867,0.47125600288182545
KATNB1,-0.5977468302874014,-1.5837634597220318,0.12044219296884542,0.47126950215353675
APOC1,-1.0708850815289486,-1.5850748530023813,0.12053169270704442,0.4712743357808435
TMEM250,-0.76714963878617,-1.5843795835516532,0.12054040702004219,0.4712743357808435
GLTP,0.31638033509464325,1.5893063781020011,0.12056319305871642,0.4712743357808435
CSRP2,0.8672385510568983,1.595577490984864,0.12064990432296842,0.4714571732977962
SLC9B1,0.5662060297327168,1.5847259549668136,0.12071325128048647,0.4715486205711922
CEP126,-0.7245609798503203,-1.581698276597285,0.12088331960184046,0.4720567608004388
STK10,0.7328902915708051,1.5844418217988703,0.12092725455258409,0.47207216930993884
ZNF776,0.6403316427054428,1.584859848974787,0.12099044968563127,0.4721627300954966
SLFN12,0.7339383458459325,1.5832241400052627,0.1211414874809096,0.47259592191412353
TSGA10,0.7022721410091455,1.5857258493093254,0.12120588786193817,0.47264710941484955
NRDE2,0.5310032687522432,1.5933615841791309,0.12123468422771405,0.47264710941484955
INO80C,0.7276514966644392,1.5826136712231273,0.12136211984955196,0.4729877269144803
TUBA4A,-0.7516967204009513,-1.5795744462693178,0.12141685330924812,0.472988058898274
CXXC5,-0.38608018660472876,-1.5812879099134876,0.12150144224670797,0.472988058898274
CFAP96,0.6725561810518821,1.5833413262632814,0.12151579036461614,0.472988058898274
STEAP4,-0.8825397364257874,-1.5801363413637581,0.12158901127408438,0.472988058898274
CSKMT,-0.6157812911479055,-1.5803653283696524,0.12163065157140171,0.472988058898274
RASSF9,0.7951079018907206,1.5833317962081206,0.12165325672488629,0.472988058898274
EFCAB2,-0.6536505718611276,-1.5798779177988098,0.12166676854894329,0.472988058898274
FDPS,-0.2645990797084128,-1.582527314646269,0.12168273908293589,0.472988058898274
TSPAN7,-0.7408452978787889,-1.581372914007762,0.12176279667775812,0.4731434545032701
DTD1,-0.304644161730133,-1.5769856345337527,0.12196498994122622,0.4736520256075009
LYPD3,0.7750186153407477,1.5774116406942051,0.12203531642769382,0.4736520256075009
GALNT2,-0.47643615002624884,-1.5778240023342067,0.12203736684459539,0.4736520256075009
GBA2,0.5848407587981304,1.5799940721226144,0.12205416873341955,0.4736520256075009
MGA,0.527973724899192,1.5764150625731703,0.12215862812778325,0.47374067794751507
LETR1,-0.6891392552189979,-1.576260672216735,0.12217834111410743,0.47374067794751507
LAMTOR1,-0.17672030504849534,-1.576272474939771,0.1221974048581265,0.47374067794751507
KATNBL1,0.591092860002143,1.6031013613265586,0.12242259408281027,0.474422068824275
TRIM65,-0.649410080426919,-1.5748688625747136,0.12248847707020244,0.474422068824275
SULF1,0.6121609557456091,1.5916321381262581,0.12252984430298972,0.474422068824275
TUBA8,-0.6680068859456991,-1.5763571019690308,0.12253391680179708,0.474422068824275
LTBP3,0.28926136835469407,1.5813549323054394,0.12269309779521755,0.47488262933526004
CCDC28A,-0.44052104435684214,-1.5760626692255306,0.12290845542866083,0.47515199116545714
SEMA3A,0.6403407997135524,1.573469225071389,0.12296257791847585,0.47515199116545714
ZNF106,0.33442161761548483,1.5814180096360715,0.12298632923360772,0.47515199116545714
PLXNB1,-0.7852350807408284,-1.5745531892579878,0.12298634494675702,0.47515199116545714
LYAR,0.619028615242808,1.5778043576908238,0.12301574245816373,0.47515199116545714
PLD1,0.6757741740060457,1.5803768267001839,0.12303773661679296,0.47515199116545714
SUV39H2,0.5760292566682881,1.572331082028826,0.12304538503728944,0.47515199116545714
SAA1,-1.092018628399939,-1.5803694278605498,0.12308469199355933,0.47515199116545714
MRPS14,-0.24196569468453966,-1.5753681410536808,0.1231321672663097,0.47517987400417977
MEF2A,0.28620091462362485,1.577205382849565,0.12325752211635439,0.47535681034961336
YTHDF2,0.24588181122478492,1.5721917685254567,0.12326374377266765,0.47535681034961336
RRP8,-0.6065242612315407,-1.5715652019767619,0.12333026241520441,0.47535681034961336
RGPD8,0.6426489726382549,1.5712348561983134,0.12334921565147089,0.47535681034961336
FGF14-AS2,-0.6530198414336583,-1.5710684070225212,0.12341760044289767,0.47535681034961336
RTL6,0.5877775603695738,1.5827721624878033,0.12353492658654365,0.47535681034961336
USP33,-0.4729184847565744,-1.5722653363458068,0.12356419549422648,0.47535681034961336
ZNF708,-0.7488589050104921,-1.570118450061289,0.1235774666515954,0.47535681034961336
UBAP2,0.5633963603149033,1.5885136483159095,0.12361328930400382,0.47535681034961336
KAT5,-0.27024449516912785,-1.5700175786725459,0.12361928325070574,0.47535681034961336
ALKBH6,-0.5713374083644176,-1.5699230729531715,0.12365005916588709,0.47535681034961336
GALE,0.6369770151408078,1.5721101711789311,0.12369473289108303,0.47535681034961336
OXCT1,-0.6782382801073674,-1.57074134882198,0.1237014927059731,0.47535681034961336
FAM98C,0.5037148832654714,1.5935409201793664,0.12385935379961178,0.47555760972539374
CENPH,-0.6186813086845667,-1.5726389865216,0.12388335484304787,0.47555760972539374
SLC25A22,-0.6885611487323202,-1.5698864737292315,0.12391004471086699,0.47555760972539374
LRP6,0.6453385807286485,1.5777461803988178,0.12391488416055156,0.47555760972539374
RPS3,-0.17087063404920144,-1.5675009822269668,0.12416708516203173,0.47617516130088433
SHROOM1,0.724991779660884,1.5704208152083192,0.12416911869322218,0.47617516130088433
IFT172,0.6296827633959481,1.567599147844355,0.12419680827153096,0.47617516130088433
DISP1,-0.7164179278257383,-1.5680190719773806,0.12434726864070487,0.4765380213298855
DGCR8,0.5899434209569723,1.5695708438883191,0.12438846430153973,0.4765380213298855
SLC25A44,0.7746085819053095,1.5667507898482589,0.12441255245562957,0.4765380213298855
SLC46A1,0.7064725834076357,1.5696289019721728,0.12452101856861922,0.47665114497207905
IL6R,-0.628262083516089,-1.56607054692749,0.12452284041456094,0.47665114497207905
SUB1,0.23568544545966397,1.5724815790833087,0.12459964784679566,0.4766863555750919
MRPS12,-0.25263637704129405,-1.568246327143915,0.1246127990940054,0.4766863555750919
IRF2,-0.32298848823242654,-1.5734222306751187,0.12470368602985918,0.4768255475151857
CYP2U1,-0.46253997751445564,-1.581075764491901,0.12472996956602232,0.4768255475151857
FIS1,-0.18562178315811284,-1.5658193883723412,0.1247937222293666,0.47683741500919513
PTCH1,0.7051424263821455,1.5713230253806498,0.1248490199005708,0.47683741500919513
METTL23,-0.3358892617729685,-1.5680172949559086,0.12491983604045727,0.47683741500919513
HNRNPL,-0.4324874711678852,-1.5662367636822343,0.12496422533729176,0.47683741500919513
POMGNT2,-0.4749946317049689,-1.5684451474542045,0.12499324501387164,0.47683741500919513
THRAP3,0.15120496582709997,1.568028990191986,0.12500803095312193,0.47683741500919513
PRKX,0.6682782762776251,1.5640233634695326,0.12504040840731043,0.47683741500919513
C2orf68,-0.7356890288119144,-1.5647533784960974,0.1251112928008415,0.47683741500919513
NBPF1,0.6788894920342798,1.5662338913260745,0.12513256768996964,0.47683741500919513
ORC3,-0.3762965300330512,-1.5664229889412777,0.12513700226162527,0.47683741500919513
SPTAN1,0.31898934912658916,1.5665686080650039,0.12524259266744922,0.47708577168094163
CNOT1,-0.3770843570461171,-1.5731750644554123,0.12544626716854232,0.47761960878005194
EMG1,-0.749155839775351,-1.5619984068558888,0.12549539123954725,0.47761960878005194
TTC9C,-0.5257854722531659,-1.5644290933718128,0.1255041106679984,0.47761960878005194
MAFF,0.7294897221812713,1.561820535268532,0.1255638733954537,0.47769304719088973
MUC12,0.6754058966739374,1.5617418172508488,0.125728127116367,0.47816383395899237
IFITM3,-0.19497088364873782,-1.561251968069552,0.12577779766957084,0.4781986800287548
IFNAR2,0.7320996139841254,1.5635418118384088,0.12588219751651009,0.47844151374191934
CDYL,-0.5666770176698743,-1.5601056356555916,0.12596741904908607,0.47861132342274254
ZNF493,0.5799732298675448,1.5762295625613547,0.12602880270724423,0.4786904813252954
RHBDD1,0.7225529528015979,1.562542199800431,0.12615456079415158,0.47876669971629837
TP53TG1,0.27557685574083823,1.5595330096679287,0.12616938199555383,0.47876669971629837
FBLN2,-0.4305781497430079,-1.5685022976811342,0.12617086471573014,0.47876669971629837
AGBL5,-0.7503167015514203,-1.5588958315926282,0.12624732842024308,0.47876669971629837
PCMTD1,0.25096093006546294,1.5648616060615432,0.12629006752940683,0.47876669971629837
NUMA1,-0.3213471424747487,-1.5584590435343177,0.12629220693914045,0.47876669971629837
PRADC1,0.4559927637177603,1.5753904213982861,0.12636011514283427,0.47887035610310064
INTS1,0.5705197870398511,1.56730286044629,0.12650329154669965,0.47915012086520425
MCRIP1,-0.24283167524708915,-1.5578697710467782,0.12651511450545036,0.47915012086520425
ECPAS,-0.46494566140395666,-1.5612872101171746,0.1266386124351872,0.47946402174386943
ABCD1,-0.6816206441895165,-1.556181236575572,0.1268507530919435,0.4801132222668781
CYB561,-0.6175327770741008,-1.5556383145365404,0.12698185711217316,0.4803328708603402
LMLN,0.6717664088241178,1.5593681633316983,0.12699016433334365,0.4803328708603402
HNRNPA1,0.22106595954796227,1.5566562000218238,0.12709947068519906,0.4805283641217139
FRMD4A,0.7996072463685109,1.5573638889174708,0.1271361998077212,0.4805283641217139
AQP1,0.7773355676148146,1.5589457215811524,0.1271639652279741,0.4805283641217139
MTHFR,0.6347862773323563,1.5541380927523558,0.12737290902607673,0.480935136364037
EMC8,0.46031310488011545,1.5718963962675156,0.12742729809538691,0.480935136364037
NUP50,0.6831928401302787,1.557756589380467,0.1274295013304947,0.480935136364037
TRIM34,-0.7248756043098394,-1.5540560489289206,0.1274345706519871,0.480935136364037
NSF,0.5632118152395957,1.554553402988101,0.12751475438015078,0.48103472824617954
MIIP,0.7412183119404796,1.5665909723434404,0.12754245653625937,0.48103472824617954
C12orf43,0.6841190499519354,1.5632781861916336,0.12772483476456997,0.4815338116240619
YBX3,-0.3540473065043068,-1.5531230984547841,0.1277563657777689,0.4815338116240619
HEG1,0.6446468069751337,1.5545313761900401,0.12784628089490463,0.4816956223524871
CENPBD1P,-0.6489116630236571,-1.5567033865128979,0.12789623404000242,0.4816956223524871
FBXL5,-0.23301459872501606,-1.5526470845225158,0.12797275646329298,0.4816956223524871
ATP2B1-AS1,0.7622208634634196,1.553213152937419,0.1279844500721328,0.4816956223524871
HHIP-AS1,-0.8624162096906294,-1.555621882625679,0.12800331785851352,0.4816956223524871
MAPKAPK2,0.6183029569433565,1.5731871146159613,0.12812071996725732,0.4819837792267281
BRD10,0.6865417489790739,1.5563379682671628,0.12833971743776257,0.48265382744593405
TSNARE1,-0.6315992319139097,-1.5516620779854486,0.1284311618662333,0.4827627023912139
GSDMD,0.4590517104797023,1.5709775857069603,0.12848389907077779,0.4827627023912139
PCNX1,0.46223902706469433,1.5554664631349788,0.128491352046861,0.4827627023912139
ATG10,0.3213542077123681,1.5532215210705183,0.12853848112985383,0.48278611827487256
LAMTOR4,-0.15250921011519658,-1.5498740646895912,0.12867803172509928,0.482936457373774
MFSD1,0.26470974819357895,1.5484471460804716,0.12872413005116853,0.482936457373774
FOXN2,0.6949090536951146,1.556502109264333,0.12872844341740183,0.482936457373774
INSIG1,-0.5027169663018123,-1.548261295292805,0.12874214581577864,0.482936457373774
RFTN1,-0.35659786982883723,-1.5520674371168066,0.1288248673476238,0.48298914692116246
ACKR4,-0.9845443623144412,-1.5515185823359727,0.12883801979286238,0.48298914692116246
TMX1,-0.2348624576114009,-1.5472964519259584,0.12905310876647189,0.4834908141787082
SRGAP2,0.7216272401945285,1.5548062348624054,0.12906780087224864,0.4834908141787082
PTCD1,-0.7383602770813276,-1.5547300584672024,0.1291326323574139,0.4834908141787082
ACTL6A,-0.4783705115032948,-1.5629348634540015,0.12917781875709441,0.4834908141787082
HIF3A,-0.9407203902501573,-1.5523143208094121,0.12920975859265132,0.4834908141787082
RREB1,0.6289056456869604,1.5477016874318745,0.12922977160211177,0.4834908141787082
TACSTD2,-0.8078555835189616,-1.5465945617196575,0.1293066357032401,0.4834908141787082
ZFAND4,0.6958207913049748,1.5470373998611142,0.12939113802372793,0.4834908141787082
RAMP2,-0.7910625310298478,-1.5490856561513773,0.12944323056616844,0.4834908141787082
MAN1B1,-0.4201949672931615,-1.5527585660938015,0.12948165783827062,0.4834908141787082
ZCCHC24,0.3303120256348411,1.5495677018346026,0.12950408723538973,0.4834908141787082
CEP162,-0.667271860475406,-1.545451396650858,0.12951675593032488,0.4834908141787082
TMEM186,-0.6392373239534224,-1.5462656727206534,0.1295324970163666,0.4834908141787082
OGFRL1,0.8538920492817996,1.545210553360283,0.12955703914028008,0.4834908141787082
MCUR1,0.2612180578355128,1.5446994474479638,0.12958618687517431,0.4834908141787082
ANTXR2,0.662419156944078,1.5639343336433613,0.12991609945087085,0.48442528121446593
THAP12,-0.7457176416543518,-1.5434037450835851,0.12991871582592115,0.48442528121446593
THBD,-1.1081569395324102,-1.5440499706207873,0.13006055195443653,0.4848010154158898
MOSPD1,0.6643288900091329,1.5493261658637902,0.13014275780878584,0.48495431058482225
MED12,0.7171054610079515,1.5434941841462153,0.13029721396591373,0.48521342758182434
EIF5A2,0.5844682260325169,1.5566356043494352,0.13037279663742551,0.48521342758182434
CYCS,0.37208257771678266,1.5434164525046183,0.13037553237325636,0.48521342758182434
BTG1,0.4320937607272315,1.5435024181243289,0.1303767041329561,0.48521342758182434
TUBD1,-0.6424319306237098,-1.5418246779146674,0.13044750197317212,0.48532390822354143
SLC22A3,0.7310607631496584,1.5409464244302793,0.13050316099760956,0.48537801372929457
THAP7-AS1,-0.6773072156500093,-1.5405102879016344,0.13062277024960123,0.4854621174491376
HSPA8,0.3839129380828954,1.54291759921174,0.1306359643651291,0.4854621174491376
FAM13A,0.7070304325136556,1.543738179468988,0.13074443669438549,0.4854621174491376
ORAI3,-0.5911162602959168,-1.54315773786687,0.13075017974190006,0.4854621174491376
NFKB1,0.4882747832590635,1.5530583326567473,0.1307875410359537,0.4854621174491376
RNF25,0.67571750654864,1.566571847184031,0.1309057729651285,0.4854621174491376
CDC42SE1,0.7238837152616986,1.5417355140590356,0.13095874102912264,0.4854621174491376
PTRHD1,0.5079100970909689,1.5622484309009188,0.13098163762463833,0.4854621174491376
TTC33,0.7428455104839049,1.543690660842166,0.1310001872415049,0.4854621174491376
RMND5B,-0.43240220838890053,-1.5504174288027606,0.1310077920036912,0.4854621174491376
PCBD1,-0.22796688925552466,-1.5443119761636817,0.13101187994976382,0.4854621174491376
PKNOX1,0.6443848329744619,1.5417268714769286,0.13104900349013818,0.4854621174491376
KLF2,-0.4903616812971352,-1.5414827089336718,0.13106037850998742,0.4854621174491376
LIMD2,0.7638236405023338,1.5421878108527576,0.13110933332582997,0.48549111665979383
DHX9,0.28808997909530554,1.5390132742385714,0.13118572121482405,0.4855656732892812
ZBTB37,0.7046924856148178,1.5382928276344552,0.13122487507212927,0.4855656732892812
PSMD10,0.42749134208754835,1.559386749099206,0.1312528643342733,0.4855656732892812
DACH1,0.6919600555023804,1.5374485712192147,0.13134550008918613,0.4856793862350897
AMDHD2,-0.7295945121738865,-1.5373169011942736,0.13142487415440884,0.4856793862350897
ERCC5,-0.5878027273189033,-1.5379185260038617,0.13147338533953182,0.4856793862350897
LCN2,0.7939259132123895,1.5368022903383274,0.13150392218787446,0.4856793862350897
ACSL4,0.7688580722471627,1.5378301093898303,0.1315098858777642,0.4856793862350897
TULP3,-0.3489332278822701,-1.5369618837146535,0.1315386788968479,0.4856793862350897
CNNM4,0.5610768251777615,1.5365295951563627,0.13157159484793027,0.4856793862350897
STEAP1,0.3482442652287183,1.5367108417328468,0.1316534751374229,0.4857174567209235
RPL21P79,0.6679031241246458,1.5362856599168613,0.13168012982793043,0.4857174567209235
NKIRAS2,0.42661364089265374,1.550891543462745,0.13177455954583606,0.4857174567209235
MRPS18A,0.49432239616913964,1.5595177094621038,0.131776396639196,0.4857174567209235
PDK1,0.6074696681245725,1.5354475970411696,0.13183577849841,0.4857174567209235
TCF20,0.6522136504732132,1.5354739859315152,0.13184377867446775,0.4857174567209235
RIOK2,-0.6004362132800707,-1.535577293131206,0.13186992365866665,0.4857174567209235
SAMD8,0.6415919016563434,1.5411452503155876,0.13194096769684455,0.485827549488849
UQCRC1,-0.20881463020246116,-1.5350483724933088,0.1321572844531805,0.48647232396937823
TMEM80,-0.3803714826568747,-1.5342249320228853,0.13241860570218253,0.4872823068311299
SRSF2,0.36878908049814196,1.5366246986075793,0.1324889559348689,0.48735738200679474
TBX3,0.5414118019622496,1.5462491543079806,0.1326200075223293,0.48735738200679474
ENSG00000285043,-0.7447121582608742,-1.5345019987582937,0.13263296335712396,0.48735738200679474
PTCD2,0.6856505700344948,1.5336661308456319,0.13267917074259428,0.48735738200679474
TRAPPC9,-0.74324796245733,-1.5328244471529684,0.13271538784973075,0.48735738200679474
ARHGAP31,0.6527466052609985,1.5328975626377894,0.13272705983023658,0.48735738200679474
METRNL,-0.9604296431233221,-1.5379681926237363,0.13272799518440026,0.48735738200679474
GPRASP3,0.6068614955020517,1.5318895079269637,0.1328011032184653,0.48739034099374823
UNC119,0.6708968252254697,1.5347508061204655,0.13281954485191766,0.48739034099374823
TM9SF1,-0.3022031493756838,-1.531189220488454,0.13290672522067168,0.48755869833127075
LRIG3,-0.5833477703824581,-1.5319161794268652,0.13309127688855332,0.4879213327024933
AP3M2,0.7114325371963481,1.5385182061004405,0.1331273572844153,0.4879213327024933
AKAP9,0.229315727426461,1.5301964929473173,0.13312957328544947,0.4879213327024933
IKZF2,-0.5152307052519722,-1.5321949851578094,0.13323162214684653,0.48814379250264534
BTBD19,0.7214556743275122,1.5310244761735818,0.13329352296922797,0.4882190625664711
INTS15,0.7214505872991359,1.53207138820968,0.13352429832733664,0.4889126370205363
HOXB4,0.7078139322151955,1.542966343529106,0.13359004139069544,0.48900168639291774
ZWILCH,0.6483796215676325,1.528137448229364,0.13375001020733218,0.48929972617142486
ZNF23,0.6083651948236004,1.5284024479859484,0.13375435970819044,0.48929972617142486
PTPN6,0.600915608277774,1.5272493558867468,0.13387405360211924,0.48958587446499924
SNAPC3,0.6567513205568467,1.5363813827037351,0.1339862409553019,0.4898444021298665
MRPL17,0.25020833880979154,1.5261455020578982,0.13422545474840702,0.49053832975901535
TYMS,0.733754349319097,1.5289664830292322,0.13425915658207357,0.49053832975901535
MTMR12,0.6264517523239319,1.5282703072324761,0.1344608812759888,0.4911233612200024
EIF4EBP1,-0.4685699389177609,-1.5399113449752715,0.13460031672484718,0.49148058736060035
LINC00665,-0.6057738116701397,-1.5239067319488988,0.13469300063916467,0.4916669364704202
LCMT1,0.30008687118600186,1.5258508854313522,0.13490906721009682,0.49216343012086666
KHDRBS1,0.2458462246869253,1.5246191431066762,0.13491568764146306,0.49216343012086666
GPAM,0.6521797420876538,1.5268998819707553,0.1349540892250102,0.49216343012086666
SMOX,0.6885261194542802,1.5230101522256942,0.13507312880221384,0.4924454248023886
RSPH1,0.647117224222866,1.5220288026980555,0.1351569689870956,0.4925989561261696
MICAL1,-0.5334639754709052,-1.522449940339995,0.1352934923707911,0.4927440042539866
LMBRD1,-0.30164419455799774,-1.5214051875660608,0.1353137318825792,0.4927440042539866
NDUFAF2,-0.22189212548483717,-1.5228904349671593,0.1353606826540411,0.4927440042539866
FXYD1,0.3200642522562074,1.5379004671086678,0.13536372772517397,0.4927440042539866
CHD8,0.41241169734617067,1.5327519367348448,0.13548024421967372,0.49301611683515667
RPS14,-0.1698624159247224,-1.5204572145079402,0.13584701712107825,0.49404356822850454
RBFA,-0.5762374119874307,-1.5261389031761552,0.13587647175833784,0.49404356822850454
MZT2B,-0.3171239080426025,-1.5223931757559241,0.1358881377414616,0.49404356822850454
PRR16,0.7119263282446804,1.5360067990307598,0.13637648523247728,0.49566638182555245
BRI3,-0.45246356775707053,-1.5233462485515292,0.1365901807076101,0.49629026877603477
EFCAB13,0.6840555238255541,1.518498445824868,0.13666070446159825,0.4963735299808275
NFKBIA,0.33622349139879226,1.518642499189753,0.1366971915262745,0.4963735299808275
ARL6,-0.5771264380727352,-1.5147603209710312,0.13701725188249136,0.4973017623530196
DCBLD2,0.7250943577746183,1.5211608353804622,0.13703707182840938,0.4973017623530196
RAB3A,0.7183349893224669,1.5167329367476168,0.13721306845349787,0.49778742258559994
RSL1D1-DT,0.529390940194244,1.5135715549261237,0.13733330930591928,0.49807057338137545
HNRNPD,-0.4895406999395,-1.519682606147623,0.13747621970139176,0.49833861946043945
NAP1L3,0.6610603615065758,1.5150163626667137,0.13749164621623475,0.49833861946043945
SLTM,0.16156564317607724,1.5125173820971762,0.13757023995091966,0.4984704366545754
NPM1,0.22678568031328794,1.5136285368496591,0.13771964436462056,0.49884507410239687
TTC21B,0.709638217238532,1.5209932444863923,0.13776406762423965,0.49884507410239687
PEX1,-0.5915187123901893,-1.512088476841814,0.13783823710602428,0.49884507410239687
WDR54,-0.550467614638535,-1.5113751946672096,0.1378426625770452,0.49884507410239687
LOXL1,0.4545425883887946,1.5228657303565074,0.13809047042369293,0.4995887230621192
CSTB,-0.24324618694415,-1.5139654187762308,0.13832815319259092,0.5002952967029828
P3H3,0.5784714319595698,1.53022558684614,0.13837486917944586,0.5003109741694819
APAF1,0.6927108982872723,1.510829569863001,0.13848696436085373,0.5005629559950637
ILF3,0.32874482559858365,1.5176433354625938,0.13854898736606583,0.5005958691717631
DUSP18,0.6449392383555375,1.5140561399119163,0.13862517936446692,0.5005958691717631
PRKACA,0.7099944087612959,1.5205075169674183,0.13865208508968216,0.5005958691717631
SFPQ,0.34871748944433634,1.5086221403949855,0.13866569184173363,0.5005958691717631
ANGPTL4,0.613977498944748,1.5082199410293804,0.13916497155687405,0.5021685212882838
FBXL13,0.6009003388906904,1.5090561707899266,0.13918639573530409,0.5021685212882838
PJVK,0.653948421709845,1.511091837700438,0.1392522278046891,0.5021805649624123
AKT2,0.46961114426693484,1.520919305787621,0.13932949445871998,0.5021805649624123
MOB4,-0.3620158725002529,-1.5079222791900384,0.1393348624729079,0.5021805649624123
TAB3,0.6125979130923087,1.506119362413831,0.1393660194188271,0.5021805649624123
SMU1,-0.39575855467474774,-1.512188416059668,0.13940243213738457,0.5021805649624123
SREK1,0.23598945446170916,1.5064610964857703,0.13952581261184524,0.5023141004629196
ZBTB41,0.6683994096229795,1.5101573161819506,0.13956907871231256,0.5023141004629196
COPE,-0.18084252395894307,-1.5046381326732365,0.13957420905298196,0.5023141004629196
CEP83,0.5432622390746245,1.504641567175287,0.13960970466910963,0.5023141004629196
BCL2L2,-0.7148350220552424,-1.50385618672689,0.13982224962084638,0.5029255505100827
VGLL3,-0.5963299409555072,-1.5107166557036362,0.14010432449294027,0.5034448338388715
TBX2-AS1,0.6132772241678444,1.5070857677957719,0.14010480529024547,0.5034448338388715
KHSRP,0.6204100162093851,1.5235244690422434,0.14010956252412574,0.5034448338388715
SYNE3,-0.6437400003058831,-1.502272133089895,0.1402013477056,0.5034448338388715
MPV17L2,-0.5234990909318351,-1.5021611185638997,0.1402047018352068,0.5034448338388715
CD14,-0.7697844221451522,-1.504963723913914,0.1402225000984506,0.5034448338388715
MMS19,-0.6365097339760424,-1.5026105839399866,0.14027964933153217,0.503496886700741
GPR157,0.6029343959101325,1.5031990732976324,0.14034979573266046,0.5035955436547285
TP53I13,0.25444809368327004,1.5045140041010434,0.1405270963657454,0.5040785088415753
GSTCD,0.594417643774461,1.5017804076630505,0.140587179149756,0.5041408413921231
GEN1,0.5636307216479928,1.5003393170385773,0.1407457817127923,0.5043316194079833
FHOD1,0.5624825295378266,1.4998271146855195,0.1408175624673097,0.5043316194079833
SNHG19,-0.6975308280723707,-1.5003720026773135,0.14082201660970872,0.5043316194079833
BRD8,-0.34528548414842497,-1.5061515665818148,0.14082458211942175,0.5043316194079833
SPPL2B,-0.6248533311522722,-1.5003976864760071,0.14085398976604158,0.5043316194079833
TBX2,0.7150164624896407,1.507261801634617,0.14091654477092277,0.5044026109826389
CHL1,0.8225051738607352,1.5007583656459764,0.14100935431261732,0.5045818210550007
ZNF34,-0.6843614034699357,-1.499030938036276,0.14105284419208175,0.5045844926325833
KLC2,0.6521912563429404,1.5117807201184945,0.14120243119248996,0.5046498813769966
ESS2,-0.6441843991783522,-1.498272270880506,0.14120342542954661,0.5046498813769966
FBXO8,-0.47270579721949346,-1.504034628317719,0.14130274526080136,0.5046498813769966
NUFIP1,0.3310853906136728,1.5061688196782677,0.14137512328603521,0.5046498813769966
PRPF38A,0.429737004288989,1.507592585808844,0.14145037529101231,0.5046498813769966
SERAC1,-0.5821143203436632,-1.4977230198394578,0.1415212795737081,0.5046498813769966
TMEM100,0.582990069995776,1.5073863462199426,0.14153245949001103,0.5046498813769966
RSL24D1,-0.2554562741702524,-1.498709477405879,0.14153337171276667,0.5046498813769966
CTNNAL1,0.44943661853379524,1.5043917930261175,0.14160793261376428,0.5046498813769966
HSBP1,0.1580934522425066,1.5055725122187384,0.1416155427448501,0.5046498813769966
NAMPT-AS1,0.5882364196003103,1.4973181139145348,0.14166605437333638,0.5046498813769966
CAMTA1,0.2216295585743664,1.5014373656438096,0.14168740413446404,0.5046498813769966
TYW5,0.6226556307623121,1.4976495637857592,0.14169869936762386,0.5046498813769966
ALG2,-0.2574503285492611,-1.496338101018417,0.14171181440248934,0.5046498813769966
ATG5,-0.3694553453043854,-1.5023365134664306,0.14171235550739042,0.5046498813769966
TBC1D32,0.6210879466187043,1.4980841874482775,0.14182484937204934,0.5048981745588186
RPUSD2,-0.61235691981237,-1.4964909054784732,0.14196791005533962,0.5051356692211091
ZKSCAN4,0.5497449624285888,1.4952073486385804,0.14201060423415798,0.5051356692211091
PDCD6IP,-0.25368236602998273,-1.4958463156868451,0.14201993105843805,0.5051356692211091
RPL28,-0.203382875572931,-1.4961133937636524,0.14209497904164178,0.5051750282713856
RSRC2,0.2375996477315443,1.5007598156739894,0.14211658355690568,0.5051750282713856
PDHB,-0.2611872854249926,-1.494411937821127,0.14222420869923236,0.5054054135142799
WDR73,0.6162432556591604,1.5058304281909511,0.1425958759921292,0.5064315574322286
MRNIP,0.555304839682174,1.506819389433108,0.14259877144470373,0.5064315574322286
ENSG00000224969,0.5509599651524223,1.4929952792910894,0.1426688104502018,0.5064866412575829
ENSG00000271918,-0.6091258876977321,-1.4972328122360214,0.14271635463940563,0.5064866412575829
CAMLG,0.5248177673970762,1.5153300627239743,0.14276492920104566,0.5064866412575829
TSKU,-0.5551685676217044,-1.4949460712941012,0.14281332539552002,0.5064866412575829
COA6,-0.2588339088914262,-1.4949461811623772,0.1428599480200079,0.5064866412575829
SDCBP,-0.3396841019654824,-1.4918628692088227,0.14287170820734868,0.5064866412575829
IMP3,-0.2516589227611341,-1.492290865347042,0.14299842208370847,0.5065694309213792
TAF9,-0.2723867162462028,-1.4915407055192498,0.14305607080777,0.5065694309213792
CEP170B,0.6238994183208457,1.4935334321109013,0.14305834378568785,0.5065694309213792
DCP2,0.415458625793792,1.5016125302819905,0.14308861135754664,0.5065694309213792
ARID1B,0.6056765743435983,1.5065636392461341,0.14310961898541294,0.5065694309213792
TMEM164,-0.5609096910605332,-1.4951554805764644,0.1432436375264677,0.5068918288369159
OLFM1,0.569499873090674,1.50302866475932,0.14336356632045597,0.5071641895154279
USP35,-0.6425935856926388,-1.4890964852692263,0.1437135944759458,0.5075120831146089
SIK3,0.6245640772778565,1.4929752895742798,0.14372457553086823,0.5075120831146089
OGT,-0.41025891284446026,-1.494393939256281,0.14372594125191665,0.5075120831146089
ABAT,-0.644189034810827,-1.4932131375434812,0.14374762475900058,0.5075120831146089
RSPH9,0.6818049422977088,1.4906242030165262,0.14377267347543624,0.5075120831146089
CCDC127,-0.605711056117114,-1.4888874072628786,0.14378913390941084,0.5075120831146089
POLR1G,0.6535706225822802,1.4884311657148561,0.14379600253327274,0.5075120831146089
COG6,0.5627708307833226,1.5074054967533506,0.14380831386235093,0.5075120831146089
RIPK2,0.5875556240253541,1.4926393148454795,0.14384882931821105,0.5075120831146089
POGLUT1,0.5866695606591161,1.4937454362206077,0.14395307920275058,0.5077281446036661
PLXNA1,0.6802225042189813,1.4878365677327339,0.14407478045689434,0.5078583886803288
REV3L,0.3238253101617117,1.4879219976331288,0.14421300095892337,0.5078583886803288
EPCIP-AS1,0.6655406584031869,1.4900794843052623,0.14423341675222875,0.5078583886803288
CHID1,0.5044756505144941,1.5101171202484356,0.14423581463300444,0.5078583886803288
RPL19,-0.13257327174010314,-1.486876280994377,0.14426202949472364,0.5078583886803288
HNRNPA1L3,0.6618408293110218,1.486973196282452,0.14427949475062196,0.5078583886803288
AASS,-0.589829122622707,-1.4868961452746468,0.14429115083725733,0.5078583886803288
MATCAP1,0.6903453323885733,1.4872763455507865,0.1445022750769173,0.5084498829457552
C2CD2,0.5742011413017782,1.4915959075473137,0.14463576419214003,0.5086803403715142
BACE1,0.4057114375448698,1.487915097171085,0.14465395193792233,0.5086803403715142
RHOT2,-0.5634915415793822,-1.4939681884008489,0.1448018101406448,0.5088179413792243
MDH1,-0.20781905294172986,-1.4852779088717403,0.14481375938679922,0.5088179413792243
UNC5C,0.44616893607557007,1.4872029623406713,0.14483436244845546,0.5088179413792243
NDUFA7,-0.6068093388349474,-1.4846977929206682,0.14486548928213241,0.5088179413792243
BET1,-0.3870042753128118,-1.4873584935259958,0.14497052302160976,0.5090354028168065
ACAT2,-0.6068781548552988,-1.4828356440428587,0.145245875835955,0.5098505989424468
CCDC88A,0.46738922184925435,1.4958565999269557,0.14536562828071853,0.5100089684449857
UBN1,-0.5333378684021541,-1.4859003203754373,0.1453773976126537,0.5100089684449857
IMP4,-0.2106200161325109,-1.4959521627310979,0.14550919338604068,0.5103196755562122
TCTN1,0.6677158570501422,1.487234553143495,0.14565421019379193,0.5106117224082907
C1orf162,-0.7173012560221501,-1.4841632262111257,0.14568790973504053,0.5106117224082907
SMIM20,0.730861684763604,1.5045322842934539,0.1457222272590878,0.5106117224082907
C16orf95,0.5992099275055975,1.4815190543639856,0.1458541953763292,0.510747610891035
TMUB2,-0.48582355345638906,-1.4882395855549422,0.14587653313246637,0.510747610891035
TSPAN3,0.2875769667355579,1.4881416936405598,0.14589080422910378,0.510747610891035
ZNHIT1,-0.1536545972544463,-1.48024010074084,0.14602310317327857,0.5110592152269652
HOXC6,0.72041051509859,1.4823481911295193,0.14609117081159928,0.5111459014318108
GSTM3,-0.26573503825217326,-1.4834193791353667,0.14618224442739353,0.5113130060638165
TRIT1,0.6250646812409775,1.4823139442303692,0.14652321549763228,0.5122477871859513
AP3S1,-0.28637278654287,-1.479960517057963,0.14653627931613364,0.5122477871859513
IMPACT,0.5419548699394063,1.4840743186021899,0.14668342650378297,0.5126061827891196
CYP2R1,0.6039557326341272,1.4785615494256656,0.14672564944044347,0.5126061827891196
ZNF334,0.5299963416415726,1.4769326986385058,0.14684768905850198,0.5128807601584662
AGGF1,0.24034259882465392,1.4761688249385707,0.14701997217653903,0.5129002733699697
FLRT3,0.570403455309081,1.4770282814482016,0.14702126057203704,0.5129002733699697
RFFL,-0.6674485061528523,-1.4762829017359866,0.14704036199511014,0.5129002733699697
PNPT1,-0.38434826278909817,-1.4791543296065568,0.14704751072036157,0.5129002733699697
PUDP,-0.5960260467471916,-1.4761377029043794,0.14709066612034566,0.5129002733699697
MT-ND3,0.46926113334943587,1.4794526762414415,0.14712785377766321,0.5129002733699697
PDGFRL,-0.618011952008013,-1.4790127894154155,0.1471664635793669,0.5129002733699697
ENSG00000235605,-0.6710286297774071,-1.4782996075766064,0.1472574013594071,0.5129002733699697
ENY2,0.16638496729572516,1.480792962760274,0.14726350780383574,0.5129002733699697
ZNF594-DT,0.5047682845508494,1.4751850390292351,0.14728775321678925,0.5129002733699697
Y_RNA,-0.5852079997916511,-1.478272563177147,0.14733368783043577,0.5129089309461204
HDAC1,0.34776956117599855,1.4809830993330484,0.1474450846218945,0.5131454080075073
DDX54,-0.5758334615005642,-1.4743598550886896,0.14750984526224592,0.513219488158212
NPHP1,0.6262219974779484,1.4762753838355887,0.1476577777764314,0.5134817994977966
ZNF469,0.6528581318328042,1.4739587116215813,0.1476722328924201,0.5134817994977966
DDRGK1,-0.20034464014333597,-1.476907882866802,0.14788492328738856,0.51406108738244
POLD3,0.6939180852627218,1.4806579788337169,0.14792592239204988,0.51406108738244
MLF2,0.17212245681000482,1.4732042801853054,0.14804691463586928,0.5140911948306457
MRPS28,-0.2693073303933051,-1.474371014686973,0.1480869506340432,0.5140911948306457
ENSG00000245869,-0.6215751423474705,-1.4737341299614444,0.14810160558007718,0.5140911948306457
PIGB,-0.6551787425985713,-1.4725011898563156,0.14810878048445794,0.5140911948306457
IFFO1,-0.33876988985951684,-1.472266988899002,0.14826406925317973,0.5144789351951167
CARM1,0.7135010104014152,1.4782179457771751,0.1483708970002533,0.5146983364936791
CSNK1D,0.49607976127969167,1.4790618830346873,0.14844605736262145,0.5148077870639678
TP53INP2,0.6860435937513789,1.470676323738048,0.148510815242543,0.5148811083519002
CAPN10,-0.6175407650566143,-1.4715038619204706,0.14859965872130404,0.514941330433695
PMP22,-0.23780041527362528,-1.4744161266799662,0.14861542675032605,0.514941330433695
RCHY1,-0.5637830851637022,-1.472079123796056,0.1487314097235043,0.5150436456118012
NACA,-0.15788934093088436,-1.4701211966404153,0.14873221413728338,0.5150436456118012
LRRC59,0.3708912031011318,1.4767891160418207,0.1489868033921409,0.5157739630628221
POMZP3,0.7728439906684321,1.4721689218028258,0.14919411645727057,0.5161822827885811
ZNF676,-0.5633421694376342,-1.469209523490693,0.14923812328268482,0.5161822827885811
VPS4B,-0.4328486203169817,-1.4694152587886127,0.14926251970526278,0.5161822827885811
LONRF2,0.6637751919359731,1.4675910814718198,0.14932794580181738,0.5161822827885811
ZNF416,0.6066080571455212,1.4689138786293552,0.14935233524321972,0.5161822827885811
SLC4A7,0.794595503550418,1.4724216778071553,0.14938427301150392,0.5161822827885811
SMS,-0.24033847996425983,-1.467338227401157,0.14941083102825767,0.5161822827885811
DOCK8,0.6483346145296887,1.4672266909095324,0.14956701403852976,0.5164660905481929
ST8SIA4,0.5663448634279005,1.4667211090833108,0.14958340655389615,0.5164660905481929
PTPN21,0.5168192288013893,1.469934316597106,0.1496270322774509,0.5164660905481929
TPM3,0.5444795918137624,1.4931125000041627,0.14975491384421977,0.5164660905481929
ECH1,-0.2872066854423334,-1.467590578915441,0.14977733839049256,0.5164660905481929
COLGALT2,-0.7003287482769909,-1.4659546688369154,0.1497901880594013,0.5164660905481929
ARAP2,0.6215560922435832,1.4672228354378294,0.14979922863507095,0.5164660905481929
RPL39,-0.31995014967189306,-1.4658431689381886,0.1499097723172524,0.5166963101328947
CDC27,-0.2598081098648013,-1.4651725291310553,0.14999049159362166,0.5168203202973232
DNAAF4,0.6028365763876198,1.4666360292962277,0.15003331111045545,0.5168203202973232
GSKIP,0.6517368070947689,1.468206460881336,0.150331033154239,0.5174747434048863
ZNF521,0.6026235269127742,1.4685183337661427,0.15037166748468933,0.5174747434048863
ZFP14,0.6089254705279896,1.4696569925192922,0.15037887468529704,0.5174747434048863
BPTF,0.3146482737524723,1.4707547847353977,0.15044524789666078,0.5174747434048863
ADAMTS4,0.7387305862844702,1.4635740971780506,0.15054706040353705,0.5174747434048863
FAXDC2,-0.7927692656638445,-1.4708178265110903,0.15058471204142262,0.5174747434048863
RPL17,-0.37345768365145204,-1.4653683898908514,0.15059165830125906,0.5174747434048863
KANSL3,0.6750910919128286,1.4638125324971956,0.15059254214888254,0.5174747434048863
AKT1S1,-0.40284538682052506,-1.466970407043621,0.150617807567911,0.5174747434048863
SRP72,-0.18934471915553708,-1.4631521272522268,0.15073472542002347,0.5177257589710146
EHD4,-0.46706825911959093,-1.463049191341051,0.15081420843893573,0.517742259287862
CORO1C,0.47360979564315997,1.4715012358470425,0.1508272452088909,0.517742259287862
SMAD6,-0.6342034219937731,-1.4654633521372635,0.15113624029908346,0.5185885233475507
THAP4,-0.4885477638841822,-1.466766285505902,0.1511616356492098,0.5185885233475507
TNFSF14,0.7079377914495348,1.4602639054646307,0.15133761443505206,0.5190336946821156
STT3A,-0.3365947414759791,-1.4611829502266205,0.15137933170610116,0.5190336946821156
MEIS1,0.5045156283549375,1.4686720204488073,0.1515904996556414,0.5196068084886314
POLB,0.6033937184921818,1.4632033699467428,0.15164238020386206,0.5196337585795622
KRBOX4,-0.6212221250502385,-1.4597181673439976,0.1517508774277936,0.5197484793381772
XPNPEP3,-0.6814463498217473,-1.4586645111261447,0.15176830160816626,0.5197484793381772
NT5DC1,0.43330350421721064,1.4683487553478782,0.15182684964112975,0.5197484793381772
SH3BGR,0.7268131639049378,1.4581642228878677,0.15194669031495037,0.5197484793381772
RUFY1,-0.39507634678521786,-1.4592057309071582,0.15195642125279676,0.5197484793381772
CALCOCO1,-0.32626876592571197,-1.460699587863318,0.1519802371314181,0.5197484793381772
NUTM2B-AS1,0.45197411966255885,1.4699616957963895,0.1519840534244293,0.5197484793381772
SMARCC1,0.5920714964692939,1.4622811965731666,0.15207435649449585,0.5199066835845709
SETD1B,0.6790561199318854,1.4568419091403861,0.15240951902847605,0.5209016711439374
TRPS1,0.6855379961280428,1.4558057946881036,0.15258323577721136,0.5213444568306744
EOLA1-DT,0.6170258980356322,1.457025742772327,0.15265952083840892,0.5214541792527249
GNAI1,0.5711572894724952,1.4551442267872963,0.15274684542545353,0.52147679372467
USF1,-0.6723886722393919,-1.4554432945056104,0.15275448985175002,0.52147679372467
PNMA2,0.6175939268914981,1.4553511582219087,0.15292529792667817,0.5219089742770847
ZFPM2,-0.6036196700762777,-1.4543615044028593,0.15301649573167586,0.5220692867376975
EPB41L1,0.6705239298485535,1.457318336069567,0.1532164228979313,0.5226003676134293
SLC20A2,0.5957289453544652,1.4716624880621885,0.1533511085744615,0.5228809353697529
BAZ1A,0.366899530280846,1.4541442191096894,0.15342931807301216,0.5228809353697529
PUM1,0.24524839098300344,1.4544892446892776,0.15343155951891774,0.5228809353697529
METTL21A,0.6235935359206075,1.4571483530133267,0.15353415310412027,0.5229869695532943
IRAK4,-0.5933506067021987,-1.4520094386646538,0.15360010051056777,0.5229869695532943
ARPC3,-0.12701423077098362,-1.452021311834874,0.153610976184714,0.5229869695532943
SPATC1L,0.5337505577529376,1.4701750966607436,0.1536398822880834,0.5229869695532943
SLC25A30,0.5903585979331669,1.4519874731601015,0.1538731190690002,0.523629913695459
CCT6A,-0.2892010032628045,-1.4624629861697998,0.15402652776442483,0.524000910737474
ARMCX1,-0.291050039020206,-1.4501272461856276,0.15420375704274963,0.5240117631768411
AGO4,0.6175188483237033,1.4517009066218336,0.15422896223613172,0.5240117631768411
RNF2,0.6390787006361713,1.4537240717638176,0.15433403493422285,0.5240117631768411
DNAL1,0.6461048113381547,1.4507657653711576,0.15434623122656796,0.5240117631768411
ING5,0.5034619267792824,1.467679091700033,0.1543591850573378,0.5240117631768411
ANKRD35,-0.3251920752415227,-1.4491839566577784,0.15439765375513329,0.5240117631768411
DIAPH2,0.31612205788046754,1.4536461174681572,0.15444873214839477,0.5240117631768411
ENSG00000285336,-0.6219571778880253,-1.4515290402462018,0.15445806098193487,0.5240117631768411
FGFR2,0.6607517237472447,1.4492731503895653,0.15446677044684826,0.5240117631768411
FOLH1,-0.6966815866845228,-1.4503777350314897,0.15447360744221997,0.5240117631768411
NQO2,-0.25013789992531166,-1.448436470237602,0.15461241242844115,0.5242273771950081
VAPB,0.4303017763458046,1.4567186361218485,0.15466361342105833,0.5242273771950081
TM9SF2,-0.24673202678863415,-1.4479955494364645,0.15472863387758334,0.5242273771950081
MAD2L2,0.23028168435808816,1.449841768371037,0.15475241767800071,0.5242273771950081
SH3GL1,-0.41366870851079085,-1.4515061735278223,0.1547592045340621,0.5242273771950081
IQCK,0.6163003882350315,1.4599270429900957,0.1548758590014993,0.5244720354310669
HLA-DRB5,-0.7837477419139911,-1.4469728601620784,0.15500601320804236,0.5247622557846114
NMI,0.563397097097964,1.4488479807993335,0.15517843783641574,0.5250523309012524
MT1M,0.6443913587162573,1.4485123749551818,0.15518065078479198,0.5250523309012524
TMEM54,0.8730817966865194,1.4524008774706958,0.1552499816631328,0.5250800553520809
BTN2A2,0.6634685944210337,1.4479963126938191,0.15527780374706604,0.5250800553520809
GGCX,0.4015253849529046,1.4560034438926917,0.15535641920589613,0.5250919144198448
SCAF4,0.548918410100312,1.4561985474189458,0.15549749049466727,0.5250919144198448
ITGA9,0.6665957906813857,1.4459112120001383,0.15551667337180117,0.5250919144198448
XPO4,0.6140255687768637,1.4470040054649547,0.1555450731315711,0.5250919144198448
DCN,-0.3785761706867028,-1.4495433056597578,0.1555609718044106,0.5250919144198448
MYO18A,0.5967698456156856,1.4459699382943378,0.1556155079125551,0.5250919144198448
EMP2,0.23964242605188346,1.4457414624108553,0.15561891382404064,0.5250919144198448
ZNF783,-0.46962851390528915,-1.4447163062104627,0.15563715447310775,0.5250919144198448
PDXP,-0.6611847001412121,-1.447016838678519,0.15578482290302695,0.5254002975078518
FGFRL1,-0.6013666290045732,-1.4448645109319105,0.15581757234858018,0.5254002975078518
SERPINB6,-0.21522780006525188,-1.4456450738439865,0.15594460897368384,0.5256785005523523
NDUFS5,0.16457207655185613,1.4445436555387803,0.15604501528613549,0.5257755698786454
INTS5,-0.6678583308000645,-1.4452095634611035,0.15606248173272116,0.5257755698786454
PREX2,-0.6060210149912488,-1.4432198836726382,0.15615431045528147,0.5259348459128668
TXN2,-0.17554055753152742,-1.442273322001932,0.15633321053315205,0.52628962763485
PTPDC1,0.6862502488695674,1.445906213160425,0.15644247605682282,0.52628962763485
MICU1,-0.25022194828639854,-1.4428685086570743,0.15646024215819887,0.52628962763485
SELENOF,0.18425807936838545,1.4419486040003624,0.15646401523357903,0.52628962763485
ATP8B2,-0.5730474661065794,-1.4417299585977263,0.15648255764492364,0.52628962763485
SIAH2,-0.6244690460731452,-1.4419328899933501,0.15653923137431108,0.5263302837863122
Metazoa_SRP,0.6208729514712361,1.4422477927102202,0.1567119784675565,0.5265563991894548
HTD2,-0.58251064545882,-1.4412729777627373,0.15674460292002934,0.5265563991894548
ANXA3,-0.6740933938983211,-1.4424880760144685,0.1567503305345296,0.5265563991894548
SPARCL1,0.23901600520155242,1.4522002175665552,0.15683385230326963,0.5265563991894548
UCHL5,0.5297160986383123,1.459710892331757,0.15685438721211425,0.5265563991894548
MRS2,0.47264718021320684,1.4597034296019773,0.15687410893259743,0.5265563991894548
EIF4A1,0.5089778665337921,1.4472072532298232,0.15693865941852161,0.5266233298566366
SIRT2,-0.2800871197592638,-1.4429413870776693,0.1571893434953282,0.5273146348287439
GNPNAT1,0.6427998900080576,1.4397442716420694,0.15729677040478438,0.5274648572434155
IFI30,0.631383543145486,1.4390288523469905,0.15735135544304255,0.5274648572434155
B3GALT2,0.5898897243729382,1.4401624878328445,0.1573681683364091,0.5274648572434155
MORF4L1,0.1413798407329665,1.4394079802514665,0.15742114921128555,0.5274926671698058
RHOBTB1,0.6516212597927487,1.440214506126177,0.15748501488691016,0.5275569241600382
ACY1,-0.5672267870223466,-1.438522445022335,0.15769639065939994,0.5279192816275434
UQCC5,-0.36658813209111596,-1.4378595872661355,0.1577210779440634,0.5279192816275434
JPT1,0.5052435264948967,1.4516861239242655,0.15772734487931772,0.5279192816275434
SCD5,0.7286819080548805,1.4419538470140698,0.15798747899503104,0.5286400763991898
FBXO46,-0.6270181329797788,-1.435932457710571,0.15819135702314155,0.5290301520915757
YARS2,-0.5179380586675455,-1.4403492787975103,0.1581936837681713,0.5290301520915757
HOXA2,0.5879627234937155,1.4375077666043763,0.158354640443187,0.5294184453219548
BISPR,0.566650215097076,1.434629556230126,0.15846278082912643,0.5296299908515961
PRKD1,-0.6032283170863475,-1.4336405279236122,0.15874426511003437,0.5303801839649348
TMEM108,0.7122854024188627,1.4342989199567813,0.158777091921396,0.5303801839649348
CKS2,0.7096481348356276,1.4343705367243034,0.15893629979395915,0.5304742377287037
ENTPD1-AS1,0.626745144133388,1.4362644292435898,0.1589441776698781,0.5304742377287037
NUFIP2,0.4854241733075302,1.439956093142331,0.15898398018380838,0.5304742377287037
PDZD11,-0.15666415136122325,-1.4345987760244698,0.15898499390801812,0.5304742377287037
ALDOC,0.6433867778337832,1.4354255309116992,0.1590443215633623,0.5305222424570477
TYW3,0.5456825007569384,1.4538325686028064,0.15915461799440248,0.5307401879728592
MAPK1,0.3379782679348766,1.4420810560645732,0.15931068510727295,0.5309782934312975
UBE2K,0.4589373416298077,1.448787154053745,0.15931597758014873,0.5309782934312975
SCYL2,0.7407692756867004,1.434517887001455,0.159397049843066,0.5310985530334164
ALDH1L2,0.5890761785225074,1.4372613458127128,0.15961395185848942,0.5316711912216331
HDHD5,-0.5622104673019734,-1.4307671620672922,0.15969014401062961,0.5317749365431544
NPLOC4,-0.5892595859594092,-1.429953685424145,0.1597951692338007,0.5318927083838259
USP14,-0.2429627453603027,-1.429901003882884,0.15981562360334012,0.5318927083838259
SMARCA4,0.6807858418339636,1.437682741168056,0.15994236494874745,0.5321321542767722
PLOD2,0.3639428154927664,1.4373416367950667,0.16002776830111387,0.5321321542767722
SFXN5,0.6699699962275343,1.4332439908636598,0.1600359685155817,0.5321321542767722
ARL6IP5,-0.1747860673078634,-1.4348307111923178,0.16006787630976857,0.5321321542767722
CEP135,0.6857951705516814,1.43130087857511,0.16018793862283862,0.5322641219321055
SLC27A1,-0.6195102019732306,-1.4286491093746732,0.16019774885427962,0.5322641219321055
ZBTB16,-0.9266362791076599,-1.4271801380389895,0.16063746886764863,0.5331973633400376
KCNA5,1.0385499276065402,1.4311722145137815,0.16063784048981017,0.5331973633400376
IDH3B,-0.399596063456487,-1.4280622489085628,0.16064366273829253,0.5331973633400376
HIPK2,0.7121512962323671,1.4274754120261732,0.16074322094402468,0.5331973633400376
SUMF1,-0.24849157339509365,-1.426952240227992,0.1607481661093835,0.5331973633400376
ENSG00000261840,0.5947512700562703,1.4275736398419547,0.16074963287820365,0.5331973633400376
B3GNT2,0.5812145634449175,1.4343032551280634,0.16093760698787482,0.5336709130595119
CENPT,-0.4000749022939667,-1.430145643763715,0.16106296866044928,0.5339366315744464
SEMA4F,0.5159900454752184,1.4253395164803262,0.16125130868973256,0.5343298355389287
TMEM19,0.6963818752746453,1.4291279435083222,0.16129901063943788,0.5343298355389287
CYB561D1,0.5473093856465001,1.4271620185544809,0.16132404437589717,0.5343298355389287
ITPR3,-0.6312278477068771,-1.425752945840403,0.16136263140163326,0.5343298355389287
HEBP1,-0.18921577013995972,-1.4242094220680936,0.16143983354978356,0.5344355678786301
FANCL,0.48215237851187265,1.4275747858345456,0.1616361637390395,0.5349354956376118
FEM1C,-0.5218460878255877,-1.4273052127403079,0.16171603833978856,0.5350498409756738
FOSL1,0.9035000763563481,1.4243476599844693,0.16177749622976512,0.5351011148555488
SUCLG2-DT,0.6500491074237711,1.42410850344999,0.16182219229430828,0.5351011148555488
ENSG00000283580,0.5037933158200599,1.4227288738838588,0.16187862174427714,0.5351378128510759
DNAJC2,0.5312839304740944,1.4234330692151684,0.16194317958068571,0.535181474648616
SEC16A,0.7010096893760926,1.4253726660498631,0.1619993583172091,0.535181474648616
SLC3A2,-0.3440268523804564,-1.4220344260675035,0.16207547522924828,0.535181474648616
FRMD3,0.6648452887140757,1.4221683884129277,0.1620940721613373,0.535181474648616
BRPF1,0.6285159636443747,1.426830386644869,0.16231052781368055,0.535181474648616
EWSR1,-0.21379248314216515,-1.4226601524504021,0.16244172044103294,0.535181474648616
LYST,-0.5393548658140221,-1.42088649312254,0.16246128831592468,0.535181474648616
AIP,-0.27294090242806845,-1.426158036293275,0.16246423500355528,0.535181474648616
DLG3,0.6845079572845025,1.4228760301762124,0.1624974693466235,0.535181474648616
CRY2,0.2889013501599784,1.420826518450234,0.16251401283168032,0.535181474648616
KRR1,0.22435439137032365,1.422898614486287,0.16251681047030056,0.535181474648616
RPS6KC1,0.5105897973832567,1.4221286961472261,0.16254175869887605,0.535181474648616
SOX9,0.6837872962305607,1.4215490272737712,0.162623644228044,0.535181474648616
RILPL1,-0.6595417085487094,-1.4203591192093243,0.16263530276759608,0.535181474648616
EIF3A,0.30794725734088413,1.4211195756545671,0.16268133285452815,0.535181474648616
SLC49A3,0.6432402156888783,1.42338891422317,0.16271479701982886,0.535181474648616
HELLS,0.6614947759806571,1.420312531454708,0.16272659691919794,0.535181474648616
GSTM1,-1.3884227335014656,-1.421116397094261,0.1627752121764946,0.535181474648616
CD2AP,0.5298436138642293,1.4229650832371252,0.1627783208043155,0.535181474648616
IL17RA,0.6131761007392416,1.4352929266532783,0.1627985324407607,0.535181474648616
SNAPC4,-0.558546452949729,-1.4199825883048103,0.16285875505611885,0.5352304018478516
SERP2,0.5676214556695847,1.4233306862133115,0.163035176509647,0.5356610795147183
DNAAF2,0.5976312310727989,1.4369424120608467,0.1630952296355366,0.535709289328745
ADGRD1,-0.7634941881290995,-1.4199918263261824,0.16318703982559385,0.5357538642120666
LINC00632,0.6371029946396667,1.4209445163199228,0.1632107856439651,0.5357538642120666
SLBP,-0.41286331889867345,-1.4224711239971062,0.1632449512554683,0.5357538642120666
GPATCH2,0.5247522416588759,1.4231645168260298,0.16329156693522426,0.5357579065231579
TFDP1,0.5636795240471901,1.4322074912642189,0.1633618613383463,0.535839614642728
NDUFA13,-0.4562697595698868,-1.4181613229777197,0.16342429555661578,0.5358955025127359
LZIC,0.5896486510982086,1.4201551567851423,0.16368965242633587,0.536616591750318
SSH3,-0.5789909742628665,-1.4162099929544887,0.1637558351945731,0.5366845181765506
PCYOX1,-0.3102188643563091,-1.4163286429877742,0.1638652689604038,0.5368941160359608
SLC39A9,0.5303845749030605,1.4239882117703668,0.16391135057731088,0.536896085894882
CCDC85B,0.20801385943129436,1.4156207307238091,0.16411662226199095,0.5373499702270377
NOTCH1,0.5634834205030645,1.4161757194315108,0.16414095659794137,0.5373499702270377
LINC00847,-0.6161436331274954,-1.417794067856125,0.16424452860747502,0.5375399667899203
MRPL43,-0.1604761029363022,-1.4159859643051227,0.16434552342651923,0.5377214257344954
MRTO4,-0.27020596584595147,-1.4143534148471286,0.16450387237771927,0.5380903888664383
TMED5,-0.22130323647525252,-1.4137759419787443,0.16455759350283677,0.5381170059005507
GTF2B,-0.39150636128010596,-1.4243963239341233,0.16470629654204133,0.5384530010316991
BCL2L11,0.5796990072840273,1.4129312461119312,0.16478856414907433,0.5384530010316991
RIMKLB,0.5625413565768884,1.4155140697893946,0.16479717854532222,0.5384530010316991
CPNE3,-0.1485798452047593,-1.4143934533685,0.1649838965914694,0.5387744014705719
PER2,0.8148594103978586,1.4119971716422708,0.16498682433851056,0.5387744014705719
SLC39A8,-0.6150677265449112,-1.4131044593741553,0.1650538272158134,0.5388441455427758
NCOR1,0.207851399034098,1.4119048485807209,0.1651326527697423,0.5388504745727418
VIRMA,-0.6409703185627871,-1.4118742069505075,0.16514705777248453,0.5388504745727418
GRK5,-0.4737866642798796,-1.411198217497893,0.1654528977692536,0.5396992147460732
BMPER,0.7568466825217961,1.4118027060453708,0.16558145268020397,0.5399612999852811
UBQLN4,-0.5664833726713989,-1.4097885193500197,0.1656871491501123,0.5399612999852811
C22orf46P,0.589745446516436,1.4109069696016072,0.16577622820982915,0.5399612999852811
SHROOM4,0.567343937843013,1.4110998002828568,0.16586712058979006,0.5399612999852811
XPA,0.4259971433918146,1.42890810518115,0.16587035453193255,0.5399612999852811
PFDN5,0.17418415109611018,1.414729680080853,0.16592474397199006,0.5399612999852811
SLC9A6,0.6434439536047787,1.4110494442894133,0.16597122856072055,0.5399612999852811
IL13RA1,0.45323818032057783,1.4218407963812651,0.16601397287761452,0.5399612999852811
WFDC2,0.5729469555593703,1.4096981239384325,0.1660498209108422,0.5399612999852811
CDK16,-0.3853361756571214,-1.4162783183590866,0.16606765812805135,0.5399612999852811
CAVIN1,0.2234872468072826,1.414680306520969,0.1660685556150389,0.5399612999852811
ZNF844,-0.6464261127572306,-1.4084481603013006,0.16608212454439267,0.5399612999852811
P3H4,0.6257617277919989,1.4114198409140335,0.1662852743850199,0.5404729251418391
IER2,-0.45547844421098205,-1.407370703612213,0.16642677974343023,0.5407839622546639
RNF181,-0.18228006824318221,-1.4075487612699107,0.16654808355181677,0.5408973450878676
TFDP2,0.44009093605691874,1.4189458476670194,0.16659441277333367,0.5408973450878676
PLEKHM1,0.6504086522956283,1.4115161623553818,0.1666089882462612,0.5408973450878676
CD109,0.6627266887803365,1.4078186077741768,0.16664495079073058,0.5408973450878676
PSPH,0.6305290276873505,1.409181277497457,0.16683768874536242,0.5413723391941033
SLC1A5,-0.30102554198952447,-1.4056643655155285,0.1669275481819536,0.5413723391941033
PAXX,0.45724038480862816,1.4251311416294705,0.16699356707805205,0.5413723391941033
SCOC,-0.3868270108633176,-1.4143318721138423,0.16703852136768738,0.5413723391941033
FAF2,0.30463662605522757,1.407606080857694,0.16705159783258472,0.5413723391941033
ZNF793,0.567771546976122,1.4052924436119316,0.1670823163336888,0.5413723391941033
RBP4,-0.9619582385794909,-1.4111084851420623,0.16713936230233709,0.5413723391941033
MCPH1,-0.5820036894734999,-1.4049032244605808,0.16715816826450713,0.5413723391941033
TMEM187,-0.5452993541599209,-1.4034974800010644,0.16782318671116178,0.543377048580709
ARMT1,-0.372262800152809,-1.4051668449083912,0.16797408270853398,0.5436651057004158
KIAA0232,0.6283154351875084,1.4082521537639379,0.1680042613803572,0.5436651057004158
UMPS,-0.6631757183857716,-1.4011993668716953,0.1681696388191734,0.5440511335325684
ARL2BP,0.21220484555944807,1.4032158194888953,0.16822803084409518,0.5440909326341216
COPB1,-0.18247291600084026,-1.4014412041648032,0.1683441643244262,0.5441961133057218
NDUFV1,-0.1937143271888786,-1.4007002099478356,0.1683527493259209,0.5441961133057218
STPG1,0.5697037185867052,1.4004199115899874,0.16859496181458614,0.5446833480688704
GCSH,-0.36597837822511625,-1.4002687275801253,0.16859576059666687,0.5446833480688704
SNX4,-0.3403925395678229,-1.403336184290155,0.16901809369859092,0.5457682348784513
PAPLN,0.7915526767247818,1.402289516920055,0.16904029420635605,0.5457682348784513
APOBEC3F,-0.5373965143854997,-1.3987153264426608,0.16907026132575148,0.5457682348784513
IGF1,0.37875200103604634,1.3982226777803468,0.16914154935188375,0.5458490951610135
LRRC75B,-0.7227114124551175,-1.3993213457283227,0.16923704981040213,0.5460080276063944
ATIC,-0.3712658336712913,-1.4033046462131773,0.16934439571589488,0.5461079287858245
IMPA2,-0.6409564845246241,-1.4008356153533275,0.16936096059890218,0.5461079287858245
XYLT1,-0.7043793148465549,-1.401016632845155,0.16942035225922142,0.5461079287858245
BDNF-AS,0.6038688348255907,1.3981533994424014,0.16945305744536002,0.5461079287858245
ENSG00000272447,0.6530786368405508,1.4025194911287224,0.16950072764403187,0.5461124699338964
ECHDC1,0.43783383340676174,1.4186205179412574,0.16961211038591514,0.5461932995150962
S100A11,-0.27300952815877544,-1.3963391051178942,0.16961835120900828,0.5461932995150962
ENSG00000275993,0.5524464925745209,1.39619121389415,0.16975238252913,0.5464155495412408
REX1BD,-0.1574010886685402,-1.3961155407610912,0.16977994372869729,0.5464155495412408
TEKT3,0.5661538734577294,1.396056113941644,0.16985149952380033,0.5464968525152528
MALSU1,-0.19172475402754685,-1.3950462697825794,0.17004585373848963,0.5469137393478857
MTAP,-0.44604574356065907,-1.3965407162948706,0.17007816554125724,0.5469137393478857
RACK1,-0.13933123776057954,-1.3958682408684537,0.17012005513641984,0.5469137393478857
MAST2,0.6905363339489798,1.3957179153875774,0.17043118637085244,0.5477648121720428
PRKCD,-0.6428731064868689,-1.3934539856321577,0.1705539087363847,0.5480100415440995
RAD51D,-0.5802950935977433,-1.3945022352362495,0.17065171214195154,0.5481750916559831
NCBP3,0.5034276134561111,1.4128698279694085,0.17099501524103722,0.549128442579011
SEMA4D,0.6558639069563124,1.3918700795863523,0.1710628065648834,0.5491446933501574
PITPNM2,0.5689900499364928,1.391825775242413,0.1710931115749156,0.5491446933501574
ELOC,0.21849259698532908,1.391471699798277,0.17119008817742723,0.5493066025916087
SNRPG,-0.18916846902986784,-1.3911263738233801,0.17124877164791344,0.5493455840498962
POP1,0.6451000343041104,1.3913777083654126,0.17145913741581564,0.5498709908160021
UBA7,0.5111910365142869,1.3935822533183104,0.17160000425986582,0.5501667346127659
BEND5,0.6693066187328096,1.392942487569188,0.17164456447088663,0.5501667346127659
SYTL4,-0.68755380710054,-1.3909871933311015,0.17176743205333747,0.5502096716711958
AKNA,-0.6583371541912046,-1.3892518603876913,0.17176920235070786,0.5502096716711958
HILPDA,0.6689245386614155,1.3916960098540625,0.17184045037005174,0.5502096716711958
ATP23,-0.6151152837842808,-1.3891238640441694,0.17184439300734428,0.5502096716711958
MPP1,0.5044543461361175,1.3931077704830916,0.17191760380181245,0.5502948245337299
TMEM209,-0.5499683494682097,-1.3893403890862874,0.17198091730860063,0.5503482593732801
ZNF107,-0.5328239601345679,-1.3881148097420033,0.17211346058852098,0.5503928057999488
POP7,-0.22965817012876766,-1.389241184780005,0.1721164084184023,0.5503928057999488
MT-ND6,-0.30670035113958516,-1.3887651875042162,0.17213470893802715,0.5503928057999488
RAP2A,0.6264996465695072,1.390700933479783,0.17226270576995048,0.5504844286665694
FAM227B,0.5708989352297886,1.3889080063919925,0.17226524709013474,0.5504844286665694
PDK3,-0.6073202885191784,-1.387702740263539,0.17230325827386483,0.5504844286665694
FOXJ2,0.6383799724519177,1.3875447606631448,0.1725561159969344,0.5510213289729758
FASTK,0.4972042389121789,1.3874676394579666,0.1725646635504525,0.5510213289729758
CADPS2,0.5439123009593976,1.3898713492185766,0.17275415589439633,0.5514772337299483
KMT2E,0.19778559563886944,1.3884693561082737,0.1730339369063527,0.5518617446401017
PDCL,0.48553114841132494,1.4038797535759786,0.1730391168659629,0.5518617446401017
CMTM6,0.23540437052113372,1.3849805997995737,0.1730764911420724,0.5518617446401017
EIF2B4,-0.32907512889769475,-1.3914068884019801,0.17308394161449836,0.5518617446401017
AIRIM,0.6524574431731605,1.3920979227852899,0.17310834734454017,0.5518617446401017
KLHL15,0.6421686986057786,1.3838961048061411,0.1733710814153452,0.5525501123402133
NSA2,-0.20050175430838557,-1.3840812419067618,0.17342622161957433,0.5525766656461741
TEX9,0.5513437535602055,1.3851050899311423,0.17350725232645425,0.552685675583862
TOP3A,0.6285040173032508,1.383908349569096,0.17376957786336059,0.5533719629557518
SLFN5,0.6097848851312957,1.3857384365742162,0.17391888155601035,0.5536208954089875
CMTM8,0.636130934362126,1.3842704829267698,0.173978139313663,0.5536208954089875
IER3IP1,-0.5229663226171919,-1.3834809206026708,0.17399896898614395,0.5536208954089875
ZNF454,0.5115854898789567,1.3817103897799017,0.1740364421995652,0.5536208954089875
MYO15B,0.6054020119136654,1.3817762639622329,0.1740822332704923,0.5536208954089875
NUDT22,-0.24731993767566784,-1.3816435039609705,0.1742025770666072,0.5538544094455422
CLN8,0.6345842010199774,1.3851379919930145,0.17438725336863084,0.5542922794875302
KIF7,0.6015285727019628,1.3821445517069926,0.17463637778451613,0.5549347078724665
MIRLET7BHG,-0.5853955248140497,-1.3804128380858502,0.1746940366031269,0.5549685420075117
ATP11A,-0.636453462841474,-1.3790417075205406,0.17486567006371165,0.5553643355130794
CDKL1,-0.673715094360793,-1.3789724233679042,0.17498170618362885,0.555583389321608
SNRPA1,0.2354583664661103,1.3870400283558557,0.17529654202778439,0.5564333634412462
SPTB,-0.6769203648327613,-1.3782209061780588,0.1755031421144687,0.5569394066293826
MRE11,-0.5870459678897282,-1.3783130729788933,0.1756078074913691,0.5571217864648245
TMEM205,0.47187431558519766,1.3949788560772243,0.1759106635708346,0.5575437718916563
FOXO3,0.5042546184853416,1.3917550602515458,0.1759914787057178,0.5575437718916563
ZBED6,0.6805231007485781,1.3757786757265997,0.17599955270948023,0.5575437718916563
PGM3,0.5140409221401434,1.391391847845342,0.1760038309460563,0.5575437718916563
ABHD8,0.6177497725329988,1.3811717478570462,0.17601543590666177,0.5575437718916563
KIAA0513,-0.5553954259344045,-1.3754592266893197,0.17603881867721607,0.5575437718916563
ID3,-0.31622283077594027,-1.3764746266377157,0.17609862973535223,0.5575437718916563
RPL37,-0.21368268637026588,-1.375856381179738,0.176151017007602,0.5575437718916563
ADCK5,0.5623412661862104,1.37765002561719,0.1761726387749476,0.5575437718916563
FLCN,0.6307412167190218,1.3747482401148892,0.17637143153771515,0.5575437718916563
ITPR2,-0.6395515710067978,-1.374164865667787,0.17638469614252492,0.5575437718916563
TUBGCP2,-0.20596501253550237,-1.3762388483828405,0.17646116223210992,0.5575437718916563
FXYD5,0.3507124601139102,1.3742861520080223,0.17646991525419345,0.5575437718916563
PRMT7,-0.3023661281176926,-1.3779865505536066,0.17651784805820178,0.5575437718916563
DDA1,0.40777570948789865,1.3924076917470756,0.1765521039324787,0.5575437718916563
LRRC61,-0.5732623507053911,-1.376144837240515,0.17655779988608536,0.5575437718916563
B2M,0.14129695242061757,1.3734887648927352,0.17659711113354007,0.5575437718916563
ATP6V1E1,-0.22814245226948593,-1.3808627447896535,0.17661153195349472,0.5575437718916563
ZFAND6,0.4320231666929706,1.3910554142825586,0.17671670007324503,0.5575437718916563
RELL1,-0.5792699707251585,-1.3793793725121721,0.17674881138358306,0.5575437718916563
BTN3A3,0.6434840841976208,1.3772783726273994,0.17675955451405612,0.5575437718916563
ETV3,0.7231550492656269,1.3728995829969748,0.17677986769931972,0.5575437718916563
EPOR,0.5298700956248319,1.3813203642750456,0.17691686112365612,0.5578066377352918
RBM24,0.7066134716345627,1.3749660632006044,0.1770410056275799,0.5578066377352918
FAM118B,0.5976416720305044,1.378448911997734,0.17704306343800882,0.5578066377352918
ILVBL,-0.2652246477364182,-1.3719413746612252,0.17705222122779657,0.5578066377352918
PGM5P3-AS1,0.6216255813073142,1.3729032329368687,0.17718751794338738,0.557880818267596
DPYSL2,0.23693194144912688,1.373193121586483,0.1772143100003333,0.557880818267596
CLMN,0.8796538971169134,1.3803400909212296,0.17732911866192835,0.557880818267596
FOSL2,0.5155961527525257,1.379009331067087,0.17733015295408744,0.557880818267596
PARAIL,0.519340908500519,1.3743251665638994,0.17735103273684052,0.557880818267596
SF3B1,0.350005113955949,1.376421694669596,0.17735931477833863,0.557880818267596
CES2,0.5635658303241593,1.3781941883370545,0.1774368464325502,0.5579760181503076
KIFC3,0.6501886859482968,1.3707299099725962,0.1775024417185723,0.5580336416744995
BHLHE41,0.684362893731369,1.3803160742774625,0.17755094308179645,0.5580375088074034
DUSP16,0.6067082884858539,1.37137708947022,0.17765795512699678,0.5582252223247797
ENSG00000267598,-0.7993139953966026,-1.3787304391892998,0.177782632596769,0.5584568521102495
DOCK11,-0.5786262204416,-1.3704089008260194,0.177897193328989,0.5584568521102495
TBC1D22A,-0.5071580389453185,-1.369359954904062,0.1779068447474992,0.5584568521102495
RPL41,0.5548707202925875,1.3692186204637173,0.17800683042220322,0.5584568521102495
IFI44L,0.6831785737761651,1.3756492174912092,0.1780185066695671,0.5584568521102495
TMEM39A,0.4131288424660564,1.3771184698645846,0.17812407566722727,0.5584568521102495
ISOC1,0.4974372728845653,1.368424037005159,0.1781422133809636,0.5584568521102495
PTPN13,0.26260678396444703,1.370153676215985,0.1781457627294138,0.5584568521102495
UNC13B,-0.5781563170123034,-1.3683525802072267,0.17815743371852602,0.5584568521102495
TMEM87A,0.2658248078888539,1.3753747826709861,0.17824457178217284,0.5584660879969806
SRSF3,0.2740054557592151,1.3686999272526932,0.17825499530475417,0.5584660879969806
NME3,0.18958414626777742,1.3675058856382631,0.17841190977552082,0.5588093910586425
ZNF331,0.5940333778152276,1.377341929086937,0.17861944430368482,0.5593110185689654
NPRL3,0.6438221753303384,1.3717953458713716,0.17883334295646228,0.5597753327998924
AARSD1,-0.6113101418278801,-1.3659031512576718,0.17891249022197026,0.5597753327998924
SEC14L1,0.5137890069102822,1.3831853763680033,0.17891682855671565,0.5597753327998924
TRPC4AP,0.4185003096994251,1.3810370586928609,0.1789768497122418,0.5597753327998924
RASSF8-AS1,0.5964167668393734,1.3726920441273405,0.17900481840911425,0.5597753327998924
FLNC,0.5621230701120687,1.3701275973207403,0.17911977922247516,0.5599657400881028
SRBD1,0.5911169728996972,1.3756257585733676,0.17920399040737123,0.5599657400881028
ZRANB1,0.5459500569651565,1.3714999892428237,0.17920801067792058,0.5599657400881028
TRNP1,-0.706429206427766,-1.3686710326175722,0.1793538180873904,0.5602545282307804
ZBED1,-0.45369908445605667,-1.36634134035345,0.17939535084390934,0.5602545282307804
MBTPS1-DT,-0.554676843362491,-1.3692452274477556,0.1795435368590409,0.5604080315805212
RAB5C,-0.29149503129875676,-1.364777322347664,0.1796741202840281,0.5604080315805212
RGS9,-0.5147353774174044,-1.3667554481897721,0.17969121410667896,0.5604080315805212
TUBA1A,0.3115258923667099,1.3699143236925655,0.1797884132064638,0.5604080315805212
SLC15A4,-0.5627753807703391,-1.3638921150867143,0.17988099160777654,0.5604080315805212
CPSF7,-0.37508843197176045,-1.3635068707406433,0.17990722806002699,0.5604080315805212
BCCIP,-0.2521946211659314,-1.362776230840707,0.17990759562910882,0.5604080315805212
DLEU2,0.5795127692080735,1.3630420707320372,0.17992920563379294,0.5604080315805212
HSBP1L1,-0.6409013602708882,-1.3624805882030628,0.1800058009618691,0.5604080315805212
USP25,0.5737031304787554,1.36576131937879,0.18009340207810215,0.5604080315805212
PLEKHA8,0.5612790956051703,1.3629618983558383,0.18014057451146953,0.5604080315805212
NPIPA1,-0.5975638415174322,-1.3624270855098881,0.18016278646147815,0.5604080315805212
ATP6AP1-DT,0.574515176264176,1.3619885151540139,0.1802549758540428,0.5604080315805212
PDK2,-0.5160526525587548,-1.363650279621095,0.1802715023937998,0.5604080315805212
TMEM119,0.37646562902496594,1.3614453636764574,0.18030490151745962,0.5604080315805212
SIAH1,-0.4085400768229901,-1.3623894899739393,0.1803172093377574,0.5604080315805212
SGCA,0.5481761465682817,1.3662448387526855,0.18043068457347594,0.5604080315805212
CFAP53,0.5141453874756068,1.361422774926536,0.18044580171188213,0.5604080315805212
POLR2G,0.20255269984000712,1.3715048252924489,0.18047343314485592,0.5604080315805212
DHX33,0.6465962926707145,1.3616919400222398,0.1804768413468818,0.5604080315805212
PIP4K2C,-0.5209036488022729,-1.3616189014837439,0.1804835564644409,0.5604080315805212
ADGRF5,-0.7606309882693423,-1.3646267491049384,0.18052919649607027,0.5604080315805212
EIF2D,-0.4908054916214306,-1.3703554734059165,0.1805363612114123,0.5604080315805212
CWF19L1,-0.49590793475790873,-1.360398103794587,0.18063645223844557,0.5605474934227938
IRX3,0.6118358235943837,1.3604638729330976,0.18072372503533707,0.5605474934227938
HERC6,0.6161538006029603,1.3617295896635173,0.1808104751154599,0.5605474934227938
LSP1,-0.721606185543969,-1.3600588918114425,0.18082592857512075,0.5605474934227938
PCGF6,0.5088708169769687,1.3645987732201654,0.18087036159572079,0.5605474934227938
SELENOI,0.6574479097531167,1.3602870075311608,0.1808789898585322,0.5605474934227938
MAPRE2,0.5415290215557196,1.3663915610362267,0.18093988800420047,0.5605474934227938
MT1E,0.405124709714471,1.3595312091298193,0.18097754675549532,0.5605474934227938
CPT2,-0.47206889335827107,-1.3606923210978734,0.18100864421242607,0.5605474934227938
ZNF438,-0.5850104010907584,-1.3590358147313006,0.18106996563197408,0.5605903341949788
AMOTL1,0.3550669754951681,1.3587535685309093,0.18122498773763182,0.5609231725859317
RANBP1,0.18216778699763125,1.3601849884974655,0.1814009102755392,0.5613205100400368
FARS2,0.6197045624595678,1.3671240108957583,0.1814641978167995,0.5613691968625047
KANSL1,-0.5644768883758164,-1.356839083325075,0.1817529668830576,0.5621152145806904
FH,-0.5185638778852857,-1.3586404158751029,0.18182223811730838,0.5621821689300224
FXYD3,0.5636399673947281,1.3567218476681266,0.1819266674429954,0.5623033310521101
RTRAF,-0.14857263620372763,-1.3671650822177113,0.18198803043420728,0.5623033310521101
LINC01023,-0.5896378724408207,-1.356660564533588,0.18202848819078263,0.5623033310521101
CTR9,-0.43091457218893936,-1.3673746480972677,0.1820519552122969,0.5623033310521101
TBL3,-0.5970460859735907,-1.3573022618338018,0.18214150399200973,0.5623374834570063
ACAD9,-0.4332167370998956,-1.357095466146036,0.1821582835018714,0.5623374834570063
POLR1E,0.5748934607561051,1.3627167181666866,0.18222584415559837,0.5623989778449251
PRIM1,-0.5904236257440023,-1.3561123691821806,0.18248417373266995,0.5630490514673729
BRCC3,-0.5158818729383268,-1.3557348669998615,0.18261326344006812,0.5630971724379151
CPVL,-0.6595289496966052,-1.3546493320671014,0.18262154540592632,0.5630971724379151
TMEM14C,-0.14176608646410038,-1.3548986399326093,0.18266267349823828,0.5630971724379151
TRAF6,-0.4589536952867088,-1.3538728792423091,0.18269056928735408,0.5630971724379151
PI4KA,-0.3597591049184099,-1.3548518535301917,0.1828484131300638,0.5634365745237284
ATP10A,-0.6665139411543068,-1.3554088485415066,0.18295752874383045,0.5636256854960644
OMD,-0.6408532393746862,-1.360602974738806,0.1830793653964038,0.5638538764687052
LDLR,0.6461916092903301,1.3548538664581098,0.18318118932184693,0.5640203286239965
ATF2,-0.36134463091004676,-1.3588908359740308,0.18332488205387504,0.5641469745644945
USP31,-0.5990808194739705,-1.3523092403464667,0.18333995122428973,0.5641469745644945
CIRBP,0.25662920625828,1.357636284189415,0.18336927778600162,0.5641469745644945
CCDC159,0.6069370074601483,1.3527313673068297,0.18346675529962622,0.5641469745644945
PDF,-0.6139192773058118,-1.3516429723530958,0.1834949990173318,0.5641469745644945
TBL1X,0.5672531033347563,1.3534364964979866,0.1835497827473354,0.5641469745644945
LARGE1,0.5234350628303257,1.353285268107151,0.183556842804085,0.5641469745644945
MTHFD2,-0.48003852518682333,-1.3514733216156707,0.18360664452327993,0.5641531594475063
CYB5B,-0.32953172450535195,-1.363707131279529,0.18370708239182723,0.564176083826465
TADA1,0.5836897691374743,1.3543413066008354,0.18380514214375474,0.564176083826465
PDSS2,0.5654593637393353,1.3540373754686996,0.18382625926356408,0.564176083826465
MOSPD3,0.3978743569213705,1.3619738392684795,0.18383962841051846,0.564176083826465
CYB5R1,-0.40273775609838136,-1.3529728029290304,0.1838530617941898,0.564176083826465
CMC2,0.31711675515366977,1.3506272856752812,0.18392631584420455,0.5642541992049985
HEXB,-0.23039288930920065,-1.3495392989102815,0.1840740195061421,0.5644614081883005
ITGA3,-0.7506534033460843,-1.3496391811843311,0.18408948932867064,0.5644614081883005
GCLC,0.6126375215193498,1.350816999008057,0.18422395658216972,0.564710806231016
TCERG1,0.31372162354528843,1.3496984457830725,0.1842960041165096,0.564710806231016
WDR24,-0.5926282275353929,-1.3512411580889998,0.18431433599390976,0.564710806231016
LAMC3,-0.5811528316403434,-1.3519936337380873,0.18439585205057646,0.5647127571813689
KPNA5,0.6805663428528135,1.351642388537472,0.18444299594367702,0.5647127571813689
C9orf40,-0.5750706222274626,-1.3524896501412274,0.18445848298952636,0.5647127571813689
PFKM,-0.3652583168027217,-1.3512478215506774,0.1846364121586304,0.5649925807910947
MYH9,0.371170034554682,1.3519738050877885,0.184645605818894,0.5649925807910947
NR2F6,-0.6124694407491735,-1.3479262947115727,0.18474873212233028,0.5649977981676999
FAM27C,-0.5718932629801443,-1.3526615779048694,0.18478247688366176,0.5649977981676999
AR,-0.4502655505698847,-1.3508705858861743,0.18479089358115114,0.5649977981676999
INTS7,0.6159976185376528,1.3483625983476242,0.18488039138190557,0.5650221014457577
GID4,-0.5751359477362032,-1.346867962424563,0.1849195258991762,0.5650221014457577
ARL4D,0.33780377620643787,1.3480852404848964,0.18494243117208028,0.5650221014457577
TXNRD2,-0.41747007578542394,-1.354335976404425,0.18503220972400325,0.5651501256900021
RPS15A,-0.2027380511895256,-1.3465341455090007,0.18512191206772785,0.5651591818881231
AP5S1,-0.6841853520240915,-1.3470090212066106,0.1851309238764398,0.5651591818881231
KPNA6,0.4843522781882452,1.3646131418383958,0.18527064198633517,0.5654394851728766
ECHDC3,-0.7587010981015272,-1.347114194202983,0.18541109220695196,0.5657218773592835
GATAD1,-0.3787668610874322,-1.3484803783198382,0.1855177003968878,0.565900892295933
FGF2,-0.7172202963773375,-1.3448771097595946,0.18561414570605458,0.5660304041753086
AAAS,-0.4080752473790259,-1.353629336509603,0.18565605463505253,0.5660304041753086
CDC42EP3,0.6104322135456242,1.3524588215627795,0.18576047857122702,0.5662025431276362
IL15,0.5660665648395533,1.3439110170841224,0.185899434776818,0.5664798212546042
RBBP9,-0.5705320229585817,-1.343876276089007,0.18601364114475963,0.5666815570874548
ERN1,0.6166020461200108,1.3445055144798825,0.18626246789028686,0.5672129917393331
ENSG00000273145,0.49643254772173884,1.3429045870287757,0.1862841820392541,0.5672129917393331
SEC24D,0.23876518493516397,1.343224656333271,0.18639606575979276,0.5674073120924068
FAM149B1,0.5767463828683916,1.343029517891847,0.18645526462201195,0.5674411958914285
SF3B5,0.14566161810536826,1.343143231082253,0.18660136063435787,0.5677394490434523
SHQ1,-0.4112032764200504,-1.3458943905799103,0.18687178931201523,0.5684157363639113
DAPK1,-0.5320920318716094,-1.3406085695226044,0.18698759665234221,0.5686214782279495
FHIP2A,-0.47445619656368176,-1.342577181964023,0.18706165223273866,0.5687001814595621
KHDC1-AS1,0.5307917317901611,1.3396221199209892,0.1872533231932216,0.5691363234541661
URB1-AS1,0.5911865985966855,1.3411458176327502,0.18746891079597278,0.5696449142719328
SLC35B4,0.605331668067528,1.33861928422628,0.1878083695849035,0.570184925159548
SAFB2,0.24697037050515913,1.3390822011124086,0.18780935091292442,0.570184925159548
ASB7,0.5866949949507125,1.3378260475991515,0.18787572702346217,0.570184925159548
ASB3,-0.5017986349164736,-1.3380271954462242,0.1878839104445043,0.570184925159548
EXOC3L4,0.5575819236529465,1.3383969354657674,0.18788812866333263,0.570184925159548
TANC2,0.6593883375263743,1.3384014346314117,0.1880728739756533,0.5705988890471825
PSMA3,-0.18231861170005104,-1.3485850448276966,0.1881243796908954,0.5706085052032427
SPSB1,0.7037138772048053,1.345054009807864,0.18822720190251072,0.5707613758573606
SERPINA1,-0.804386054225112,-1.3365570669458848,0.18827147798293623,0.5707613758573606
NIPSNAP3A,0.5004859267601232,1.3522949503796233,0.18837930654263102,0.5708884846119826
NIFK-AS1,-0.6287042088014871,-1.3373946005602972,0.18841012588295503,0.5708884846119826
MCM5,-0.5990775444141434,-1.3363491186654113,0.18860851284510574,0.5713429546154666
ZFP36L2,0.21224346206518163,1.3380434324362922,0.18870054076592196,0.5714750856187042
TFG,0.190563795209842,1.3358226106747,0.18897804755939804,0.57212831542254
RPS6KA3,0.49929791955038816,1.34582385021092,0.18902440924145242,0.57212831542254
SUCLG2,0.42462454314639597,1.3477722124692169,0.18912734740260734,0.57212831542254
HCG11,0.5121577312752743,1.3467645763402172,0.18915157339049551,0.57212831542254
SLC25A3,-0.15837090162474432,-1.3359511309522278,0.18919153892104515,0.57212831542254
Y_RNA,0.578987552384322,1.3354613324702587,0.18920702612533638,0.57212831542254
OVCA2,0.5970274784666563,1.3381273871571011,0.1894561767725606,0.5727138093613741
HNRNPM,0.2415134121794864,1.336940870688561,0.18949768228424624,0.5727138093613741
BANF1,0.17876941750906905,1.3389227070365628,0.18955976801585364,0.5727548148009092
CTCF,0.5142260831430834,1.3358093968614917,0.1897198575555907,0.5729807495874026
PRPS2,-0.42556429580414257,-1.3325865893226083,0.1897316179701107,0.5729807495874026
DYNC2H1,-0.3980318041495261,-1.3326457504027625,0.18980219365014595,0.5729896967019794
C2orf76,0.19753070876750822,1.333960510252925,0.1898637212342596,0.5729896967019794
TRIM66,0.5788530525612134,1.3346422926759254,0.1898801942819266,0.5729896967019794
PTGR3,0.5831273817097338,1.3355486138258568,0.19004805805098404,0.5731288953510667
PEX11G,-0.6169977752988878,-1.3311198161966504,0.19005282223466344,0.5731288953510667
SP2-AS1,-0.4890888038051887,-1.3321432234136847,0.19007197164755835,0.5731288953510667
PBRM1,0.39868738471514487,1.3436162288284497,0.19029955604754653,0.5735234635161148
GXYLT2,0.6151563407380634,1.3435570319033463,0.19029999208747325,0.5735234635161148
TRIOBP,-0.2751220887490726,-1.3315357728499262,0.19039244264791041,0.5736556369215371
ARL17A,-0.5543434629945763,-1.3321265552324553,0.19056901197603707,0.5740038391471812
MHENCR,-0.5840848355889983,-1.3301152817325852,0.19060525620135116,0.5740038391471812
EBAG9,0.40581546699828586,1.3410307037671652,0.1906591306886204,0.5740196474825717
TUBGCP6,0.5955158594115595,1.3346864027490797,0.1907198647882185,0.5740560948049259
INTS2,0.5937059935883213,1.329381408320363,0.190891662406232,0.5742876841464931
SEMA6D,0.6671473226537268,1.3283857449051202,0.19090736970713795,0.5742876841464931
SECISBP2,0.5129074623104373,1.348241820627265,0.190942749705632,0.5742876841464931
Y_RNA,0.5272262109205496,1.3276143444697879,0.19127576335773488,0.5750389817124358
TNPO3,0.48847111262938414,1.341953030676822,0.1912899687577074,0.5750389817124358
SEC61A1,-0.27790762819042314,-1.327145163800322,0.19136736931848325,0.5751170834921355
GOLGA1,-0.5927241177205942,-1.3268548568681502,0.19151336891770734,0.5751170834921355
SERBP1,0.18488634127382042,1.3269969339546248,0.19156091624083357,0.5751170834921355
COX6B1,-0.12374569757268716,-1.3263824068054444,0.1915841898991644,0.5751170834921355
LAMP1,-0.20185935543023525,-1.330838114167226,0.19162580416261066,0.5751170834921355
GSTO2,0.5315233637606784,1.32658929822286,0.19169224288270476,0.5751170834921355
MKNK1,-0.3454209478356258,-1.3271003262382268,0.19174944934830537,0.5751170834921355
HES1,-0.4950830697483024,-1.3286644749628318,0.19181401531169628,0.5751170834921355
PPIH,-0.33840774880244595,-1.331813576266959,0.19183624986288939,0.5751170834921355
ATP6V1B2,-0.4082090752206078,-1.3263136869707726,0.19186424399168203,0.5751170834921355
HLTF,0.545819823955588,1.3299704062666173,0.19187752087515464,0.5751170834921355
GLI2,0.5434643808357835,1.3282449008637838,0.19190056686789683,0.5751170834921355
ZEB1,0.4588631823882219,1.3382893302890957,0.19218030814049938,0.5754916835713874
COG5,0.5485739063615127,1.3314406132103298,0.19218802282827194,0.5754916835713874
BICD2,-0.29879973914485536,-1.3282870443297965,0.19224193076094045,0.5754916835713874
NF1,0.3680791416149827,1.3271664225246054,0.19227852170700385,0.5754916835713874
POP5,-0.25769338670164377,-1.3243128754009599,0.19235562426650252,0.5754916835713874
UBTF,0.45054357722716976,1.3393857732000438,0.1923733865336611,0.5754916835713874
EIPR1,0.5726896126593939,1.3263266455510399,0.19240005704947297,0.5754916835713874
STON1,0.5199257307185787,1.3264322613334125,0.1924574857267966,0.5754916835713874
FAM149A,-0.6296016070965857,-1.3252842066212642,0.19246430891485278,0.5754916835713874
BLCAP,-0.47868964058856367,-1.3262143603745298,0.19268474035913025,0.5760049024916517
SELENON,0.46424043820726313,1.3372935230853171,0.1928421388980503,0.5761126879762302
R3HDM4,0.4772568465169469,1.3228759559453125,0.19288583264574913,0.5761126879762302
UROS,0.4305781402670581,1.3336340865977117,0.1929069476810669,0.5761126879762302
DNAJB5,0.6021432146624042,1.3227135883895538,0.19296381017488126,0.5761126879762302
DDX60L,-0.5970188569108297,-1.3227414751860256,0.19296480883168268,0.5761126879762302
HERC3,-0.5630897020265504,-1.321640896754475,0.19316795688876354,0.5765517698022153
CRKL,0.5417886096023445,1.3232083702492277,0.19320955538649418,0.5765517698022153
AP5B1,-0.5301248972163088,-1.321958161563007,0.19332894934878386,0.5767622560177896
NLRC5,0.5128380523438025,1.3212159750812327,0.1935879513847607,0.5772184488329902
CACNA1D,0.6992924833724521,1.3211270018159063,0.1936021650111513,0.5772184488329902
GAA,0.5024082597184121,1.320875422483962,0.19362855208628899,0.5772184488329902
NPM3,0.5788129225919603,1.3274604177012332,0.19375563055624162,0.5773215751088303
AUTS2,0.6825898069497942,1.3281551951158126,0.1937609555765511,0.5773215751088303
SLC1A4,-0.5542993561185607,-1.319326922608627,0.1938926099488925,0.5775680697569207
ENOX2,-0.6122209976708595,-1.319822913112407,0.19396609111914026,0.5776127110017268
AGPAT1,0.378744837969502,1.329091051324124,0.194005455241156,0.5776127110017268
DAZAP2,-0.2694342534380487,-1.3209952190066385,0.1940738132303702,0.5776572435086075
ZNF276,-0.5541572386658271,-1.3186534056199624,0.19411827911890264,0.5776572435086075
NPDC1,-0.2887170206525127,-1.3192557411329757,0.19424225460361808,0.5778804978819837
ZBTB11-AS1,0.5664914446056775,1.3190528948522176,0.19436763562926074,0.5779625529972776
RASSF4,-0.4850850753324938,-1.3191447693246565,0.1943677539516469,0.5779625529972776
PARPBP,-0.5482593373242466,-1.3198425159038636,0.1944531264428084,0.5780666363160429
SEL1L,-0.26385136713925483,-1.3184075822522578,0.19450069287990873,0.5780666363160429
KXD1,-0.15774255165406004,-1.3169764728647007,0.19468799644761975,0.5784612309297029
ANKIB1,0.3566255473489228,1.3202717040450929,0.194731463931778,0.5784612309297029
TEX10,-0.42661550988324715,-1.3266498849326553,0.1948275803230385,0.5786011536386086
CMPK1,-0.2257246315445407,-1.316753326997242,0.19493007290793682,0.5787298896315192
TLNRD1,-0.43943970235157614,-1.3201868748032224,0.1949689767949641,0.5787298896315192
NHSL1,-0.668608895052059,-1.3166568050016438,0.19509425571594194,0.5789321241191726
ADGRL1-AS1,-0.48667906711353304,-1.3178835018850255,0.1951351903320786,0.5789321241191726
NAA60,0.3809949112177753,1.3240851831412153,0.1953313738087693,0.5793685597518899
STK38,-0.3747115979362938,-1.3154300728654984,0.19541957757926004,0.5794845800862006
GMPR,-0.5870978046831747,-1.317005396063014,0.195504468911983,0.5795603922098657
PPP1R8,0.5071944801517185,1.3260801100172186,0.195562558333397,0.5795603922098657
PDCD5,-0.18506739779962356,-1.3148539064966067,0.19565053750985786,0.5795603922098657
CCDC30,0.5068317398029643,1.3154857811905127,0.19570312523279898,0.5795603922098657
ENSG00000283696,0.48136462465436525,1.313868031416762,0.1957922538389396,0.5795603922098657
RAB38,0.6051370631334563,1.3134358070264471,0.19584467206758874,0.5795603922098657
HOXA5,-0.602438652477864,-1.3136128844330326,0.19590225500272557,0.5795603922098657
FAU,-0.1299990739328578,-1.3132192428021512,0.19594024394466314,0.5795603922098657
UNC93B1,-0.5661081794961484,-1.3132685756977651,0.1959511662820881,0.5795603922098657
FPGT,0.5885894077976546,1.313956572785252,0.19597393783956307,0.5795603922098657
NAT14,0.6352395324841642,1.314663590217245,0.19601010703077026,0.5795603922098657
RFC5,-0.5579209268010885,-1.3133549285638506,0.19603520638165148,0.5795603922098657
ACTN2,0.6342477100278661,1.3147387675580278,0.1960833720022197,0.5795603922098657
TPCN1,-0.2752545410249869,-1.3168488685737174,0.19621514524866265,0.5797255628178625
ZNF8-DT,0.6082291921704552,1.314411855278288,0.1962400599940586,0.5797255628178625
CLDN12,-0.47973928727353154,-1.312477728374039,0.1962865798037269,0.5797255628178625
OS9,-0.18808964719500754,-1.3124124125762788,0.19637780379521116,0.5798499184098219
BOLA1,0.46873005379379196,1.3210447124149451,0.19648250546072557,0.5800139977404014
EEIG2,0.6316556055096769,1.3151513247083213,0.196568767160365,0.5801235740820272
PHLDB2,-0.2435907803488453,-1.3110719112080396,0.19665089161022586,0.5802208886425184
AHNAK2,-0.6609035612230598,-1.3127137434354275,0.19694073627392933,0.580652005316047
VPS13B,0.5209871107099264,1.3134887293340476,0.19697095605813145,0.580652005316047
ZNF135,0.5606047207182834,1.3100974876251348,0.19699870384626844,0.580652005316047
THBS3-AS1,0.5094535221755405,1.3101833296271088,0.1970364992526717,0.580652005316047
RPL10A,0.17292357290761018,1.3122703337243136,0.1970429422529508,0.580652005316047
PPP1R12B,0.38979545015544126,1.3122094441152832,0.1972310771337098,0.581061359012589
TCTN2,-0.5374265985806033,-1.3095653934021694,0.19737545908260304,0.5813416403368585
CTBP1-DT,0.5940514735529208,1.3083276204691363,0.1977028643138577,0.582047962250128
RRP12,0.6765264818522965,1.3094100457023778,0.197747659746895,0.582047962250128
TERF2,-0.6114374657555572,-1.307719547531791,0.19776318310760385,0.582047962250128
PIP4P2,-0.35329954774636274,-1.3142333913696678,0.19783229357673732,0.5821062377052303
IDH2,0.45508432462312864,1.3123544410789287,0.1980539017489422,0.5824688509152463
TAF7,0.2654840891772876,1.3155807610652521,0.19808459681594648,0.5824688509152463
CHD6,0.5533658496939413,1.3108645527204361,0.19812881071976732,0.5824688509152463
ARHGEF11,0.5528330851182361,1.308184246865072,0.19815289328891394,0.5824688509152463
AGPAT4,0.5918193551736923,1.3086338637919372,0.1982102616413558,0.5824924417914378
RIOX1,-0.5239623936471549,-1.305814960712668,0.1984024576340605,0.5829121484246104
DHRS4L2,0.5762155905361839,1.3121180484712731,0.19849087649193498,0.5830268218430685
XBP1,0.23218896355713348,1.3053706233522104,0.19862770386536566,0.5832345143213971
IAH1,0.16304869669375055,1.3068374190732128,0.19866039661891888,0.5832345143213971
GTPBP6,-0.5741297363142523,-1.3049458899250153,0.19873256040014647,0.5833013116667651
LINC01089,-0.6316118680914871,-1.3059091940826941,0.1988529153555686,0.5835094868934843
PLEKHO2,0.625673729161456,1.3039213136451029,0.19908582685794043,0.5840243361284194
KLHL35,0.5387996548115943,1.3036808079726154,0.19912731494425143,0.5840243361284194
MRPL50,-0.2084984095686675,-1.3035745415437718,0.19918794152463795,0.5840570416538378
CTNND1,0.4659705744125118,1.3037899690375072,0.19930428197636307,0.5842530540677839
NEK9,-0.6323619075276339,-1.304877401470102,0.1994705383844795,0.5844743841617592
PCGF2,0.5020403687722022,1.3107134182378315,0.19947880506461058,0.5844743841617592
DDX1,-0.21532193682533496,-1.3027703426694464,0.19972400655764946,0.5848339921149053
ARF6,-0.27067135376299856,-1.3032946276046378,0.19972915418745396,0.5848339921149053
ARRDC2,-0.5816444020383225,-1.3023887727364776,0.19980191016652002,0.5848339921149053
NDUFS7,-0.16294513154040757,-1.3017167613862084,0.19980951212743295,0.5848339921149053
NUDT18,-0.54480944328263,-1.3015345806265883,0.1998492438959363,0.5848339921149053
MTHFSD,-0.5274851397845239,-1.3012604009492241,0.1999822942442626,0.5849867647605587
MAP1LC3B,-0.17193299726765598,-1.303317353443204,0.20008294188541634,0.5849867647605587
ITGB1,0.2169091212699783,1.3094875305718137,0.20009070940359033,0.5849867647605587
LIMD1,0.5767593992984583,1.304051161354595,0.20014083167342325,0.5849867647605587
C5orf24,0.25114408219591144,1.3031591886164453,0.20017950529751916,0.5849867647605587
METRN,-0.6477734970303128,-1.30104017837292,0.20019877421708235,0.5849867647605587
RETREG3,-0.5776996513060593,-1.3002769921867554,0.20038912380344132,0.5852347292837035
STAMBP,0.37536196513999265,1.314668822610631,0.20041551026514037,0.5852347292837035
MSRA,0.6012639901995485,1.3013364231003934,0.20050163762722475,0.5852347292837035
ARID2,-0.34203992460841137,-1.3008496491338766,0.20053640632372557,0.5852347292837035
TMEM18,-0.22433216245044463,-1.3007810634763826,0.20058325228412738,0.5852347292837035
SLC12A2,0.5893709611146636,1.299350928451964,0.20061320762439655,0.5852347292837035
SMIM12,-0.2940718573679826,-1.3018447641214108,0.20063066068709426,0.5852347292837035
ZNF385D,0.6589434019215685,1.2998128949672672,0.20079642578736526,0.5855735687796064
CDK10,-0.44099122365855603,-1.299065790596429,0.20087964483863419,0.5856715750358302
RBM33,-0.5514264867297594,-1.2986317210500655,0.20099145954407865,0.585852883930333
SF3B2,-0.14713180311140572,-1.2981989645027348,0.20114125665308893,0.5859060203373275
WWC2,0.5324255937285125,1.3016165823106307,0.201176927190175,0.5859060203373275
ZBTB43,0.5478516857721667,1.3046831282981515,0.20122854552975117,0.5859060203373275
E4F1,0.4675255579845028,1.300570192944364,0.20124355499173105,0.5859060203373275
HPRT1,0.4832445749960401,1.297579681119886,0.20134723149554087,0.5859060203373275
ARRDC4,0.6179153012019589,1.2972058048382988,0.2013573422237212,0.5859060203373275
KALRN,0.6554290209894647,1.2975910610713222,0.2013976285771755,0.5859060203373275
FMO5,-0.564355040758481,-1.2983943652296006,0.20140802061917729,0.5859060203373275
LIN52,0.6025410506652773,1.3005565522329678,0.20145637751369863,0.5859060203373275
CLINT1,-0.21426436206647015,-1.298609268855948,0.20157266504602053,0.5859114408292324
KRT19,0.624981333080012,1.2968975979280792,0.2015782051871324,0.5859114408292324
STK25,-0.3610546876624827,-1.3039322389471488,0.20160713872497601,0.5859114408292324
PPP1R3C,0.6718865654497512,1.2989646325583026,0.20183239441252537,0.5864217120452527
TRAK1,0.614945316380167,1.2962196138170257,0.20190065580737698,0.5864756992633083
BORCS5,-0.5098946906045358,-1.3000666854814105,0.2021268635191638,0.5865584673040768
RBP1,0.4862448430576647,1.308489919303358,0.2021349667933397,0.5865584673040768
BLOC1S1,-0.4665001950196874,-1.2949507366571953,0.20213792813894788,0.5865584673040768
SH3BGRL2,0.5288987796375519,1.2958780359775979,0.20215997592372345,0.5865584673040768
ARHGAP17,0.5462854181623547,1.3066056102837564,0.20217758606186265,0.5865584673040768
BVES,-0.5988633256210358,-1.2950443907812754,0.2025016009317176,0.586734625623331
SPESP1,-0.5938013506181941,-1.2938216099031472,0.20250451099459435,0.586734625623331
SH3BP2,0.5430525036044536,1.2975563984712504,0.2025287052107677,0.586734625623331
NSUN6,0.5303152948773042,1.2956030776282217,0.20259363701735206,0.586734625623331
FXR2,-0.5601676111973601,-1.2933487267657235,0.20265319176511848,0.586734625623331
SPINT2,0.5804909475499676,1.2937369968572066,0.20266140166390245,0.586734625623331
ZNF624,0.5403929647375785,1.2938133957203373,0.2026819174262483,0.586734625623331
PSTK,-0.5606741516046438,-1.2954159977275375,0.2026824972184789,0.586734625623331
MED23,-0.43270820167441215,-1.2929701162777971,0.20277488661835646,0.586734625623331
MBTPS1,0.2047395972189623,1.2930361867866977,0.20282229041972932,0.586734625623331
XKR8,-0.5470775298433428,-1.2928311151298497,0.20282949759291247,0.586734625623331
ZNF799,-0.5428085090235737,-1.2945731135392127,0.2028444926956804,0.586734625623331
LRPAP1,-0.16522679543039853,-1.2956141009098265,0.2028844338665343,0.586734625623331
PIEZO1,0.6218689340330421,1.295674606180292,0.2029901546967674,0.5868965898102716
PHTF1,0.6250372066856316,1.2923030488230567,0.2030584903705011,0.5869504110734001
SMYD3,0.40216518580974325,1.2998593902309232,0.20335005264003284,0.587537250546148
SAV1,-0.5947326250801677,-1.2912480931358252,0.2033610508878916,0.587537250546148
GDI2,-0.2333062333352931,-1.3015628957363305,0.20344814713841208,0.5875817795301049
STARD10,0.5990385728378897,1.2967356550674514,0.2034760114120346,0.5875817795301049
POLR3G,-0.5654201316629621,-1.2925148260563133,0.20360380246397455,0.5876529141243838
TMEM129,0.39492232934400295,1.2990740665888993,0.2036095760109043,0.5876529141243838
DUBR,-0.609956760578263,-1.2910845164555438,0.20364998489477798,0.5876529141243838
LARS2,0.5186603177880713,1.2903348232437657,0.20380187857740406,0.5879475016144318
ARPC1B,-0.46654721521155196,-1.2970119185402516,0.20390936566876558,0.5881138679989684
ENSG00000283040,-0.49903214578430166,-1.289537590541509,0.20430646641342945,0.589115250613223
ATP8B1,0.6341024336443177,1.292302906021037,0.20448519780749058,0.5893073962502628
ANKMY2,0.3964637861472444,1.289534379027692,0.20448836603731418,0.5893073962502628
DHODH,-0.5389605253308203,-1.2906543123346508,0.20456157855286236,0.5893073962502628
ZGPAT,-0.5389645390364826,-1.2890538172661188,0.2045925746300588,0.5893073962502628
WNT11,0.6849189672019138,1.2907624182725317,0.20462270370434793,0.5893073962502628
MSH2,0.6211411915187499,1.2877624484398902,0.20473555093440327,0.5894885801903977
RNF40,-0.22218379486209283,-1.2866105475619618,0.2050565172393913,0.5902099319268986
ZNF211,0.577940248988773,1.2873927342893845,0.20517046959637758,0.5902099319268986
MRPL49,-0.47903923722185526,-1.285921326451209,0.20519682063719166,0.5902099319268986
LIFR-AS1,0.5557871322538039,1.2871874218856363,0.20520137643876374,0.5902099319268986
RAPGEF5,-0.7149319488423314,-1.2870887141100604,0.20526019829485903,0.5902099319268986
BLOC1S2,-0.5051242035812082,-1.287829954761535,0.2052860635740657,0.5902099319268986
AP4E1,0.5376738427515995,1.2855700514491024,0.20538120933048254,0.5903059013945559
SBNO1,0.38860122685966303,1.2910503898371601,0.20541945302234949,0.5903059013945559
TIMM44,-0.4742287961895144,-1.285087448087226,0.205526287696096,0.5904691716360216
PLCB1,-0.4247892560672657,-1.2853328899581595,0.20567215752746817,0.5907444816573629
YIPF4,-0.3501362669671675,-1.2932772288548253,0.20592561144351013,0.5913285923353532
MPC2,0.1683330801031726,1.2831094054398708,0.20620123616965688,0.5919760683323928
PRDM5,0.5209337091792761,1.283051056661375,0.2063555279552726,0.5921539539752052
MTERF3,0.5614519544006527,1.2847390629338435,0.20639203869629155,0.5921539539752052
PRPSAP2,-0.5019792694691354,-1.2825695746839307,0.2064625452634871,0.5921539539752052
KBTBD4,-0.5168287727005394,-1.2834602450131525,0.20646384367318465,0.5921539539752052
PI4K2A,0.5716770213254612,1.2859478479917177,0.2066066173821427,0.5924195089133337
PIGO,-0.5362114801923523,-1.2814735911488093,0.2067722586955399,0.5927504890482876
RSBN1,0.38414986206485136,1.2883176232530238,0.20689713889314681,0.5929644876507886
MAD2L1BP,-0.3652641074652605,-1.2855018476930498,0.20707488657205583,0.5933190937418302
IRF9,-0.5442226001944961,-1.2806550426645347,0.20712138799746568,0.5933190937418302
SMURF2,-0.6262462223029654,-1.2804047676699488,0.2073745505010843,0.5935371301355938
POLR2L,-0.18021153105890164,-1.2796644806588808,0.2073813036418399,0.5935371301355938
SCGB1A1,0.779433998208459,1.2814939076397223,0.20740108653198808,0.5935371301355938
ATP6V1H,-0.5629499652038081,-1.2797342434999928,0.20743285018140473,0.5935371301355938
PILRA,-0.6783436623736763,-1.2809141130834127,0.2074488944463753,0.5935371301355938
NANS,0.5394052372818088,1.2917988370845366,0.2075298613099505,0.5936249122277599
YTHDC1,0.236046783484813,1.2798379853594668,0.20762241978714077,0.5937458007720922
ATAD2,0.5495259797011323,1.2859678633179292,0.2076941545510222,0.593765049891579
ADAMTS10,-0.5107760737129841,-1.2786447774725045,0.20772974638307679,0.593765049891579
ZSWIM8,0.5583826227700275,1.2834634929037403,0.20780321628633508,0.5938312680368399
ZNF75D,0.5538549052963706,1.279580159540616,0.2079150721386845,0.5938692338050608
AK1,-0.6035260111766441,-1.2785646939694364,0.20794865360692108,0.5938692338050608
MSRB2,0.26254662592068634,1.2779529735399726,0.20796742164761725,0.5938692338050608
FAM180A,0.766601280903005,1.2779812279454725,0.20809820135877463,0.5940989763096335
ZNF852,-0.5267090405365247,-1.2795141115842503,0.20823752334133921,0.5943529891306841
ENSG00000272463,0.5191763681079322,1.277515012661622,0.20839741063873668,0.5946655626275771
FCER1G,0.7298763622041218,1.2780283157710737,0.20866106263122816,0.5952740078206014
MT1G,-0.9868714520358752,-1.2760729296576854,0.20898242695905603,0.5960102470101704
PLN,1.11721275319392,1.2788315167595266,0.2090296171234364,0.5960102470101704
OTUD1,-0.6632017108536896,-1.2795585202417712,0.2091658192218738,0.5960102470101704
PLAUR,0.44477535469450746,1.2744893685268233,0.20920118244334526,0.5960102470101704
FABP3,-0.7102096290068278,-1.2742936823967137,0.2092488637192088,0.5960102470101704
TCTN3,0.41722114221644,1.2875459076989604,0.20927062864643686,0.5960102470101704
MCUB,-0.5858649124612612,-1.2825818997258391,0.20927255178798443,0.5960102470101704
ROBO3,-0.538521407116427,-1.2739780137688421,0.20937803159435955,0.5960352812169013
PRPF40A,0.25401489112948283,1.2749043719513533,0.2094775695589162,0.5960352812169013
MRPL3,-0.2654113739210917,-1.27518528637068,0.20949140945047798,0.5960352812169013
EPCAM,0.5954053064636011,1.2741805578080885,0.20953117355169026,0.5960352812169013
GLRX3,-0.3395323402053858,-1.2786250215560406,0.20953379221093946,0.5960352812169013
RPN2,-0.2327659906177395,-1.2734325851371628,0.20966454354778336,0.5961551720437577
ARMCX2,-0.3469504307048892,-1.2797806359249837,0.2096769397988718,0.5961551720437577
RNF4,-0.32052463227104777,-1.2791524464885133,0.20973368301249512,0.5961729178816529
DPP9,0.5392506496791736,1.2743200923114695,0.20983320694493454,0.5963122310989293
ENSA,0.43712690587054137,1.2874995131170186,0.2098922323658652,0.59631990637656
CFD,-0.3955318652855251,-1.2732465928488734,0.20998115150473745,0.59631990637656
PPAT,0.6047101698384014,1.2725672683690974,0.20998745030134344,0.59631990637656
ZNF503-AS2,-0.49754289023989084,-1.2725947344250326,0.2100464737406176,0.5963440650572369
GMPS,0.4209517453172005,1.2834099635504417,0.2101731950898568,0.5965022539181226
TTC8,0.27393557428321547,1.2735191868473141,0.21020325085128252,0.5965022539181226
TRAP1,-0.3182494194815728,-1.2803172508738463,0.21036823044359396,0.5968170165447525
IGBP1,-0.23752373912369773,-1.272165705231916,0.21041528359671832,0.5968170165447525
PTPN11,0.3141634611023587,1.2739713804586148,0.21049696389272904,0.5968298795070958
ALKBH2,0.40391350540978355,1.282610328298443,0.21052093335599717,0.5968298795070958
SCARF2,0.595864530041569,1.273949914820153,0.21059233007016528,0.5968889451328454
ARPP19,0.21316457334959082,1.2704701262300608,0.21064657571558681,0.5968993822185555
TUSC1,0.533059310118472,1.2813579154922095,0.21079915276842945,0.596957533026787
KIRREL1,0.2932027329004603,1.2700956644700765,0.21080507500105714,0.596957533026787
ANP32A,0.20401195152704066,1.2733592975906194,0.210823866668384,0.596957533026787
PLA2G15,0.5165030833913624,1.2735530795004408,0.21094431036249556,0.596957533026787
LIPE-AS1,-0.5172216738302984,-1.269746352853129,0.2110159844125271,0.596957533026787
STX2,-0.40556952390160994,-1.2691118214319583,0.2111525435852609,0.596957533026787
TRAPPC3,-0.14442616973507416,-1.2689930603211095,0.21118296492045655,0.596957533026787
PSTPIP2,0.5967969683312495,1.2697165625754974,0.21118385122926894,0.596957533026787
RUFY3,0.4110334595674372,1.2779486228651564,0.21125231743895903,0.596957533026787
ETF1,0.26299906892390545,1.270497267108671,0.21134397198472227,0.596957533026787
SMYD2,-0.5671156082125828,-1.2688159740178204,0.21141010175128588,0.596957533026787
CEP290,0.3457782648937142,1.2687517888546394,0.21144367648299375,0.596957533026787
UBL4A,-0.4846575583538044,-1.2676081553492768,0.21160592851052829,0.596957533026787
JDP2,-0.6862809554084812,-1.2720494473774548,0.21161767931623082,0.596957533026787
PCDHGB7,0.6168549465905455,1.26814673843337,0.21163774069381963,0.596957533026787
AEBP1,-0.24673668193757337,-1.272769025055052,0.21165623831814423,0.596957533026787
ATR,0.47739421010352734,1.279208070479512,0.21169456207620174,0.596957533026787
DENND2A,0.45466828669308734,1.2781687668105215,0.21170660512822975,0.596957533026787
MCMBP,-0.26333772467723815,-1.267223062163045,0.2117611334165169,0.596957533026787
EXO5,-0.5093684603777273,-1.2674560968997393,0.21186731278013332,0.596957533026787
RPL10,-0.09667004282705882,-1.2670556761323581,0.21194964280675413,0.596957533026787
SOS2,-0.4929354878465322,-1.2664787350408178,0.21208982493388762,0.596957533026787
MAGOH,-0.20397318078182103,-1.2728078029080794,0.21209849800407,0.596957533026787
GTF2H4,-0.607938397204185,-1.2661714210662809,0.21211452686545618,0.596957533026787
MTX3,0.5918979897386927,1.2670116895026111,0.2121971476693711,0.596957533026787
ENSG00000273329,0.5225008032580032,1.2676950842900463,0.21224605470635577,0.596957533026787
ABHD3,-0.6160058035988469,-1.2675987392212564,0.21227945497247758,0.596957533026787
EMC3,-0.16575460606295955,-1.2675532202799424,0.21234026631477768,0.596957533026787
ZNF644,0.19901412389289153,1.2664120897690756,0.21234435129289245,0.596957533026787
SNX9,0.31872430156353637,1.269235765687801,0.21236145109505103,0.596957533026787
AFAP1L1,-0.6393027710249279,-1.2703816937048626,0.21236848798160268,0.596957533026787
OSTF1,-0.2092700701141501,-1.2659073572221176,0.21237269101250686,0.596957533026787
CLCN3,0.4077286489393339,1.2731782230223243,0.21239906797376765,0.596957533026787
C16orf87,0.5840244640067351,1.266656300223284,0.21242119668218706,0.596957533026787
TBC1D31,0.4156016210444815,1.2659762695212193,0.21243698401063382,0.596957533026787
UTP4,-0.4085745736312818,-1.268079607560231,0.2129379775604313,0.5980321508514213
SLC25A36,0.40676647932622334,1.2807250544685747,0.2129491204627497,0.5980321508514213
EVI5L,0.4913447355118412,1.2637832667004347,0.21297138180257305,0.5980321508514213
CYB5A,-0.21271393713884645,-1.2647339055280287,0.21333008554929472,0.5986294672982463
SRPK2,0.3766664829019364,1.2762180866003754,0.21333364999436172,0.5986294672982463
MBP,-0.6273746642090763,-1.2651672615652698,0.2133726025551199,0.5986294672982463
SLC22A18,-0.5628270607970491,-1.2639975814878184,0.21338693760195007,0.5986294672982463
SMIM29,0.5128834462366729,1.2742693887497984,0.2136137997995046,0.5991235226023169
SEC24B,-0.4874375867764762,-1.2616952829842638,0.21370960184825247,0.5992153162461394
DDX21,0.39701263002484755,1.2643373941861633,0.213778756600691,0.5992153162461394
NLGN2,0.5116630621135441,1.2616060314322848,0.21381565806783645,0.5992153162461394
NDUFA11,-0.3756655437453942,-1.261358909394712,0.2138636413875323,0.5992153162461394
RAB34,0.19808214101645127,1.2639918063773674,0.2139259035614726,0.5992153162461394
MPC1,-0.14032959934992384,-1.2673583155146921,0.21395108496209045,0.5992153162461394
LYSMD2,-0.45241710151050185,-1.2631687907004194,0.21410606245937913,0.599507131720344
ZNF785,0.584544779590273,1.2619212363292147,0.21421344325686562,0.5996655673813845
RNF166,-0.5159241270060506,-1.2599461916210501,0.2143525074015121,0.599681343718563
GFER,-0.2878522692185532,-1.2598706450563637,0.21435763944661082,0.599681343718563
VEGFB,-0.7191109392911486,-1.2671694187947489,0.2143968828905617,0.599681343718563
EEF1E1,-0.6867844841354889,-1.2598543948640517,0.21442807807421865,0.599681343718563
RPL32,-0.12279778547279818,-1.259954087640267,0.21449125014110446,0.599681343718563
CINP,-0.38084119277368433,-1.2595962536595375,0.21452387247128263,0.599681343718563
KIZ,0.5901663499452763,1.2734325010437189,0.2146148283450584,0.5997201578600095
OGFR,-0.2294707838137544,-1.2597009188728587,0.21467161056610537,0.5997201578600095
ARRDC1-AS1,-0.4345488643751301,-1.2593774592199882,0.21474957316604446,0.5997201578600095
CALR,0.2801478401114714,1.262262347523446,0.2147804321667778,0.5997201578600095
NOTCH3,0.8148260024139775,1.2628025775856955,0.2147917685245337,0.5997201578600095
PSEN1,0.4259024149020618,1.2723341131381591,0.21496816004266858,0.6000340160014979
ELOVL4,0.5217929052816141,1.2605608656228307,0.21500669420455265,0.6000340160014979
LINC02210-CRHR1,-0.6051912400409771,-1.2590413835059353,0.2150869177704581,0.6000340160014979
HNRNPAB,0.48266327398176667,1.27180203779385,0.21514691941663355,0.6000340160014979
HCFC1R1,0.21417237629421138,1.258641925294781,0.2151583218749971,0.6000340160014979
EPHB6,-0.5992284620363382,-1.2602142921722572,0.21521597295221526,0.600053037482499
RALGAPB,0.58604603991281,1.2579709241612989,0.21538507596212758,0.6003827205980912
SUV39H1,-0.49014161234421727,-1.2570978920465175,0.2155308274581258,0.6004783833624701
TGFBR2,-0.29829322309153294,-1.2625850922724462,0.21554491012329363,0.6004783833624701
BTAF1,0.5702146944476185,1.2578931287734032,0.21557199395935178,0.6004783833624701
UBE2Q2,0.2273334420439923,1.2580885253986858,0.21562347852892128,0.6004801047496852
DNAJB1,0.48831815524535216,1.2570189345600142,0.2157228702503716,0.6005523495086137
LIFR,0.5874121170627582,1.257613628938573,0.21582092433844804,0.6005523495086137
EXOSC5,-0.4432103122716504,-1.2577618270263238,0.21586521368681214,0.6005523495086137
SHPK,-0.6142993082583694,-1.2578431176112643,0.21589796705848058,0.6005523495086137
ENSG00000283782,-0.34757746184770877,-1.2569787045458705,0.2159178421704982,0.6005523495086137
CCDC121,0.5508797699983274,1.2562732175891944,0.2159546568118649,0.6005523495086137
BFAR,-0.2310688029292054,-1.2577220793861148,0.21614455925047607,0.6008201952192758
PHLPP1,-0.5213789313652706,-1.2557439190648843,0.21615276315936163,0.6008201952192758
TAOK3,-0.22967163475115981,-1.254710547673242,0.21626095000374224,0.6009794055541848
AP2S1,-0.13001383242520514,-1.2535595032323354,0.21665677321260368,0.6018558179622886
ANGPTL1,-0.38221570900743185,-1.2632519914288183,0.21667829109188705,0.6018558179622886
SCRN3,0.5446134617139169,1.2538550216235995,0.21690878447186548,0.6022502780643771
ZNF433,0.48712085872138444,1.2529485085785586,0.21692233649553,0.6022502780643771
GLRX5,0.5203532264888526,1.2626471587225698,0.21717953634688214,0.6028225785504218
KIAA0825,-0.573571519755772,-1.2522170314647092,0.21725400200091088,0.6028875161308775
EXTL2,0.3633516260747305,1.253270497421663,0.2173862498489781,0.6029778710208044
SPSB2,-0.5845692818632273,-1.2528307975602617,0.21739162740909052,0.6029778710208044
CASC3,0.3981597622100459,1.258987931513707,0.2174815559709623,0.6029778710208044
PCCA,0.46931860027184946,1.260252356436156,0.21749087461301014,0.6029778710208044
ABCA8,-0.3585940957239435,-1.253601158208065,0.21758690047613427,0.6029809408729259
HSD17B10,-0.35635295916879794,-1.2601904629416192,0.21759413876481695,0.6029809408729259
TTC1,-0.2434424959148931,-1.255289726366444,0.2176657335212187,0.6030377808537871
DRG1,-0.32390603125101425,-1.2542345869400449,0.217775473570852,0.6032002500009169
HERPUD1,-0.21847254963985296,-1.2500762232986478,0.2179653789732774,0.6034350851782454
RHEB,0.15915256582646187,1.2498926501719754,0.2180061628955356,0.6034350851782454
TFEB,0.6343983471868646,1.2511851987860254,0.21802751569078624,0.6034350851782454
NCOA2,-0.5161973689506691,-1.2497284174627166,0.2180676746284371,0.6034350851782454
FIZ1,0.5539882332269062,1.2514380988064215,0.21811584146171734,0.6034350851782454
RMDN3,0.5616917736306015,1.2557246812477894,0.21826682782849555,0.6036153800945715
GDE1,0.4192687390722103,1.250027018865551,0.21828327468223002,0.6036153800945715
DSEL,-0.3679004042081244,-1.2521153299871428,0.21843347858028728,0.6038892774333234
OPA1,-0.4039736976588735,-1.2514147164789373,0.2185571282288023,0.6040896508407894
PIK3CD-AS2,-0.5445272477145344,-1.2496423885383958,0.21869451719299945,0.6042836442054901
BLOC1S6,0.23152633862056504,1.2491568842783294,0.21877179884415035,0.6042836442054901
LAMA5,0.7104137502117638,1.2490135438543415,0.21878088058740067,0.6042836442054901
SHTN1,-0.5761893440359862,-1.247943201707953,0.21893768578761022,0.6044775898642301
RALY,0.20500565102057333,1.248179809239712,0.2189535090435788,0.6044775898642301
TRAF2,0.5270286535680007,1.2492536572713284,0.21907351553165075,0.604667489093088
MED24,-0.5781672050701014,-1.2466995416851505,0.2191824961431542,0.6048268739995173
SAAL1,-0.5292907058498186,-1.2463907120862705,0.21926877883592466,0.604872821905294
EGFL7,0.5828630398876307,1.2469008919390607,0.21930162454507907,0.604872821905294
SPHK2,-0.5412493503798013,-1.2463153898447363,0.21961089604156814,0.6050245164736515
ILKAP,-0.4532572443475429,-1.2474332063168256,0.21962882448055476,0.6050245164736515
ENSG00000261526,0.488693399991708,1.2458957458872406,0.21964844979884324,0.6050245164736515
RAD23A,-0.17473887570799107,-1.2490657796664983,0.21966702451866563,0.6050245164736515
CYBB,0.5390321050493141,1.2450973909953849,0.21975038407783948,0.6050245164736515
CAD,0.5169061328568376,1.2468017886322094,0.21981478223811107,0.6050245164736515
COASY,-0.3530296414755165,-1.2496655371715413,0.21984499691694728,0.6050245164736515
CCDC191,0.5553815365206538,1.2447716403035278,0.2198905272481292,0.6050245164736515
GLMN,-0.5753318612001195,-1.2445064978502445,0.21991727626253688,0.6050245164736515
SESN2,-0.5270815271994378,-1.244313602958863,0.2200230087531497,0.6050245164736515
WDR12,-0.44612137299639265,-1.244197336552957,0.22007596023439535,0.6050245164736515
LACTB,0.5091574741532412,1.2472218170326401,0.22008116314984175,0.6050245164736515
APOM,0.48688606418758407,1.244387841464224,0.22010420512473527,0.6050245164736515
PPP1R12C,0.4894677400887302,1.2559794090536582,0.2201048627857357,0.6050245164736515
CREB3L1,0.5734530254814638,1.247232975928483,0.22012539587076096,0.6050245164736515
TRIM61,0.5068609536239765,1.2454122765301707,0.2202177490636656,0.6051374598921258
SOCS5,0.407475899723158,1.2470176254807306,0.22028550171804012,0.605182766530478
APIP,-0.3328610027980474,-1.2468018426378558,0.22038732350575677,0.6051868709715217
PBXIP1,0.43884546538182345,1.2584294693438074,0.22038952632838388,0.6051868709715217
ERBB2,-0.4668944087940483,-1.2431344358784153,0.22045784231517038,0.6051884395427986
COMT,0.13579311934220062,1.2431234416521304,0.2204926284179226,0.6051884395427986
ERCC4,0.45542409848004395,1.2460589939422457,0.22064338796892796,0.605461458617665
TAF6L,-0.4826709025793945,-1.2422272673497652,0.22091802792543982,0.6060742086125533
KLHL9,-0.3266181798517138,-1.2441021742772351,0.22099287837430845,0.6061386917306485
SCNM1,-0.23833927297582225,-1.2420882856529094,0.2211349289832334,0.6063874185010616
RNASEH2A,-0.5744311710304171,-1.2406953429470635,0.22129419367020425,0.606549416677485
FAAP20,0.14188436753178912,1.240671534357735,0.2213150410203494,0.606549416677485
LSM8,-0.18656022278041018,-1.2433968479883384,0.22134814799208852,0.606549416677485
OST4,0.16219880428034905,1.2427417545786799,0.2214567097193031,0.6067060706048673
CBFA2T2,0.47896251991869976,1.2421646278115313,0.22160267018626675,0.6068941500368504
SGPL1,0.6036509411121016,1.240760815611859,0.2216284672781049,0.6068941500368504
AGTRAP,-0.26302601175472784,-1.2450334774552672,0.22176150511876036,0.6068941500368504
NR1D2,0.47111135755627753,1.2401861839772594,0.22184658354175144,0.6068941500368504
MTNAP1,0.5832801834143515,1.2400455341770429,0.22191879960026495,0.6068941500368504
ABTB2,-0.5492128791467434,-1.2398933974807955,0.22194297150297077,0.6068941500368504
RETREG2,0.541982025457945,1.254276813227699,0.22195847449586661,0.6068941500368504
RC3H2,0.41682881364807933,1.2430394480910611,0.2220111632666171,0.6068941500368504
NKD1,0.6862593816556739,1.2453934496012173,0.2220714791158725,0.6068941500368504
RRP7A,0.4077967944257539,1.2474908289513857,0.2221102244315308,0.6068941500368504
TNFRSF14,-0.46445734285750273,-1.2406904737544258,0.22211677746612485,0.6068941500368504
CADM1,0.5908760507439408,1.2384821348364121,0.22214228058528002,0.6068941500368504
EIF2AK3,-0.44788102074599223,-1.2460204440227356,0.2222864440755094,0.607057788865325
UTP15,-0.6026188870969791,-1.2380046345529567,0.2223050250965523,0.607057788865325
ENSG00000235804,-0.5709401265374892,-1.239068455486747,0.22254772198486528,0.6075799856686712
EFHD2,0.6494612926141863,1.249126351839432,0.22295750830439626,0.6085377784360354
C2orf42,-0.5707538904670153,-1.236549638362187,0.22300164587160434,0.6085377784360354
SOCS2,0.4840105972493767,1.2372187085167483,0.22310083938413675,0.6086677626368695
SNU13,0.13651145094836536,1.2362047984000075,0.22324462288336794,0.6088243284684209
SESTD1,-0.4157668199237543,-1.2352620500882325,0.22328999542827999,0.6088243284684209
BAG4,0.5247820058982127,1.241138470531959,0.2233449212151923,0.6088243284684209
PRDX4,-0.22886028317535168,-1.2350555608992908,0.22336452067740203,0.6088243284684209
Y_RNA,0.4521166790733204,1.2357980783500353,0.22356997989560748,0.6092436779011187
PTPRE,0.6191033416305953,1.2347877952855997,0.22377749790416065,0.6095445231017881
DCLK1,0.34380311729244273,1.2372582190857184,0.2237836478715078,0.6095445231017881
TNRC6B,0.1706591437346745,1.233868606557424,0.22399982725266365,0.6099926091620979
PGAM5,-0.5191470493832486,-1.2339744196146072,0.2240519152990951,0.6099937407993122
FANCG,0.5294986763051686,1.2345195070957917,0.22413821133356537,0.6100879835814478
ACADSB,-0.5078639429248599,-1.2329241571822882,0.22432716876427233,0.610149008045638
CAPZB,0.14388523064473624,1.234268216528227,0.2243697568187655,0.610149008045638
PAPSS2,-0.2836951977134934,-1.2323562459901305,0.22439799594406057,0.610149008045638
ZC3H11A,-0.5252964065826018,-1.2327919400627847,0.2244188579076568,0.610149008045638
COBL,0.5533617081828579,1.2337447598710105,0.22443798469653853,0.610149008045638
STX4,0.22960567019455969,1.2351917303786726,0.22447787639875258,0.610149008045638
DENND4B,0.5512607173105448,1.232899606799595,0.2245596206789988,0.610149008045638
POLR3E,-0.4586469662727186,-1.2317017066806442,0.22460338557159937,0.610149008045638
CCDC92,-0.4609654480382628,-1.234167131568406,0.22462580169134627,0.610149008045638
CLASP2,0.5626981668079338,1.2370855579516848,0.22472486131329936,0.6102776599501953
MRPS6,0.5196276614759041,1.2420991864278976,0.22479719580134647,0.6103336928323125
RHBDD2,0.22609526527641588,1.231083329764166,0.2250186761980763,0.6103462056630866
TPD52L1,0.6100201313620504,1.2312230247259084,0.22504491231690313,0.6103462056630866
RAB3GAP1,0.1947331279922455,1.233724722903199,0.22507909737397844,0.6103462056630866
MRPL54,-0.15973876239762763,-1.2318135506757648,0.22509188439895517,0.6103462056630866
SELENOK,0.19489620077345382,1.2303822644487452,0.22510055173719806,0.6103462056630866
PUS7L,0.5433720933509756,1.2476493899502377,0.2251225513168473,0.6103462056630866
C12orf75,0.660587276350804,1.2333996014462645,0.2252083399022223,0.6103462056630866
ZNF43,-0.45096460883579503,-1.2299572472435993,0.22525365220913987,0.6103462056630866
CDC37L1,0.42975279762922103,1.24058907248064,0.2252671256310096,0.6103462056630866
SNX1,0.3891609895614918,1.243200417621584,0.22552075828377283,0.6108666249668148
ENSG00000275740,-0.6861619364423883,-1.2294562409008427,0.22556269531811485,0.6108666249668148
ZBTB47,-0.5660938161399924,-1.2299365046050847,0.22563969260279793,0.6109349933889976
GSTK1,0.12481852754299716,1.2291310456488924,0.225741665511476,0.6110709381708265
SMAD1,0.3153741833060266,1.2347607744637201,0.22581332937278092,0.6111247944167076
SMPDL3A,-0.43819976057818977,-1.231101776433479,0.22587187341750445,0.6111431275942334
MRPS34,-0.23129160626085365,-1.227810587674574,0.22604642999293484,0.611475276367231
SNRPD3,-0.15210828820959144,-1.2292983162312783,0.22618811108400722,0.6117183622787412
SLC38A6,0.5555978969513347,1.2334810437098787,0.2262617424505437,0.6117317517870808
MSL2,-0.5343571269198186,-1.2276849027804073,0.2262967014023026,0.6117317517870808
CNIH3,0.5413117033769759,1.2268397067739147,0.2264597351015867,0.6120115097246455
MEN1,0.5115765945305721,1.2279147470705787,0.22650387852494502,0.6120115097246455
ANO8,0.45758710676007985,1.2264033525824125,0.2265731421717594,0.6120585682694781
PFDN2,0.18527943725208296,1.2262006962754537,0.226665661672656,0.6121684136457799
EIF1AX,0.18714963371636895,1.2259969833964761,0.22678097947290418,0.6123397673096144
CSTA,0.5096139408051581,1.2289710461603944,0.22693890055000637,0.6125355817289216
VAMP2,0.23581373926305904,1.2271641757243164,0.22695727526321924,0.6125355817289216
FAR2,0.510163947125472,1.2251659910462251,0.22703106755783137,0.6125946862903312
HSF4,0.58564293369136,1.2269495649657394,0.2272038743058306,0.6128610184732046
DEXI,0.3684089479227115,1.2330854285036672,0.2272336025292009,0.6128610184732046
PICK1,-0.5087915238514604,-1.2245679931971845,0.22729313420504355,0.6128815553427454
PLCL2,-0.5530353318017314,-1.225006988998096,0.22748221605826904,0.6131382991734535
LXN,0.34994368405022147,1.224369668494055,0.2274922279017134,0.6131382991734535
GATD1-DT,0.5840304903726286,1.227470242074377,0.2275560507032925,0.6131703215138936
LINC02580,0.6394218097916091,1.2238874388951346,0.2276763208035269,0.6133377169512476
SCAND1,-0.1512517407596743,-1.2233163503269069,0.2277220849976551,0.6133377169512476
INTS11,-0.32370391878332505,-1.2295210555765075,0.22801616237975245,0.6139008429752205
GORAB,-0.3739145367756058,-1.2225350674193256,0.2281228453180437,0.6139008429752205
NFKBIB,-0.39366636040815717,-1.2238621355386228,0.22823389786890083,0.6139008429752205
CLCN7,-0.4692995067630479,-1.222812967795769,0.2282398966138071,0.6139008429752205
CACNB4,-0.6138776409494429,-1.2219248511141625,0.22825981273317997,0.6139008429752205
GOLGA6L4,0.5128991414314752,1.2218724227484636,0.22839558246199188,0.6139008429752205
RNF115,0.37643592863029607,1.2343413894748743,0.22840945318697395,0.6139008429752205
RCOR3,-0.5222602201742514,-1.2214813406628624,0.22844187751128173,0.6139008429752205
ENSG00000262049,-0.5567736190561119,-1.2229022135700622,0.22845274644499422,0.6139008429752205
TIGAR,0.5145115353964851,1.2222727840275553,0.22855345330699373,0.6139008429752205
ABCB10,-0.5507032727528862,-1.2224578633052514,0.2285643699428546,0.6139008429752205
L2HGDH,-0.4416524488570641,-1.2233977239256435,0.22859942020220175,0.6139008429752205
TBC1D9B,-0.48329077153001165,-1.220923857894229,0.2286233123864767,0.6139008429752205
MAP3K14,0.5130591815260916,1.2226868680282457,0.2286876409740198,0.6139008429752205
DCAF10,0.4026011493574462,1.227410806769014,0.22877238199103167,0.6139008429752205
SRRM3,0.528630317854379,1.22363761317838,0.2287925274913196,0.6139008429752205
RBM14,0.4762698489329744,1.2222990205405364,0.22881522313350022,0.6139008429752205
ZFAND2A-DT,-0.5830776461422402,-1.2228942715242026,0.22903332780911975,0.6143463837279388
PON2,0.25607380179810946,1.2217807234638063,0.22916997609704992,0.6145401162925589
CASK,0.5566361551297896,1.2224614999473773,0.2292096681097956,0.6145401162925589
C12orf57,-0.12836461970485402,-1.219208934637918,0.2296037233203274,0.6154568469110956
DUSP1,0.30529337938394363,1.2196325655634,0.22972407564924066,0.6155926915950568
CEP250,-0.5831515081283223,-1.2192091203106876,0.2297586953975282,0.6155926915950568
HBP1,-0.2865158548946507,-1.217774899581662,0.22983011338037593,0.6156443132415108
RPS24,-0.14225707052369607,-1.2187667938688862,0.2301659892707436,0.6158589711147616
KIF1C,0.48138753509774634,1.2245010983006885,0.23017051811826575,0.6158589711147616
DIDO1,0.38867935439501977,1.2258164829610096,0.23018765659420862,0.6158589711147616
RPS19BP1,-0.13235220358526867,-1.216905133612063,0.23019672603900446,0.6158589711147616
ENDOD1,-0.4942061355359826,-1.2175734016568762,0.23023686223264297,0.6158589711147616
WDR6,-0.2735555267172831,-1.2165194355604176,0.230296459121474,0.6158589711147616
DHCR7-DT,-0.5132959337149225,-1.216339464116099,0.23040016251347106,0.6158589711147616
SLC35D1,0.5247129436925819,1.2184810127094632,0.23044467743177044,0.6158589711147616
RPL15,0.16294758137222942,1.2178151151532153,0.2305258695047303,0.6158589711147616
SNHG15,0.36398908080062053,1.2170212820553215,0.2305447608318428,0.6158589711147616
RBBP7,-0.1904645003563168,-1.2198521690043942,0.23060888806616542,0.6158589711147616
BAG5,-0.3599771903099347,-1.2168653337394704,0.23061627356158393,0.6158589711147616
SEC61G,-0.21673307382400075,-1.2164675012276396,0.23065625300444154,0.6158589711147616
RTL8A,-0.17272466785233398,-1.2154547365651422,0.23067442354103979,0.6158589711147616
PIP5K1C,0.4115335381270868,1.2158109634739198,0.23069278867170484,0.6158589711147616
MED28,0.3570903219694621,1.2241483212635746,0.23094726953326525,0.6162622293642898
BTBD6,-0.6459607252100992,-1.2149693369225432,0.23106081755987065,0.6162622293642898
RPAP2,0.42197294237880545,1.2290768188417391,0.23107481416554895,0.6162622293642898
LPAR6,0.4379720675651977,1.2150374457897901,0.23111200392156173,0.6162622293642898
MRPL46,-0.3845266600364967,-1.2249325567627638,0.23112921843903644,0.6162622293642898
ZNF250,0.5321791242220772,1.2172879323736026,0.23120317745466515,0.6162622293642898
AKAP8,-0.5462197038237617,-1.2142546629303879,0.2312092684332435,0.6162622293642898
GEMIN6,-0.46633954211226003,-1.2136700396373292,0.23138641251350778,0.6164961298917367
C1QTNF4,0.6349612443571706,1.2143145331087524,0.2314410453907175,0.6164961298917367
MLLT3,-0.3729870385454408,-1.2154325679784537,0.23145369315376343,0.6164961298917367
SF3A3,-0.3276425649996062,-1.2165408798077637,0.23155477545748995,0.6166262405313938
ABTB1,-0.3379985457429182,-1.2175778787189335,0.23169054737815636,0.6168486494810862
TMEM260,0.6278472428621402,1.2159872982626283,0.23175386879798462,0.616878110746383
GNPAT,-0.38229577727267383,-1.2180192421118299,0.2319793421867699,0.6173390745073983
FAM193B,-0.4521451112753829,-1.212051941047507,0.23215967173341817,0.6176797216166332
SRRT,0.3861232387250002,1.2184169641829115,0.2323121484926537,0.6178593062637896
CLPTM1,-0.21333115298130956,-1.2111745961554223,0.2323318475650116,0.6178593062637896
FAM120AOS,0.38020782280252163,1.2210102962585043,0.23246345420219447,0.6179316928349002
HGH1,-0.5638133486230368,-1.2119604985311019,0.23246375670307431,0.6179316928349002
COMTD1,-0.4521395118772231,-1.2117135526336822,0.2326978826640604,0.6183423046565193
CUL7,0.5421103307696695,1.21282465602064,0.23279401530772464,0.6183423046565193
MAGEH1,0.18731872876883227,1.2109048988244302,0.23290026069476882,0.6183423046565193
ANKRD6,0.5021254317340682,1.2098404866050885,0.23290377016661393,0.6183423046565193
LRRC8A,0.3688078455246808,1.2167256503179995,0.23292057464351731,0.6183423046565193
IMPA1,0.4952725505005606,1.2223736467961126,0.2329325056169031,0.6183423046565193
PARD3,-0.42579767389019274,-1.2098673850736477,0.23301160341089164,0.618413214538124
NLGN1,-0.6013505043789427,-1.2093687242539315,0.23328449029800172,0.6189982935418994
PGBD1,0.4772918224360019,1.2087681673693071,0.23340162591760888,0.6191699312263759
MMS22L,0.4914830313873555,1.2097647692584055,0.2334972535310987,0.6192844479745271
TPST1,0.2962812074527159,1.212665231723748,0.23358117763526895,0.6193081039811723
PAQR5,-0.5487782286143925,-1.2089843380149,0.23361109589395682,0.6193081039811723
TCF25,0.12648994993693385,1.2106905518002604,0.233747537000901,0.6193407308952443
EEF1B2,-0.14530987611733615,-1.207432550931164,0.23376789863387815,0.6193407308952443
CREB3,0.53590538849698,1.211135709173642,0.23378079600755683,0.6193407308952443
LMAN2L,-0.46577460642949564,-1.2070148049380391,0.23390210483953644,0.6195230755285456
FKBP5,-0.6741748065062847,-1.2104292994291097,0.2340683409116272,0.6197428458864206
HYCC1,0.5363535489858853,1.2064567454653048,0.23409007622257935,0.6197428458864206
KCTD17,-0.4664225004159115,-1.2058082379730761,0.23439156824657034,0.6204018975674356
MT-ND5,0.1878726371578363,1.2086096901947243,0.23455142940277568,0.6206009456876279
ALDH4A1,-0.5647867145318404,-1.206163175098181,0.23457191187278237,0.6206009456876279
CEP120,0.5745209670140508,1.206958428322013,0.2347132372196292,0.6208357081285509
ZNF140,0.4298419367925854,1.2047700519933064,0.23491172744387528,0.620930388032902
UBR2,-0.47577512544345524,-1.2043515180799298,0.23491572550892462,0.620930388032902
PDIA5,0.34227381924009936,1.2098958311944428,0.2349264439016606,0.620930388032902
TMEM168,0.48464432659188006,1.2065005800269568,0.23500159027165504,0.620930388032902
APPBP2,0.348810921309326,1.2108527911304021,0.23501202657611234,0.620930388032902
EFNA5,0.5940142593417133,1.2034902627385473,0.23522520622126256,0.6213545668923707
XPO1,0.2200509589449542,1.2042716599081333,0.2353823378291849,0.6215238359181962
HSPH1,0.5229260321785292,1.2071224510429728,0.2353945845311525,0.6215238359181962
TMEM134,0.18522847983462487,1.2028096650965896,0.2355094820454512,0.6216122277637148
DYRK3,0.6014516283678613,1.2028893369811497,0.2355349084796752,0.6216122277637148
CHCHD2,0.10165647315390736,1.2023873846749686,0.23564450725477334,0.6216122277637148
SESN3,0.5321404764229545,1.20537125554642,0.23572161380154802,0.6216122277637148
TCEA2,0.40646354648116656,1.2153654945036318,0.2357271153844915,0.6216122277637148
TIMM8A,0.5088051760973507,1.204308392864165,0.23580525710751563,0.6216122277637148
GOSR2,0.5073777276188958,1.2036183148626776,0.2358244671817138,0.6216122277637148
COX5B,-0.11409140554910735,-1.203406436321987,0.23584931538785928,0.6216122277637148
NDUFS4,0.17620574263747368,1.2016917199812795,0.23591207294803482,0.6216388440070427
ZC4H2,0.5288493857192682,1.2018835754511052,0.23604587793655238,0.621717896015038
OLFML2A,0.623307095238292,1.2026538022629691,0.2360778932420792,0.621717896015038
HSPA1B,0.5897444116983275,1.2025707024334575,0.23614037561860732,0.621717896015038
APBB2,0.38987198578793425,1.2020958233941463,0.23615273576716903,0.621717896015038
VTI1A,-0.45316493666166613,-1.1991167299047392,0.23696689936277704,0.6233947079066567
FAM151B,0.42818548449328264,1.1990768661071605,0.2370057680528712,0.6233947079066567
AKR1A1,-0.18561622392214439,-1.199319638237597,0.23703718309035354,0.6233947079066567
HOXB-AS3,0.4587201403481158,1.204517447664787,0.23703947130611033,0.6233947079066567
SYMPK,0.37444203978222834,1.2019467144289155,0.2370848217187696,0.6233947079066567
ETV5,0.6135039654160166,1.1997208231378196,0.2371065005083345,0.6233947079066567
ENSG00000124593,-0.7209591060699552,-1.1984533167044178,0.23719916800352453,0.6234994830286367
TMEM67,-0.533819861640294,-1.1987710200029162,0.23730146711392566,0.6236295234371978
TIFA,0.5292864510879696,1.2020498833676665,0.23750365010685034,0.6240219429137254
WRNIP1,-0.5497330720786509,-1.1973528703344207,0.23762793623913217,0.6242045912106219
NIFK,-0.21451307636137873,-1.2000547092491727,0.23767891888960146,0.6242045912106219
AGO2,0.39753204690506116,1.1967481730025789,0.23784430973843956,0.6244358386675025
CCT6B,-0.46180610405064226,-1.1985395309411833,0.23787276293839552,0.6244358386675025
DCTN5,0.5375154613925042,1.1991211045656531,0.23793701989316043,0.624458716418651
APBB3,0.5346055396452507,1.2001455645335777,0.2380367452396102,0.624458716418651
SF3A1,-0.38842522654560785,-1.1983847324356325,0.23804017144294193,0.624458716418651
PSMA4,-0.18122977055509626,-1.196338307828855,0.2381454302806663,0.624596046314878
BAZ2A,-0.4978029737636316,-1.1960131155978817,0.23821972560000562,0.6246521236579445
ACAD8,-0.43374253542459273,-1.195397507243403,0.23838040948456152,0.6248672730929055
PNISR-AS1,0.5256726863043826,1.1959084064422822,0.23840764066162187,0.6248672730929055
ARHGAP12,-0.41712079472855557,-1.199039365912734,0.23847606994511686,0.6248743617034969
HDDC3,-0.4603906824675268,-1.1949756403116512,0.23856372530805306,0.6248743617034969
PRCC,0.3869826274812409,1.2054046006619898,0.23862913766177826,0.6248743617034969
TMEM107,0.40953376398053676,1.2044873890779921,0.23864407887651945,0.6248743617034969
TRUB2,-0.4333701333615654,-1.1943528391443934,0.23874237580638033,0.6248743617034969
AHCY,-0.240966124088974,-1.1952431941574158,0.2387729728682551,0.6248743617034969
LPGAT1,0.4384181625136554,1.202483114918777,0.23883339986799687,0.6248743617034969
REEP2,0.4811247429742429,1.1943014778232002,0.23887321341637352,0.6248743617034969
PQBP1,-0.20884248569351804,-1.1948716492568505,0.238965485378488,0.6248743617034969
RPS26,-0.3387112395700509,-1.1952824781752276,0.23897942804401295,0.6248743617034969
PKN1,-0.4452205577136743,-1.1961015306026832,0.23899260847871992,0.6248743617034969
DOCK1,0.44055054529245297,1.1938839784145914,0.23910584590151587,0.624922189145991
RPL36AL,-0.12322433761592144,-1.1956542355080282,0.23911677495742828,0.624922189145991
DIS3L2,0.5552770697008302,1.1937399561549373,0.23930033243668736,0.62494168640781
CACNA2D3,-0.5205421808032358,-1.1953479595635865,0.23931519248587263,0.62494168640781
TFCP2,0.5637079319368925,1.194417175375226,0.23933090013887143,0.62494168640781
ZNF511,-0.30668711207429045,-1.1973716564910055,0.23933599019480806,0.62494168640781
UQCRC2,-0.19861697844053872,-1.1955836347622888,0.23944615698800528,0.6249582047450691
MRPL36,0.18716464596237437,1.1983520383313773,0.23944819653214297,0.6249582047450691
RAB5A,0.37903848686977604,1.2029935251483277,0.23965534890254847,0.62536060870791
HTRA2,-0.5291529828970045,-1.1920970783450773,0.23977022001714804,0.6254852805768574
YBX1,-0.13474656669107254,-1.1938836612568506,0.23980909613645543,0.6254852805768574
KLHL18,0.5450751189320848,1.1924916024609082,0.23988454625776243,0.625543863170507
BUD23,0.3633692908683299,1.2024478161226784,0.24020956402173074,0.6262530705116014
RASSF5,-0.5486597937540281,-1.1914210917319628,0.24044598678020712,0.6267310386267047
APPL2,-0.47996131900490635,-1.1896801206435246,0.24055232242692098,0.6268553086284488
SH3BP5,-0.2687215426921661,-1.1899528597024411,0.2405998647518426,0.6268553086284488
REEP3,0.21040944752889423,1.1928189337652182,0.24068147776930882,0.6269295774639653
G2E3,0.523099997841483,1.1904715411793363,0.24073718513424866,0.6269363491087151
DNAJB11,0.4204787557314287,1.1982422617270454,0.2408313353517142,0.627043209930963
SSH1,0.491059371507061,1.193719885701226,0.2409250879184217,0.6271489885064979
FUZ,-0.43116821594682486,-1.1886302115233165,0.24099945034729764,0.6272042573522594
SCAMP2,-0.2235216554637196,-1.1887199801200687,0.2413034295616495,0.6277360559792109
MGARP,-0.5398851758016847,-1.1881470944416106,0.24131811067310452,0.6277360559792109
METTL1,0.5222945470762284,1.189413988890854,0.24139196749173814,0.6277360559792109
ZNF629,0.5564188994643073,1.1888162287330624,0.24141649251551187,0.6277360559792109
ZNF292,0.360545166291538,1.1959975186438752,0.24151305856483796,0.6277545146131706
NUDT12,0.5865089544400459,1.192065164004434,0.241564945366925,0.6277545146131706
EEPD1,0.48870880804939,1.1879660253852753,0.24158312239624175,0.6277545146131706
ASXL2,0.49555085284994815,1.1872092254563218,0.24180629931788025,0.6281961627305406
TMEM87B,0.3171943340462686,1.186275602823725,0.2419548566753985,0.6283508034825108
MRGPRF,0.27826413089777535,1.1894776474150661,0.2419963321750442,0.6283508034825108
TBC1D10B,0.5566385606173379,1.1875778990622095,0.24202550643244194,0.6283508034825108
CUL9,0.4871924546839992,1.1859712638352002,0.24234097872433658,0.6289238485440711
LSG1,-0.42613686116180904,-1.1847525913221735,0.242494157694049,0.6289238485440711
METTL16,-0.5064256659690378,-1.1870531903826844,0.24249511432372592,0.6289238485440711
EEF2K,-0.44358432698866235,-1.186772596836902,0.24253016823077747,0.6289238485440711
AVPI1,-0.4916290475630545,-1.187303835497837,0.24264144455820771,0.6289238485440711
POLR2J3,0.56492579951459,1.1842454893846563,0.242700140270682,0.6289238485440711
LINC01088,-0.6623933951524832,-1.1876275829698286,0.2427513327895965,0.6289238485440711
LGALS9,0.541300211654077,1.1868184032648341,0.24276978393710327,0.6289238485440711
C1GALT1,-0.45767028729960657,-1.1856626846427063,0.24288682755994445,0.6289238485440711
TOB1,0.374099513830064,1.184093820117308,0.24290475426027092,0.6289238485440711
ZMYND8,0.5147744906963081,1.1849208102236435,0.24293629776004996,0.6289238485440711
DARS2,0.49495976743613146,1.1852174167087144,0.24293799435182178,0.6289238485440711
RPL23,-0.15773921842866656,-1.1836568025162226,0.24293881824319902,0.6289238485440711
PIERCE1,0.5041929366303508,1.1836303795227325,0.24311729852848588,0.6291386744753587
DCLK2,0.5371889292441134,1.1835833453037532,0.24312838906874934,0.6291386744753587
PPOX,-0.4660052436445805,-1.1829200310574604,0.24321083093183796,0.6292140826540318
MTCH2,-0.1871470357656264,-1.187633587476549,0.24330138584286215,0.6292741285481029
ENSG00000270728,0.47108300726551744,1.182415048549805,0.24339400365823477,0.6292741285481029
ANKRD13C,-0.45405977470230763,-1.1823737676658042,0.2434227752552052,0.6292741285481029
SPAG4,0.5512946352039179,1.1834005363458038,0.24351673153219122,0.6292741285481029
HNRNPF,-0.18076848820753622,-1.1828632777604056,0.24356397334142368,0.6292741285481029
CCNC,-0.29506450041358256,-1.1862962291022097,0.24359260060238141,0.6292741285481029
GDF11,0.5459194077186973,1.181780416951613,0.24368333605646578,0.6292741285481029
HSD17B12,0.21456890424370556,1.1824392029633395,0.24380971280832114,0.6292741285481029
NEIL2,-0.47377441932816433,-1.182190476010539,0.24381919185451803,0.6292741285481029
EFTUD2,-0.4643800007447827,-1.1825332284566514,0.24383541062667194,0.6292741285481029
RNF44,0.6134928430357331,1.182217781489093,0.24385155084068433,0.6292741285481029
SEC61A2,0.4928478304022812,1.1814909777021538,0.24387370928484292,0.6292741285481029
WDR76,-0.5346707824831667,-1.1823155685574025,0.24397143111611846,0.6293887116096544
SMARCD2,-0.48545141312044127,-1.1822480629465424,0.2440802288621294,0.6295318116052955
PISD,0.6169623206789643,1.187234141102273,0.2441941819839545,0.6296881429271698
ZNF341,0.469968098720414,1.1804030490743156,0.24451965007855322,0.6303578586059242
AMOTL2,-0.2992837204378471,-1.1804476839384903,0.2445606939784102,0.6303578586059242
SNX14,0.34507529384860014,1.186860724538513,0.2447804961694299,0.6306659689569257
TRAM1,-0.15252030806445394,-1.179007295804682,0.24478707918345052,0.6306659689569257
CCDC90B,0.37185988909848877,1.1935713489109987,0.24485325091411986,0.6306988058130449
S100A16,0.3057444819207147,1.1791024764753328,0.24494770181610168,0.6308044546114923
NPC2,0.19171144860270672,1.1839193558177674,0.2452124522582257,0.6313485275699791
MERTK,0.6400957940364269,1.1778243643836193,0.24542713432215835,0.6317634803037678
SLC12A2-DT,0.3231300110122728,1.1870322684033783,0.24549822700055887,0.6318087136999341
UBTD1,-0.45966940847982496,-1.1766875068153524,0.2456512055038778,0.6320646209619175
KMT2C,0.24950417661572466,1.1776611613529249,0.24578315822847938,0.6322663288052297
PAIP2B,-0.5536147335374297,-1.1774757580328015,0.24603794035510282,0.6327838531355096
NR2F1,0.24912636973922897,1.1755986722680956,0.24610999613598794,0.6328313013254928
NPHP4,0.484478841117989,1.1753945620347435,0.24635158097677376,0.6332936904001405
TGOLN2,-0.15329077974361383,-1.1759791343932389,0.24642890636754233,0.6332936904001405
FOXJ3,-0.25647901850637034,-1.1752780570425514,0.24645075931370145,0.6332936904001405
CHN2,-0.5424074222721473,-1.1757209129723243,0.24655742320455937,0.6333887800865584
ENSG00000270381,-0.8262960077994292,-1.1754020360137163,0.2466385760457192,0.6333887800865584
FBXL12,-0.28745028782948445,-1.1782738130285455,0.24664872698499865,0.6333887800865584
PAFAH1B2,0.40967779139507243,1.1744048044423367,0.24675169561464855,0.633412996413547
RAPGEF1,0.5317197173893127,1.1751589579726511,0.24676546975907687,0.633412996413547
SLC25A16,-0.5092312391584519,-1.173667070719898,0.2468504815005897,0.6334484803117642
OAS3,0.5009706816385866,1.1743624457313335,0.24688661227568207,0.6334484803117642
TP53I11,0.4206090484938825,1.185422679970689,0.24719685001567063,0.6341066524195984
CDK9,-0.469189326766843,-1.172286358440394,0.2473947017894575,0.6343357363293642
YIPF5,0.38177124545775243,1.1874059601219105,0.2474577528365772,0.6343357363293642
RNF139,-0.3880221040649072,-1.1799174051681718,0.24748186946662393,0.6343357363293642
TRAPPC6A,-0.35422813147545007,-1.1735378068473645,0.24751515998765994,0.6343357363293642
MRPL39,0.5544947715039874,1.1804036613062143,0.24755482738410683,0.6343357363293642
DENND1A,0.5126373228970507,1.1721952885816396,0.2477599836173312,0.6346732549827219
HPCAL1,-0.30851203781374803,-1.1720795154766743,0.24779407303815035,0.6346732549827219
ICAM4,0.4893700828872265,1.1709275289790093,0.24793403317384274,0.6348939829972263
NAPG,0.2080907413550115,1.1713892818101501,0.24803680815962836,0.6350007279993212
DLD,-0.31358511106836495,-1.1747268468444174,0.2480833000874942,0.6350007279993212
NFIC,0.16411836438429805,1.170450719068537,0.24823668855255313,0.6352556055414892
MGAT4B,-0.5555606891748499,-1.169803464520511,0.2483885055204118,0.6355063519004034
SATB2,0.4273945948969031,1.1695729246724835,0.24856994134759955,0.6357156950622229
PTPN23-DT,0.4490741109510574,1.1693010602560243,0.24857803036062864,0.6357156950622229
GSK3A,-0.6476026036448532,-1.169933507986987,0.2486685748300914,0.6358095139417866
INMT,0.4856418596234242,1.1776849972389936,0.24879393605065997,0.6359922943001388
SOCS4,0.48742173753608764,1.1712277721819582,0.24885612298017726,0.6360135379478226
ZEB2,0.21880492508567162,1.1683217382112634,0.24902336378640091,0.6363032055191478
USP11,0.1944191395157464,1.1680531902049271,0.249125672488713,0.6364268694501746
FYN,-0.604822385254268,-1.173277411672388,0.24923796753321695,0.6365759858783268
BIRC2,0.39066636342900196,1.171898474982127,0.24937778751793088,0.6366883070848419
MECR,0.41969912234754103,1.1694457625231556,0.24938981211014902,0.6366883070848419
EGR1,0.34723928142163807,1.1669370808761446,0.24965284455789832,0.6371319347886762
U6,-0.49300181001565213,-1.16656156609167,0.24967152311159818,0.6371319347886762
ACSF3,-0.46710395379698433,-1.1673981501501707,0.25000631449386596,0.6377893347679026
MAP1LC3C,-0.5872910595010064,-1.1690208188641622,0.25003719113137257,0.6377893347679026
ZNRF2,-0.564761735997588,-1.1654380617886908,0.250248391099391,0.6381901613584599
SPRY2,0.5568689545541758,1.1647084737197284,0.25055062491277863,0.6388229216188664
RTCA-AS1,-0.44182157930327737,-1.166352649667231,0.25062850661020897,0.6388835069171921
MPP2,-0.49085282434328215,-1.1651429268895361,0.25072547064294154,0.6389157475212401
LZTFL1,-0.4099111335657919,-1.1641296721400267,0.250749399260136,0.6389157475212401
SMG7,0.3731964576099944,1.1638772633053656,0.2508299362892448,0.6389830379573879
ZNF407-AS1,0.47823729899723855,1.1684517299117643,0.25096633442919325,0.6391925734491103
TYMP,0.2585968237172285,1.1650269833618088,0.2513277289772744,0.6396570543685537
NUP58,0.24816524749893443,1.1624096824134331,0.2514112822420232,0.6396570543685537
PRDX6,-0.11647569688018677,-1.1651507328925343,0.25144303657175854,0.6396570543685537
SFRP1,-0.7361736796313343,-1.1622780055218345,0.25149881684720915,0.6396570543685537
MBIP,-0.29302951206076155,-1.1655369263394983,0.2515060775331045,0.6396570543685537
HSPA12A,-0.5346086093206259,-1.162704937409438,0.25165677619646504,0.6396570543685537
TREX1,-0.45703059646804856,-1.161986129380325,0.25177040278253265,0.6396570543685537
PGRMC1,0.14603318845955293,1.1631097491240328,0.25177288994165864,0.6396570543685537
PLA2G4A,0.5851961966442949,1.1618994777923306,0.2518235537814359,0.6396570543685537
VAV2,0.5036010689001118,1.161927019754744,0.2518313483316474,0.6396570543685537
RNF220,-0.430816615512966,-1.1625805036843975,0.2518570002376041,0.6396570543685537
PROSER1,0.5693034224690139,1.16159035678448,0.2518733523749548,0.6396570543685537
SPACA6,-0.5383629587827825,-1.1624548092651794,0.25191575543881245,0.6396570543685537
PCSK7,0.34143924003228054,1.1631596493348133,0.25196836618425966,0.6396570543685537
CEBPZ,0.1855179519306729,1.1618755379826595,0.2519888075455161,0.6396570543685537
ISCA2,-0.41559164734105103,-1.1621835213245082,0.2520156679261451,0.6396570543685537
DYNC1LI1,-0.33356294881386184,-1.1624427408950038,0.2521749197673456,0.6398303452656595
MED31,0.4326861927251384,1.1708005242515371,0.2521923419331735,0.6398303452656595
FAM88C,0.46044102750521576,1.160213753288666,0.2523269866302526,0.6400343956102561
ORC5,-0.48244615941981905,-1.1598126597413436,0.252481083638013,0.6400835015877813
PCDHGA5,0.5719445642088532,1.1595421408714568,0.25249532414252845,0.6400835015877813
ZNF208,0.578640647025018,1.160186394669471,0.2525871612031951,0.6400835015877813
HPF1,0.21831147682475205,1.159570954758816,0.2526096943103571,0.6400835015877813
IQGAP1,-0.18000724419937786,-1.160267477658727,0.25261745310440265,0.6400835015877813
SSR1,-0.2318534653759654,-1.1592747062992366,0.252766637337352,0.6403240673320688
NDC1,0.4542465023435547,1.1603097995383727,0.2528953218395193,0.640390762696094
ZCCHC17,0.35188288845189497,1.1638093493869777,0.2529014600329682,0.640390762696094
ATP6V0E2,-0.49372212966486195,-1.1594496633583349,0.25300629425376264,0.6405188298661094
LAMC1,-0.2728123662730475,-1.1591095647300522,0.25320022073713094,0.6407792484221768
EBNA1BP2,-0.19278083095454335,-1.1600107199298348,0.2532635417780421,0.6407792484221768
HYOU1,-0.5506685902349915,-1.157607831373515,0.2533092413084782,0.6407792484221768
CCL28,0.547519297206507,1.1586205224911943,0.2533262814389072,0.6407792484221768
ATRN,0.49568478540349536,1.1563990659243188,0.2537593338537733,0.6417371328499987
NCKIPSD,-0.5601690759219826,-1.1589114952925352,0.2540168519713574,0.6422307953353437
YIPF1,-0.4236745380228797,-1.1556561211941618,0.25406334724405377,0.6422307953353437
CDC23,0.3740852655572886,1.1677614193109762,0.25413884269007103,0.6422841014678417
MAP4K2,-0.48756536501877923,-1.1557470858032386,0.2542400355367529,0.6423005723733458
STK11,-0.480747347053156,-1.1553700221648753,0.25429471104231954,0.6423005723733458
HERC1,0.5264497184390833,1.1595942685864096,0.2543085874860668,0.6423005723733458
ANKRD49,-0.42776518833563726,-1.154850703758638,0.25443406576412964,0.642480031303861
ZNF394,0.4154562564857085,1.1583182595381385,0.25451223577423193,0.6425178870427755
GALNT18,0.6238025916190244,1.1550265879802428,0.2546054167034193,0.6425178870427755
BCDIN3D,-0.5283227942018032,-1.1542902072822716,0.2546123401597716,0.6425178870427755
PDE12,0.3833316681678771,1.1540236708938654,0.2547669429210331,0.6427553196484622
MCM2,-0.5237792045134071,-1.1560454353657716,0.25482872973000364,0.6427553196484622
TOX4,0.1699219210489522,1.1552438523555597,0.25486977139131317,0.6427553196484622
ZDHHC5,0.5276935354729062,1.1554932841008856,0.2550322932140935,0.6430110960863991
ISG20,0.4555947136911649,1.1575769734055728,0.2550801323992043,0.6430110960863991
CACNB1,-0.5189510570707032,-1.1546857108969402,0.2552179954687339,0.6432212716713074
B3GNT9,0.3621943862030301,1.155540032233953,0.2555669938677642,0.6439633644843024
CSPG4,0.7607302052966558,1.1559959698667523,0.25566733412489745,0.6440787194503659
TRAF3,0.5400084154413123,1.1514423264791358,0.2558196620099449,0.6442635691347806
HAUS4,-0.3896268965318024,-1.155776269940864,0.2558498612540323,0.6442635691347806
NOMO1,0.49543018257427507,1.1509777116051414,0.25595912324581144,0.6443507332600871
ZNF10,0.4628551527401976,1.1538996125141217,0.2560331543700662,0.6443507332600871
FRMD8,-0.4948855015734557,-1.1507739123574043,0.2560482244576932,0.6443507332600871
IRAK1BP1,0.5096654328570285,1.1521709586086748,0.256171707185561,0.6445240842552318
DPP3,-0.5129748643247609,-1.1505226323811986,0.25632607995387274,0.644775063681114
TTN-AS1,0.4418539173447593,1.151406327508397,0.25648488567002087,0.6450370846473362
HP1BP3,0.13853823051620306,1.1500788402767044,0.25660509051135694,0.6452019368448496
PMS1,0.4109798725568634,1.1616418988442612,0.2570029348722842,0.645993861010385
PKIG,0.27557903489983104,1.1583533929242817,0.2570536510860323,0.645993861010385
RNF169,0.45694291537994847,1.1492145406089724,0.2570842150806259,0.645993861010385
API5,-0.16757724529321827,-1.1481298552100576,0.25727542813198406,0.6460688398784236
RPL35,-0.11252239073615655,-1.1478192040177548,0.25727613452144626,0.6460688398784236
SETD1A,0.5186684058371038,1.150387627153786,0.25727823941283096,0.6460688398784236
BTBD8,0.5269663929041752,1.148019394051742,0.25735763101595455,0.6461307601325699
MAP4K4,0.4689510666610479,1.1484075290484668,0.25751221159346976,0.646325397116692
TMEM167A,0.15859140926375392,1.1497668794236997,0.2575446563351901,0.646325397116692
PTPN3,0.47936486306473713,1.147669876446974,0.25772194614742466,0.6466328531924226
PPP1R9B,0.4667774031441758,1.1462612890915533,0.2580888944530818,0.6473097757893583
AQR,-0.4379796418666748,-1.1457787679120404,0.25810140742401605,0.6473097757893583
NR1D1,-0.7421668256736167,-1.1450654012396342,0.25839757225421356,0.6475376785870288
IRF7,0.39201416196160954,1.1470094111153621,0.2583981476031023,0.6475376785870288
SCRIB,0.48547734761554495,1.1450782181031847,0.25839917130727535,0.6475376785870288
DHRS3,-0.37347707626877735,-1.1449333832624753,0.2584270802540341,0.6475376785870288
TTC5,0.4525651188005759,1.1462843756358756,0.25846654311749934,0.6475376785870288
TMEM200B,-0.4467794430361791,-1.1443487901544362,0.2586664116099779,0.6479009100479077
AXL,-0.24059189442336315,-1.1449318323293847,0.2587505023540657,0.6479740518221777
PIK3CB,0.49911079589404794,1.1448392425095506,0.2589235430616192,0.6482698676229935
PARP12,-0.49698449188173166,-1.1434595483432681,0.259100135023194,0.6485744474022064
ZFHX3,0.2817183493868409,1.1474818560881468,0.25918449463932947,0.6486480727617732
GNG10,-0.31681206905979487,-1.1509094525153252,0.2594790059192687,0.6492474914957539
CACFD1,-0.37747735719314734,-1.1420559072629133,0.259619844970281,0.6494622313782935
SENP3,0.516744035297134,1.1422344867980727,0.25983971154305874,0.6498595270248722
ZNG1B,0.3512764948681206,1.145841287684121,0.2598887612947413,0.6498595270248722
DNAJC3,-0.18358114833677686,-1.1414832354144986,0.2599897607133589,0.6499744017833972
VWA1,0.5192124077791624,1.1438166391263949,0.26017203631457586,0.6502923753321126
LRRC42,-0.2958854879170483,-1.1419552306364131,0.2602477884675471,0.6503440183868319
SAMD4B,-0.3709403394813666,-1.1398331099685595,0.2605274060984475,0.6507641031637234
KTI12,-0.5302210117123924,-1.139759714347146,0.2606494724965814,0.6507641031637234
B3GALNT2,0.5811013984722795,1.1402361480654855,0.2606504742612468,0.6507641031637234
TMEM248,0.15985701327032054,1.1398616291252273,0.26071461298637844,0.6507641031637234
EFNB1,0.5306910959331614,1.1415596650921367,0.2607303888982847,0.6507641031637234
MAPDA,-0.454536616144114,-1.1396316311011838,0.2607466503993572,0.6507641031637234
PHLDB1,0.2126238881618301,1.138911428313353,0.2609030243522069,0.6509615002941952
ADAMTSL3,-0.40897842340698887,-1.1405312259455862,0.26093937025398467,0.6509615002941952
SYT11,0.44679509277494933,1.1481706316534759,0.2609911716130814,0.6509615002941952
MVP-DT,-0.420722391094571,-1.1397661148160096,0.26122652983352146,0.6513974603792761
ANKS1A,0.4776554108872775,1.1431990870558961,0.2612763214651311,0.6513974603792761
GAS6,0.31720892892005814,1.1382324902267607,0.261332783473945,0.6514006564421285
TJP1,0.23492481862458714,1.142221931329979,0.2614708818742636,0.6516072958677817
L3MBTL1,-0.4799034479425788,-1.138943132300904,0.2615628046398619,0.6516987988124884
ZBTB44,0.519765891612018,1.146949720799496,0.2616516828061979,0.6517826789464372
FBLIM1,0.4687926507343265,1.136902786310398,0.26173339192469935,0.6518306847341271
VPS26A,-0.3281915617494242,-1.1416002830973702,0.2617813872362979,0.6518306847341271
LINC01943,-0.5155695418773121,-1.137921857761819,0.2618389314440896,0.6518364794806997
CKLF,-0.42101538481725065,-1.1360953064334327,0.26207051491875955,0.6522754435201257
DDX27,0.4452170551793344,1.145844653277214,0.2621964727581508,0.6524476900001233
NDUFS2,-0.22154095173742494,-1.136781790606772,0.262250257437576,0.6524476900001233
REXO1,-0.5210505484635095,-1.135689176962301,0.2623232334395665,0.6524917342507549
CKAP2,0.488580773070032,1.1348585145524919,0.26262727389584134,0.6531103788372461
MTFP1,0.4852512841299592,1.1359347391704204,0.2626883730214005,0.6531247353659716
GMPPB,-0.3805141555655416,-1.134206566885818,0.26288985997925157,0.6534880600242293
MIGA2,-0.4297723747302231,-1.1335006655059696,0.2631570554031722,0.6536501696744276
UQCRB,0.17943374310769755,1.1346332490850106,0.2632044498982719,0.6536501696744276
TUBG2,0.4981657426559103,1.1337849256203039,0.26321096311777226,0.6536501696744276
NPHP3,0.6078211219548626,1.1347895097814789,0.2632550102894463,0.6536501696744276
TPT1,0.15030533802363344,1.1334910297637248,0.26331514971542574,0.6536501696744276
NIPSNAP1,-0.434334027828275,-1.1331224703306273,0.2633581194783096,0.6536501696744276
SMPD4,-0.34603749026064934,-1.1340318475740236,0.26337920125702996,0.6536501696744276
TRIM22,0.5405635187459525,1.1367246063529777,0.2633980395714741,0.6536501696744276
PUF60,0.19957217327330667,1.1332583784782908,0.2636080298799578,0.6540337941851412
BRF2,-0.5062960208629539,-1.1323060995166385,0.263665316221114,0.6540384656419943
MAP1A,0.38164389979385493,1.1413009311474742,0.26395290351946066,0.6542947614256943
RANBP2,0.4755094495381753,1.1427142685039202,0.26396759531220426,0.6542947614256943
KAT7,-0.47432289687409,-1.1313852924749883,0.264025118242201,0.6542947614256943
TRIM52,-0.47258063100983083,-1.1312618963391254,0.2640950751346828,0.6542947614256943
TRIM32,0.4207921128522849,1.131281700708287,0.26416450997247687,0.6542947614256943
METTL25,0.5502677087380845,1.1312423283741726,0.2642399385461337,0.6542947614256943
RUNDC1,0.5123288424652781,1.1334117246382116,0.2642669461077795,0.6542947614256943
MSANTD2,0.5366273179836831,1.1310511075296141,0.26427838674247023,0.6542947614256943
IKBKE,0.47788935210442895,1.13265960469865,0.2643124527838725,0.6542947614256943
SZRD1,0.34734608519298416,1.1434760260940042,0.26437947033592557,0.6542947614256943
APEH,-0.3676610185553404,-1.1353005693747495,0.26437994450008667,0.6542947614256943
ZNF778-DT,-0.5082856971095295,-1.1302632030992805,0.2645419591036961,0.6542947614256943
SNHG18,-0.20983618648598767,-1.13024675366714,0.2645755862792324,0.6542947614256943
MDM4,0.4678893662344459,1.1317813525469855,0.2646235076805088,0.6542947614256943
VCL,0.31373870994444975,1.1340633878528987,0.2646493587900259,0.6542947614256943
SLC35B1,0.40373836667984087,1.1305170040628651,0.2646554414068353,0.6542947614256943
IK,-0.14332145490259673,-1.1320167360183315,0.26494657285950507,0.6548463441425356
DYRK1B,0.464936461188187,1.1300733372525456,0.264989494787708,0.6548463441425356
FAM161A,0.575651784525987,1.1298541985326322,0.265251882659026,0.655243015463896
MAPK8IP3,0.38577409827247644,1.1299787741931624,0.26531591728893944,0.655243015463896
PDS5A,-0.40876150587907034,-1.1293707141181317,0.2656418658073515,0.655243015463896
MICALL1,-0.4987444043915972,-1.129732488427517,0.2656456287233369,0.655243015463896
EIF3F,-0.149190706550562,-1.1293021259836105,0.26567422106373856,0.655243015463896
DPY19L3,0.4935159369061357,1.130687918938268,0.265706799187103,0.655243015463896
CYB5R4,-0.3353544656930332,-1.1288647023990783,0.2657563291345887,0.655243015463896
RYK,-0.3215257260150999,-1.1282108602242216,0.2657605039375855,0.655243015463896
TRAPPC12,0.4349876558076371,1.1372241370982283,0.2657679880321241,0.655243015463896
ZNF410,0.5035922574466127,1.128281655413626,0.26576827098364547,0.655243015463896
SYNJ2BP,0.4696351257210787,1.127983485980326,0.26580224659294893,0.655243015463896
IDI1,0.4399349396247674,1.1341363282342725,0.265857744740678,0.655243015463896
PAFAH1B1,0.21185190182913693,1.1283952494200902,0.2658715835723898,0.655243015463896
DYNC1H1,0.18789949932490302,1.1272869375001615,0.2659953054996848,0.6554037594550054
CHADL,0.5271071767370954,1.12698638687247,0.26612048232593793,0.6554037594550054
CTTN-DT,0.4425376391258746,1.1266961025283755,0.26615870603954167,0.6554037594550054
MANSC1,-0.46357840335352085,-1.1277455368423634,0.2661588837634304,0.6554037594550054
ICA1L,-0.5109602788331387,-1.1268966347603357,0.26625270270985524,0.6554082552416979
BRD4,-0.25086934001013805,-1.126257044270187,0.26632199355690916,0.6554082552416979
PLCD1,-0.4858815911386527,-1.1260986954941503,0.26632726814014607,0.6554082552416979
HECTD3,-0.45291215959390607,-1.1266560083039907,0.26649268147698973,0.6555859121287491
DUSP7,0.4697456421493018,1.1280406882233034,0.26656231024012683,0.6555859121287491
TRIM16,0.5233581600270585,1.1268698753883022,0.26656606338144817,0.6555859121287491
PEX3,-0.3248429972745286,-1.1253853014180895,0.26669966669343925,0.655694402371831
ZNF599,-0.4199174642172614,-1.1255671456433862,0.26673180327890195,0.655694402371831
ADAR,0.22066459959169116,1.1247949849329542,0.2667768076740283,0.655694402371831
PYGL,-0.4247065231092604,-1.125496919808385,0.2671260091900827,0.6563830738088441
CNKSR2,0.5243223360855285,1.1257508667868963,0.26722206244778257,0.6563830738088441
EIF4A3,0.25002666010485974,1.1236871934158514,0.2672610407093774,0.6563830738088441
UTP11,0.35004871425443174,1.1319293353394968,0.2673013876715846,0.6563830738088441
TXN,-0.18024038436045586,-1.1235167576239318,0.26736294458887055,0.6563830738088441
PNN,0.3714334262239518,1.1350601115447216,0.26739061431145544,0.6563830738088441
SPRYD7,-0.3533784401515687,-1.1294914797389355,0.26751256692700914,0.6565459152959133
PPP2R5A,0.43540407706503803,1.1285338552899518,0.2676224124104481,0.6566789811900519
UFL1,-0.1889752903901476,-1.1235920191583675,0.26812317832323024,0.657378308359206
ZNF582-DT,-0.4839030401180282,-1.121819009743602,0.26814329827185096,0.657378308359206
ALDH3A2,-0.310096531860343,-1.1224477409038425,0.26816345408010794,0.657378308359206
SENP5,0.5453273315935419,1.1255050415906909,0.2682497039791733,0.657378308359206
ARFGAP2,-0.4165951311841303,-1.123673130455034,0.26831385221021187,0.657378308359206
ENSG00000271811,0.5049492235470221,1.121573246612799,0.2683361558625155,0.657378308359206
ITSN2,-0.47795768449398235,-1.120921085551441,0.26840235310992117,0.657378308359206
MTDH,0.11413100602986948,1.1209095331549777,0.26840928557820254,0.657378308359206
USP22,0.18710297326242742,1.1229196975860825,0.26842576170481164,0.657378308359206
PSMF1,-0.13969277734456576,-1.1227143940226705,0.2685506300901884,0.657378308359206
SYNGAP1,0.5622603884945314,1.12283730116485,0.2685728319021252,0.657378308359206
KCNIP3,-0.46501389089177314,-1.123997568169257,0.26857565279258366,0.657378308359206
ZNF66,-0.4685685126947643,-1.120595517244257,0.2687118952718448,0.6575646727200807
RALGAPA1,0.33491252660212023,1.1264693166931234,0.268800072555787,0.6575646727200807
SLC25A17,-0.35388091035482727,-1.1226000862739136,0.2688426649704166,0.6575646727200807
KANK2,0.422628568275087,1.127761950508823,0.26887460188223883,0.6575646727200807
ARID4B,0.38948274062524835,1.1258999972669541,0.2691085437620374,0.6576814859970026
SDK1,0.4850431160694182,1.1219048967424148,0.26912216056660393,0.6576814859970026
BTBD2,-0.393871951495429,-1.1189343315116504,0.269245996224661,0.6576814859970026
CRYZ,-0.3878144750277741,-1.1216609785811746,0.2692548563737026,0.6576814859970026
MLLT6,0.29494104865933624,1.1233776084766214,0.26926026551287857,0.6576814859970026
ZFYVE26,0.5022286072706224,1.1203350639026264,0.2692820643434234,0.6576814859970026
METTL15,0.4813544354528183,1.122717874655754,0.26931235097920464,0.6576814859970026
PDXK,0.4318268891511048,1.1300539962141005,0.2694434630561582,0.657865580429772
TCEAL8,0.16159278003369248,1.1178957191962344,0.2697893424934507,0.6584891234961412
SCML1,-0.28645895725857873,-1.1220305936258348,0.269964844676931,0.6584891234961412
RERGL,1.0042117338516916,1.1192283263720708,0.2699969950510251,0.6584891234961412
SLC35B2,0.3507541851429137,1.1293276373481598,0.27002229526298305,0.6584891234961412
WBP1L,0.4792731022158314,1.1207737400075628,0.2700371722550623,0.6584891234961412
ATOSA,0.4450107737404534,1.1251809017224053,0.2700834049005838,0.6584891234961412
SMAP1,0.35282730655527317,1.12582879916977,0.2701738608738576,0.6584891234961412
KRBA2,-0.4963962150333239,-1.1175060188354247,0.27025921706927475,0.6584891234961412
NBPF12,0.5318972001771294,1.1164616849759275,0.2702945988506638,0.6584891234961412
GK5,0.5312796063577205,1.1204227410360525,0.2703357989104288,0.6584891234961412
DLGAP4,-0.3040931779895466,-1.1193599083115153,0.2703521454799294,0.6584891234961412
SYVN1,-0.4957144680487704,-1.117148941022123,0.2704223146535078,0.6584891234961412
CFAP263,0.4853560036210325,1.1182459536681146,0.2704838469580291,0.6584891234961412
FUOM,-0.41166716886809773,-1.1167966175656072,0.2705084888101761,0.6584891234961412
ANKRD29,0.5697641581546349,1.1164074547577507,0.27053555687897374,0.6584891234961412
INO80,0.3958819143843817,1.1244413836450036,0.27074684166580043,0.6587074545296774
VPS18,0.4208100549625815,1.1181083137633212,0.2707770982668427,0.6587074545296774
OARD1,-0.3858534826270592,-1.1172632119765062,0.2708294289822953,0.6587074545296774
ZBTB34,-0.46575083134433326,-1.1153722631872827,0.2709307045324428,0.6587074545296774
SUPT3H,-0.4855115701270103,-1.1150531782622517,0.2709381488852208,0.6587074545296774
SH3BP4,0.522295989085515,1.11520290369187,0.2710113563721008,0.6587074545296774
SORBS2,0.8305587762750619,1.1153917320686533,0.2710558588313336,0.6587074545296774
EML3,-0.21889499641195442,-1.114743386752645,0.27108878622697685,0.6587074545296774
MROH6,0.4412489215748918,1.1153499780458063,0.2711274478237783,0.6587074545296774
BCORL1,0.46606550376988354,1.1139014708227293,0.2713759790581306,0.6589475470006424
DBN1,-0.306140854933334,-1.1159762522147105,0.2714335627122932,0.6589475470006424
TAF4,-0.4450754842259461,-1.1139460896733635,0.27149491256583913,0.6589475470006424
ZCCHC10,0.3438062740810919,1.115146899338782,0.27150180067890867,0.6589475470006424
LINC02482,0.5042900888162354,1.1172947037477814,0.271505367946728,0.6589475470006424
HHIP,-0.6349061913730871,-1.1135719768866454,0.27176830322384643,0.6594501170724578
SGSM3,0.5462271900712459,1.1150697435213313,0.2719647480747565,0.6597541205592891
RAB11FIP2,0.4265740179985631,1.1150947373348614,0.27200536253808216,0.6597541205592891
PHF6,0.3950128185514279,1.1230001803088487,0.2721306762272894,0.6597690164572824
RING1,0.1309063043701153,1.1129964411011297,0.2721391677296515,0.6597690164572824
PTS,0.34312859266626905,1.1213333396818055,0.2721791707028348,0.6597690164572824
MISFA,-0.42992920512647226,-1.1122443833513558,0.2723347923910111,0.659886853190044
FAM193A,-0.38990970567770944,-1.1116144867201214,0.27240470798738897,0.659886853190044
ZCCHC4,0.5304266825662163,1.1123201949271464,0.2724129790791603,0.659886853190044
PTER,0.47345344307583836,1.1132921527769162,0.27245137843695677,0.659886853190044
ARL14EP,0.37865341943022024,1.1119101431269849,0.2725346189808217,0.6599530619627898
GMPPA,-0.3759977314208305,-1.1147275411724473,0.27265478131330256,0.6601086327734899
RCL1,-0.4460259155538475,-1.1153077702855942,0.27277720434429886,0.6602696119098724
ZDHHC8,-0.4829686780607845,-1.1100415660248542,0.2730460285881246,0.660784823182208
IL17D,-0.599729180255897,-1.1111574300604057,0.27317307511230626,0.6609567845256764
NR2C1,0.49872795780271284,1.1110143191473667,0.273261442119725,0.6610351074228183
PPME1,0.36460251075251016,1.1092350315979282,0.27361639338797744,0.6616872630834023
P4HTM,-0.2056270338730819,-1.1093957016752765,0.27368564808231577,0.6616872630834023
PYM1,0.20567690612324885,1.1106033604422179,0.27369918726270676,0.6616872630834023
RANBP9,0.5046332826783289,1.10974991175135,0.27380234696791367,0.6618011273456635
AGPAT2,0.20000341414767764,1.1104103489916983,0.2738819158340983,0.6618579358078875
STIMATE,-0.5529447629129154,-1.1099244943838023,0.2740240494264058,0.6620168376998669
FBXO4,-0.3893514792756201,-1.10741633654859,0.2741415018685241,0.6620168376998669
PARP4,-0.4569867094572371,-1.1082970787605673,0.2741436915301705,0.6620168376998669
PGP,0.5279567936798952,1.1124257236192343,0.27418506151503846,0.6620168376998669
SLC35E2B,0.5199153840284803,1.1076561957547568,0.27422806745890294,0.6620168376998669
EBF2,0.673383131372113,1.1062371000585782,0.27467326694687977,0.6629560245978154
SLC35C2,0.21023593404245577,1.1058576868206367,0.2748108861939157,0.6630629709100961
PPP2R2D,0.5229001448025059,1.1088386904588565,0.2748299124661669,0.6630629709100961
PEX13,-0.5039996950022214,-1.1051005731146457,0.27519140805137166,0.6637994630254276
LINC02981,0.5120305509482486,1.1047766157984278,0.27529836671925617,0.6639218016590028
NT5C3A,0.42395605421753935,1.116045892835961,0.2755029469330288,0.6639494894359179
STARD13,0.37441943375025577,1.109602782083606,0.275513168183629,0.6639494894359179
IRS1,0.25627583117556885,1.104061834547197,0.2755829365490273,0.6639494894359179
NOL8,0.37235124046287815,1.1051553747394027,0.27559222802381894,0.6639494894359179
HNRNPR,0.1585426399984895,1.1055090144556003,0.2756441757036295,0.6639494894359179
KIF23,0.3780975762128531,1.104426405782261,0.2756712104370092,0.6639494894359179
IL6ST,0.16442989194919555,1.104762016911156,0.2757035491075705,0.6639494894359179
UBLCP1,0.32824778125857357,1.1128069048331364,0.2759486678503948,0.6644042471902735
NELFE,-0.18806575554300853,-1.1036042122819736,0.2760897852560302,0.6646084655276175
CHSY3,0.46353949894179425,1.1030852941097788,0.276146229387927,0.6646088150712494
CCPG1,-0.16944906206375077,-1.1025496126290717,0.2762175362442758,0.6646449277137538
ELN,-0.25328169306666304,-1.1023520695137117,0.27636308670472565,0.664828036587135
SUSD5,0.7014001728120656,1.1058347629888186,0.27640626883266906,0.664828036587135
GRIK4,0.4455042171318424,1.1018193450934683,0.27654104992462347,0.6649789785916861
NAA20,-0.15438444288635988,-1.1017178893944137,0.27677458237958424,0.6649789785916861
PRCD,0.5147005223618029,1.1026241754564745,0.2768323291596739,0.6649789785916861
SRP19,0.24267576373622468,1.101347796298497,0.276902079231696,0.6649789785916861
LIMK2,0.5164727342210516,1.1013247717943835,0.2769239786495902,0.6649789785916861
CCNT1,0.34491051211619883,1.10716887632592,0.2769602029101629,0.6649789785916861
PRKACB,0.5211850181335027,1.1027143152007715,0.27704851626812377,0.6649789785916861
ETFDH,-0.2135133733729795,-1.1013326648170045,0.2770800529007016,0.6649789785916861
SEMA6A,0.5048785992753619,1.1007932892407668,0.27713428108417,0.6649789785916861
PDCD6,0.12053659941815997,1.1020143550600379,0.2771456453441892,0.6649789785916861
CREBZF,-0.3555729365171292,-1.1005204211664112,0.27721932519098125,0.6649789785916861
ASB2,0.5800734593203645,1.1005947364647954,0.2772563718695996,0.6649789785916861
HDHD3,-0.49867566438501454,-1.100759605054482,0.27729174655936556,0.6649789785916861
BORCS7,0.30307278348161937,1.1007245197745725,0.27729420996562726,0.6649789785916861
LAPTM5,0.5758240409459572,1.1008809559208856,0.27741027834312343,0.6649789785916861
TCAF2,-0.43844652635568404,-1.1010638045024725,0.27742235683118854,0.6649789785916861
B3GNT8,-0.47129733519588646,-1.1006016930051454,0.27748319456977816,0.6649789785916861
SERPINE2,0.748112613405536,1.1054059424390505,0.2775624548679618,0.6649789785916861
UBE2L3,-0.12030310355203433,-1.099419785057752,0.27756694874836846,0.6649789785916861
MAPK13,0.40743192953985785,1.0994784511971984,0.27767661715480474,0.6649789785916861
GOLGA4,0.1452562864890794,1.0991978870418102,0.2777564077301192,0.6649789785916861
MILR1,0.5428455082770585,1.099536170988803,0.27779991963323303,0.6649789785916861
USPL1,0.5122578048462345,1.1022755495007874,0.2778564728388769,0.6649789785916861
THSD1,0.5066340270461063,1.098586326679456,0.27792668416136607,0.6649789785916861
DNAJC24,0.4799724050617904,1.0994930392436657,0.27796791428960527,0.6649789785916861
VCF2,-0.30447458357402013,-1.1000415709016997,0.27798131238440754,0.6649789785916861
SLC11A1,-0.4936139493677616,-1.1007267830128649,0.27798994149512674,0.6649789785916861
ENSG00000248161,-0.47154272992882507,-1.098973070250626,0.2782335249552435,0.665426815659775
PTEN,0.4207079765847652,1.1012655937081137,0.27835840306142773,0.6655906315860146
MGAT1,-0.18850617285999238,-1.097541717294706,0.2784416637635808,0.6656548887665192
PRRC1,0.433508964569306,1.1072476957571633,0.2785056070552162,0.6656708404514853
SRGAP2B,-0.2949192192039827,-1.0985954618995526,0.27865562798189936,0.6656708404514853
FMNL1-DT,0.5209289930243535,1.0975674830936915,0.27869025310551687,0.6656708404514853
UNC5C-AS1,0.4821020075656264,1.0974267688377652,0.278697939783636,0.6656708404514853
SPTLC1,0.16293938762309335,1.0982122360251443,0.27873028075829664,0.6656708404514853
SLC35F5,-0.2981229383826891,-1.0998671963474975,0.27886470919796624,0.6658164094536071
ZNF773,-0.4499127657903288,-1.096515726503283,0.2789040359803547,0.6658164094536071
MMADHC,-0.20595703786437003,-1.096461883318423,0.2789700418978196,0.6658393337249818
FAM217B,0.47337227723144837,1.099911353987449,0.27910183897299895,0.6659522971052679
ZNF235,0.4749441603584965,1.0965804233204048,0.2791301961945672,0.6659522971052679
OXLD1,-0.2515631344733018,-1.0955641118089496,0.27923146232670976,0.6659624065495875
LEPROTL1,0.35736255095084335,1.1068281436031597,0.2792472606878829,0.6659624065495875
HAS2,0.5445067138277926,1.0973526222969636,0.2793077731990755,0.6659721798858991
SLC35A1,-0.5995792701775495,-1.0950692644340805,0.27948688426073426,0.6662124819664853
RNASEH2B,0.32061060790474283,1.1044111095783429,0.27952142508936906,0.6662124819664853
ENSG00000275964,0.4773431325169821,1.0947912772069663,0.2795918058523964,0.6662312824399601
NOL10,0.5540616905037283,1.0953186367673269,0.27964218589496,0.6662312824399601
CDKN1B,-0.4820925299830403,-1.0960661201391841,0.27975415970001116,0.6663635704718789
MYCBP,-0.4434255066407484,-1.0939271882420363,0.27997539364952534,0.6664219286539123
HELZ2,-0.49830463950303394,-1.0940468012640119,0.27997589901709774,0.6664219286539123
TBX4,0.6344142783544755,1.094064990065941,0.2799798227863603,0.6664219286539123
TENT4A,-0.44912621716984136,-1.0937693305093992,0.28000863036106083,0.6664219286539123
TMEM179B,-0.16581684638743077,-1.0941980431269847,0.28007578166691466,0.6664219286539123
TRIM7,-0.536616197878234,-1.0952304247519227,0.2801374011459693,0.6664219286539123
NT5DC2,-0.274685657764949,-1.0933950909399381,0.28017382735361,0.6664219286539123
P2RX7,0.4730478593610181,1.0948838100795064,0.28024167620451734,0.6664490305387444
TMEM258,-0.15551377538299604,-1.0931338232681604,0.2804222169451389,0.6665385957611989
PPP1R11,-0.3059447582216501,-1.0946423199406048,0.2804451406692244,0.6665385957611989
INTS6,0.4546093881853652,1.094316867435689,0.2804487255523824,0.6665385957611989
DENR,0.1730678762672575,1.0961409093533068,0.28054843650853206,0.6666413633219044
TUBGCP5,-0.35204898984030164,-1.0919443948959195,0.2808031186667277,0.6669980689854099
ZNF646,0.41954732841481124,1.092803697190437,0.280811554668148,0.6669980689854099
SLC35B3,0.3417178221466193,1.100157743607088,0.28092397363311566,0.6671208598876683
RPS15,-0.11167244078099081,-1.0925093011481706,0.2810117246691412,0.6671208598876683
LSM4,-0.31194708923754,-1.095689808394708,0.2810327857874947,0.6671208598876683
DBP,0.607684621695173,1.09111667535548,0.2811716669420311,0.6671288257594638
ANAPC10,-0.4003171412953477,-1.0910915200158335,0.28119440779490024,0.6671288257594638
CHST9,0.4683458317697722,1.0920841999796336,0.2812056786936969,0.6671288257594638
PGAP2,0.4723935874664047,1.0960625608114283,0.28138597279253513,0.6673204849809576
ZMYND11,0.44977773036198965,1.1030002575140374,0.28144662003125986,0.6673204849809576
SLC1A3,0.5313137218042481,1.0903979667542434,0.2814740458934451,0.6673204849809576
EXOG,-0.39518546659370646,-1.0906762184470684,0.2815698558949805,0.6673204849809576
CYSTM1,-0.14890651648411612,-1.0917428101443978,0.2816388886454678,0.6673204849809576
PRELID1,0.13003463201430687,1.0922221746848926,0.2818168832010781,0.6673204849809576
PCDH9,-0.5808045039205911,-1.0903495057904966,0.2819243007471833,0.6673204849809576
SLC35G2,-0.4848101385718553,-1.0911835791365334,0.2820142015665222,0.6673204849809576
FUT4,0.49701889868794313,1.089471165391622,0.2820330440134391,0.6673204849809576
FBXW9,-0.4796530878700178,-1.089286357389387,0.2820994990094424,0.6673204849809576
RER1,-0.11591342655495751,-1.0903985355168937,0.2821011508699324,0.6673204849809576
OCIAD1,0.12787975144631414,1.0899314703116403,0.2821367136984395,0.6673204849809576
GFM1,0.38774484040267243,1.100181246120889,0.28213917072509503,0.6673204849809576
POLR3GL,0.15682179207738933,1.089881387434026,0.2821772824088227,0.6673204849809576
YIPF3,-0.3308813116663414,-1.096912967414144,0.2822080212523558,0.6673204849809576
PCED1B,0.48088572347409686,1.0903634213103084,0.28221184988945897,0.6673204849809576
PACSIN2,-0.32196952579073734,-1.0926285385803265,0.2822684256474102,0.6673204849809576
ENSG00000224905,0.5014090797228419,1.0896047982699024,0.28232491062972587,0.6673204849809576
RNF139-DT,-0.42101647521605146,-1.0893601578680527,0.2823605101634802,0.6673204849809576
TRADD,0.15215256108533914,1.0896064730116464,0.28241988730208883,0.667327215692786
WDR27,0.516297844397605,1.089059088680274,0.28250163725240063,0.6673867976314968
RNGTT,0.39329205934394507,1.0937698587219609,0.28256396708790293,0.6674004864891345
POLR2H,-0.1765812194792371,-1.0870295086135295,0.28294310203188283,0.667923700164636
NDUFB10,-0.10602110858345348,-1.0870895070805757,0.2829662543440825,0.667923700164636
IFIT3,-0.5146736631411639,-1.0883648046626198,0.28310768192598923,0.667923700164636
FBXO9,0.1825261971122183,1.0867706819937522,0.2831139449383926,0.667923700164636
SYP,0.48138825119900486,1.0870958390579886,0.28315411900508775,0.667923700164636
FAM120B,-0.4149177075921857,-1.0865860493342336,0.2832231022082025,0.667923700164636
ARHGEF7,-0.33613342696295856,-1.0869733957698833,0.2832318279283244,0.667923700164636
PRMT5,0.38034727353847764,1.095917379808409,0.28323812308548646,0.667923700164636
FAIM,0.4099634360570463,1.0887483463607448,0.2833566920398652,0.6680698521131633
CRNDE,0.5113493289668865,1.0856745929620897,0.2836254880069472,0.668570065080274
ABCA3,-0.5053135630965093,-1.0881487105358945,0.28378729991281215,0.6686438753091211
ODC1,-0.3444390192264901,-1.0850561961578797,0.2838069621341452,0.6686438753091211
DECR2,-0.5005766823376225,-1.0850027961128261,0.2838318174828804,0.6686438753091211
L3MBTL2,0.41165560758579023,1.089519552246903,0.28388336324009444,0.6686438753091211
SLC8B1,0.4684413802742813,1.0860315041102524,0.2841587090165851,0.6690342134854254
GPR137B,0.37312051482292174,1.0848215323524035,0.28421028407463383,0.6690342134854254
EXOC6B,0.5175653969523486,1.0855985764570149,0.2842628088739504,0.6690342134854254
ENSG00000285085,-0.4723225574751102,-1.0848963170387416,0.28427578270587833,0.6690342134854254
TMEM65,0.5466096117181305,1.084864081218303,0.28434250479057377,0.6690578570964169
NKIRAS1,-0.423250493759995,-1.0837739637016703,0.28445535849033327,0.6691009261951072
ZNF83,0.47467997872144974,1.0861310232985337,0.28447416760467964,0.6691009261951072
POLR3H,0.34383452237358014,1.0889180545567483,0.28455210404396347,0.6691509139918305
NNMT,0.23514296851373828,1.0852996751853026,0.28463620018701424,0.669215364112269
NLRP1,0.5166902361774444,1.0849586632394763,0.28489138097226213,0.6696819498959686
CPED1,0.2771019869165965,1.0827182727601334,0.28513855204369476,0.6701295255575984
EMC2,-0.29399425927279754,-1.087795953290751,0.28520648097706713,0.67015575396781
RNF114,-0.28759559807098345,-1.0853485490662929,0.28537680736882953,0.6704225295500562
ZMYM2,0.3390363397395202,1.0849693097804918,0.2855036710060341,0.6704260987315633
PEX6,-0.480489139833121,-1.0827992686135617,0.28552518049906084,0.6704260987315633
C1orf52,0.39409245948929605,1.0815307866978858,0.2855835032471039,0.6704260987315633
ZNF564,0.49399926335528366,1.0816522178096961,0.2856701552374544,0.6704260987315633
CLIP2,0.5467855786450229,1.0805854433842226,0.2858952267606389,0.6704260987315633
ZBTB21,0.45769580483238625,1.0807029388717346,0.28597706765647346,0.6704260987315633
GPM6B,0.6760563089395797,1.08351522573548,0.2860135358848377,0.6704260987315633
RBMS2,0.3749990128393259,1.0895368330834276,0.2860328776655394,0.6704260987315633
SLC35A5,-0.43494133807931457,-1.0800781645183908,0.28605703208141386,0.6704260987315633
NTAQ1,-0.4103219714418844,-1.0798940975813116,0.2860734957899569,0.6704260987315633
TMEM160,-0.2998776986225602,-1.0850975987595284,0.28613148104949654,0.6704260987315633
RSPO4,0.5369029800629792,1.0797852114688933,0.28618526175427045,0.6704260987315633
MEX3D,0.4989221896217344,1.0805827575222857,0.2862455882426104,0.6704260987315633
MOB3B,-0.3724912288850635,-1.0814940662304997,0.2862667119572057,0.6704260987315633
SNAI1,0.5550468424973847,1.079429511143932,0.28631419263935254,0.6704260987315633
CRTC1,0.4490042365796807,1.079574401270219,0.2863387714108807,0.6704260987315633
PDIA4,-0.26157479218694846,-1.079307145049836,0.2863971457244482,0.6704260987315633
KIF27,-0.47201361569877687,-1.0797458088093117,0.2864005773742714,0.6704260987315633
CLCN4,-0.46234018913583275,-1.0798014078087266,0.28648489217609385,0.6704905139053902
ARSG,0.4394956189542898,1.0787592661956786,0.286623643363654,0.67068228144855
PHLDA2,0.5283547145619467,1.0810543811121385,0.28710872102063295,0.6711955038492274
LINC00960,-0.504924201668435,-1.0787103306211467,0.28714353486630184,0.6711955038492274
NUDT6,0.4600015370973889,1.0781462625175855,0.2871617945089963,0.6711955038492274
FKRP,-0.4496231093367973,-1.0779912291438742,0.2871727206299131,0.6711955038492274
TRMT2A,-0.4345723610498453,-1.077755785166099,0.287187444747038,0.6711955038492274
PKD1,0.38727000456293226,1.078021784439551,0.2872134555244096,0.6711955038492274
TRMU,-0.43983516822775703,-1.0783378262537684,0.2872919869100833,0.6711955038492274
SNRPB,0.16800611428098122,1.0771251937695303,0.28729782981365065,0.6711955038492274
SLC39A4,0.42474606145811133,1.0791994510882177,0.2875112656582585,0.6714484498844328
UHMK1,-0.30120169616385173,-1.0791059636936498,0.2875908324450369,0.6714484498844328
GPC1,0.48663725313601436,1.0765330753205942,0.28765225110150566,0.6714484498844328
NUBP2,-0.2819512973919629,-1.0833182684914366,0.28765799570994366,0.6714484498844328
COX16,0.18604788120689975,1.0772057348957829,0.2877119006572758,0.6714484498844328
CHCHD10,0.3576909665071497,1.0767193509936406,0.2878641999520906,0.6714484498844328
RBM17,0.16361399343545546,1.0758193734738755,0.28788689630652387,0.6714484498844328
CNN3,0.15856994979746197,1.0756530775909117,0.2879512910421665,0.6714484498844328
OTUD7B,0.5133714386186434,1.077814696329547,0.28795915934861493,0.6714484498844328
DHX32,0.3709937445411331,1.0780651646054216,0.28797488367343355,0.6714484498844328
NONO,0.1498959830918638,1.075878643184187,0.28806577273431166,0.671527734425069
ANXA6,-0.1764169750234741,-1.0772450832077367,0.28832837270247513,0.6720071944230442
BDP1,0.3464273716320818,1.0792265526545046,0.2884828060057438,0.6722185511813819
ZNF718,-0.4787050192998614,-1.0739036700145046,0.2887348900012304,0.6722185511813819
HSD17B1-AS1,0.4676329054056083,1.0749216308614902,0.2887766453008555,0.6722185511813819
MFSD2A,-0.5107172391203567,-1.0740291722250253,0.2888512930367174,0.6722185511813819
SAFB,-0.28790687487916333,-1.0785976461302458,0.2888638551647402,0.6722185511813819
SPRED1,0.3561067378772247,1.0767144202489736,0.28888369829245036,0.6722185511813819
BCS1L,-0.41657667857567127,-1.0736019822407485,0.2889161722190222,0.6722185511813819
OPN3,-0.4850288468209365,-1.0734643892113593,0.28892246486046796,0.6722185511813819
MAP4K3,0.509543303823893,1.0750482949590832,0.2889603697396905,0.6722185511813819
ETFRF1,-0.27484444840163036,-1.0769511298135896,0.2889884919310049,0.6722185511813819
MIF4GD,0.42463408513029055,1.075177852285295,0.28910115910971257,0.672348144856217
CDK2AP2,-0.44733260811819964,-1.0833036913338063,0.28919554364760813,0.6723634470444511
VPS13A,-0.37531096667306585,-1.0737249429772702,0.28922165049485155,0.6723634470444511
ARHGAP32,0.5291007818163371,1.0743613568006312,0.2893350390768673,0.6724946123848038
ASH2L,-0.4702606961137472,-1.0728912574382965,0.28952302678660424,0.6727990809480046
MRPL12,0.5673086918809225,1.0723784784673753,0.289649765144543,0.6727994523386538
DENND2C,-0.4924331419270831,-1.0723099952084993,0.2896807691778715,0.6727994523386538
AFDN,0.5588703971115763,1.0751230319274525,0.2896941648655127,0.6727994523386538
MRNIP-DT,-0.45215158568861513,-1.0721021836391318,0.28982871477361305,0.6728353425036548
RFT1,-0.44931197394747135,-1.0724079431852815,0.2898432965360976,0.6728353425036548
MTMR2,-0.36781941726211276,-1.0722143018258,0.28997634600690725,0.6728353425036548
ARF1,-0.13453983728108732,-1.071078123206072,0.2899853065306281,0.6728353425036548
TBCB,0.12790015885000638,1.070947468556885,0.29003256471812483,0.6728353425036548
MLEC,0.21608488801825843,1.0731071103354397,0.29005159322330365,0.6728353425036548
XPC,-0.29509478684938006,-1.074383057755706,0.2904142281423852,0.673381548605087
DR1,0.32954617315778023,1.0755300991859487,0.29042027479985993,0.673381548605087
KIF20B,0.4709299893200791,1.070503796154834,0.2905145231233286,0.673381548605087
NSMCE1,0.1541597554505838,1.0727816141652577,0.29051522465444374,0.673381548605087
DDX50,0.18146449712489154,1.069454614082038,0.29086385692426203,0.6738043512527753
HSCB,0.21955022556681847,1.0709469441749517,0.2909092072531506,0.6738043512527753
NR3C1,0.18519562418881197,1.068911391010569,0.291048500222039,0.6738043512527753
TGFBR1,-0.45308359482016947,-1.0687248832054028,0.29108523772914807,0.6738043512527753
ANKRD37,0.43592514759739487,1.0695977000913781,0.2911430997528555,0.6738043512527753
RNF146,-0.31988623192271337,-1.0697301472527454,0.2911622502638561,0.6738043512527753
NAPB,-0.49369507068328744,-1.0692969057547717,0.29117389185227555,0.6738043512527753
USP38-DT,0.4603354893407423,1.06959231424964,0.2912350403559162,0.6738043512527753
CDR2L,0.44288559759800616,1.069917865845309,0.29125431910414445,0.6738043512527753
AUP1,-0.1443703431770853,-1.0696494736418112,0.29126841206632037,0.6738043512527753
PPP1R21,-0.4907690374459319,-1.0679120445055326,0.29139912313332544,0.6739746568551934
TAP2,0.47338629741864846,1.0692468831928348,0.29162052385406945,0.6742785641392414
SWI5,0.17411395509424565,1.0685820308021163,0.2916447563316363,0.6742785641392414
GIGYF2,-0.4127450187003463,-1.0704975308724478,0.2917196206647873,0.6743195852648941
RALB,-0.34728432313060065,-1.0716723029472093,0.2918293869228382,0.6744412514925813
PDCD7,0.49795166471231145,1.0695903835320069,0.29230864063488843,0.6754166182608843
BRMS1,-0.37921856033370016,-1.0666753605580637,0.2924469009605031,0.6756038485007316
MRPL10,-0.3225429959468604,-1.0734673383596256,0.2926460756036036,0.675665862236192
HDAC10,0.5030116524485897,1.0672368545534834,0.2926784025132649,0.675665862236192
MIER2,-0.39847514344967383,-1.0650206708050893,0.29268756604421653,0.675665862236192
CFDP1,-0.162049204137376,-1.069367024269245,0.2927026869526375,0.675665862236192
ZNF483,0.5125710071855973,1.065097865910773,0.29293910529042305,0.6759365288975231
FBH1,0.2803825035280356,1.0721439365491154,0.2929428641623262,0.6759365288975231
CTIF,0.39074285287386035,1.0655537278920721,0.292991716930845,0.6759365288975231
SFT2D3,-0.5127957380904893,-1.0646714297268536,0.2930826088872527,0.6760141066654979
PFKP,0.45366146108911654,1.072440416372787,0.29322660745924967,0.6762141240586916
CBFB,0.4312703744915458,1.0647805829082089,0.29345051005462675,0.6765982951552478
KLHL20,0.42240463687767527,1.0654729251903627,0.29353714657760754,0.676665888566424
ARSB,0.48647209268998903,1.0635977994171824,0.2936456491623699,0.6767747351871053
SLC2A9,0.500271484269373,1.0632753290164376,0.2938058747315195,0.6767747351871053
ZKSCAN5,0.5088538477294389,1.063815869404518,0.2938109786938897,0.6767747351871053
FMOD,0.1880030535077699,1.0637095725378933,0.29381368215450354,0.6767747351871053
LASP1NB,0.48238568635499735,1.0629102977057745,0.29388486791779156,0.6768066456827018
ENOX1,0.5181903664563787,1.0625699567574467,0.2939603682545537,0.6768145620205328
MGRN1,0.38407247854539506,1.0723384651088423,0.2940420532306736,0.6768145620205328
RRS1,0.5189418520535631,1.0624780554307085,0.29406030399011546,0.6768145620205328
NAGK,0.3379288381490939,1.0727812101115919,0.2941339674098528,0.6768521413788133
EEF1D,0.10629409724341876,1.0625436061765825,0.29425360771989084,0.6768886799103903
ATP1A1,0.2017868034963337,1.0622782498432644,0.2943080455737228,0.6768886799103903
STX5,0.2908864818403236,1.0633064711947835,0.29442432957559933,0.6768886799103903
ZNF300,-0.445993388475594,-1.0637063887264648,0.294443892525392,0.6768886799103903
MYH11,0.9662329812515154,1.0618520684355512,0.29449183296440223,0.6768886799103903
LATS1,0.38327645100056884,1.061454864952627,0.29455012172812145,0.6768886799103903
MT-CO1,0.13069291415302686,1.0608418783151436,0.2945512197119589,0.6768886799103903
RPL39L,-0.3302368904168862,-1.060589133555822,0.29467680850950834,0.6769240954443958
NFE2L1,-0.2181858902316156,-1.0635975853681279,0.29473411134454025,0.6769240954443958
ENSG00000260267,0.3988030095337953,1.0605021654220719,0.29473865739806815,0.6769240954443958
TXLNG,-0.40793062959283644,-1.0601403802328166,0.2949063402168568,0.677086649556367
DPH5,-0.5112525017856555,-1.0600291986844814,0.2949901897666493,0.677086649556367
YEATS4,0.44997178303964214,1.0649518927202903,0.29500847167400607,0.677086649556367
TTLL4,0.43664178155979827,1.0599188112583124,0.29508423996167826,0.677086649556367
CDK4,0.20438482537102143,1.0633853386815801,0.2950962144826352,0.677086649556367
RAP2C,-0.44678821462031193,-1.059313752326295,0.2953145738213661,0.6774559937740433
AMPH,0.5201971962190544,1.0591220318356092,0.2954587893167865,0.6776551404477684
ZNF717,0.4938504219836042,1.0604027056343388,0.29555905570813873,0.6777534290276958
RAB4B,-0.48325726780436007,-1.0592626934906917,0.2957658718974561,0.6779550970564753
IL17RD,0.49293262506511404,1.0593743610650799,0.29577568702839363,0.6779550970564753
BNIP1,-0.4746815242183109,-1.0582216467378642,0.2958192888553921,0.6779550970564753
MIB2,0.4852378326457907,1.0606972207589724,0.29599127669578507,0.6782175895562388
NAA35,0.40281832700790954,1.0573793036663945,0.2961716653090623,0.6782193533193069
TMEM219,0.14316131064530335,1.0571460894319038,0.29622187209961676,0.6782193533193069
KTN1-AS1,0.45912578900335177,1.0577863890826729,0.29623754798342644,0.6782193533193069
SYTL3,0.42002693996703533,1.0576248423322556,0.296274881299489,0.6782193533193069
MPHOSPH6,0.3081252282496525,1.0634077632725487,0.29635122129452185,0.6782193533193069
NRBF2,0.2723267991344791,1.0607331070826567,0.2963652142465089,0.6782193533193069
C1RL,-0.27292105288616586,-1.0573930496365038,0.29643635834712484,0.6782193533193069
IPO13,0.4908573841823394,1.0579679223696006,0.2964516614254658,0.6782193533193069
BBLN,0.1573343729819312,1.0561415007252488,0.2967397925911444,0.6787469970041581
FABP5,0.44940031542922476,1.0610025308650781,0.2970116895052085,0.6791000429098611
CPOX,-0.5146972465151607,-1.0560505408935692,0.2970753210090436,0.6791000429098611
ZNF605,0.3344559044409743,1.058636389845839,0.297125184522346,0.6791000429098611
HMOX1,-0.6347799445283955,-1.0555141731881574,0.2971704002421762,0.6791000429098611
DZIP3,0.4766225417542427,1.0551423673324423,0.2971817722721171,0.6791000429098611
WDR31,-0.4321753755291802,-1.0545038443674077,0.29744586414954094,0.6793936504805099
FGF13,0.5120706726074267,1.0547229117951706,0.2974612681565378,0.6793936504805099
SPAG7,0.333325846495228,1.0651124447533389,0.29748291226884843,0.6793936504805099
ATP2B4,0.3815893101426715,1.0608800822760636,0.29757009039779625,0.6794612992545425
NIT1,0.40383939955769943,1.0657501918608248,0.2978803836465516,0.6798881430028759
ZNF484,-0.4953180088032245,-1.0535873814468515,0.2978848432188778,0.6798881430028759
PRMT1,0.11283900667808755,1.0562401309418084,0.29792980633239113,0.6798881430028759
CRTAP,-0.18922364176929918,-1.0550336793963744,0.29800556732670985,0.6799295945674159
TPGS2,-0.19985209511064017,-1.055347544653383,0.29815522621978313,0.6800058834298838
TIMM17A,0.17756807891316573,1.0528484412486618,0.29816751042952133,0.6800058834298838
ZFTRAF1,-0.22314252674481327,-1.0533933596159477,0.2982436656063626,0.6800058834298838
TMEM39B,0.28882733127460813,1.05589496327347,0.29826941672172286,0.6800058834298838
RHBDD3,0.41281011839582593,1.0519110408915056,0.29877012939235936,0.6810159060584673
NPB,0.47745751100623424,1.051753060687845,0.29890319092937145,0.681079445860944
ASPH,-0.19528389483802666,-1.0555355885797773,0.29891339339310047,0.681079445860944
ITGA7,0.6953023773425144,1.053839331051504,0.2991560330792148,0.6811148658058984
SUPT5H,0.3048129519824636,1.058596211280203,0.29917129317333846,0.6811148658058984
ARID4A,0.4013034456634097,1.0582857598694821,0.29918190080135254,0.6811148658058984
LINC00968,0.595277811230607,1.0507117079534578,0.299254161743565,0.6811148658058984
KAT6A,0.34399135198170727,1.0505348103707506,0.29926802894095583,0.6811148658058984
TBC1D25,-0.47379316905572955,-1.050485929818672,0.2992751214684621,0.6811148658058984
CBX8,0.41599753121273597,1.0497882399928917,0.29961561386352215,0.6816123446303481
EXOSC4,0.23157079549056903,1.0497155173918056,0.29963232587987765,0.6816123446303481
ANKRD46,-0.5036959661357501,-1.050754786419673,0.2996669266100387,0.6816123446303481
COLGALT1,-0.27549670953435346,-1.0510527500460964,0.2997367716908285,0.6816398747467214
ATP5MC2,-0.12112473481694508,-1.048598148138291,0.3001072389056204,0.68204621995291
HOPX,0.5562703757387828,1.0497350455594294,0.30013527767924236,0.68204621995291
TRAPPC11,-0.4237266958041288,-1.0484304622619631,0.3001679681565931,0.68204621995291
SANBR,0.45197665136880705,1.0483251647449041,0.3003267654133486,0.68204621995291
LRRC8D,0.4514867626774872,1.048301540506666,0.3003282378235681,0.68204621995291
FBXL3,-0.32621069284154913,-1.0483039890164931,0.3003933843263308,0.68204621995291
BICRA,0.44564839692025426,1.0484642490195866,0.3004331679353665,0.68204621995291
EXD2,0.4146075805841871,1.0502821368003346,0.3004387713107931,0.68204621995291
DNAJA4,0.5057450636319185,1.0482350527810205,0.3005188072594043,0.68204621995291
CREBRF,-0.23699534807155764,-1.0510360440490911,0.30052037219828437,0.68204621995291
MASTL,0.425498749687758,1.0479678215152186,0.3005961821756298,0.68204621995291
LSM10,0.16251537538909488,1.0477685185116314,0.3006087659817866,0.68204621995291
UBE2Q2P16,0.3696682888505557,1.0475065546119624,0.30073266164144646,0.6821962088157717
SLC9A9,-0.45329880324250116,-1.0465568356205266,0.30108247704462027,0.6827785260724725
USB1,-0.3135493097422377,-1.0479154307659313,0.3011050408075639,0.6827785260724725
SYF2,0.36881368556195593,1.0576698012618821,0.3013241834279246,0.6829926165330499
DGUOK,0.10774025034467893,1.046503297550465,0.30134669995896923,0.6829926165330499
CKAP4,-0.37330902343758776,-1.0474764000015118,0.3013730232546088,0.6829926165330499
ZNF251,-0.4806442268592024,-1.046378468494342,0.30151558983774535,0.6831845562446418
ADAMTS1,0.41037906891344367,1.0462682853722902,0.30171550006052994,0.6835063285769634
GGCT,0.3452065514942948,1.0528337790834872,0.30179171965273793,0.6835478224291196
RRAGD,-0.5195085540225965,-1.046492564346696,0.301952540251677,0.6836556493759807
ARHGEF9,0.37989790362877596,1.0472207017203004,0.30197389668180613,0.6836556493759807
CASD1,-0.510303737913659,-1.0443827540425936,0.30201306323555605,0.6836556493759807
FOXS1,-0.6317758169218615,-1.0443804617060035,0.30210030055085335,0.6837167142041233
PSIP1,0.17948102441667135,1.0465031402482405,0.30222075566688544,0.6837167142041233
AGAP2-AS1,-0.5027644377030613,-1.0447045895770304,0.3022212644052181,0.6837167142041233
KDM5C,0.3842515977599472,1.0469488224369574,0.30232303620088047,0.6837167142041233
ADIRF,0.36376187728505194,1.044958588502686,0.30232962711948524,0.6837167142041233
RPS11,0.1311875262695299,1.0453952164592584,0.30243967413364514,0.6838345821006859
BRAF,0.35959294751087345,1.0428510461979792,0.3027659535113431,0.6844412258141336
AHCYL2,0.48365394686694585,1.0429684389506912,0.30284260438781185,0.6844509489058824
TOR1AIP2,0.3767668778070057,1.0432390697265839,0.30290282320819234,0.6844509489058824
NRP1,0.20747722057584195,1.042495858412655,0.302944193818995,0.6844509489058824
RBM12B,-0.410747743438562,-1.0421942190250575,0.3030270585983113,0.684507161644291
ANXA1,-0.23321325027282924,-1.0423267305036372,0.3031906352385067,0.6847074435620383
ZSCAN32,0.44804942097377176,1.0420901036799248,0.30323172511159135,0.6847074435620383
SLC48A1,-0.4259632929900201,-1.0431148742585916,0.3033902782081169,0.6848280452571439
MAN1C1,0.5300403877801414,1.0423738993667246,0.3034922692083493,0.6848280452571439
SETD4,0.42087579734671277,1.0441650709543757,0.3035156845500257,0.6848280452571439
CDC42EP1,0.30547096421350073,1.0462315445187058,0.30364640302166235,0.6848280452571439
PANK4,0.4872139639777546,1.0432209691753,0.3036954908457325,0.6848280452571439
GOLGA8A,0.4728333582761668,1.0413357096110405,0.3037242300141932,0.6848280452571439
DEDD,-0.5014589990517928,-1.0409809063778548,0.3037396322453244,0.6848280452571439
IGF2BP2,-0.4830581387761641,-1.0437068692725133,0.3037492287137997,0.6848280452571439
NHLRC3,0.38524664840365475,1.0415380554322031,0.3038641491949449,0.6848381520139649
NOLC1,0.33765928645763044,1.0424358865881032,0.3039026923545193,0.6848381520139649
GIT1,-0.4869255851887586,-1.0416256735107368,0.3039277491233513,0.6848381520139649
ADPRHL1,0.40529550648179347,1.0398476267094736,0.30415512648255416,0.6852197076577389
COMMD10,-0.40512532441079596,-1.0387238853971392,0.30462176688639075,0.686140041613021
PCDHB15,0.49750313907903587,1.038503564656345,0.30470930835552307,0.686206292471757
SAT2,-0.14884981992940194,-1.0380441719237918,0.3049292985450928,0.6865037200904387
GATAD2B,0.34695126047587,1.038035052281151,0.30500221485274875,0.6865037200904387
NES,0.6000546914152696,1.0416953209003532,0.30501584175132157,0.6865037200904387
PPP1R10,0.24037741463616236,1.0375991539902671,0.30520273206532533,0.6867565699518523
CYLD,-0.38450754040859003,-1.0416795170150526,0.30524453388711303,0.6867565699518523
CSDC2,0.4687432701420575,1.038327664363753,0.3053585317387031,0.686788804122048
GDF10,0.48299257553229946,1.0403034718756832,0.3053752166740051,0.686788804122048
TMEM192,-0.5114932402768639,-1.0368789157509914,0.30550870224421406,0.6869581390462757
ERGIC1,-0.33539672849880287,-1.0368592377473385,0.3056355443652041,0.6871124740489878
DCK,-0.4994472176303084,-1.0366463549031073,0.3057597159833037,0.6871834137463491
GOLGA8B,0.4402300630302731,1.0361808553395964,0.3057835215933563,0.6871834137463491
AAK1,0.34006494403780607,1.0371931988782903,0.30588701533226115,0.6872025085068891
LPXN,-0.3970067292000996,-1.0358018566487313,0.305954215708802,0.6872025085068891
TOMM40,-0.36202997390812897,-1.0389199132626397,0.30598198128467474,0.6872025085068891
ARV1,-0.4424963474154251,-1.0362782975712552,0.30602486973491877,0.6872025085068891
KDM3B,-0.40169991409331063,-1.035480397292982,0.30611054169413227,0.6872606752165509
ZNRF1,0.5050373065172908,1.0368237296924283,0.3061672080443745,0.6872606752165509
EPHX2,0.41233832919811064,1.038533749140255,0.30625573634928854,0.6873287010652759
KCNE3,0.43112084362158964,1.0354646194352224,0.30650811267743067,0.6874530780278669
LIG1,0.42460183200036483,1.0348956969486118,0.30652481670330173,0.6874530780278669
MIX23,-0.47933757534772115,-1.0356303453353768,0.3065497139052642,0.6874530780278669
TXNDC5,-0.6683518474457859,-1.0353190510705537,0.30655985166103145,0.6874530780278669
IL20RA,0.4067366049086347,1.0347158545939594,0.3066159544354475,0.6874530780278669
KDR,-0.46474494662862886,-1.0353919500338036,0.3066605598386063,0.6874530780278669
DCAF16,0.4464397277821166,1.036514886772607,0.30687914316235354,0.6876977025384035
SP110,-0.3356482349344585,-1.0377731808755835,0.30693327569508566,0.6876977025384035
PARL,-0.4630585543699226,-1.033715760579788,0.30694444681701377,0.6876977025384035
TEX2,0.4451137623985102,1.0330583650550653,0.3072647802787718,0.6881507128127234
KRAS,0.20690540544501967,1.0386491501649537,0.307316075887923,0.6881507128127234
TCP1,0.17459055106002985,1.032371238898686,0.30763241335788416,0.6881507128127234
PPIL6,0.3988657395565489,1.0337747301131226,0.3076447135586511,0.6881507128127234
ZNF747,-0.4129350763110038,-1.032590897338829,0.30766327111104913,0.6881507128127234
EIF3I,-0.111536421658748,-1.0325203838125396,0.30768135667572466,0.6881507128127234
EIF2A,-0.1451116784446871,-1.0327811942084477,0.3076860656254886,0.6881507128127234
MED13,0.4355401782100632,1.0333190785190751,0.30771195660198436,0.6881507128127234
BRD3OS,0.46228681352249934,1.0341837915845298,0.30774137049628064,0.6881507128127234
LRBA,0.4689243292252807,1.032976848535427,0.3077612107727979,0.6881507128127234
SNAPC5,0.21624299384443013,1.032828128928988,0.3077878664676984,0.6881507128127234
ZNF543,0.423170503187553,1.0313979703326055,0.308102258692431,0.6887231895217096
GRWD1,0.2957734543447508,1.0371958684649278,0.3082310586074857,0.6887423642066535
TRAK2,0.47821095813870507,1.0345025682743718,0.30825182319728534,0.6887423642066535
CFAP44,0.43574496395504925,1.031997191586394,0.30828586636746774,0.6887423642066535
C6orf89,0.4499753337817287,1.0390180533825193,0.30852476786977523,0.689058686592012
ZSCAN25,0.45235259131639305,1.0344090515785958,0.3085515425038062,0.689058686592012
MIEN1,-0.13816477788253145,-1.0322572925666962,0.3086025646769985,0.689058686592012
AEN,0.4628464382464279,1.0299034263825098,0.30876593836669414,0.6891925543750272
OTUD6B,-0.5030934507645743,-1.0302696981377037,0.3087792816678966,0.6891925543750272
WASHC5,-0.37562358821990216,-1.0292133638724263,0.3090199376683923,0.6895993126985579
TRABD-AS1,0.40592773897129364,1.0290756415896258,0.3091143197305563,0.6896795585747906
MTFMT,-0.45355956759102733,-1.0284962193016132,0.30934916717926114,0.6899228066890798
UHRF2,0.45366109928985887,1.0294295611744932,0.3093566707815021,0.6899228066890798
PATL1,-0.4071578760566821,-1.0284085411848025,0.3093986733258779,0.6899228066890798
HNRNPUL1,0.16551937093241964,1.0287212796671867,0.30955296415191236,0.6900558880192932
TEAD4,0.5634814881336574,1.0286621584462814,0.3096653788761036,0.6900558880192932
EP300,0.19760730236368218,1.0277607205507169,0.309707004705224,0.6900558880192932
BUB3,-0.18579849165730522,-1.0280373765096749,0.30975874256833924,0.6900558880192932
TNKS2,0.3792990666053795,1.0278419816770459,0.3097721784011669,0.6900558880192932
MEF2D,0.24437364056130662,1.0279664198974412,0.30985569765060356,0.6900558880192932
GSS,0.29673342540332914,1.027792383311069,0.3099008072117689,0.6900558880192932
GRK4,0.4013800795319411,1.0284493799838617,0.3099386251098051,0.6900558880192932
MIS18BP1,0.3830376726557514,1.0371639902961343,0.3099932642967332,0.6900558880192932
MRPS26,-0.1762182395152303,-1.0272751908137996,0.310042899623408,0.6900558880192932
ACD,0.40451854522972264,1.0287806433568871,0.3101911030250219,0.6901930684622757
SPACA9,-0.3853557464546533,-1.0264474587840187,0.31034864103691356,0.6901930684622757
ZKSCAN8,0.4582901363523382,1.0281809510392983,0.31035549912461735,0.6901930684622757
KPTN,0.4611463089925625,1.026957209989767,0.31038383556919935,0.6901930684622757
ZNF606,0.46688065518592836,1.0284268398250502,0.31041179438035316,0.6901930684622757
SMIM3,0.4116623110561797,1.0259199145467268,0.3105366556500588,0.6901930684622757
ANAPC1,0.46638753500481656,1.026860430087735,0.3106006017357678,0.6901930684622757
MARK2,-0.44065364577659594,-1.0258455355649516,0.3106064365537585,0.6901930684622757
RNF213,0.17132937510981616,1.0257522251318065,0.3106307304311792,0.6901930684622757
PIAS1,-0.25004455730661324,-1.0256424732345333,0.31095312625951804,0.6907126922939517
SNX16,-0.497935376642455,-1.0251757737612055,0.31103806704730547,0.6907126922939517
ZNF197,-0.42181473521653867,-1.0249243559608032,0.3110401247128037,0.6907126922939517
IPO5,-0.22743449095583568,-1.0264007266554827,0.3112108511345013,0.6909618389397758
ZNF518A,0.5098615302363174,1.0270741791214182,0.31129220257871487,0.6910124955700883
BCL3,0.3537917271998694,1.0249381110056968,0.3114944035653156,0.6913313468863603
CYP4X1,-0.5572388303485285,-1.024331850796176,0.3116656988560888,0.6914837022788924
KIF16B,0.43058758209496606,1.025439970068201,0.31168020159474685,0.6914837022788924
SSBP4,0.3432625930007811,1.0318614202391576,0.3118389265499398,0.691521042003403
TAX1BP1,-0.13901135134428433,-1.023557468863081,0.31199233243075886,0.691521042003403
PPARA,0.46073836953256864,1.0236132624274001,0.3120074702479984,0.691521042003403
ASB1,0.4022803168450113,1.0241744084327458,0.3120545953766192,0.691521042003403
FERMT1,-0.47822599249656594,-1.0228456645970652,0.3120947029204605,0.691521042003403
RBM12,0.33317361133309165,1.022585865243653,0.31228337624338676,0.691521042003403
PICALM,0.2358509620477749,1.0227595193317813,0.312296856514392,0.691521042003403
PHC3,0.39386577278889856,1.0227273148030098,0.3123223537813343,0.691521042003403
SERPINI1,0.5772631845713718,1.0231595866242753,0.31233956384883005,0.691521042003403
TJP2,-0.49077363244795347,-1.0221067545249394,0.3124054044591173,0.691521042003403
NDUFV2,-0.13846924753227619,-1.021604441714397,0.31256333002139963,0.691521042003403
DYNLT1,0.13368316498877952,1.0237934954846097,0.312613879004699,0.691521042003403
GPATCH3,-0.47620381611652673,-1.021730465829968,0.3126855276266793,0.691521042003403
USP51,-0.4474472050158462,-1.0212764023489187,0.3127066616695064,0.691521042003403
RBM19,-0.5113406814353247,-1.021645824020693,0.3127071625808683,0.691521042003403
PMPCA,-0.18589116216495594,-1.0212088196479923,0.3127420925621911,0.691521042003403
AMIGO1,-0.4050612366714428,-1.022442707575208,0.31277888455497893,0.691521042003403
GLIS2,-0.36944034746601373,-1.0225823764821018,0.31279940771355746,0.691521042003403
SMAD2,0.4565995070908535,1.0234207463352754,0.3128100266241569,0.691521042003403
MMRN2,-0.44804331650637375,-1.02113738446274,0.31305592978334285,0.691935077905329
RUSC2,0.4213418664307471,1.0220517416117179,0.3132225602314541,0.6920590384092188
VEZT,0.23723323888691628,1.0233748982328597,0.31322926236513815,0.6920590384092188
CEBPG,-0.40729152993675655,-1.0198920598006127,0.313403391181664,0.6921579398067509
USF3,0.47742278939920046,1.020307688974974,0.3134461591425131,0.6921579398067509
PCMTD2,-0.40158828821064896,-1.0200298968326773,0.3134715810679687,0.6921579398067509
AKNAD1,-0.4820001643616314,-1.0211905327685176,0.3135085560480048,0.6921579398067509
TCN2,0.4847567614508117,1.0213285384773434,0.31371606699102667,0.6924865689657946
SCP2,-0.12676015113822992,-1.0195638768630781,0.31378808286062443,0.6924898938212289
FAM200C,0.45412907489573806,1.018975810148321,0.31383489470085346,0.6924898938212289
DOK6,0.46158298437405665,1.0195765220767852,0.31396181655572636,0.6926404867203045
STAM,-0.35277907963624955,-1.0202157871436428,0.3140613360793497,0.6927305815427361
CHMP4A,-0.4006126487143238,-1.018040126589001,0.3142960294964042,0.6929338026061627
LYNX1,0.4256628541562937,1.0178289846093727,0.3144213284240674,0.6929338026061627
DBI,-0.11760135589152121,-1.0177638030720058,0.3144342209783575,0.6929338026061627
MLLT10,0.2869985205118635,1.0236992585706417,0.3145039901507715,0.6929338026061627
KLF7,-0.41679553277492465,-1.0174506993124988,0.3145054512878805,0.6929338026061627
USP54,0.492815022375398,1.0178038706280548,0.3145224793236082,0.6929338026061627
SLC25A20,-0.42590368737938755,-1.01785314806271,0.31457264483502734,0.6929338026061627
CFAP300,0.4882769087370704,1.019080882761795,0.31462305649885913,0.6929338026061627
FBXL6,-0.5472968287045386,-1.0178472579802644,0.31476926140388123,0.6931264933543775
ZNF514,0.4110399593902052,1.0171871108958874,0.31486232398905073,0.6932021138923431
CHST10,0.42546102531394037,1.018124271359405,0.3149428549259996,0.6932501216485969
NAIF1,-0.42260212471870107,-1.0186587839291195,0.3150930820880678,0.6934514977721179
FOXP1,0.14712979168307871,1.0176502975998873,0.31518515472498576,0.6934821393194558
KCTD15,0.4808998158131035,1.016238185279874,0.315256509686163,0.6934821393194558
COLEC12,0.35634380193423265,1.0212123120714938,0.315283239451717,0.6934821393194558
THNSL2,-0.5672507822620458,-1.0163027562014824,0.3153966408805281,0.6936023371077933
TMEM37,0.56855604514839,1.0160140102564212,0.31548981167024925,0.6936780083381062
RAB3IP,-0.4321357904545218,-1.0153208530263995,0.3155954486177612,0.6937097008910166
EID2,-0.5549032337133064,-1.0154246415779988,0.31562175378955104,0.6937097008910166
TM7SF3,-0.33759178169041526,-1.0206764100458232,0.31581073034471036,0.6938839701823136
ENSG00000273314,-0.4395229000365206,-1.016215642578625,0.31600066789155196,0.6938839701823136
SDHAF2,-0.2853094621854515,-1.0162298500884814,0.31600260481425796,0.6938839701823136
AXIN2,0.4815159381261269,1.0148115443569579,0.31603762582846634,0.6938839701823136
LRCH2,0.5059265050760278,1.0173297891150397,0.31607382823409863,0.6938839701823136
AGPS,0.24910251834842612,1.0182832883840878,0.31612947659955004,0.6938839701823136
GLI3,0.4215958300324756,1.0158314367987265,0.31615525616693746,0.6938839701823136
PSMD3,-0.16499739497283272,-1.014672539155999,0.3162168779253358,0.6938839701823136
EOGT,0.4776699753294631,1.013999170754104,0.31627108776848395,0.6938839701823136
ZFAND5,0.2809418445305045,1.0145693680961714,0.316320502746056,0.6938839701823136
SQSTM1,-0.1547973121429358,-1.0142284183517851,0.3163843597860507,0.6938839701823136
KLHL13,0.3511277188158006,1.0158551236171152,0.3164104341590277,0.6938839701823136
ZNF384,0.42348537926546115,1.01467550630708,0.31646516691754145,0.6938839701823136
AIDA,0.3273564930494084,1.0212207958672976,0.31671062473436357,0.6939972742098753
MCM7,-0.43959845657633156,-1.0127725911023027,0.31674285942109787,0.6939972742098753
PSMG1,0.29073748999635995,1.0185358834942295,0.31677102317071965,0.6939972742098753
LYPLA2,-0.33190981824549937,-1.0133234435014908,0.31688539525722964,0.6939972742098753
C2CD5,-0.4883168779602842,-1.0124233808799494,0.31690847083875384,0.6939972742098753
ARL8B,-0.16958806411543215,-1.0121916840631342,0.3169862826200129,0.6939972742098753
RARRES1,-0.3596543161905732,-1.013228117812958,0.3169865949193181,0.6939972742098753
KRT10-AS1,-0.2604265017747185,-1.013782590563117,0.31706553483794636,0.6939972742098753
SH2B3,0.4400616350589006,1.012906085132897,0.31707061165695244,0.6939972742098753
NUP43,0.43047218645166474,1.012162079575563,0.3171411764077107,0.6939972742098753
HFE,0.42112686661555476,1.0117321430379405,0.3171981546050813,0.6939972742098753
MTPAP,0.42574853409505886,1.011970554871825,0.31722230339995655,0.6939972742098753
ACOT9,-0.2736295730242464,-1.0131346863411972,0.3176586253816552,0.6948230633000628
PANK1,0.4519761773647544,1.0111469569348526,0.31772200280091345,0.6948329461031463
ITPA,0.18309220372503177,1.0101886412460317,0.3179777281563373,0.6952633970893799
CEP152,-0.46996442867794475,-1.0108852154512864,0.3180515568251571,0.695296042281663
MARF1,0.42271148140632553,1.0120252989281475,0.31846181058170325,0.6958422565287744
N4BP2L2,0.14379444023051935,1.0121019021569015,0.3184732975314362,0.6958422565287744
DNAJC9,0.4165595521559071,1.0134800306560758,0.3184782475243514,0.6958422565287744
ZNF707,-0.3730230604264412,-1.0092939007971204,0.31892127453270347,0.6966812816170549
DNAJC15,0.17090766539489888,1.008110263464016,0.31932272362503017,0.6974291863817726
WDR74,-0.3755757918064173,-1.0072377547374898,0.3196092928559842,0.6978461462056345
AKT3,-0.4012916696379403,-1.006607070253072,0.31963186044336006,0.6978461462056345
COG3,-0.2839533932152962,-1.0068736841044506,0.3197221183789887,0.6978895262113135
TADA2B,0.4543251253340894,1.006533912835207,0.3197699658853871,0.6978895262113135
CRLF3,-0.4520249154448668,-1.0063134057395722,0.31983266786388265,0.6978973464201728
ZNF550,-0.4513928458056087,-1.0067380801781234,0.3200350346016665,0.6982098657314125
RAB11FIP5,-0.4500909777824833,-1.005179276409893,0.32030664491062977,0.698609639088954
GNG11,-0.21644394754541096,-1.0054841525957834,0.32033663501808624,0.698609639088954
DBNL,-0.2900631452238054,-1.0074421145094579,0.32051527685643355,0.698791807988774
TIAL1,-0.28279333903005277,-1.0081630704799183,0.32072734272989145,0.698791807988774
PCDHB12,0.4406655545900853,1.0041069764105126,0.32083368262417283,0.698791807988774
MYO5A,0.48721849538410633,1.004045144103877,0.32088763896227535,0.698791807988774
PUS3,-0.45887819992790035,-1.00395026128132,0.32090420355651594,0.698791807988774
BIRC6,0.32367642205464975,1.0096583762695142,0.32095309265836564,0.698791807988774
CARNMT1,0.45057445022690823,1.0043453668096305,0.3209746480536935,0.698791807988774
ERI1,0.4799895123354556,1.005383328527897,0.3210174918280516,0.698791807988774
ARMC10,-0.1748008879011298,-1.00396935558196,0.32106721761120877,0.698791807988774
AFF3,0.42068995477971627,1.0037279127788068,0.32107344658779624,0.698791807988774
TAF3,0.39861815474452955,1.0058624132461813,0.3211290266809182,0.698791807988774
RUSF1,0.425902414159506,1.0037118354654913,0.3211663992950175,0.698791807988774
ZNF236,0.42337569074649695,1.0053898335303377,0.3212277262912473,0.698791807988774
COPS6,0.14393754681656734,1.0077882175976676,0.3213091341681122,0.698791807988774
MX2,0.46681113104280136,1.003531154550735,0.3213998749906053,0.698791807988774
VIM,0.15871145307886003,1.003710754699077,0.3214381598377533,0.698791807988774
TOLLIP-DT,-0.4534535863139566,-1.003425683532109,0.3214804340929938,0.698791807988774
ANAPC15,0.3528189055257638,1.0032724376186921,0.3214856678684483,0.698791807988774
ENSG00000238142,-0.3415980437542183,-1.00750016534552,0.321663620925217,0.6990324629159139
NOTCH4,0.41398763723844345,1.0025640656567512,0.32171481330132656,0.6990324629159139
NTHL1,-0.31481288154643305,-1.002159804597637,0.3218758724672928,0.6990618186168064
CENPN,0.4432093123066425,1.0029857188767977,0.3219001450433226,0.6990618186168064
CAMTA2,0.2882091937210367,1.0044820908652463,0.32194746631731236,0.6990618186168064
EIF3C,0.4590083604509678,1.0019252225567592,0.3219974214165545,0.6990618186168064
CCNL1,0.22993160187193418,1.001607912951517,0.3220244108122146,0.6990618186168064
CTU1,-0.5441050302809876,-1.00349993391308,0.3222016967830042,0.6992215159248812
MRPL51,0.1071066749642906,1.0012527614368658,0.3222164376646636,0.6992215159248812
RPN1,-0.17566381609889792,-1.001067790070439,0.3222762964222496,0.6992228780122508
ZNF585A,-0.3857782814822328,-1.0014206389571252,0.32240126984003786,0.6992713987809103
CXXC1,0.4258115958583306,1.0035692006672325,0.32246271432730084,0.6992713987809103
RNPC3,0.2929007560560599,1.007283264947064,0.3224763655199725,0.6992713987809103
STK4,-0.2608113705011874,-1.0014872195692561,0.3226229537962142,0.6994607841256765
LINC01638,-0.5029057874949865,-1.0003870412566243,0.3228372725515703,0.699725695663655
BOD1,0.30542132727209736,1.0074678989507153,0.32286369032443274,0.699725695663655
EIF3B,-0.45345420190445207,-0.9999129015437254,0.32294062334320256,0.6997639608235143
GNB1L,0.39843731091243284,1.0002926011356528,0.3230501197361949,0.6998727589439862
SLC26A11,0.41760839504403924,0.9993979752120932,0.3232406112490422,0.7001109595110449
MAMDC2,0.44806908677297574,1.0054672106902138,0.32331904602371186,0.7001109595110449
BCOR,0.40689576500651503,0.9990268561084573,0.3233704737681832,0.7001109595110449
HIRIP3,0.32554003811542387,1.0030154752610865,0.3233972945543183,0.7001109595110449
SYNM,0.6378156474883085,0.9988134637787813,0.32353829388588573,0.7002730438802673
FLAD1,0.4701966448784036,0.9995260338674289,0.32361593187280663,0.7002730438802673
MED29,-0.14854880218346445,-0.9983554842196004,0.3236604945597111,0.7002730438802673
ADAM9,0.22710795049817722,0.9979757308827992,0.32374900681105967,0.7002730438802673
TET3,0.4440625322005465,0.9982537162847869,0.3237956447412613,0.7002730438802673
UBALD1,-0.26323639520983466,-0.9980934125029584,0.3238280852640728,0.7002730438802673
NUP85,0.3577953141314292,0.9992573382762059,0.32424175812653366,0.700845299361812
ESF1,0.21917948803095477,0.9972242210952935,0.3242525007311861,0.700845299361812
VKORC1L1,-0.4571326000909419,-0.9969094823095375,0.32427081957765497,0.700845299361812
ZRSR2,0.4529612184067435,0.997648279202415,0.3243488073991725,0.7008503925019284
RARG,0.4553150422132122,0.9970937730496495,0.3244593735047177,0.7008503925019284
ENSG00000187186,-0.48230579409617214,-0.9963394556755045,0.3245438691615017,0.7008503925019284
MTFR1,0.41142344304715683,1.0008757457346773,0.3245494228122363,0.7008503925019284
LRRC34,0.4196103111103031,0.9967801269767694,0.324570020822367,0.7008503925019284
RABGGTA,-0.4408976123212174,-0.9963831308620139,0.3246360352392737,0.7008647395756449
N4BP2,0.4856845736791806,0.9972830244039476,0.3248810881473118,0.7011691209060643
APTX,-0.3373379229834468,-0.9964919631773701,0.3248958146002687,0.7011691209060643
MAGOHB,0.3655226470524333,1.0058724987556837,0.3250859888901096,0.7011734614433657
ST3GAL2,0.48509994776219756,0.995542212585187,0.3251458819532473,0.7011734614433657
SHLD2,0.4781535822090066,0.9976812054291609,0.32515234760988604,0.7011734614433657
CAPRIN1,0.3399373952360012,1.0050028807943767,0.32518675954807347,0.7011734614433657
TIGD5,-0.4304391010916109,-0.99621146941947,0.3252483719838984,0.7011734614433657
ZNF486,0.4531089790358127,0.9960627638481501,0.32525420371570274,0.7011734614433657
SERHL2,0.3943087931035294,0.9933566394238253,0.3260120792116472,0.7026789474335394
SNRNP200,0.2950357281143301,1.000016831355348,0.32607782972113786,0.7026923658010281
HACD2,0.3683617462242612,1.0020298943238453,0.32618092808872673,0.7027477884217997
RND2,-0.42755156712972475,-0.9941099303474719,0.32630099415024144,0.7027477884217997
PREX1,0.42999901583114664,0.9931816915363595,0.32637567614013774,0.7027477884217997
UMAD1,0.4211775136121969,0.996225016296898,0.3264129729072104,0.7027477884217997
PRPF39,-0.41733497362999783,-0.9925215073768675,0.326443538550397,0.7027477884217997
AP2B1,0.1863321264877813,0.9954645036883333,0.32650529095735875,0.7027477884217997
ADAM10,-0.28594681163681646,-0.9944289377637194,0.326520255780904,0.7027477884217997
PRSS23,-0.44698041439860514,-0.9934558380609476,0.3265972903607084,0.7027854561990818
NOA1,-0.33606533974741737,-0.993316922517451,0.3266999228512697,0.7028781828429449
EXOSC9,-0.38759144592831696,-0.9918812868743706,0.326761654488816,0.7028828956341969
ZNF561,0.40610497930976264,0.9926884557649457,0.32682697817054096,0.7028953319918448
CHST11,0.4357821800248791,0.9909679010517948,0.3272642937995043,0.7031650222475658
PAG1,0.5208314266921863,0.9908312287538457,0.3272748984312536,0.7031650222475658
TMEM143,-0.4435814397442297,-0.9916399538134022,0.3273090706661556,0.7031650222475658
LPCAT3,-0.39344273095969395,-0.9905873034469349,0.3273106882730003,0.7031650222475658
IRF1,0.3491354937797482,0.9910337090829542,0.3273382169658675,0.7031650222475658
DRAM1,-0.23851985764115735,-0.9931595548528179,0.32740801483941734,0.7031650222475658
MLH1,0.44402929335879193,0.9910900763469185,0.32744112809051706,0.7031650222475658
POC1B,0.46169590450025355,0.9906000283292523,0.3274537141690265,0.7031650222475658
KBTBD2,-0.36944103342539414,-0.9910198240218756,0.3274884618650671,0.7031650222475658
TMEM199,-0.40408667749314464,-0.9914087533238227,0.32765336834679715,0.7033400282167166
ZMPSTE24-DT,-0.4417695156453094,-0.9900899385683418,0.3277176783869668,0.7033400282167166
NUMB,0.2937577676606278,0.9982260995420313,0.3277487077696026,0.7033400282167166
RETSAT,-0.4035852267762423,-0.9899459159862268,0.3278272701471464,0.7033807568315273
B4GALT7,-0.322652635387656,-0.9912690968380006,0.32800187106024037,0.7035391195687629
NRBP1,0.16576123199248016,0.9892062723025774,0.3280202722665372,0.7035391195687629
ERLIN1,0.47766793205364877,0.9917741819434784,0.3281610965632418,0.7036919079540234
ZFP90,0.4041893031044954,0.9923838943869931,0.32825743572978444,0.7036919079540234
ZNF791,-0.2765083670055928,-0.9927527809039044,0.32827033774695524,0.7036919079540234
SETD3,-0.2926975455868268,-0.9888194569652284,0.32834014800077743,0.7037137703611434
KANK3,-0.5718312100869687,-0.9898294091415412,0.32847616611671293,0.7037562836626297
HDHD5-AS1,-0.40453745571028255,-0.9895591566937972,0.32847921414494613,0.7037562836626297
MMAA,-0.39212536661398456,-0.9889046261425485,0.3285555747336395,0.7037921538251886
SRPX,-0.405688042590997,-0.9886922777854343,0.3287820179282584,0.7040394461989339
XPNPEP1,-0.28883092688700707,-0.9888054493036043,0.3289028884693398,0.7040394461989339
HSPBAP1,-0.4086076509594663,-0.9872837399600997,0.328911379939138,0.7040394461989339
CEP70,0.4367847517631751,0.9887332615910402,0.3289543804623071,0.7040394461989339
LOXL4,-0.45422434860798844,-0.9894042093772094,0.32899388916146666,0.7040394461989339
NEDD9,0.4814966992387433,0.9888264966681495,0.3290778484374006,0.7040394461989339
ANAPC2,-0.3585946372906874,-0.9871831527176094,0.32908849336092477,0.7040394461989339
CDR2,0.4076187803222928,0.9889558540228798,0.32927308880245326,0.7043067246444937
LBX2-AS1,-0.46851974959208476,-0.9874926332557212,0.3294839282621396,0.7046300313649563
ZNF470,0.39317901880253014,0.9864764615068458,0.32956543462365395,0.7046766809875448
ZNF562,0.5242760399321376,0.9857097294846847,0.329806580891201,0.7050645938827649
LLGL1,0.4805422510848656,0.985586200144091,0.32989377050355834,0.705098676091205
TEN1,0.42877500886244224,0.9888599327785478,0.32994198108664263,0.705098676091205
MAML2,-0.2142681589813904,-0.9845520592064925,0.3302276691664663,0.7054614044667449
Y_RNA,-0.4336980661933618,-0.9857026323587096,0.33023123431454743,0.7054614044667449
MAN1B1-DT,-0.42136784840382524,-0.9858115038797407,0.3303350013955197,0.70552041271814
USP30,-0.4815927676142322,-0.9856064599305583,0.33037838555746535,0.70552041271814
ENSG00000254638,0.4452508410013438,0.9850431113563342,0.33083353555384476,0.7062382059707851
BTBD10,-0.4341400255512826,-0.9835883884690303,0.3308341617127015,0.7062382059707851
CAMKMT,0.4204966807768451,0.9854383702631191,0.33092819573336196,0.7062604591113013
PKDCC,-0.49167144647606387,-0.9834689098759817,0.33096424055940016,0.7062604591113013
ESCO1,-0.33083128015565677,-0.9852573257989213,0.3311979936969903,0.7066156170085511
SCARB1,0.44459052462884774,0.9835985617339997,0.3312937821796401,0.7066156170085511
GUCY1B1,0.3158192209224566,0.9888776333468362,0.33131024482357735,0.7066156170085511
SNAP47,0.3832469415669504,0.9843351950590732,0.33152736692482865,0.7069509693908241
LINC00663,0.35231443277790053,0.98170101980537,0.33178194053547866,0.707307148492904
FAM89B,-0.4775497454810904,-0.981326678238656,0.3318196792403395,0.707307148492904
DMXL2,0.4410159836826075,0.9820259275034448,0.33188439911236334,0.707307148492904
SPICE1,0.40100259352696277,0.9817546868703932,0.3319340620627436,0.707307148492904
C4orf36,0.37129082589673457,0.9809579461963991,0.3320418606535027,0.7074091617062984
PIGC,-0.4407740752539526,-0.9806427835189985,0.33214169516468245,0.7074941738396023
LYRM1,-0.1729094157328026,-0.9802882419935074,0.3323081040338497,0.7076416820467261
RBM26-AS1,-0.3523475891951544,-0.9809607828796282,0.33240620210739974,0.7076416820467261
TRIM11,-0.40679653806309535,-0.9807111883038915,0.3324337756990837,0.7076416820467261
HOXB5,-0.21076289411836147,-0.9806865478426862,0.33246780472588644,0.7076416820467261
CRBN,-0.23544543881711277,-0.9814678137819841,0.33251066584609823,0.7076416820467261
SERGEF,-0.19700716406611285,-0.9795845735298706,0.3327648035272583,0.7080548856595682
SLC12A7,0.3749186443879129,0.9790605426576166,0.33301254668682595,0.7084543365719914
ZNF787,-0.5620344842650244,-0.9794741740037267,0.3336688822490337,0.7097227306215933
CHMP3,0.33564489566070854,0.9822334606341313,0.3337593436828947,0.709739609829427
ZNF627,0.39171873842993277,0.9793212579184513,0.3337970617342633,0.709739609829427
CTU2,0.39680138772721385,0.9784049915076085,0.33407787791886534,0.7099627286683853
NSDHL,0.3885494335184658,0.9788829672169674,0.33410415266162824,0.7099627286683853
MPPE1,0.27574377616091894,0.9813640138032284,0.33412254284176285,0.7099627286683853
KLHDC3,0.31820075430502204,0.9830019185445913,0.33417375477231065,0.7099627286683853
MRPL30,-0.42793063691472355,-0.9767464128664928,0.3342027008225512,0.7099627286683853
RASGRP2,-0.5633872969959173,-0.9776038515774135,0.33430183650518225,0.7100455523468291
ENSG00000267002,0.37814008747071215,0.9762080646774286,0.3347737903258948,0.7109200566283843
NOP56,0.3004182176084198,0.9799350776945037,0.334992917858592,0.7111727448140881
TM9SF4,-0.2060120797725684,-0.9756432554044739,0.33507962197634156,0.7111727448140881
ADAM15,-0.3347807789829016,-0.9792284837306099,0.3351592411089601,0.7111727448140881
RNF144A,0.5173264511276252,0.975075037572398,0.33518913001278927,0.7111727448140881
NTF3,0.5757112449407664,0.9744336466175296,0.33519399848755493,0.7111727448140881
ATXN10,-0.15637624825564966,-0.9769049507917503,0.33529912238976134,0.7112679496515962
THYN1,-0.13824842229769452,-0.9735696304677088,0.33573550258432877,0.7120656859518507
GAS2L1,0.4638672660788128,0.9742069503913292,0.33610703696180916,0.712701116178441
NUTF2,0.18761103885677155,0.9738239168308577,0.33615585047704866,0.712701116178441
RPUSD3,-0.41749418624018064,-0.9730613818435291,0.3362574933618034,0.7127743987335976
WDR45B,0.27572917809594344,0.9788549925504162,0.33632321510622143,0.7127743987335976
ZFC3H1,0.23164254615445046,0.9734715454769425,0.3364100602117626,0.7127743987335976
ZNF587,0.42248214047024524,0.9717899957966427,0.3364676920097647,0.7127743987335976
NRDC,0.3116209745138683,0.9805656366848619,0.33649231038901645,0.7127743987335976
ARHGAP6,-0.344423939636159,-0.9778596297949248,0.3365528606208027,0.7127747613255428
PAQR8,0.3968396100176341,0.971345223871992,0.3367034520951153,0.7127943208768682
COG8,0.41616831426946765,0.9730735628404165,0.3367641861544163,0.7127943208768682
HEATR1,0.25521713972516125,0.9751557837082778,0.33684357078394495,0.7127943208768682
MYO10,0.5009853017045889,0.9714324287847192,0.33687355697169197,0.7127943208768682
CYP39A1,0.4543541046573494,0.9711053914835656,0.33688055201776135,0.7127943208768682
HOXA3,0.45416318034300973,0.9713659735572572,0.3369243803890661,0.7127943208768682
MPND,-0.4534862546755085,-0.9712404650031388,0.33714944447913237,0.7130198210770811
TTC14,0.3157205860402561,0.9762868633525608,0.33715820385448697,0.7130198210770811
RNLS,-0.41834736358747104,-0.9700893145702449,0.33739256543717716,0.7130198210770811
RPL22,-0.10530247191916509,-0.9708495966352665,0.33743692105257067,0.7130198210770811
CNNM3,-0.4163091907236378,-0.9707796574539133,0.3374444629579402,0.7130198210770811
STX12,-0.17751409791754114,-0.9701529768664766,0.3374520176273965,0.7130198210770811
ENSG00000225032,-0.5191733606330158,-0.9708134605697197,0.33747698314402197,0.7130198210770811
TEX261,-0.3349164675496028,-0.9697599185453478,0.33751416858777883,0.7130198210770811
ZNF2,-0.36303447849971104,-0.9698971770720552,0.33773056395566264,0.7133493124882085
BRSK2,0.499395916586747,0.9695038649794692,0.33792521515871293,0.7136327665382122
AFG3L2,-0.2841937331411222,-0.9699182102557539,0.3379950854069773,0.7136526530547965
BST1,-0.34892338517033306,-0.9696541008719426,0.33828504642154306,0.7141371554017016
VDAC1,-0.11450697236860119,-0.9679330228399979,0.3385133702286052,0.7143982762886825
HDLBP,0.15115832529381112,0.9692486263786659,0.33852977192366707,0.7143982762886825
PTPRA,-0.20730411383817238,-0.9670756369833869,0.33886501283645004,0.7149565857051872
LASP1,-0.3888012818137936,-0.9677597381557683,0.3390011538565619,0.7149565857051872
SF1,0.12717391281928325,0.967752808002431,0.33902785047830636,0.7149565857051872
PELI2,-0.3151944548570884,-0.9689440267163456,0.33904567973447736,0.7149565857051872
FHIP2B,0.3290504239537584,0.9668567872953339,0.3390971557275174,0.7149565857051872
ZBTB26,0.3700749523189033,0.9659480776587565,0.33935007963765923,0.715362087521887
AMMECR1,0.4471539933752964,0.9680936941756372,0.33943933838372764,0.7154224941296027
DNTTIP1,-0.23982401434858325,-0.9701152879155617,0.33961109885464985,0.7156567336628242
MGAT4A,-0.4322351810346663,-0.9655226941521444,0.33972171744742463,0.7157620693319379
PLOD1,0.334620950435748,0.9750882203505115,0.3398836163207538,0.7159117179278865
ZNF93,0.3925980683759911,0.9648290934205515,0.33991963655542085,0.7159117179278865
ZNF304,-0.3807059977007117,-0.9660728360085448,0.34000017041289243,0.7159117179278865
MPZL1,0.16676830323090908,0.9678390300447982,0.34005828903241925,0.7159117179278865
GK,0.42087035843409426,0.9644473932357048,0.3400959690080125,0.7159117179278865
STIP1,-0.2366095029547468,-0.9663720361965824,0.34017741202831037,0.7159554909955792
PGAP3,0.3816010049942,0.9692828299137572,0.34037191417164187,0.7160616433718199
ZSWIM7,0.18183965459462126,0.9642541337173653,0.3404026776370575,0.7160616433718199
COPS3,-0.2595120826870829,-0.9677374972122189,0.3404098214826475,0.7160616433718199
CYB5R2,0.42695234252395586,0.964187897633892,0.3406472694849444,0.7164334609424138
DCAF17,0.44729869127696587,0.9634326562350773,0.3407464019222011,0.7164551955454999
UBE2H,-0.2602876613004286,-0.9635884254853486,0.3407789854288845,0.7164551955454999
CNOT9,0.32612563138801054,0.962893036326682,0.3411807896633714,0.7170117241604164
TIMM8B,0.18684583547744005,0.9641262989013856,0.3412178762359176,0.7170117241604164
DTWD1,0.1576266843328309,0.9623385391015243,0.34122590989692664,0.7170117241604164
MED30,-0.18563206813161148,-0.9628664642127124,0.34135690543164277,0.7170755974328172
BMP2,0.5776662285730207,0.9624149590479704,0.3413804415458246,0.7170755974328172
PML,0.21115904750967296,0.9618468540735458,0.34143853732908647,0.7170755974328172
RWDD2B,-0.40387719685550216,-0.9617326235745428,0.3415256722621969,0.7171310140617634
CAAP1,0.33292589478603185,0.9672440755419415,0.3417201524238241,0.7173029143281539
ZBTB40,-0.41164134784180506,-0.9611717918508417,0.3417290631242302,0.7173029143281539
ITFG1,0.33692212301923075,0.9667097797189835,0.34205078064954597,0.7177055043495979
ZNF765,-0.4229536054133234,-0.9612566862281229,0.3420999341418706,0.7177055043495979
ZNF432,0.4057957646102066,0.9609843818683121,0.34215670030218526,0.7177055043495979
COPG2,0.35845955135601315,0.9609359591942815,0.34216404730872824,0.7177055043495979
MAGED2,0.16721181239354443,0.9602831817708475,0.3423817664657288,0.7177138911146749
TSEN15,-0.253128855587053,-0.9627926734168855,0.34245524334901506,0.7177138911146749
DHX57,-0.36987729855953555,-0.9597057581505379,0.3424584296637498,0.7177138911146749
SLC44A3,0.4284407813222917,0.9595129018751202,0.3425851918880755,0.7177138911146749
UBA5,0.29207940912511887,0.9678583664746588,0.34260448997201065,0.7177138911146749
ADAMTSL2,0.4585646093843616,0.9611711138528902,0.34264766382186473,0.7177138911146749
GFPT2,-0.45785009018227907,-0.9593536212369905,0.34267346051220393,0.7177138911146749
ADAMTS16,0.6032171607563788,0.9592402983605334,0.3426817829202397,0.7177138911146749
FBP1,-0.43411750187315024,-0.9596105146697131,0.3427152227203238,0.7177138911146749
MIR4458HG,-0.4401472475601049,-0.9583656449942863,0.3431168928478861,0.7181981313097013
ELF4,-0.42392014787419274,-0.9589938943822263,0.3431241013411143,0.7181981313097013
TMEM165,-0.15845507793877633,-0.9588819069214407,0.34312896743640114,0.7181981313097013
IQSEC1,0.4263023956587868,0.9581747906501578,0.3432161094214728,0.7182130088463486
AP1G2,-0.38260028420382275,-0.9584944775579631,0.3432577548421092,0.7182130088463486
CHCHD7,0.2878753888633492,0.9615602217010563,0.3434130121625035,0.7184105278359656
PAK1IP1,0.23254896053511498,0.9583544365452371,0.3437195266328281,0.7188168257070093
ETS1,0.4600637056303718,0.957503725241603,0.34378227152070684,0.7188168257070093
UBN2,0.4759707342375026,0.9571951427885156,0.34382967466471565,0.7188168257070093
ZNF195,0.39226955221530124,0.9585236392606058,0.34391454131735183,0.7188168257070093
MIR29B2CHG,0.4510128158030762,0.9578008461688511,0.3439904344048497,0.7188168257070093
GFPT1,-0.3127940500249755,-0.9564909030514658,0.3440853815616267,0.7188168257070093
SLC2A1,-0.4091091452560289,-0.9581100452688025,0.3440934038461526,0.7188168257070093
STEAP2,0.33731530416631017,0.9585855552591313,0.34417205154766434,0.7188168257070093
UBL3,-0.4307713025864679,-0.9559607500977452,0.3443352732164541,0.7188168257070093
ACADS,-0.4265842853326216,-0.9567318893964026,0.3443399845573116,0.7188168257070093
SRXN1,-0.5470068635514238,-0.9580093017307179,0.3443694978698798,0.7188168257070093
EPB41,-0.38938274968301534,-0.9562236499317064,0.34440222973417955,0.7188168257070093
BCKDHA,-0.4544965439339963,-0.9559828437494905,0.3444192826427167,0.7188168257070093
ADGRB3-DT,0.488117356933522,0.9572422694240763,0.34445970207747156,0.7188168257070093
KIAA0753,0.4390153847075149,0.9554797146629352,0.3445630244370835,0.7189053558642224
LEO1,0.3365242620642235,0.9632456571301631,0.3446870877403999,0.719037121536565
CYFIP2,0.5127412771867541,0.9554105030122539,0.34475679228987705,0.7190554651911658
ENDOG,-0.38674428004738326,-0.9557608609948249,0.3448310270113077,0.7190832492260179
FAM174B,0.40692619312940126,0.9551273030945913,0.3449769680859279,0.719168938213892
JUN,0.2592370888326574,0.9555420809636854,0.34499395994114956,0.719168938213892
TUBA1C,-0.2917771386724981,-0.9551311412655903,0.3451730309559133,0.7194151889891519
GGPS1,0.44064453417867,0.9538467703102662,0.3453745763168532,0.719499851934404
LINC02980,-0.39812686468444447,-0.9554705327686559,0.3454316535887083,0.719499851934404
OSBPL11,-0.4251955430444574,-0.9539407607581323,0.3454414585302242,0.719499851934404
ANKRD13D,-0.3725603704452247,-0.9537899135329149,0.34545744690929286,0.719499851934404
MAML3,0.4755108365883718,0.9536523090783605,0.3455975869253889,0.7196647580974097
MTFR1L,0.31439900091844564,0.9586420245320231,0.3457383217575319,0.7196960273545528
XIAP,0.17497602826290937,0.9531123204273109,0.3457406582428748,0.7196960273545528
SLC30A5,0.2868231451961405,0.9599888847280245,0.3458312455856025,0.7196960273545528
CERS6,0.4282615002443655,0.9528567736670369,0.3459044232429898,0.7196960273545528
ZBTB8OS,-0.17348200887722864,-0.9551196979743068,0.3459174298356402,0.7196960273545528
DNAJA3,0.41179011106079955,0.9557722607853523,0.3460962272950785,0.7199322366426797
PRKAB1,-0.38558936479494355,-0.9521565874605323,0.3462193699732069,0.7199322366426797
EIF2B3,0.26522250671223535,0.958575568772162,0.34622408581284053,0.7199322366426797
HPGD,-0.4358829829455164,-0.9538196829916155,0.346274903825255,0.7199322366426797
USP2,0.47381733790751257,0.9525443901545977,0.3464554365124581,0.7201807409807303
MITD1,-0.1872500690375558,-0.9521715720884874,0.34652059686994835,0.7201893743045318
PLEKHF2,-0.3187230255800033,-0.9515114908612273,0.3466187769328106,0.7202666188508765
ARMC8,0.37546726134815955,0.9586235605464037,0.34676665261685014,0.7204470845022731
GIMAP2,-0.3889053642508553,-0.9519907267972695,0.34684348601475706,0.7204793301127859
AK6,0.19204568123454102,0.9550270333415206,0.34690423654054,0.7204793301127859
WDR48,0.3387821910435682,0.9528624674362652,0.34697004832671763,0.7204892560240812
TTC31,-0.43047452417754917,-0.950947915857965,0.34709410524295725,0.7205466424735602
HIBCH,-0.25226201091986056,-0.954581474967785,0.3471197590637134,0.7205466424735602
R3HDM1,-0.378049608844087,-0.9512542104750754,0.347297974346631,0.7207898359989415
GOLGB1,0.15018113092061203,0.9502993544501588,0.3473751737064587,0.7208233302170408
MAP3K12,-0.3496853926339476,-0.9496392593367424,0.3476164586093985,0.7211972396984093
PRKCI,0.33215497688225426,0.9487081880887333,0.3480299891833745,0.7215973551174196
CNTLN,0.334631884817,0.9490372289775478,0.3480900286660315,0.7215973551174196
PRICKLE3,-0.41520330009091877,-0.9484022933342396,0.3481480400133503,0.7215973551174196
SKP2,0.382413639887917,0.948109940068559,0.3482963224345851,0.7215973551174196
CHRNB1,0.4890407747022718,0.950362305244489,0.34831228981483003,0.7215973551174196
PCDHB16,0.40817325513972325,0.9490828189851127,0.3483551020298326,0.7215973551174196
SRD5A3,-0.17359044850292715,-0.9478444474336833,0.34853672884618675,0.7215973551174196
MICU2,-0.2710168547362857,-0.9510326884303166,0.34858712249796936,0.7215973551174196
EMSY,0.4656525940509315,0.9484326822063538,0.3485982118049421,0.7215973551174196
FTX,0.402783847653426,0.9479590911119529,0.3486463958913079,0.7215973551174196
ZNF302,-0.2821791502877984,-0.949419058817111,0.3487035652403018,0.7215973551174196
ZNF569,-0.4182941360215806,-0.9476969333555504,0.3487043030041112,0.7215973551174196
FDXR,0.4182182410217927,0.9471744880395235,0.34882032851734196,0.7215973551174196
ATP8A1,-0.4148819780485167,-0.9472677275708892,0.3488274611957908,0.7215973551174196
VPS72,-0.26053058056288325,-0.9488216116126107,0.34883348151428983,0.7215973551174196
SYDE1,-0.34975584946006855,-0.9477134534139826,0.34886288755568445,0.7215973551174196
ERBIN,0.40444854674807384,0.9497141314246467,0.34886423121841165,0.7215973551174196
ATP6AP1,0.3410932214020397,0.9562443500588118,0.3489549444791031,0.7215973551174196
SENP6,0.13360845380632735,0.9471639426953833,0.3489769421572903,0.7215973551174196
DNASE1L1,0.4219606443120334,0.9482375137449974,0.34903184224654515,0.7215973551174196
CCNH,0.16351263621940682,0.9467975118885886,0.34931172169749164,0.7218753369886827
TERF2IP,0.1025308411748167,0.9461119815918574,0.3494119690783147,0.7218753369886827
LRRC49,0.4129093621783291,0.9461630536650927,0.3495908401834082,0.7218753369886827
P4HB,-0.19453990632538876,-0.9459479860942861,0.34959698883141643,0.7218753369886827
ZDHHC21,0.35600253019901107,0.9466687189459203,0.3496281571889785,0.7218753369886827
CNOT2,0.15682355982782958,0.9454123171213785,0.3496795784383559,0.7218753369886827
PLEKHF1,0.3886218681425948,0.9535424321377471,0.34973444540073767,0.7218753369886827
NLK,0.3098024995200559,0.9454088741477726,0.34973861909686543,0.7218753369886827
CCDC110,-0.3987107900764473,-0.946834210020559,0.3497503567603926,0.7218753369886827
NEURL1B,0.48725504271545317,0.9460787599325501,0.34977779987931085,0.7218753369886827
DCAF7,0.1442351553157568,0.946415757634983,0.34992473457531104,0.7220523495300729
SAMD9,0.433199273531653,0.9483148857228486,0.3500328713475143,0.7221492565986379
DNPEP,0.386929767992906,0.94505512669344,0.3501507197357513,0.7222661622366843
ZNF205,-0.47837644761300435,-0.944693922896961,0.35036612937543765,0.7224735166910261
PANX1,0.4728695581175981,0.9445439962011017,0.350373645324534,0.7224735166910261
MYCBP2,0.130336994703514,0.9449402369705554,0.35067401064329495,0.72296659022775
MKLN1,-0.28594106075660086,-0.9453955922745205,0.35076382120968314,0.7230254774542185
MTHFD2L,-0.21649812298753357,-0.9431775642339871,0.35092213257661276,0.7232255193901735
EDEM1,0.4488526485923954,0.9422031982986704,0.35139988904789815,0.7240837301816089
TRA2A,0.1642928493936715,0.9418242852313826,0.3514978771308784,0.7241217523529987
SETD5,-0.26107783963760767,-0.9457795392245406,0.35157001805555954,0.7241217523529987
ATAD1,-0.1889509288631226,-0.9414779897663796,0.35160236209126544,0.7241217523529987
TMEM233,-0.6173038864565434,-0.9414899176516521,0.35190207999270623,0.724612603229356
LENG1,-0.23855634774228562,-0.9414661607303594,0.3519967668384298,0.7246811706535863
TIA1,0.35693653203529063,0.9407066970458842,0.352086791812854,0.7247401181082375
CAMK1,0.19431949077204624,0.9433916047619536,0.3521846226589589,0.7248151099178887
CYB561D2,0.4179003945357618,0.9430177975242917,0.35234154020676006,0.7250116580339554
MCC,0.27669240784983185,0.9405374124218596,0.3524919684112265,0.7251506205688458
EPN2,0.27845098276044844,0.947161205583232,0.352576422941205,0.7251506205688458
MRFAP1L1,-0.1925335783451203,-0.939892373220275,0.35259335553283994,0.7251506205688458
LSM14A,-0.1393492607382072,-0.939312481901497,0.35269865446572185,0.7252408319052163
DNAAF5,-0.45677164609323384,-0.9391933548649514,0.3528283111061848,0.7252802949241187
PTGR2,-0.4386195457352353,-0.9392429388456444,0.35284072289277546,0.7252802949241187
ZKSCAN2,0.3525693943992132,0.9393946406989971,0.35294427721428373,0.7253668510645229
POLR2I,-0.11808741448483495,-0.9395674006163178,0.35302162522371344,0.725399527548466
MLXIP,0.34736735674130514,0.9391319896859445,0.35312528883332545,0.7254862573403075
SLC25A45,0.4214081468668254,0.9382805813373697,0.3532505597531303,0.7254911574304912
UBQLN2,-0.25622192166527746,-0.9409307045943535,0.35326617729980403,0.7254911574304912
LINC00467,0.3705593757530927,0.9423977801729759,0.3533725481041963,0.7254911574304912
TMEM30A,0.3490338029840352,0.9437024864524742,0.35351272235364767,0.7254911574304912
TMCO1,0.1585913766072311,0.9406724322264257,0.3537619418521849,0.7254911574304912
WIPF1,-0.28768842950721485,-0.9376614327517744,0.3537795274669457,0.7254911574304912
CHTOP,-0.2721647668145817,-0.93783672339558,0.3537863820456881,0.7254911574304912
VDAC3,-0.13687891722170242,-0.9372543815148718,0.3538241957641313,0.7254911574304912
MAP7,0.3904180031378566,0.937809246959132,0.3538251819171023,0.7254911574304912
LMBRD2,-0.38416811930847494,-0.9369592951629295,0.3538941418439062,0.7254911574304912
UBXN7,0.37239186406341673,0.9389737108664098,0.3538979794264765,0.7254911574304912
CCDC6,0.3677872761902341,0.944915995035491,0.35395154705886384,0.7254911574304912
TRIB2,-0.49430435377911675,-0.9368199098089967,0.3539834731343824,0.7254911574304912
CEP350,0.39781764622413984,0.9444642839266575,0.35403267643610803,0.7254911574304912
DNAH1,0.34019146460484695,0.9364863920282753,0.3541348696294727,0.7254911574304912
DECR1,0.15009587692515858,0.9374062080456704,0.35415260238385093,0.7254911574304912
KIFAP3,-0.15469208922008093,-0.938835331812213,0.3541724303491674,0.7254911574304912
THOC7,-0.13557735302057417,-0.9408815118113399,0.3544001978870158,0.7256796319023866
CYP20A1,-0.3009942888642154,-0.9423646159752802,0.35442329272135753,0.7256796319023866
CNPY4,0.335729373466533,0.9364848464842281,0.35449921567272813,0.7256796319023866
KLHL42,-0.3860753571735298,-0.9357618810818671,0.35451032928259746,0.7256796319023866
CUL2,-0.31848049280119106,-0.9357926334256973,0.35469107880993955,0.7258378745680346
DNAJC13,0.40205134236140694,0.936455571432164,0.3547106055385847,0.7258378745680346
PLPPR2,0.28982965184862497,0.9402896229732817,0.3548224984986487,0.7259312343457462
NCKAP5L,-0.3556982848711443,-0.9351160065994059,0.35487921672251604,0.7259312343457462
DENND3,-0.5468458564276086,-0.9359858501767256,0.3551037819423273,0.7262647515296559
WEE1,0.4547054435014344,0.9362786579485122,0.3553359904147107,0.7266137825819609
EIF3J-DT,-0.3063496147956899,-0.9343565038217734,0.3555076028104476,0.7266923156673591
ITGA11,0.4247636046523082,0.9341355992041259,0.3555397446848309,0.7266923156673591
TARDBP,0.4028867433860146,0.9347369643984568,0.35555906948705346,0.7266923156673591
GPAA1,-0.1404795086684114,-0.9337168290452139,0.35567652321465365,0.7268065356671259
CDK11B,-0.3252269481563559,-0.9327339358565484,0.3561368212304338,0.7276211794090119
NUCB2,0.2015789669171708,0.9328553319963662,0.35630520350751954,0.727806356380302
TMEM158,0.4929120807444387,0.9322728013527308,0.3564602081199132,0.727806356380302
ATG7,0.42106478889202803,0.9328395381011974,0.356477038697491,0.727806356380302
MAPKAPK5-AS1,-0.298605558392798,-0.933066626465122,0.35656694964962143,0.727806356380302
CLDN5,-0.47965682210472926,-0.9325214494202164,0.3565929422928846,0.727806356380302
RPS6KA2,-0.4415740283956948,-0.9324383100526384,0.35661647837643334,0.727806356380302
NVL,0.43300414652971675,0.9320465661125753,0.3566590234358363,0.727806356380302
SSU72,-0.11938806658715162,-0.9385433537578125,0.3568913432803554,0.7281370179601666
ZNF577,0.4312501135541802,0.9315659409276201,0.35698008809354614,0.7281370179601666
NFS1,-0.43966963020272853,-0.9312149407352391,0.3570061041891948,0.7281370179601666
MAZ,-0.3593172646077827,-0.9311494153118668,0.35717177151207924,0.7283490693902392
ZNF329,0.3865688186568468,0.9308466980281066,0.3573115910532403,0.7285083475619174
SLC17A5,0.33294585657394205,0.9375719618211047,0.35754264262530433,0.728828528561194
NCAPG2,-0.37720458591369677,-0.9297903574887704,0.35764841083618276,0.728828528561194
MFSD4B,-0.42266546549473305,-0.9309510754611766,0.3576538471795846,0.728828528561194
NUAK1,0.46991382587786124,0.9294143828430041,0.35785002129172827,0.7291024337847519
RBM5,-0.28198988592625973,-0.9306669817492849,0.3579602698962804,0.7292012055436738
SMG9,-0.4028064786376593,-0.9287586692556663,0.35815749614158354,0.729453759671373
NAE1,-0.24598144471121586,-0.9317505657970082,0.3582078309881363,0.729453759671373
TSHZ1,-0.30948666295895455,-0.9283495305627392,0.35831621005765846,0.729548613268482
RPL21,-0.13637265448101488,-0.9301636842780615,0.3584861701756625,0.7297011677615286
PFDN6,-0.18727402822996364,-0.9292427985309359,0.3585850563396338,0.7297011677615286
GRB10,0.42387005218276963,0.9286423583095871,0.35871818937658273,0.7297011677615286
IRS2,-0.3990393578914402,-0.9285902375487863,0.3587491986054948,0.7297011677615286
RABIF,-0.3226615176646397,-0.9278774424009367,0.3589116823918741,0.7297011677615286
SEC22B,-0.17478532676940173,-0.9287020485249664,0.3589335118821738,0.7297011677615286
CTDSP2,-0.16359690923634584,-0.9287227741288069,0.35894324736356975,0.7297011677615286
ZBTB7A,0.4039903245267791,0.9343774885117054,0.35897832714115213,0.7297011677615286
COPB2,-0.13985418374878744,-0.9271985592669549,0.359068276151273,0.7297011677615286
SGK3,-0.3604953626456613,-0.9268494295036341,0.35907435697141854,0.7297011677615286
LINC00662,-0.31985144941459565,-0.9266927668691671,0.35914486453132266,0.7297011677615286
SBDS,-0.13313277605161655,-0.9274621833433959,0.3591766367873956,0.7297011677615286
CREB5,-0.3793444439485798,-0.9268811288941079,0.3591947044355987,0.7297011677615286
MIR22HG,0.2300758651118615,0.9266594761692191,0.359406874797346,0.7300065652069287
C1orf56,0.40783033093333376,0.9265792276485173,0.35952065368194097,0.7300466358889912
CASP6,-0.3525450601367637,-0.926036930861067,0.3595502872561283,0.7300466358889912
CUEDC2,0.1066226141523332,0.9262410939778011,0.3603535875720021,0.731551866085552
AGL,-0.24550176037713456,-0.9245245833538871,0.36049993989728685,0.7317231414180658
ATP1B3,0.21905649618154577,0.9236554076162744,0.36073213664791653,0.7319787905498393
ANGEL1,0.3886447081573259,0.9257790198754238,0.3607499028732711,0.7319787905498393
BCL7C,0.3248036131142813,0.9305102414037468,0.3608591318742234,0.7320745921593415
BTBD1,-0.39890965917044197,-0.9231138041137614,0.3610589056079185,0.7321092193735554
MBTD1,-0.4148096184360197,-0.9233023538203646,0.3610796292279247,0.7321092193735554
WDR89,-0.3514710691045222,-0.9229972637865795,0.3611034904791266,0.7321092193735554
COL12A1,0.25462904635771544,0.9230311090954011,0.36125602174572324,0.7321092193735554
FAM131A,-0.3625986825354217,-0.9228009098959997,0.3612719846743661,0.7321092193735554
WNT10B,-0.6081805064218231,-0.922832493735258,0.36131274022143145,0.7321092193735554
ELOF1,0.33249263696790354,0.9231342579503912,0.36132015826698166,0.7321092193735554
ATRIP,-0.3866893020235769,-0.9223618259163443,0.3614656425089838,0.7321092193735554
SP4,0.4234962550585579,0.9225557749034613,0.3614809093181999,0.7321092193735554
ADGRL3,0.5154700414162576,0.9228702795450664,0.3615400278852876,0.7321092193735554
MAP3K11,-0.3962867135939345,-0.9220265095554196,0.36155838618787195,0.7321092193735554
GUSB,-0.26454998563286747,-0.9238592164160752,0.3617685026316241,0.7324090505172908
WDR43,0.38687572868818876,0.9276392135581113,0.36185270002399994,0.7324538963963169
IFI44,0.43667172595446857,0.9224498728807417,0.36204213202313,0.7326410139609786
TARID,0.42765189976515905,0.9212037057607786,0.3620692651798686,0.7326410139609786
RTN4IP1,0.3301483019017948,0.9207086879373931,0.36226424357290715,0.7327282696555328
ERCC6,-0.39109798060395073,-0.9205567505518746,0.36230195823326805,0.7327282696555328
LINC02381,-0.3078116344738522,-0.9205524550287059,0.3623157384490926,0.7327282696555328
ZNF691,0.39611032615418784,0.922742796989965,0.36236066397704364,0.7327282696555328
NPNT,0.5228390655515618,0.921576279911663,0.362480881892706,0.7328458316053081
ZNF567,0.411394797964868,0.9221031150501472,0.3627268492432243,0.7331018545925305
NRSN2-AS1,-0.39606837394186,-0.9198934724671154,0.36273171814273364,0.7331018545925305
PHKB,-0.3375046048313708,-0.9193578150606772,0.36308974342874184,0.7336690865813055
DDX39A,-0.2846169773187892,-0.9190819813300977,0.3632063814762046,0.7336690865813055
ALDH1A3-AS1,0.4424063472255453,0.9188418119301324,0.3633533958059778,0.7336690865813055
RNF8,0.31847588574603725,0.9231131324900964,0.3634418860361897,0.7336690865813055
BCL7B,-0.2477604340446069,-0.9199897555827362,0.36351577067445595,0.7336690865813055
METTL6,-0.41290464442981056,-0.918523913768307,0.3635266012526245,0.7336690865813055
STARD4,-0.46383080974724544,-0.9182327584987632,0.36355201380755325,0.7336690865813055
POLR2C,-0.2642426425891289,-0.9211122397328481,0.36356796899034677,0.7336690865813055
WDSUB1,-0.3754368324332691,-0.9183749877416589,0.3635717201610027,0.7336690865813055
ZXDB,0.36485532450572444,0.9181250547383335,0.363773894301503,0.7338461566562638
TIMMDC1,-0.1257358992634714,-0.9186875098941154,0.3637882854587662,0.7338461566562638
MRPL28,-0.11974319629297092,-0.9192898262726529,0.36384595975511325,0.7338461566562638
APC,0.35437999642039486,0.9238067916745133,0.3640885351531258,0.7341228136570723
C2orf74,0.40975305947137475,0.9225216954959783,0.3641111255771738,0.7341228136570723
GUF1,-0.4117801281813369,-0.9175355514202985,0.36416969053585896,0.7341228136570723
CCDC184,-0.4107891603469387,-0.9171892657306716,0.3644536529774324,0.734569809356085
DCAF12,-0.22082936252744645,-0.9180168639480486,0.3645447189149217,0.7346279287795578
SNX6,-0.11367625639184809,-0.9159218195442586,0.3647138936534109,0.7348429698983292
PLEKHA1,0.31838070369131977,0.9236129625166107,0.3647759257606276,0.7348429698983292
MAP2K2,-0.28398772860554544,-0.9165253509725787,0.3648449904093377,0.734856698819695
TNKS1BP1,-0.19681950071824783,-0.9158280696305814,0.3650863155957526,0.7352173243957454
MSANTD3,0.39415820267130286,0.9156494202759147,0.3654113722697352,0.7356385422255826
DNAJB6,-0.28396464886707573,-0.9186488915936077,0.36542011110638,0.7356385422255826
NHLRC4,0.34270968877680863,0.9147481232881263,0.3655386261807082,0.7357516593458244
MPDU1,0.32435928792639857,0.9144699516994867,0.365820187959268,0.7359056400160822
ZNF780A,-0.40860908745415037,-0.9136455298794915,0.36589049962335185,0.7359056400160822
BSG,0.1402840580429494,0.9136224146162518,0.36589876573578434,0.7359056400160822
ATP6V1C1,-0.24859917895862083,-0.9167602522360144,0.3659113763588239,0.7359056400160822
ZMYM5,0.36748544106384795,0.9155649493073366,0.365937441212964,0.7359056400160822
KLHL17,-0.3596595532814091,-0.9149971510285114,0.36604321121055894,0.7359056400160822
PIBF1,-0.36345209119742794,-0.9133521199661839,0.3660514966687365,0.7359056400160822
NAPA,-0.17672972104072482,-0.9143968921265014,0.366237196014266,0.7361053605532036
HSPA4L,0.4639705709570543,0.913162281725191,0.3663524112855667,0.7361053605532036
NDUFB8,-0.4300865632599091,-0.9135696979631158,0.3663594471644052,0.7361053605532036
CDC14B,0.385509917441345,0.9128655512841185,0.36640026248289914,0.7361053605532036
GOLPH3,-0.14967477176802468,-0.9139121626762339,0.36655230632779184,0.7362520754465567
DHRS4-AS1,0.3403723133096679,0.9134509317909087,0.36662021907050113,0.7362520754465567
EHMT2,0.46163177640679276,0.9131113892880535,0.36667270534901086,0.7362520754465567
SAR1A,0.1351442487107617,0.912052541835022,0.36672276184885666,0.7362520754465567
COQ3,0.4026584198897094,0.9137516802096258,0.3668992690831649,0.7364563760532156
CCL21,0.6845412737452965,0.9118777267577338,0.3669556507169413,0.7364563760532156
SRPK1,0.2927902992413438,0.9119004166360635,0.3670688780609396,0.7364563760532156
NEPRO,-0.1798054141051555,-0.9116687557606733,0.36707406325261505,0.7364563760532156
ALG13,0.28969218536991903,0.9154298569895467,0.3672065702398459,0.7364904782260537
STOM,-0.19419502316517967,-0.9116982243026567,0.36721583691982657,0.7364904782260537
EFNA1,0.40177043156238934,0.9115575049893776,0.3674685604143573,0.7368721514678934
EML2,0.41977864894546224,0.9110684882074659,0.3675692808639864,0.7369489403191847
GRK6,0.4135408850120661,0.9101932732770119,0.36776564000269263,0.7372174189559835
HIRA,0.37077383699918554,0.9106267202413272,0.3678463847006816,0.7372540868236921
STIM1,0.4100604901902569,0.9128694857174472,0.36806396747392317,0.737564952644655
SMIM10L1,-0.20008609192046833,-0.9125048704672643,0.3683987971382487,0.7380239298945507
MIS12,-0.3550715615523181,-0.9087789893433639,0.3684180448003886,0.7380239298945507
GSE1,0.3874088610927968,0.9088451171829255,0.3685123345185758,0.7380875651496076
WDR26,0.3502958047241922,0.908431403409644,0.3686466879854102,0.7382000906469793
RNF152,0.45373169460737417,0.9093853698097447,0.36873034654913917,0.7382000906469793
BBS2,0.3948508822497505,0.911720392511471,0.3687561147433492,0.7382000906469793
NAA30,0.39840803150075654,0.9095469671642352,0.3688609408916472,0.7382847418151739
SFI1,-0.36717038899647614,-0.9087125226798832,0.3690342131058566,0.7384394095357051
DDX11,0.4271720479687222,0.9083778791867968,0.36906332200429137,0.7384394095357051
PTRH2,0.3508270557748068,0.907743647330849,0.369227825885071,0.7386433629170078
HDX,0.41847380259045175,0.9072540334955381,0.36933660758128795,0.7387357933746365
PAK2,0.17392491605381366,0.9093393499223875,0.3696641991601061,0.7392657752134597
ZC3H3,-0.3660908802748013,-0.9064344777841611,0.36972692831988235,0.7392659872656184
DDX18,0.1124339190344994,0.9061069204332651,0.36986657478127255,0.739419968720224
LCOR,0.4332009951968505,0.9073921182069888,0.3699614299842359,0.7394843686020834
HLA-DMA,0.4224431706685223,0.9068701163376356,0.37013292974784867,0.7397019190237606
BNIP2,0.14732042525518452,0.9053855145760292,0.3702476567854672,0.7398059560515303
ATP5ME,-0.201970643537571,-0.9053122142381949,0.37045036106885065,0.7400306808510638
ANK3,0.4459194576780794,0.9049060962524063,0.3704854996890967,0.7400306808510638
CENPP,0.40816749977550293,0.9050818189949954,0.3705665733282477,0.7400673994484799
COL4A1,0.2958331330936499,0.9046832658764656,0.37071531207794023,0.7402392183829641
CUTA,-0.0861171231088429,-0.905890863061763,0.37084523357952487,0.7402907702809265
MYOF,0.20629668431911963,0.9047150959275629,0.37086654938088937,0.7402907702809265
MFSD11,0.3521210454366104,0.9065560829913932,0.37093314604843486,0.7402985273206718
MED10,-0.13020107062000896,-0.9055463410420895,0.37113176970190404,0.7405697331526331
TMEM41B,0.3314019280490763,0.9099159621928856,0.37121652335656913,0.7406136654088725
PMVK,0.14867743164476543,0.9039849371547232,0.3712977135747427,0.7406504746113278
SCFD1,0.29323444692877576,0.9088402911804453,0.37139881487504073,0.7407269825308086
CLN5,-0.38324748931976726,-0.9033120451917422,0.3715409396889472,0.7408852690925712
CCNT2,0.3318316469903708,0.9085632982275967,0.3717074364508591,0.7410304768616509
AGO3,0.19180470312468678,0.9024415487781283,0.37173930402157535,0.7410304768616509
RBM18,0.33581923371467903,0.9044400366110056,0.37194477998806114,0.7413148957891376
SLC39A14,-0.2709085874100863,-0.9029930120387721,0.3720811555145172,0.7414615193870485
ATG4A,0.3877577327895807,0.9019801875220144,0.37235003082977886,0.7417849718943099
DHX37,-0.4316063315048011,-0.9018080039613242,0.3723816153334786,0.7417849718943099
CTSH,-0.2970955922600407,-0.9011181532138777,0.37249593753760357,0.7417849718943099
PXMP4,0.42163501160202843,0.9020072574719773,0.3725271169713503,0.7417849718943099
UBE2E1,-0.3408872741708411,-0.9032025716753778,0.3725576533978283,0.7417849718943099
CDPF1,0.38266979942815693,0.9028272270547579,0.37269282061475206,0.7419289624548311
KLF11,-0.30682050404313044,-0.9003258878923182,0.3729333397564191,0.7422825958227158
HADHB,-0.14146554870982264,-0.901433664716724,0.3730540304635645,0.7423049870005711
BLOC1S3,0.39465119713928676,0.9007758568603347,0.373155215470502,0.7423049870005711
RPS9,0.1550477943548323,0.900593723740989,0.3731703990727695,0.7423049870005711
UBE3A,0.16845460394104794,0.8995567709378367,0.3732971865142637,0.7423049870005711
WARS2,-0.34966364169527653,-0.8996534254306914,0.37331677975577415,0.7423049870005711
OLFML2B,0.22193227313251995,0.9021575790769205,0.37342990055005965,0.7423049870005711
OCEL1,0.2896850633751953,0.9065349563546405,0.3734354981545188,0.7423049870005711
DUSP5,0.5667598903449753,0.8991920160354911,0.3734476338666999,0.7423049870005711
ZNF595,-0.3930460251398804,-0.8988555165411153,0.3736773917277288,0.742615917666087
HAGH,0.2854255298460924,0.9058407344803573,0.373729874362916,0.742615917666087
RPP14,0.42610877900391175,0.9002276863461995,0.3738543821645704,0.7427383004800998
PDP2,-0.417825679691763,-0.8990052931009948,0.3740062670663919,0.7429150231732721
CHERP,0.3947062890722135,0.8984676188201185,0.37417856065217464,0.7431322187918779
UBE2G2,-0.2536645543223699,-0.8997226088453609,0.37426923733996664,0.7431785068629316
SPRING1,-0.3568526367438878,-0.8973955653852923,0.3744347900616748,0.7431785068629316
YTHDF1,-0.4768529548459033,-0.8980358952698588,0.37447992341126823,0.7431785068629316
GTF3C4,0.42416866736565506,0.8979919376445086,0.3745493132014967,0.7431785068629316
PPP1R7,-0.12364550259926599,-0.8999718210275562,0.37455009185448834,0.7431785068629316
PDIK1L,-0.37684277619505613,-0.8972511732098513,0.37462983286808066,0.7431785068629316
RASSF8,0.35331117152338054,0.8981825483916265,0.37476482330697597,0.7431785068629316
FLVCR2,-0.38874766802277216,-0.8968949666387415,0.37476948913428815,0.7431785068629316
ABHD5,0.22525720901912383,0.8971931709540236,0.37480714343778915,0.7431785068629316
OTUB1,-0.13486287603488734,-0.9003511853361795,0.3748314129489111,0.7431785068629316
CLCC1,0.31005556285891434,0.9023475408780287,0.3749244025673534,0.7432380474068189
CD47,0.14022671987029067,0.8960255410141383,0.3751231182327805,0.7433634111993878
SARAF,0.12481050577451569,0.8974078001153966,0.37514777681938,0.7433634111993878
C14orf132,0.3046783595740097,0.8961029845272367,0.37521833742682154,0.7433634111993878
PSMC3,-0.1362815021140511,-0.8961621210084463,0.37529005538242916,0.7433634111993878
ADAM23,0.34254047840252655,0.8958557476449914,0.3753024930748286,0.7433634111993878
EDEM3,-0.2680087577037584,-0.8973220762880393,0.3754381522503923,0.7435073624083007
MIR193BHG,-0.3842769296317714,-0.896871893617909,0.3755658878703594,0.7436355763685998
MOV10,0.45132812592434,0.8946526498930457,0.37588549226358126,0.7440657449061093
GPN1,0.39262727744274883,0.8958827693171628,0.37590919971368375,0.7440657449061093
ZSCAN12,-0.34579487559246314,-0.8943826498725373,0.37627480462886376,0.7446645546762342
AKIRIN2,0.29698863587990054,0.8988866618518345,0.3763882937995652,0.7447642990787575
IGF2R,-0.2285727710566432,-0.8946218776908702,0.3764581330681033,0.7447776539079871
TGFB2,-0.3713293062572447,-0.8932831556312034,0.3765659115248642,0.7448660498577448
MRPS10,-0.15934300244785238,-0.8943562017751219,0.37674772320443417,0.7451008330421085
NOP14-AS1,-0.3665789788234459,-0.8922454980967593,0.37721206187975226,0.7458040164735237
HEATR5A,0.3183066561046206,0.8963412826778726,0.3772810575397805,0.7458040164735237
FBXL2,0.38570181966064787,0.8927768893427184,0.37731388347567607,0.7458040164735237
RBPMS,-0.17922754718335465,-0.8935248729988146,0.3773559839387003,0.7458040164735237
PTK2B,-0.3825752719374529,-0.8916578225753217,0.3777381802829418,0.7461697129996323
TMEM59,-0.08900335008262417,-0.8909116148978659,0.37784501113496044,0.7461697129996323
SOD1,-0.08786025095438887,-0.8909411608654095,0.3778454482593655,0.7461697129996323
COX11,-0.32247256854993633,-0.8921459722850854,0.3778473696328442,0.7461697129996323
ODF2,0.32828874366373473,0.8932861993797871,0.3779146151829465,0.7461697129996323
ANAPC16,-0.11773547894160075,-0.8918453524435259,0.3779202637886321,0.7461697129996323
SETDB2,0.4112605639277753,0.890746534057444,0.3780133475377864,0.7462286902480885
SETD7,0.40642960766351166,0.8926492220563812,0.378185627132511,0.746443960591756
SYS1,-0.41608733307291246,-0.8907325884061169,0.3782700571163401,0.7464857947606811
IFIT5,-0.31368421248645184,-0.8905367931909384,0.3783621781185324,0.7465303860822835
PCNX3,0.33077891850993923,0.8899631075273235,0.3784626283345484,0.7465303860822835
C17orf114,0.4003202337276428,0.8899148172310652,0.3784823685474347,0.7465303860822835
SOBP,0.33588824526646643,0.8910163082971494,0.37864847565044374,0.7465450424692237
ZFP62,0.3627095892246144,0.8905906155727347,0.3786778738751058,0.7465450424692237
ZNF674-AS1,-0.36997266350469804,-0.8891568528791741,0.37876043958750344,0.7465450424692237
KHK,-0.38581753625472937,-0.889469984433833,0.37892599837530716,0.7465450424692237
PCF11,-0.2599944060367978,-0.8914261216106467,0.3789374970397868,0.7465450424692237
TBC1D12,0.2526364029801105,0.8951917442288473,0.3790317589188315,0.7465450424692237
ZNF611,0.35695343097960963,0.8887446608251599,0.37907445818693103,0.7465450424692237
RCBTB1,0.4443779249530828,0.888747679010353,0.37913501105242675,0.7465450424692237
MAP2K7,0.4079870206761709,0.891298108714147,0.3791631438073756,0.7465450424692237
VAMP7,0.34166515165148326,0.8907223862352087,0.37918448272187905,0.7465450424692237
NUP54,-0.2376459642585882,-0.8908764870278267,0.37918632416706805,0.7465450424692237
RNF187,-0.17802232863620482,-0.8889003524109427,0.3792486759583172,0.7465450424692237
CAP1,-0.1387495090357529,-0.890221638775248,0.3797601280640726,0.7474271943641843
NOP16,0.4790435412058818,0.888758036558777,0.3798530833823703,0.7474390736254156
POLE3,0.2747216071423404,0.8929624326937795,0.3799632515703524,0.7474390736254156
PITPNM1,0.38931458389188234,0.8870056578358128,0.38013111459185434,0.7474390736254156
CORO2B,0.41379509091328526,0.887379809938139,0.3801842260361591,0.7474390736254156
ANP32E,0.27724198220319707,0.8893848133084927,0.38020742670097113,0.7474390736254156
NCLN,0.37159327133139364,0.8896326560995497,0.38021566567329135,0.7474390736254156
GHR,-0.3328225013554773,-0.8880763853957354,0.3802531648264705,0.7474390736254156
STAT5B,0.37751716263691293,0.8880484680578782,0.3803025686297622,0.7474390736254156
MEPCE,0.24945029053151524,0.8863486359033863,0.3804948901064825,0.7474390736254156
SCN1B,-0.45160859102798767,-0.8877853332554739,0.3805278766087023,0.7474390736254156
TIAM1,-0.46127273169863736,-0.8863050888454475,0.38053246037571575,0.7474390736254156
ILF2,0.15251768534819465,0.8869312544634187,0.3805755431590622,0.7474390736254156
UBE2M,-0.5003374483626004,-0.8878669257950417,0.38058926485068806,0.7474390736254156
CASP7,-0.3742590530274912,-0.8856059024000247,0.3806672917430382,0.7474679605832613
MORN4,0.38406532931191273,0.886213322552981,0.38075627244355803,0.747518342956295
NFXL1,0.4050074719962935,0.8858628670074764,0.38097793117081535,0.7476962486093428
COA3,0.12166566454588779,0.8846960208236501,0.38113771783161504,0.7476962486093428
RPP40,0.4137196476353575,0.885278296453407,0.3812013454946872,0.7476962486093428
SRD5A1,0.4392182605584871,0.8846483655869453,0.3812246876005228,0.7476962486093428
REEP4,0.4719613022310427,0.8849377527940208,0.3812761338401288,0.7476962486093428
C8orf44,-0.3409182590116808,-0.8846172053426975,0.381293141287065,0.7476962486093428
PRKD2,-0.3151503004762435,-0.8842207211320784,0.3814624844390665,0.7476962486093428
ZNF626,-0.4038426875690617,-0.8842618906775509,0.3815224535185787,0.7476962486093428
USP37,0.41605965786057864,0.8852958504507069,0.38152767481728855,0.7476962486093428
CPEB1,-0.3684887588619996,-0.8848084828292728,0.3815311208886395,0.7476962486093428
ZNF286A,0.40007411614646116,0.8847670816280025,0.38154430840384607,0.7476962486093428
BLTP1,0.3094433155309888,0.8873158503128153,0.38161082946432034,0.7476962486093428
SGCE,0.17586427145717565,0.8837873040870363,0.38167027480897076,0.7476962486093428
MAP3K7,0.37331899581525985,0.8839689138370531,0.3817798703127046,0.7477868539972586
KIF2A,0.1771156952694266,0.8864950271591383,0.3819165976630402,0.7478779979315959
PRIMPOL,0.38894857537099403,0.8844193389990347,0.3819531088123331,0.7478779979315959
SLC2A4RG,0.3336202379460689,0.8876479397267895,0.3821273623515249,0.7480119111361937
ZNF85,0.3718226568991292,0.883666347489014,0.3821482283830906,0.7480119111361937
FHDC1,0.4056343397992448,0.8824671792678797,0.38260568416368845,0.7487831733342742
ITGA5,-0.2833127324222051,-0.8816890962535189,0.38274525459017433,0.74893216151782
CRISPLD2,0.24007498440495123,0.8831468492687993,0.3828862746689572,0.7490839364380244
PHAX,0.15299594299500452,0.8814427586504141,0.38306641406356673,0.7492094478141046
COX7A1,-0.1545105897587815,-0.8809830083655347,0.3831303820043951,0.7492094478141046
UPRT,-0.37700829254024804,-0.8811899071622632,0.38316473511191645,0.7492094478141046
ZNF503,-0.20215578795005662,-0.8809057861671777,0.3832042902076716,0.7492094478141046
SLC36A4,0.34868163070532,0.8830204439539481,0.38364696722525726,0.7498911043203264
LARP1B,0.40826843322274087,0.8835378574372894,0.3836799889957451,0.7498911043203264
RASA3,0.3891883309521642,0.8805053048372941,0.38379270652689723,0.7499872373034302
FARP2,0.36342131301305125,0.8804935952023853,0.38411366891109205,0.7504902120978884
GPALPP1,0.39728605851961074,0.8800703098490861,0.38420348814761424,0.7505414823072292
ATP9B,0.39557555125652444,0.8804391031931174,0.38443774169270734,0.7507744118870202
TBC1D5,0.16498119028487856,0.8788591693799077,0.3844499212077117,0.7507744118870202
CUL4B,0.31133543199105995,0.8794026427154394,0.3848183947493082,0.7512555438034026
CITED2,0.46005700661938587,0.8810324121260606,0.3848235725014126,0.7512555438034026
Y_RNA,-0.3594600658049485,-0.8776064227178009,0.3849433054922327,0.7513650332896507
RASSF2,0.412267661164214,0.8784725378887669,0.38501923430059576,0.7513889999865321
VPS26C,0.2470521101306007,0.8802925032816601,0.3852429633975285,0.7517013525467479
KHNYN,0.39796210481890615,0.8770325348328867,0.38553372552375265,0.7520124450983109
MED17,-0.3200783253048205,-0.8767630536639516,0.38553986715923083,0.7520124450983109
TP53,0.3602658311603184,0.8781154314577788,0.385593505309621,0.7520124450983109
OSBPL5,-0.3482694734971723,-0.8760240725726162,0.38586906036813223,0.7523474490955647
TUBB6,0.21360247352344608,0.877483371820597,0.3858927407262723,0.7523474490955647
RPS21-DT,0.31701943003629585,0.8756061336458718,0.38601024274045814,0.7523816420508737
HM13,-0.1601160764981504,-0.875511888665579,0.38607021472897646,0.7523816420508737
IP6K2,-0.17470233916803846,-0.8784893316902905,0.38616512327791336,0.7523816420508737
MANBAL,0.1468266760470307,0.876833776670119,0.3861652155176826,0.7523816420508737
DHX58,0.3988895773735248,0.8755183548641676,0.3862723923166035,0.7524662691910073
CHEK1,-0.362483002445372,-0.8753650629468341,0.38659223409161575,0.7529650756395848
KCNJ12,0.42137765605052246,0.875707348369097,0.38668359512124956,0.7530187793477979
PIKFYVE,-0.406319475363897,-0.8740291282769763,0.38704282076957913,0.7534839063370841
ZNF567-DT,0.371065498888451,0.8740406809242867,0.387106596242056,0.7534839063370841
EGLN1,0.2107204325188814,0.8750625463280547,0.3871620386274088,0.7534839063370841
EMILIN2,-0.4659051149688964,-0.873780781300432,0.3871777531419527,0.7534839063370841
FANCM,-0.346198966116134,-0.8737146727317641,0.38729443260397334,0.7535867441717332
NDUFB7,0.12243943683057079,0.8730340032341126,0.3874309977716026,0.7536096820157309
MECP2,-0.17481133660373604,-0.8736743180319068,0.3874338975140593,0.7536096820157309
SLC35A3,0.36847502348356986,0.8735458204242612,0.3875212956302286,0.7536294618688457
SRSF5,0.13696436695754066,0.8736833454278734,0.3875832271471038,0.7536294618688457
HNRNPK,-0.09179000287575079,-0.8728016389848128,0.38763558597777475,0.7536294618688457
ERCC8,0.41389691265429107,0.873111373914545,0.3879670825313775,0.7541497463004958
DNAJC16,0.4055419020115849,0.8730234320611943,0.3882193772584463,0.7544594884199818
IQCJ-SCHIP1,-0.45360445986519027,-0.8714219505608309,0.38826400513628634,0.7544594884199818
CYFIP1,-0.22915835328237844,-0.8742102953103301,0.3883181576992638,0.7544594884199818
DDX31,-0.39192119479361764,-0.8713085720356678,0.3883892657301828,0.7544673203995829
NOP9,0.38426251631142927,0.8714750587588682,0.38850132602023857,0.7544673203995829
LAMB3,0.3888697877458136,0.871851938456027,0.3885139212798869,0.7544673203995829
SOCS6,0.39687161302958485,0.8717602880924674,0.3886414814970564,0.7545909028080183
MED22,-0.36981924639411323,-0.8707059825375342,0.3889633994862286,0.7550917498659642
OSGEP,0.25543987814917646,0.8742567016823045,0.3893544841800947,0.7554774760348788
ABCB8,-0.3932651723278311,-0.8694538484421873,0.3894004238707549,0.7554774760348788
B4GALT1-AS1,0.38529308255137895,0.8699366185646108,0.38944700163145934,0.7554774760348788
ATG16L1,0.4065092805600594,0.8698179187076975,0.3894865283354604,0.7554774760348788
NGF,-0.478671266810311,-0.8693342937779105,0.3895230301028342,0.7554774760348788
GAS1RR,-0.4178961724727186,-0.8691901662199449,0.38959961233419477,0.7554774760348788
HSPE1,0.2096106637435593,0.8688085411625042,0.3896681729521064,0.7554774760348788
DNAJB14,-0.2492728407789846,-0.8705473300853673,0.3896740662072323,0.7554774760348788
IDS,-0.1571368112974012,-0.8686528485461555,0.38991138420976135,0.7558134467317295
HAUS6,0.3112944322273692,0.8686189849320116,0.38998916792345073,0.7558401128445799
MSN,0.3124913638901914,0.8745601654798237,0.3904830959049942,0.7565115741521485
MAFK,-0.3560574590004655,-0.8671825486691809,0.39056852502858486,0.7565115741521485
FADD,-0.34244169957072845,-0.8676433839136536,0.3905901687696588,0.7565115741521485
NR3C2,0.38067129214983364,0.8674439511485497,0.3905919563284494,0.7565115741521485
IGF1R,-0.3321389903514511,-0.8669517490994615,0.39067193994541916,0.7565423640183191
CABLES1,-0.41030095996209903,-0.8669913840454073,0.39093771656008036,0.756932875839224
EPB41L2,0.16370406571273755,0.8666645823610157,0.3911618971056914,0.7572427345576724
SEMA5A,-0.4100317962292559,-0.8658193936060475,0.3912952672726764,0.7573767224387514
YPEL1,-0.3327961757445792,-0.8654107181034154,0.39167570270573404,0.7579530278650322
NBAS,-0.3711061433138063,-0.8652636420408831,0.3917214250745075,0.7579530278650322
TP53INP1,0.4326071176761581,0.864526837974769,0.39199909757089546,0.7583660024294364
GAL3ST4,0.3740125712127278,0.8670978007388637,0.3924698163597065,0.7587053144483272
MUC1,-0.42782035461154666,-0.864056398432012,0.39248839032053895,0.7587053144483272
SNRPB2,-0.11036146078008446,-0.863639072592851,0.3925208374706558,0.7587053144483272
NEDD4L,0.3663566844085697,0.8642922325102954,0.3925236907687151,0.7587053144483272
COL16A1,0.21155566556585637,0.8637729070444001,0.3926043266294901,0.7587053144483272
KRT10,-0.1416370475169888,-0.8657248316970925,0.39266359951664204,0.7587053144483272
CAB39,0.2757411311167859,0.8642861244627423,0.3928074232824901,0.7587053144483272
ZNF540,0.4086011211304239,0.8639907676231217,0.3928090826789347,0.7587053144483272
TRAF1,-0.3437717804889895,-0.8638681850100026,0.3929128494320427,0.7587053144483272
HOXA6,0.3589768290222617,0.8632371308164728,0.3929424367444145,0.7587053144483272
DOK1,0.3826329387087868,0.8634120442306387,0.3929598070441897,0.7587053144483272
PPP1CB,-0.2935905810479573,-0.8642158560416919,0.3929674690179224,0.7587053144483272
ATF7,0.36315652280350896,0.8643463368246611,0.39300999558250915,0.7587053144483272
KCNK17,0.5617325375263049,0.8624122381523612,0.3932314412566167,0.7589365205456254
STN1,0.3732053231687624,0.8635554743220476,0.39325833936277765,0.7589365205456254
RSL1D1,-0.13615852351407298,-0.8620860800179314,0.3933351145358238,0.7589606124706441
ART4,-0.42720067114477,-0.86239332265639,0.3935673834491059,0.7592846807675593
LRRN4CL,-0.3029256442487833,-0.8622021923767529,0.39368936693707873,0.7593573075542832
FLNA,0.32085570786948203,0.8637012690101171,0.39374780851158653,0.7593573075542832
KIAA1191,-0.23849002864296054,-0.8619514531204764,0.39379800396843045,0.7593573075542832
OLFML3,0.18867892555697274,0.8613826289388589,0.39390321210007256,0.7594361291591306
CDV3,-0.3609773414084101,-0.8608412357196104,0.3940090671341591,0.7594472334933724
CPSF1,-0.20161224096586894,-0.8615630638741343,0.3940588207898932,0.7594472334933724
TACC2,0.38485252351642174,0.861467191693669,0.3941513271902735,0.7594472334933724
ZNF655,0.3155947962461001,0.8650644610883568,0.39416630238152417,0.7594472334933724
ZNF529,-0.37523587258343216,-0.8600592748883908,0.3944750129560201,0.7598324095322831
TKFC,0.3510047581085374,0.8602903649249747,0.3944949460417928,0.7598324095322831
CHPF,0.17497840298593204,0.8599130867294225,0.39458007792569944,0.7598724012908454
UBE2L6,-0.17187014519502863,-0.860064810633464,0.3951139377357993,0.760612968059931
FKBP7,0.1254002350402308,0.8606198387844238,0.39516960112148247,0.760612968059931
ENSG00000272277,-0.33583723009525124,-0.8588827239416378,0.39517621437684847,0.760612968059931
ARHGAP44,0.3923976629996462,0.8589405213157683,0.3952223588377481,0.760612968059931
CCDC174,-0.15093668405912286,-0.8580687694825105,0.3955048694563653,0.7610325972179939
INTS6L,0.3929830463695052,0.8580292965378583,0.39579360899236815,0.7614443244639492
THOC1,-0.3807545467876299,-0.8575106646572689,0.39584784576325766,0.7614443244639492
DAGLB,-0.38223252611435,-0.8573412196600381,0.3961070056751645,0.7617302900629551
KLC1,-0.1483733851097515,-0.857444598873677,0.39628912068313665,0.7617302900629551
LRIG2,0.3927979598475422,0.8566865653859626,0.396330934007617,0.7617302900629551
WDFY3,0.3931796179876734,0.8575880153374044,0.3963606812963377,0.7617302900629551
CDON,-0.4386396261277281,-0.8565854518387641,0.39640147184839614,0.7617302900629551
PTHLH,0.602812403917881,0.8568646155947639,0.3964136936345791,0.7617302900629551
DNM2,-0.3253828428960057,-0.8563473447497899,0.3964481916261581,0.7617302900629551
CLCF1,-0.47151914400386774,-0.8561745891647756,0.396548127801906,0.7617983154925143
HERPUD2-AS1,0.385002876541503,0.8568048300438392,0.39661979498339084,0.761812020790584
SBSPON,0.537965367652578,0.8556931484328397,0.3968120094400757,0.7620108496855948
FAM161B,0.36963299187169385,0.8559217710590035,0.39685241032334073,0.7620108496855948
CDKN2B,-0.39999724483272603,-0.8559074802772029,0.39692483248794364,0.7620259631680232
CYP51A1,-0.3334615475014022,-0.8558468243303163,0.39709651233943566,0.7622315980759411
DPM2,0.27649013368793174,0.8591825965905495,0.3972156846791772,0.7623363936982095
TWIST2,-0.1976401943891677,-0.85561378043675,0.39738369966003034,0.7623823782161412
DESI1,-0.4594877393029342,-0.8546162882137106,0.39747938641670094,0.7623823782161412
C18orf21,-0.350862102396706,-0.8550231392736821,0.39753694510917126,0.7623823782161412
MKRN1,0.28348676899997916,0.8596182116881196,0.39767834086551757,0.7623823782161412
LIF,0.44726331765277805,0.854487769331898,0.3976803001133448,0.7623823782161412
SIRT3,-0.4826620994137292,-0.8543989122066592,0.3976834549492769,0.7623823782161412
TBC1D22B,-0.3568705387862363,-0.854713026684274,0.39769171410885196,0.7623823782161412
RFWD3,0.35622996543279006,0.8543652475134809,0.3977709062711626,0.7624103829405869
THUMPD3-AS1,0.34762262053408044,0.8551410010987173,0.39793771867845973,0.762559521241365
CTNNBIP1,-0.1718626165897934,-0.8547469467937637,0.3979859896425048,0.762559521241365
UQCRH,-0.0981289406443091,-0.8534645605332826,0.39805578512355233,0.762559521241365
FAM204A,0.2717884768586325,0.8609123174172915,0.39810921003479655,0.762559521241365
CLEC16A,0.3929653109592848,0.853301647746419,0.3981716974952794,0.762559521241365
FAM219B,-0.3189955912301805,-0.8526505468197789,0.39849268659576526,0.7628165686205574
EPB41L5,0.4277733341765999,0.8536931282406418,0.3985020456326594,0.7628165686205574
RHBDF1,-0.26487525146734736,-0.8566160246893209,0.3985763950769363,0.7628165686205574
VAPA,-0.12132252213024763,-0.8528762405628053,0.3985811001550828,0.7628165686205574
CAVIN3,0.1692822236795415,0.8539272886300385,0.39862900566033194,0.7628165686205574
PCDHGA10,-0.3763391396819613,-0.8527556840064049,0.3988438724013241,0.7630376748111093
SC5D,-0.32152878680856745,-0.8519311571932229,0.39887382391015297,0.7630376748111093
NECAB3,0.40109743472172177,0.8537108093774013,0.3991150847623922,0.7632577607579477
ATL2,0.3573915481214103,0.8515613352965516,0.39911818357973833,0.7632577607579477
UNK,-0.3137744330220098,-0.8512682729252207,0.39929137324489955,0.7634652836339552
TRIQK,0.35763825980893227,0.8523662510958344,0.39944039544106424,0.7635595955992169
ELAVL1,0.27467690105333187,0.8574027178824194,0.3994700603490694,0.7635595955992169
MED20,0.36108256090962243,0.8507628342603294,0.3996841323927205,0.7638451000317412
DMAP1,-0.2929124237628127,-0.8508269015983796,0.39992488453283914,0.7640834901133738
FAM13B,0.3841721824591233,0.8502079713608338,0.39993832150872827,0.7640834901133738
STARD7,0.2961012512515877,0.8498486775927454,0.40010868516176085,0.7641247731500912
SRSF8,-0.2567248017660191,-0.849518693724371,0.40021959584303984,0.7641247731500912
FAM24B,-0.34291392504510143,-0.8500250275436945,0.4002479430817334,0.7641247731500912
RP9,0.30981573953916985,0.8557659144312864,0.4002739726646707,0.7641247731500912
BICD1,0.36778948128647526,0.8492373725640935,0.4003469749062167,0.7641247731500912
FZD3,0.41296920336572907,0.849797584902265,0.4004834542786562,0.7641247731500912
MEMO1,0.3745014765714698,0.8491836334698991,0.40048648840990086,0.7641247731500912
ZNF630,0.3382444225825796,0.8489338775748423,0.40060104411899816,0.7641247731500912
TBCK,-0.3482859928637003,-0.8490348174618504,0.4006071099853376,0.7641247731500912
CISD2,-0.13238303456630884,-0.8495809896378949,0.40060721906191565,0.7641247731500912
NUDT21,-0.13390587822404143,-0.8496284716995975,0.4006880809497126,0.7641555404864874
EIF2B2,-0.2899140820381456,-0.8491405859159552,0.40087216973099,0.7642661302648022
KPNA3,0.26032584134177306,0.8537902010987639,0.4008755509190729,0.7642661302648022
ANKRD13A,-0.16481099662851673,-0.8479301551680949,0.40108024641473133,0.7644695941910238
CLPX,-0.318157712897829,-0.8484275866459311,0.4011117887690979,0.7644695941910238
DTX4,0.3636209887527353,0.8476337942205452,0.40124070456032807,0.7644909470676456
EXOC8,0.38183586243823386,0.8483437177782658,0.4013639115594256,0.7644909470676456
SNTB1,-0.40155427379577135,-0.8475021322250565,0.4013687527840191,0.7644909470676456
MRPL21,-0.10354760840587929,-0.8474871220940101,0.4014126852044987,0.7644909470676456
TATDN1,-0.27094274668439144,-0.8538814074193978,0.4014467921111678,0.7644909470676456
GLE1,-0.3592046662438899,-0.8470885613071331,0.40159745222251125,0.7645369133294241
FBXO48,0.3438432985513802,0.847227107819918,0.40160045739565936,0.7645369133294241
MIF,-0.11707491247789825,-0.8470124974445857,0.40171936919619333,0.7646399795809518
CHD7,0.4045702288528148,0.8470394857110598,0.40179768674689953,0.7646657572218521
NAP1L4,-0.11973936366891902,-0.8458184090979719,0.40223080501460096,0.7653174539147981
RNF20,-0.3781675177835577,-0.845644399270513,0.4023290481549118,0.7653174539147981
PFDN1,-0.13543302420064762,-0.8459651070899696,0.40236690879583414,0.7653174539147981
MLH3,-0.385476596974331,-0.8454483772358861,0.4024505868557128,0.7653174539147981
FAM171A1,0.3769847150624104,0.8461189719888877,0.4024642739435042,0.7653174539147981
BTG2,0.25151187259614183,0.8462606681580738,0.402662695861762,0.7655714486468193
CPEB3,0.3514865243361198,0.8454788562518363,0.4027447762817645,0.7656042003230644
ZNF581,-0.3695808894808983,-0.8458132734635271,0.40287181693620744,0.7656314920119284
LINC00957,-0.324405621044211,-0.8455004788650087,0.4028888461141973,0.7656314920119284
TRAPPC13,-0.37934796837946205,-0.84456725935773,0.4030202734123463,0.7657421122612554
METTL3,0.23260277605201285,0.8471175396856062,0.403090605157765,0.7657421122612554
HYCC2,-0.34234559831416744,-0.8441813813979553,0.4031416541892166,0.7657421122612554
CFAP298,-0.2395288284497905,-0.8452077572890152,0.40327053296159227,0.7658636810829467
ZBED5,0.18497346729349484,0.8448097750386707,0.4034520668224861,0.7659899116916082
HMBOX1,0.35217679075069386,0.8445524439037648,0.4035171373109278,0.7659899116916082
TGFB1,-0.22887702640632313,-0.8431056555163496,0.4037501608957574,0.7659899116916082
NXPH3,0.4134964900408278,0.8443890168805246,0.4037744765599795,0.7659899116916082
EMD,-0.1425551498336164,-0.8446874393852509,0.40379873376330044,0.7659899116916082
MIATNB,0.30093443109762963,0.8438594684791906,0.4038145923110642,0.7659899116916082
CAT,-0.18077695268760952,-0.8429202258989452,0.40383969993380825,0.7659899116916082
ZFP30,0.3965996705865462,0.8428135975437927,0.40396366064680445,0.7659899116916082
DDX17,0.13262090809983107,0.8444374289250929,0.40397226483122994,0.7659899116916082
HSD17B14,-0.3521062401479278,-0.8440792965372284,0.4039858695630625,0.7659899116916082
PLEKHM3,0.3556841294174746,0.843378409731572,0.4041158632761615,0.7659982606746012
TMEM181,0.3869760963467037,0.8447039552631124,0.40412004807127627,0.7659982606746012
MNT,-0.370088238035327,-0.8420940211070151,0.404313273655953,0.7662414826631121
SLC25A12,-0.3612026083386555,-0.8416297821833559,0.40464416637780154,0.7664642572235528
VAMP4,0.32473374887579354,0.8423576018575751,0.40468395321334033,0.7664642572235528
ARHGAP20,0.3611543303627007,0.8433219972165812,0.40468884643016173,0.7664642572235528
WASF3,-0.3848619599656615,-0.8419365133371874,0.4046905307305722,0.7664642572235528
BAK1,0.33803776165223587,0.8438661630771381,0.404977231689613,0.7667753235770733
AP4M1,0.31334354194282454,0.8423871918910187,0.40503772436245766,0.7667753235770733
CCL5,-0.396676813430638,-0.8409761745703359,0.4050624547702827,0.7667753235770733
RAB11A,0.09084786529193778,0.8421151865711052,0.4051377461317803,0.7667753235770733
FKBP8,0.32646471546043987,0.8469327523943782,0.40517953989612737,0.7667753235770733
TAF1B,-0.32370423173311735,-0.8403659815258047,0.40532495316060024,0.7668798721061878
TATDN2,-0.37174433750970803,-0.8400565165933792,0.40556063385027374,0.7668798721061878
KDELR2,0.16098238467834491,0.841154053454543,0.4056401854977177,0.7668798721061878
OSBP,-0.4104170890779675,-0.8403730389933499,0.4056977766917597,0.7668798721061878
SYNGR1,-0.22603230075246916,-0.8421510875676216,0.405700366180652,0.7668798721061878
ZNF155,0.3636413555836484,0.8406596395572212,0.4057412217060124,0.7668798721061878
PHF20L1,0.2613733092115087,0.8450872556760921,0.40577840871582105,0.7668798721061878
MAP3K3,0.3469791456762219,0.8418369363353486,0.40579950761274136,0.7668798721061878
FGD5-AS1,-0.1344403560160501,-0.840672151850273,0.4058996102527639,0.7668798721061878
NCOA3,-0.2293373859349641,-0.840481880704311,0.4059035983257577,0.7668798721061878
MIR4435-2HG,0.37196252728987034,0.8407684976971259,0.4059579047732404,0.7668798721061878
RNF217,0.40923801200392695,0.8403161070161673,0.40605374707887787,0.7668798721061878
MAPKAPK3,-0.3566669523463699,-0.8390029508796794,0.4060792952592783,0.7668798721061878
SLC25A26,0.21363419028361008,0.8427621392964878,0.4064731428701553,0.7673161371842079
NGDN,-0.13689786746668275,-0.8385321205465585,0.40652535814484675,0.7673161371842079
SARNP,0.47936297967504604,0.8384525642201416,0.40657992644295143,0.7673161371842079
LLPH,-0.29650426654429296,-0.8403076691565201,0.4066041156008351,0.7673161371842079
FERMT2,0.14056970413351522,0.838122933227519,0.40663530319562935,0.7673161371842079
LINC00702,0.4612671560276618,0.8395613204143512,0.4068015016790331,0.7675070684546885
PEF1,0.1877135641541603,0.8375586908853749,0.40696000425160495,0.7676834212512298
KYAT3,-0.31170648652583655,-0.8371144279152224,0.4070538542298631,0.7676925413884435
ETV6,0.2822202595223038,0.8376514728024732,0.4070949012360573,0.7676925413884435
SNX11,-0.2933969094682598,-0.837118109870404,0.40716028281219213,0.7676932021399022
LDB1,-0.4015131200485831,-0.8366646465085564,0.4073022641474395,0.7678382670489498
TMEM267,-0.34969552687797645,-0.8373768207140716,0.4075867254444526,0.768131957304612
TMEM126B,-0.1140978202852434,-0.8369823947201094,0.4075881897972122,0.768131957304612
ERI3,-0.10322890750791291,-0.8361224993685035,0.4078472191975476,0.7684974337792576
ENSG00000271780,0.31184992481446505,0.8354162653794152,0.40801404997664925,0.7686418936484816
GPC6,0.32248568448008097,0.8352974622308779,0.40811016522869087,0.7686418936484816
C2orf69,0.36504660480849704,0.8353061685132659,0.4081192197703246,0.7686418936484816
LPIN2,0.2677487883037619,0.8384292722270192,0.40819190936192973,0.7686561636652705
STBD1,0.4295269975415179,0.8350858545157709,0.4083394678194958,0.7687940234510563
TRAPPC2,-0.26890345611383726,-0.8353311011718212,0.40848233845161785,0.7687940234510563
SHARPIN,-0.11768578201547886,-0.8351339286989858,0.40852529146392635,0.7687940234510563
EXOSC1,0.1548561497047416,0.8367031651535757,0.4085256170358726,0.7687940234510563
ZMYM1,-0.34172320388450306,-0.834032492285989,0.40879521308332584,0.7690968562498975
TRMT10C,0.18037869306595145,0.8356160266803061,0.4088622909371165,0.7690968562498975
ING3,0.36858187070602755,0.8355358943860279,0.40888198812573967,0.7690968562498975
SUGP2,0.3816332362867425,0.8346314824941754,0.4091191094588234,0.769403784745946
HIVEP3,0.33849758198932633,0.8335347111288061,0.4091755155133459,0.769403784745946
DYNLRB1,0.1272188814487869,0.837103122664398,0.4092786752624776,0.7694751969220492
APOL4,0.42210456107891625,0.8331468125965327,0.40936071712936545,0.7695068894446113
USP48,-0.14414990675123374,-0.8337005712087519,0.4096290396047297,0.7696142183021075
PDE3A,0.4753798844072761,0.8333065513346061,0.4096846920282253,0.7696142183021075
EIF4G3,0.31871311380930667,0.8335617298574102,0.40970670530179193,0.7696142183021075
IRAK1,-0.36836198272889,-0.8352299166580394,0.4097541109804622,0.7696142183021075
LRR1,-0.361921229565926,-0.8350491385275431,0.40977934575790814,0.7696142183021075
GCK,0.3498986291473851,0.8328910154346868,0.40980897723397275,0.7696142183021075
MTHFD1L,0.28175320759920197,0.8310125983322084,0.4104624443366781,0.7703380556343162
TMEM147,0.10783765951150137,0.8314328534193995,0.41063162166778705,0.7703380556343162
SCMH1,0.3193230502129851,0.8321876179870237,0.4106580267579969,0.7703380556343162
NOP53,0.15933561954097009,0.8318997116677911,0.4106966391632814,0.7703380556343162
GRAMD1A,0.28872280465094136,0.8309258418171588,0.41070895492827325,0.7703380556343162
ADORA2B,0.3359989854787413,0.8306777035830787,0.4107271285110929,0.7703380556343162
REXO2,-0.1323424739252852,-0.8305040547963863,0.4107462283666604,0.7703380556343162
NPR2,0.3621458937592994,0.8307952934155672,0.4108519252927983,0.7703380556343162
LEPR,-0.3196028823490922,-0.8308992036993441,0.4109015098555384,0.7703380556343162
LINC00342,0.35796800609446944,0.8304275160056281,0.41092674851084837,0.7703380556343162
YWHAZ,0.10387425539193806,0.8301585215879324,0.4109383303678923,0.7703380556343162
CEP112,-0.3310616009894498,-0.8302727403444349,0.41102822790320276,0.7703380556343162
RALGAPA2,0.3943502705587174,0.8305901480874247,0.411119405515147,0.7703380556343162
LMNB1,-0.33599381452560984,-0.8300153949451868,0.4111367305754164,0.7703380556343162
MLKL,-0.3170829371596757,-0.830050959361828,0.41126780182552797,0.7703380556343162
PSMB7,-0.10586730080553508,-0.8309351881162808,0.4112907362906561,0.7703380556343162
EPC2,0.38645969303608974,0.8298287558838767,0.41130374965379884,0.7703380556343162
RRP9,-0.31913944282204465,-0.8295174802687306,0.41143098907206643,0.7704541284891726
RNF135,-0.32629027453839043,-0.8291452024183719,0.41149991651977746,0.7704609856488459
FERMT3,0.3379929467976197,0.8286793496966237,0.41179881781022143,0.7706815001585458
PLA2G2A,-0.5931129378766187,-0.8291066579501377,0.41191904140760977,0.7706815001585458
NSL1,0.12393055506783845,0.8282709975040766,0.4119891478366587,0.7706815001585458
UBE2G1,0.31106175041119943,0.8288612976492513,0.412051576865554,0.7706815001585458
CEBPZOS,0.26047004407287844,0.8350105386086608,0.4121249501758885,0.7706815001585458
SNAPIN,-0.15741298499266332,-0.8279560958426924,0.4121721258709645,0.7706815001585458
TTLL7,-0.39131674588962273,-0.8279400188520465,0.41219051169689647,0.7706815001585458
CCDC57,0.3746358374076384,0.8286358386995835,0.4121988265521737,0.7706815001585458
ZBTB14,-0.35768792360682955,-0.8292435556673219,0.41221600031076094,0.7706815001585458
MYO19,0.3930441001097198,0.8282241408299466,0.41228860612607204,0.7706815001585458
BLVRA,0.2557244375744858,0.8336381320072841,0.4123358199916455,0.7706815001585458
METAP2,0.13143446114582868,0.8276754310474616,0.4126823531183811,0.7712070885804161
ZNF688,-0.2991522927350734,-0.826837128472221,0.4127913709216614,0.7712887201219077
MANF,0.18640675365952664,0.8294823054467567,0.41294327387149227,0.771450442799963
SINHCAF,0.35472375369183196,0.8285315710585349,0.4130926709662898,0.7714572439257187
ABRAXAS2,-0.28932530201185536,-0.8262277137791316,0.4131331892153243,0.7714572439257187
JMY,0.3911181409713227,0.8271498324817008,0.41314296451489996,0.7714572439257187
ATP6V0D1-DT,-0.3239555067834108,-0.8273039407970414,0.4132540043239252,0.7715425464247883
SET,0.19463681879555406,0.8261024445126037,0.4134494356173499,0.7715704033662083
UQCC3,-0.14921233441752157,-0.8269463535631882,0.413494785158746,0.7715704033662083
YEATS2,0.32530140801100504,0.825659067106643,0.4134963885447018,0.7715704033662083
STRBP,-0.32675523438404097,-0.8261539483152534,0.4135324448714731,0.7715704033662083
AQP3,0.40781797979598533,0.8257535046395619,0.41359572321061977,0.7715704033662083
ATP1B1,0.38608525237561375,0.8254964215370872,0.41375300057674314,0.7717418504990445
NBR1,0.3073184499123425,0.8254900402068593,0.41384064048901464,0.7717833745612667
CFAP20,0.15370488352694878,0.8243930237819109,0.41432458365505487,0.7725638461614157
SMYD5,0.35205992542941256,0.8244771406707517,0.41449532748885937,0.7727601612454177
PITPNB,0.1527431298632118,0.8242466347919856,0.4147157777506897,0.7729302315421879
MINDY3,0.3235538179799007,0.8251117930423909,0.4147174999227631,0.7729302315421879
ZNF836,0.38164637420185077,0.8240013830109599,0.4148301647501766,0.7730181680940544
DXO,0.3073221217809263,0.8241610968432052,0.41500226430116105,0.7732168134588394
ACTR6,0.3355392688762153,0.8244147162964618,0.41509049741492693,0.7732591639550596
ILF3-DT,-0.15656224267783347,-0.8249076656796304,0.41519161597920473,0.7733255012045617
RBM8A,0.10765893292287387,0.8236993214449091,0.41552131584201957,0.773805373285758
RPL31,-0.10805930814121822,-0.8218319298468862,0.4156045076205262,0.773805373285758
ANKRD36,-0.36541665559553405,-0.8219502639037342,0.41564590190639483,0.773805373285758
FOXO1,-0.3896500067301547,-0.8218139895512933,0.41590157461358396,0.7739383660611456
RBM10,0.29002573862886916,0.8266070097362151,0.41590552089928334,0.7739383660611456
TOGARAM1,0.33879875640928203,0.8217906987637326,0.41597772149960693,0.7739383660611456
PHF5A,-0.21594473978965834,-0.8236890542471801,0.4159795792171088,0.7739383660611456
POLR2B,-0.15935749443229064,-0.8236171533748354,0.4161101925296209,0.7740593795796051
BLOC1S5,-0.3720092718341239,-0.8208277429796809,0.41620016875718874,0.7741047726766367
PFAS,0.3590010854880141,0.8203283011639972,0.41649723283395745,0.7744661547579947
DCAF13,0.3270640209040261,0.8252543050654004,0.41659391246483624,0.7744661547579947
ARG2,0.386022396922272,0.8200744479388303,0.41663468026718653,0.7744661547579947
NSMCE4A,-0.21460425494169488,-0.8208751955593452,0.4166568868164358,0.7744661547579947
DCTD,-0.13056897614443752,-0.8208051173893484,0.4167414708389233,0.7745014268346174
SUCO,0.2460227671149262,0.8231782156075915,0.4170224158145738,0.7746899478213103
QDPR,0.23289418463285738,0.8225775399732893,0.41712607304112614,0.7746899478213103
MASP1,0.38336694925412607,0.8199482449383974,0.4171340941955796,0.7746899478213103
STK39,0.40458124493301906,0.8195502842863105,0.41718933987874707,0.7746899478213103
TBC1D14,0.3442051514785933,0.8202447345772833,0.4172554451776797,0.7746899478213103
IKZF5,-0.33436130886403426,-0.8188964342797607,0.417356487419102,0.7746899478213103
ANKRD53,-0.3566723431287371,-0.81874806504564,0.41735721670202214,0.7746899478213103
GOSR1,0.32434585129610216,0.8250758523722775,0.4174715538891796,0.7746899478213103
FBXO30,0.3702235522100663,0.8195474184018771,0.4174747697554117,0.7746899478213103
NDST1,0.3473522847562043,0.8186157818671043,0.41751146671563477,0.7746899478213103
C1QTNF1,0.4753912292210707,0.819553214387951,0.41756477238348133,0.7746899478213103
PDPN,0.34921892856341685,0.8214137551353807,0.4177695537258597,0.774749750134432
YIF1A,0.17068646877880234,0.8202287442651357,0.41780919395560073,0.774749750134432
MPPE1P2,0.31448992635518813,0.8181767993406349,0.4178802656167072,0.774749750134432
FAM210A,0.30987859256287376,0.8177282552065464,0.41794917485507815,0.774749750134432
SLC7A7,-0.371077377388489,-0.8183879525592841,0.41798463663629243,0.774749750134432
AFG2A,-0.3858370237775208,-0.818017132381849,0.41799078005982193,0.774749750134432
FAM117B,-0.37124620046004875,-0.818671620649417,0.41805803947268166,0.7747527717386197
RASL12,0.27940514626373947,0.8178379678934051,0.4183810898185498,0.7751670971027786
SS18L1,-0.3462201326948082,-0.8171211872831836,0.4184418198112097,0.7751670971027786
ATAD2B,0.3998296499079994,0.8173503724815899,0.418568532478743,0.7751670971027786
POMP,-0.11392817969594216,-0.8167826473595471,0.41859700093695135,0.7751670971027786
MYPOP,0.4094405929324947,0.8173363516978832,0.41866596791632865,0.7751670971027786
RAB22A,0.26167600939221014,0.8219657621373619,0.41878502714545895,0.7751670971027786
TADA2A,0.39076105963258767,0.8161967248792613,0.41879376827100634,0.7751670971027786
ABL1,-0.231320026657861,-0.8175269642896701,0.418806924635453,0.7751670971027786
ARAF,-0.2846007490007674,-0.8165076124152361,0.41897239487126503,0.7752874181843041
MDM2,-0.3474629194433074,-0.8157233209498149,0.41905781428410094,0.7752874181843041
GAL,-0.5201145324907732,-0.8162202343696119,0.41910260388942655,0.7752874181843041
SPG11,0.23030501750651933,0.8198380873518084,0.4191483222988092,0.7752874181843041
CHST14,-0.2627176190728102,-0.8154675562737934,0.41920030413133524,0.7752874181843041
SRSF4,-0.08487296551465473,-0.8154677430172353,0.4193182599377768,0.7753840943868195
RPAP1,-0.369896418649716,-0.815249559089041,0.41946260260055634,0.7755295260296895
MYRFL,0.38557429840850843,0.8158058520678011,0.4196622895547024,0.7756822499265308
ACTR1B,-0.16127685005005876,-0.8145737439968145,0.41976798903794105,0.7756822499265308
PER1,0.20728462523198754,0.8170553514243231,0.4197985923617026,0.7756822499265308
IL16,0.3822121499455067,0.8154555829069662,0.41980803852440535,0.7756822499265308
SLC16A5,0.3386318175555705,0.8142446199819997,0.41989632014974665,0.7757239529527009
SMARCD3,0.2658899234694658,0.8163954981405417,0.42034158022155277,0.776192503520033
ABT1,0.3312073619147462,0.8155304036084894,0.4203987523843426,0.776192503520033
PPP3R1,-0.34215494363897037,-0.8133871960015668,0.4204056791866021,0.776192503520033
BLTP3A,0.3547949843800198,0.8136267602329754,0.42050282212089835,0.776192503520033
ALDH9A1,-0.2369597543237143,-0.8160622686850441,0.4205549550394146,0.776192503520033
ZNF580,0.15116651594510433,0.8144204327972041,0.4205717021550882,0.776192503520033
ZNF764,-0.35323710908276174,-0.8141114909672711,0.42061020288163076,0.776192503520033
SH3RF3,0.3380983170184111,0.8125621497514971,0.4209525982236215,0.776702941861496
CAPRIN2,0.40102971924320086,0.8123175563895787,0.4210796054796059,0.7768158685242613
BCAR1,0.3068869835777681,0.8127905410663127,0.42130855824984026,0.776900221920051
PRELID2,-0.363043389652554,-0.8117951376394429,0.42137974935078193,0.776900221920051
TMEM131L,-0.38032079669522734,-0.8120851453058439,0.42138886203590203,0.776900221920051
LIN54,-0.35753193030109687,-0.8115002679420903,0.42148695575155753,0.776900221920051
ZNF90,0.3361875978223339,0.8114678725473449,0.4215723695858586,0.776900221920051
MPI,-0.35685971103481684,-0.8111973636384742,0.42161912023965065,0.776900221920051
SOWAHC,0.4083404097057155,0.8121259503945896,0.4217012997792049,0.776900221920051
TEFM,-0.35334162445280315,-0.8116141259286276,0.42175790273293745,0.776900221920051
ZBTB7C,-0.39827301916040225,-0.8110356441325204,0.4217891969087054,0.776900221920051
XG,-0.48010828124581595,-0.8118268639643252,0.421830905281185,0.776900221920051
LHPP,-0.2760735851091729,-0.8118901501638728,0.42188686820250537,0.776900221920051
UBR5,-0.30001148456293514,-0.8111673313659147,0.42192926945764353,0.776900221920051
MORN1,0.32811610728779605,0.8105421640676909,0.42206712303022365,0.776900221920051
NIP7,0.3806582143428834,0.8107209196825902,0.4220810430731289,0.776900221920051
Y_RNA,0.3580431499727401,0.8106732512036217,0.4222498033096611,0.776900221920051
NDUFAF8,0.15135485885274402,0.8109465980770112,0.42227791552916605,0.776900221920051
NT5C3B,-0.2598462486732904,-0.8107068616925781,0.42229529387870945,0.776900221920051
WIPI1,-0.21499282678708553,-0.8106431280923155,0.42235216636647327,0.776900221920051
UQCC4,0.37377114225827546,0.8108487141026647,0.422385647843046,0.776900221920051
MT-ND2,0.10480083524571704,0.8096978762566291,0.4224977804163898,0.776900221920051
PCDH1,-0.42717805080799587,-0.8100415917101584,0.42250736338218786,0.776900221920051
RRP15,-0.2143630407945185,-0.809852690173266,0.4226705526846399,0.7770792515873188
ZNF660,0.3367207146433413,0.8098610912229645,0.42283650169673037,0.7771592533422117
APLF,0.33498791665555916,0.8091074629499813,0.42293497752714354,0.7771592533422117
SNHG9,-0.3120376300838119,-0.8087989297328111,0.42302367776219546,0.7771592533422117
STXBP4,0.3924674243414561,0.8095111712667609,0.4230896074100113,0.7771592533422117
SLC25A39,0.2616246353469407,0.8139798243435203,0.42328552052909196,0.7771592533422117
ELL3,0.31872845792911986,0.8087199691783372,0.4233016293710154,0.7771592533422117
DCUN1D4,0.34855474998727587,0.8083206272842611,0.4233206768502434,0.7771592533422117
TRMT44,-0.3538232998970443,-0.8082996686620658,0.4233693867263788,0.7771592533422117
TC2N,-0.4133040547361362,-0.8103784843573718,0.42341133621164595,0.7771592533422117
VPS53,-0.3046767486569326,-0.8083100352231075,0.42342456645793863,0.7771592533422117
ENSG00000248863,0.3878123169908334,0.8087968549613647,0.42344665901740136,0.7771592533422117
DHX38,0.3189360588663934,0.8083310488545097,0.4235040641042311,0.7771592533422117
RBM27,0.3522469972057489,0.8082263312655517,0.4236674491775711,0.7773066850637724
STXBP1,-0.15887902365997775,-0.8079848930034833,0.4237160964324757,0.7773066850637724
OTUD3,0.3442380964199254,0.8080103487522817,0.42395462206186213,0.7776078761298891
SLC52A2,-0.15228654354599414,-0.8072873233740534,0.4240120202158489,0.7776078761298891
DELE1,-0.3251040467106199,-0.8068044421154696,0.42412799307518667,0.777699744991081
SLC37A1,0.38381774094326926,0.8068913113819898,0.42424632502372855,0.7777959103750762
MRPS25,0.2619022954581771,0.8105289625998182,0.42452310614858924,0.7779721100228056
TRMT1L,-0.341945908739115,-0.8061434374867895,0.4245486402167924,0.7779721100228056
MYLIP,-0.3555178799226537,-0.8060647459266382,0.42456428880056796,0.7779721100228056
SNRPN,0.234372085438582,0.8055963596635647,0.4248405276211177,0.7779721100228056
NDUFA6,0.10945716338937395,0.8056469227899005,0.42484561617032934,0.7779721100228056
BABAM1,0.2783846594310737,0.8096246733522445,0.42492189162555133,0.7779721100228056
ARPC4,-0.340813278814303,-0.8053699711002618,0.4249529594184602,0.7779721100228056
PTPRM,0.3396026284032958,0.805310557984995,0.4249714384396218,0.7779721100228056
POLR2K,-0.09091537617892342,-0.8065005667828669,0.4250995196185464,0.7779721100228056
GIT2,0.32700130457435694,0.8063685932439415,0.42523771270240646,0.7779721100228056
CCDC138,0.32719369409872634,0.8048213651366972,0.425301503314079,0.7779721100228056
JMJD6,0.3055556493213176,0.8047768763065724,0.42531188274793263,0.7779721100228056
CHCHD4,0.31125457047626304,0.8065453394629015,0.42535246127319254,0.7779721100228056
JPH2,-0.4660166049849237,-0.8058119002902474,0.42535404511381447,0.7779721100228056
ZRANB2,0.10579306622032636,0.8049322200368769,0.4253859873227535,0.7779721100228056
CEP41,0.37902088054627825,0.8077546599297267,0.42544798205185846,0.7779721100228056
DVL1,-0.3218606174531278,-0.804948340275337,0.42546276512555975,0.7779721100228056
CARF,-0.3789518276673811,-0.8044494301141759,0.4256721683759618,0.7782344661109228
ZC3HC1,-0.31285671959918737,-0.8047578100645941,0.4257755409094485,0.7783029204763146
DKC1,-0.3399394401824316,-0.803855381983664,0.4258679901787827,0.778348052494806
IQCB1,0.3175821400021004,0.8039095236161996,0.425932098188602,0.778348052494806
RPL13,0.10804072441564117,0.8035701928743969,0.4261773051663561,0.7785680931114584
PCNA,0.3073198785925655,0.8101394839072914,0.42618441488235864,0.7785680931114584
C7,0.2702186020082884,0.806613081045684,0.42626114614540933,0.7785877812543025
EIF2B1,-0.14283106346680707,-0.8031457209184831,0.42640812167859204,0.7787357482078867
DDX23,0.2867088831181297,0.8072928322799625,0.42650370548374245,0.7787898288067409
GNPTG,-0.24610061365301128,-0.8064787795676666,0.4265976368348853,0.7788408757865483
ID4,0.3490600757895974,0.8034038056939232,0.4268313921650861,0.7790635084864894
DNAJC5,0.3412617476845221,0.8036819512076435,0.426896830455334,0.7790635084864894
COX8A,-0.11025957218494398,-0.8039067430006978,0.4269456994982831,0.7790635084864894
NDE1,-0.2854106523861084,-0.8016066671559168,0.42709896733564195,0.7790635084864894
TRIP11,-0.13290150414851354,-0.8018806085262398,0.42709952809289364,0.7790635084864894
SRP9,0.16528312155879732,0.8020993095708514,0.42712095378893633,0.7790635084864894
TOMM7,0.08835856973279732,0.8016036213390578,0.42719757619606297,0.7790635084864894
SERINC3,-0.16682773564690212,-0.8018728578589179,0.42730949657225387,0.7790635084864894
ARHGAP5,0.23199747412522154,0.8017246474410921,0.42731352964422015,0.7790635084864894
SLC16A7,-0.2956011279466688,-0.8044109318580412,0.42743559865135583,0.7790945200539064
KCTD6,0.33518601689888383,0.8038309385831961,0.42747521317694587,0.7790945200539064
CABP1,0.3692009356574413,0.8011223016829153,0.42760206160954267,0.7790945200539064
KLHL21,-0.3839111001477238,-0.800773290771232,0.4276364991969617,0.7790945200539064
CDC42,0.1387544753325196,0.8016497885998982,0.42767270911562155,0.7790945200539064
AP3D1,0.2747487141811442,0.8008929718435941,0.42778995351392346,0.7790945200539064
DTX3L,-0.313806683118643,-0.8003410687954048,0.4278505250904396,0.7790945200539064
PARM1,-0.5590610822925073,-0.8002671495269831,0.42785851533328895,0.7790945200539064
RPS29,-0.20357320085836506,-0.8004434397919727,0.42803753958792673,0.7792986044278905
SYNC,0.33092494343493595,0.8011052079145538,0.4281026217462829,0.7792986044278905
GPR107,0.35158012003549644,0.7999496878357741,0.4281715589427514,0.7793039243476996
SACM1L,-0.23655171549907905,-0.8019303518489163,0.42846330967988033,0.7795525151147927
KIAA1755,0.4266976006146299,0.8006179366327592,0.42853351889091457,0.7795525151147927
ABHD13,-0.25846280853617465,-0.8014150692532034,0.42860662526643356,0.7795525151147927
VTA1,-0.24600762836769885,-0.7998429913551676,0.42863005731852416,0.7795525151147927
SCAF8,-0.34765181904435183,-0.7990744593576384,0.42863832067853613,0.7795525151147927
WDR35,0.38331466714998186,0.7999827494480114,0.42873044716642106,0.7795999582254467
GSTT2B,-0.3895126755978575,-0.7985043548449632,0.4289725782951766,0.7797283701213478
PTGES3,-0.11307362160648537,-0.7983740351566123,0.42898024609890134,0.7797283701213478
RC3H1,0.16936358003653051,0.7983051931270999,0.4289992176144137,0.7797283701213478
SMIM8,-0.24315806335794887,-0.7992344058947953,0.42931118266515955,0.7798673254922794
USP32,0.3700498868526072,0.7992101843818369,0.4293217611240066,0.7798673254922794
BRMS1L,0.3350015983658228,0.7987969384333315,0.4293305553029606,0.7798673254922794
SERTAD3,-0.15907339610813676,-0.7976901828427582,0.4293399193879139,0.7798673254922794
MBD6,0.3174618077170681,0.799037282007627,0.42960384402589996,0.7800300011386246
SGMS1-AS1,0.28220609077844006,0.7974313331124074,0.429644892287736,0.7800300011386246
TRAF5,0.3360592496662309,0.7971839422073818,0.42968549989001614,0.7800300011386246
RAB11FIP1,-0.36204052172674706,-0.7972162813483095,0.42969378207577097,0.7800300011386246
IFT74,0.30584818918625434,0.797744179001298,0.42994124588412624,0.7803508275772477
EIF3D,-0.23510219946307842,-0.79910330368344,0.4300027220152474,0.7803508275772477
ZMPSTE24,0.24524104476613218,0.8008242353275187,0.4300819468377011,0.7803746360926932
NPRL2,-0.38073909588222143,-0.796187928419294,0.43025370151396536,0.7805663049596375
CEP63,0.1498319867606881,0.7959697237434893,0.4303659268465033,0.7806091288785735
RANBP3,0.3603141032531174,0.796930160854306,0.43040955695642824,0.7806091288785735
LINC02987,0.3430864441877939,0.7973918254583165,0.4304985253943307,0.7806505518095351
RBM22,-0.2492534944636029,-0.799068839476974,0.430710721963831,0.7807246408717817
GPR162,0.38758378549189265,0.7954692050384593,0.43080887328199924,0.7807246408717817
MTHFS,-0.41991009288696723,-0.7952875034350032,0.43081487264353235,0.7807246408717817
ABCA10,-0.32857283246717817,-0.7979652191090807,0.4309218372585334,0.7807246408717817
ZNF444,-0.3024449079265703,-0.7949132135790955,0.4309823428173905,0.7807246408717817
ZMAT2,0.25919326368706397,0.8010857036179027,0.430996263670146,0.7807246408717817
POLG2,-0.3333429938948367,-0.7948668353915206,0.431007836599349,0.7807246408717817
CEP15,0.2881263554104052,0.7955312719648863,0.4311561146647149,0.7807246408717817
TP53BP2,0.39242661405125956,0.7946155197710606,0.43119736876119286,0.7807246408717817
RNF34,-0.29174256707269075,-0.7945496497487028,0.4312007334590442,0.7807246408717817
GNL3,0.19133410088129565,0.7941673231334302,0.43143112343889445,0.7807507196680283
INTS12,-0.2661246537376689,-0.7940533528939372,0.4314486455803212,0.7807507196680283
DPH1,-0.3138436810755554,-0.7940111194906508,0.4314932456107577,0.7807507196680283
ATL3,-0.1724825735232116,-0.7947322714298197,0.4315076640424648,0.7807507196680283
ARMCX6,-0.2571051589387565,-0.7950156176652963,0.4315590385439193,0.7807507196680283
PAN3,0.3201165503011074,0.7950185869825463,0.43165900884151526,0.7807507196680283
DAD1,-0.08774925744016393,-0.7937131486882627,0.4316780980324626,0.7807507196680283
TLCD2,0.3711618700623258,0.7934750169036755,0.4318185774756394,0.7808851573376108
ERAP2,0.49374820299927213,0.7932419396699041,0.4322197768255733,0.7814909580986203
TPRG1,0.36816686790359077,0.7935287961428011,0.4326001339546686,0.7820246887997482
HSF2,-0.33245992372293287,-0.7920569438754463,0.4326474580729483,0.7820246887997482
CKMT2-AS1,0.3532646599137299,0.791797611635998,0.43286640572696755,0.7823006612992731
SCCPDH,0.12244890226812366,0.7913848810074534,0.43300763976173334,0.7824361223614361
OCRL,0.32798166761753667,0.7912613691111737,0.433279050550736,0.7828067327443279
MYL9,0.3357219021781255,0.792629379665682,0.4334332403519562,0.7829654785546813
MLST8,-0.19408530057342155,-0.7934720114560122,0.4336800299766586,0.7832097605171424
HSPA14,0.31555840367097066,0.7901533961001802,0.4337721064425946,0.7832097605171424
GAR1,-0.33161466818282825,-0.7899398761441351,0.4338857878590646,0.7832097605171424
KIAA0319L,0.32229989577930596,0.7913880442294544,0.43399960666515025,0.7832097605171424
SERPINB8,-0.39670912243064205,-0.7897212599465677,0.43401249400533815,0.7832097605171424
HEATR6,0.2833617842245104,0.790243868593577,0.434016973068358,0.7832097605171424
CLK3,0.3182647775633871,0.791312750000818,0.4340803832699377,0.7832097605171424
ARFIP2,-0.1983639057243165,-0.7912976721116033,0.4341614338518998,0.7832097605171424
UXS1,0.34201101983601756,0.7909817121570492,0.4341655800782872,0.7832097605171424
ATOX1,-0.10875734407682636,-0.789234449876382,0.43425037630271374,0.783243039305353
ZNF414,-0.32846887034693983,-0.7891308844804085,0.4343888236797936,0.7833730619523316
ZNF219,-0.3807173642976007,-0.7895517867384333,0.43452103002375486,0.7834917915733048
NEK7,0.3783726682093951,0.790023419416496,0.4346329908737169,0.7835739855321057
KIF13A,-0.25553381508784856,-0.7917778233179296,0.43470934679064943,0.7835919741737084
LINC00630,0.3466908346255453,0.7882708686127239,0.4348162962122111,0.7836089074898386
KCTD2,0.34463091639409527,0.7886109898924478,0.43485149961591973,0.7836089074898386
CASQ2,0.5896481192115179,0.7885872866407738,0.4351812172919641,0.7838451179115894
ZNF41,-0.3193578964409505,-0.7876121120014181,0.4351870359822781,0.7838451179115894
DDI2,-0.3099179652998054,-0.788260636682071,0.4352047685113232,0.7838451179115894
PRRT3,-0.3244452205965658,-0.7874669653462518,0.435248178560819,0.7838451179115894
CYP1B1,0.2627557129732967,0.7883485692041081,0.43546139848594617,0.7839952413701547
PDLIM7,0.17321314640240892,0.7888938583884019,0.4354643623603646,0.7839952413701547
ARID3A,0.3844990681344391,0.7875592321645759,0.4355380068956817,0.7840082603543035
RBM42,-0.13471825700882167,-0.7866361084191381,0.4357257249953767,0.7842265869142281
HAUS8,0.31400970607425194,0.7864385940397012,0.43585096242226873,0.7843324102736101
VPS33A,-0.36557265220585444,-0.7868090661457,0.43592746407601296,0.7843505126379109
TSNAX,0.3755124193378596,0.7862343146071188,0.43602070981059254,0.7843987319893394
ZNF782,0.32703248777815386,0.7862978955029483,0.43626515222514123,0.7845181461452685
AGFG1,-0.3506165322977144,-0.785611078527924,0.43631368581161795,0.7845181461452685
MICALL2,0.2523049186933779,0.7857998452874482,0.43633718600732535,0.7845181461452685
JAGN1,-0.3102172221125228,-0.7860127116375705,0.4364181318229437,0.7845181461452685
FAM120C,-0.36276298450266253,-0.7860213309743811,0.43641937024447086,0.7845181461452685
RARS2,0.3709684846054122,0.7876738535380226,0.43651883095319666,0.7845774664132896
COQ10A,-0.3610642978897327,-0.7849424750365026,0.436762230474407,0.7848276260230025
B4GALT3,0.3120613572780231,0.7860054609914084,0.4367909786506672,0.7848276260230025
SLC25A43,-0.26415899664232256,-0.7842734857268633,0.43711710928452685,0.7852940914782893
AK4,0.349433822533042,0.7846001097329508,0.4372476597408422,0.7853394576769979
WDFY1,0.2229757701441093,0.7872156322964475,0.43727541341049614,0.7853394576769979
TSC2,0.355067847151338,0.784384685417768,0.4374458991774608,0.7855261393048257
ARHGEF37,0.32020690149307995,0.7832884704946208,0.4376806014082959,0.7857164619843464
PTPRU,0.3813467018896102,0.7842623133659506,0.43768500245735387,0.7857164619843464
STX10,-0.21804409342582254,-0.7854238485725107,0.43797787781098096,0.7861226771413456
FAAH,0.30457919870986494,0.7824591159253456,0.43819128476085933,0.7863861533295751
ITFG2,0.30272601389436193,0.7835533050260488,0.4382932751460171,0.7864496295939705
TMED9,0.12643692438702914,0.7822168678133723,0.4385005845983212,0.7865525520069079
ATXN2L,0.37120445399999547,0.7819270018290663,0.43856099285011946,0.7865525520069079
RPL6,-0.07502185070044831,-0.7817168337400812,0.4385690681097207,0.7865525520069079
ZNF501,0.3479090958663169,0.7826601672283723,0.4386762472326082,0.7865525520069079
COQ5,-0.28316221642145356,-0.7815239347271999,0.43868377826458976,0.7865525520069079
IDH1,-0.29513107146975504,-0.7819280038573904,0.4387643998865131,0.7865776371541818
MON1B,-0.3225045076161335,-0.7813431866719176,0.4389222006878079,0.7867410536166979
PPP1R16A,-0.3358412199457761,-0.780826027894305,0.43910519142452226,0.7868575075959513
FBXO25,0.24030742309190023,0.7819806579910807,0.4391929155081677,0.7868575075959513
MBNL3,0.2911139471134305,0.7809442102060956,0.439194000861655,0.7868575075959513
PARP16,0.307580702498385,0.7833287636600778,0.4392537886537331,0.7868575075959513
SIPA1L1,0.3213458812660077,0.7802693961469472,0.4395522790176314,0.7872206784537995
CCT3,-0.25127455550004285,-0.7810259318284408,0.43958989516030883,0.7872206784537995
ZC3H10,-0.3130579440094807,-0.7796178687824319,0.43980719216679615,0.7874903539403957
CDC14A,0.33251401293284255,0.7796222043628005,0.4399080513242434,0.7874958884112281
ZNF77,-0.3388628242410625,-0.7801835717831991,0.43994370047200754,0.7874958884112281
EIF2B5,-0.2609161436690437,-0.7799120638601237,0.4400766061099142,0.7875586586091166
KCTD14,0.31318509978586495,0.7792169694655747,0.44029451842401646,0.7875586586091166
ERMAP,0.3477476471712184,0.7787633817543612,0.44033538073534795,0.7875586586091166
ZNF664,0.3078188496673038,0.7787523083805631,0.440351698180725,0.7875586586091166
CCT2,0.12516100900049043,0.7802725975031012,0.4403578063614874,0.7875586586091166
CCDC144NL-AS1,-0.3508511868326396,-0.7790873593386511,0.44037905171357716,0.7875586586091166
DNAAF11,0.3170847471479925,0.7782012551399627,0.44068091518227565,0.7878318357471286
TWNK,0.31466097269523585,0.7783572637484916,0.44075924034851444,0.7878318357471286
MRPL4,0.10010016395465193,0.7804492140381648,0.44079742446675224,0.7878318357471286
CERCAM,0.3100693555036518,0.7780486276427555,0.4408010508076018,0.7878318357471286
ARIH2,-0.1479809720151426,-0.7790137400536555,0.44092370445920626,0.7878318357471286
CC2D2A,0.27438871790511943,0.7824896659043071,0.44093222691921036,0.7878318357471286
HIGD1B,-0.6220129244606647,-0.7776873980670779,0.4411224225751638,0.7880523908141357
RITA1,0.3252084550679757,0.7772968029962903,0.44130937744835264,0.7882670904490549
ANKS6,-0.3791639282490087,-0.7775752303619524,0.4414467182969635,0.7883931179267253
POLK,-0.16209914318240237,-0.77629679391487,0.4417380349695953,0.7887940557882427
AAGAB,0.3568839602873499,0.7769039634212364,0.4418079230690229,0.7887995359694214
SEM1,-0.08804392505859227,-0.7759685163109562,0.44206715777162403,0.789143020942692
PSME4,0.36356148903659546,0.7757448817439345,0.4421904078960451,0.7892127719116132
P4HA2,0.15891711925188812,0.7754201125525005,0.44238682727935463,0.7892127719116132
ZNF786,0.31251114326368623,0.7751688247733961,0.44238907013385714,0.7892127719116132
SLC16A2,0.16465842732602898,0.7752608215203292,0.44243676777369706,0.7892127719116132
PEX14,-0.28573584233469873,-0.7749970811923019,0.4425043479518195,0.7892127719116132
USP38,0.3629184994651027,0.7752675173525599,0.4425073559748384,0.7892127719116132
TRIM39,0.38256928232456566,0.7747423005621296,0.44282115895366836,0.7896369312827124
RBM15B,0.35534277463883157,0.7768757545534762,0.44294388834319015,0.7896369312827124
PARP9,-0.20945547842269185,-0.7746402976266733,0.44294584997493613,0.7896369312827124
ATG3,0.11331023615793168,0.7753963607241796,0.4431120266559182,0.7898139022607753
TXNDC11,0.28819565094119115,0.7748454264746545,0.4433238361564881,0.7899560869789736
HNRNPH2,-0.336673355189002,-0.7739039673360079,0.44332563119319784,0.7899560869789736
AP1S1,0.21962693776455833,0.7739994514404223,0.4434056228086383,0.7899686051261375
NT5C2,-0.3118505215747902,-0.7733743132024543,0.443475451952852,0.7899686051261375
LOXL3,-0.31071264290894485,-0.7742860062273612,0.4435334108238915,0.7899686051261375
ZBTB5,0.3091613025318385,0.7733390050003205,0.44364568657550135,0.7899999802385343
PKNOX2,0.32975504831898483,0.7736773222059495,0.44374600858178936,0.7899999802385343
PPP1R3B,0.3836925667798421,0.7736547509466299,0.4437517889844745,0.7899999802385343
QNG1,-0.3097360153590132,-0.7735311935741069,0.4438416614114333,0.7900408342825649
MRPL18,0.14089846080956292,0.774715878330179,0.44392379080711786,0.7900678954436946
USP20,0.3064217759825243,0.7740283556490201,0.4440516570850374,0.7901763358288916
CTXN1,0.4212408210059331,0.7723137132687681,0.4442546316526367,0.7904183762862662
TRIM56,0.31996657247112825,0.7728052696367118,0.4445316867649973,0.790421624559237
CLASP1,-0.3227694890491035,-0.7714692215458847,0.44462357568176786,0.790421624559237
ENPP4,-0.38647127170385476,-0.7726890223858478,0.4446950270333558,0.790421624559237
LINC03051,-0.446215680044701,-0.7717836872897652,0.44476796331790847,0.790421624559237
VPS37C,0.311620287763148,0.7735023099054097,0.444805426675474,0.790421624559237
ZNF354B,0.30737722653392074,0.7710553535298293,0.44483166369260246,0.790421624559237
ISOC2,0.1540403843887157,0.7713419373115814,0.4448814981484011,0.790421624559237
IFI27L2,0.13424263092095945,0.7721465426114551,0.44488421953879637,0.790421624559237
PCDH18,-0.33118949054726166,-0.7713813133813133,0.444918519590429,0.790421624559237
TNS1,-0.20464089070961666,-0.7713787059777184,0.4449260224647294,0.790421624559237
UBE2Z,0.24104446565944126,0.7736915029751971,0.445189571503731,0.7906636858622913
DDHD2,-0.21459807921398877,-0.772226692693191,0.44521816002658493,0.7906636858622913
HP,-0.49198950658075424,-0.7729475636691852,0.4452632091158418,0.7906636858622913
CKAP5,-0.20604888935629706,-0.7720054321043908,0.445332790581712,0.7906683099439178
PTPN14,0.27221605298335483,0.7698301355746175,0.44565040778460585,0.7908086639202908
HECTD2,0.28817402276213056,0.7697903807541511,0.4456591607614341,0.7908086639202908
PTPRN2,0.2857668838741869,0.7716604199657804,0.44567590909078425,0.7908086639202908
TCAIM,-0.3130139686366369,-0.7694881697766149,0.44571567927396827,0.7908086639202908
SHF,-0.3325221290524252,-0.7694375702371102,0.44574678947273316,0.7908086639202908
CREBBP,0.22979193631207817,0.7721531660502898,0.4461671154256596,0.7912457246566368
NAPRT,-0.30999570674550103,-0.768693206354672,0.44619331121257516,0.7912457246566368
CALM3,-0.12613408828721617,-0.7692924761140796,0.44619422185846935,0.7912457246566368
SGPP1,-0.36779329827015816,-0.7685647640185534,0.44645491089126677,0.7913486659282799
PTRH1,0.23247564681015165,0.7682630810302742,0.44650620694837195,0.7913486659282799
NCOR2,0.16275416790264963,0.7693726403370192,0.44655465379324755,0.7913486659282799
C6orf120,-0.2162980285225764,-0.7689255588310625,0.4465628814836703,0.7913486659282799
TRAPPC4,-0.11967837688897909,-0.7686904255357491,0.446587447049064,0.7913486659282799
ZNF17,-0.30734856213162565,-0.7681933651686096,0.4468026077066712,0.7915267789857064
LGR4,-0.37573920395389004,-0.7679934872454518,0.4468220631224691,0.7915267789857064
ZNF385A,-0.27243068165309836,-0.769181381660446,0.4470505383282489,0.7917367279865015
KIAA1671,0.332756123984568,0.767588504642481,0.4470747165402812,0.7917367279865015
ZNF232,-0.3439892876513928,-0.7673067372069795,0.4471419839471304,0.79173708122032
AKAP8L,-0.31921453654523724,-0.7666370745977625,0.4474246914086093,0.7921136291673719
HACL1,0.3534509169704583,0.7668951910721217,0.4475507186765668,0.7921136291673719
RBL1,0.3496625280804744,0.7668899561926774,0.44755594295183154,0.7921136291673719
SSR2,-0.09675499427952872,-0.7662997191987606,0.4478962802066504,0.7925971500284077
CISH,0.36457668593510606,0.7658108138652103,0.44797379886609756,0.7926155119325962
SP140L,0.36101606402876696,0.7663481456539151,0.4483782647679584,0.7932122606902067
LINC01503,0.3757620707142997,0.7646510547654769,0.4487277485217504,0.7936695972758341
ZC3H12A,0.3689229802465772,0.765382134516584,0.448771246236018,0.7936695972758341
SMAP2,-0.4093949939844732,-0.7645820159663558,0.44884696079004544,0.7936845973826373
TXNDC16,0.3445619990558684,0.7643241050863478,0.4489690460079442,0.7937815767745665
NUS1,-0.3400442070333942,-0.7638402619782871,0.44914150617194876,0.7938636138597265
ANKRD16,-0.3584995353576199,-0.7641013491662053,0.4491741116893437,0.7938636138597265
DUSP28,-0.30457192042150805,-0.7636139680948755,0.44927644857302546,0.7938636138597265
ZNF529-AS1,0.3213128589231553,0.7642215888005727,0.449284439152633,0.7938636138597265
DNM3,0.30783301222604464,0.7633179974486303,0.4493518016386015,0.7938638159748115
DAXX,0.2888575599453791,0.768851314594377,0.4495325933822245,0.7938917370358081
CDKN2AIP,0.27486933126445123,0.7663212590576919,0.4496854764997852,0.7938917370358081
OAZ1,0.1197075425033578,0.7633585368541276,0.4496884070722391,0.7938917370358081
SUZ12,-0.3293798358914679,-0.7626223908318766,0.4497595098064628,0.7938917370358081
SRPRB,-0.17395456761842443,-0.76448192752649,0.449776653440398,0.7938917370358081
CGREF1,-0.37862802410322227,-0.7629746987799106,0.4499195264187053,0.7938917370358081
SNUPN,0.23609502580644914,0.7659944325473999,0.44992137579758323,0.7938917370358081
CDK5RAP1,-0.31261540737367444,-0.7626732532482294,0.4499426405286663,0.7938917370358081
ZNF608,0.3713202626327998,0.7626860580868183,0.44997286001750036,0.7938917370358081
ZFP82,0.292477094242225,0.7627686972067408,0.4502354537261339,0.7942363316253752
VEGFC,-0.4289722803716849,-0.7624427259953618,0.4503456033391722,0.7943119449303643
CHD1L,0.3412299433483308,0.7615587429025048,0.45043983541166577,0.7943594647497332
TMEM104,-0.3071873346018841,-0.7617698647126185,0.45055812890321145,0.7944493968188815
FAM76A,0.22871610025726685,0.7646986730816737,0.45071661643646416,0.7946101638339993
TMEM167B,0.20138400602211437,0.7665435043346372,0.45081127157201895,0.794658363581855
ATP2A2,0.2754830461164435,0.7639172747242959,0.45107450042391734,0.7949350497960829
LETMD1,-0.3101517367740474,-0.7609649263784313,0.4511996717080783,0.7949350497960829
ACIN1,-0.13050122663470276,-0.7599536631722976,0.4513430378233862,0.7949350497960829
TIPIN,0.3612015700986655,0.7607135363784792,0.4513752150179945,0.7949350497960829
TAP1,-0.25605195148462734,-0.7611600904028796,0.45141186298576336,0.7949350497960829
EBPL,-0.12436735937043952,-0.7597321016859256,0.45147882104779197,0.7949350497960829
ELL,-0.30944717293947965,-0.7597495968320886,0.45148910677978615,0.7949350497960829
TMEM263-DT,-0.33938030897582316,-0.7608125874230578,0.45150694696168875,0.7949350497960829
COQ9,-0.22265785515080427,-0.7628605220961815,0.4517266866194992,0.7952033306804636
TRDMT1,-0.34904183267352895,-0.7591575822552523,0.4518068637196719,0.7952258873133632
LIG3,-0.33789174175186476,-0.7581999041082031,0.452392444778054,0.7961109033719089
RHOU,-0.43800470014060355,-0.7586180158960215,0.4524816668378756,0.7961109033719089
ENSG00000275630,0.2962877146329599,0.7580579106015659,0.45251200013769666,0.7961109033719089
TMEM64,0.30638657491036136,0.7593307740140386,0.452634846941159,0.7962083695634604
SMARCA1,0.2985277743389556,0.7577724467201769,0.45286959178766767,0.7964079983413457
MDM1,0.3167154510506427,0.7576096468211974,0.45288326072557844,0.7964079983413457
DDX19A,-0.3445904413064427,-0.7568192858370716,0.45319540736554287,0.7967636362873118
SMIM26,-0.09277653987593037,-0.7595472315320463,0.45331727390658266,0.7967636362873118
WBP4,0.14135366197996735,0.7571286361360255,0.45334968681810955,0.7967636362873118
PSMB10,0.12002365185371833,0.756559962985842,0.45341859115414485,0.7967636362873118
DENND5B,0.3842070745369104,0.7567080503369078,0.45348735449063143,0.7967636362873118
GPATCH4,-0.23400273231657653,-0.7559903885672454,0.45368416569190056,0.7967636362873118
NR2F2-AS1,0.29801016164742844,0.7562582348578677,0.4536890928962503,0.7967636362873118
KLHDC2,-0.11701945180950446,-0.7571547767025316,0.45369217365872544,0.7967636362873118
CPTP,-0.3313228642356689,-0.7561221685738092,0.45369294054411774,0.7967636362873118
JPX,0.13633841191081508,0.7559840941676502,0.45378853553012877,0.796812979612252
LINS1,-0.30545329890865425,-0.7556533124928879,0.4538904830701847,0.7968734611308046
ECT2,-0.30980242400795377,-0.7558530920448141,0.4540574056173856,0.7969586567808027
RCC1L,-0.27887795143238936,-0.7553332626514039,0.4540740301150088,0.7969586567808027
RHOB,-0.24226581539267222,-0.756507501709289,0.45437315196088246,0.7972040565654731
ENPP5,0.39273480580722486,0.755805222448592,0.45441419866328536,0.7972040565654731
PAGR1,0.26285112634820607,0.7593786189304342,0.4544694611490352,0.7972040565654731
PPP6R1,0.34904968166261297,0.755345446526179,0.45448397295092197,0.7972040565654731
PWP1,0.10427047852800975,0.7566602855935167,0.4548472174413921,0.7974447849290018
NDN,0.15130419979641285,0.7542086755150604,0.4549736318948965,0.7974447849290018
TMEM135,-0.36705206557907877,-0.7537912123755038,0.4550191693245639,0.7974447849290018
SMPD1,-0.21529429062135197,-0.7561593741800733,0.45511435339863365,0.7974447849290018
EIF3E,-0.269356735808123,-0.7560002469781881,0.45513041576178515,0.7974447849290018
CISD1,-0.16104486538615603,-0.7544183085711988,0.45513133794753924,0.7974447849290018
SNRPD1,0.11968595018358208,0.7541362544481798,0.4552346974256297,0.7974447849290018
C4orf33,0.3041657836587399,0.7538349725223676,0.4552439276529395,0.7974447849290018
LTN1,0.22652075440853014,0.7567775358581048,0.4552516528573663,0.7974447849290018
UBAP1,0.289686886192249,0.7590476179069422,0.4552967259992776,0.7974447849290018
TVP23C,0.2727785792949332,0.7531319704669189,0.4555229200825819,0.797622015964098
FAM107A,-0.4277595921367463,-0.7535424337375569,0.45553304799914857,0.797622015964098
TLCD1,-0.34340984442844524,-0.7531308737360097,0.45589943290592877,0.7979545537815693
BHLHE40,0.2873598653198739,0.752794792487278,0.45596130782659977,0.7979545537815693
SLK,0.2520329387187088,0.7559371439425489,0.4559948539303468,0.7979545537815693
MLLT1,0.3975533129384634,0.7531302896892663,0.45603432786849596,0.7979545537815693
TBC1D2B,-0.2578985791331938,-0.7522130912761076,0.4560609381079414,0.7979545537815693
CHIC1,0.37412422022740666,0.7521508920183221,0.4561667862033712,0.7980150146933344
CSNK1G1,-0.33817657938864754,-0.7523758162576398,0.4562306932795691,0.7980150146933344
AGT,0.44744849430240485,0.7532917382144148,0.45631615891944477,0.7980462601546734
BBS9,0.3194245650003076,0.7516391070110348,0.45640493316971614,0.7980832818943118
DCAF11,-0.32453725125075117,-0.7513839575100205,0.4564928546707282,0.7981159411383109
AHSA1,-0.15868027799871687,-0.7512341754079664,0.45657805253065825,0.7981159411383109
C1QTNF3,-0.5132447803969233,-0.7510671281375719,0.4566264351078485,0.7981159411383109
IPO11,-0.3258475638013687,-0.7511204447666395,0.4568599239365421,0.7982966366242056
ITGA10,-0.4172641935760708,-0.752143885845177,0.456865063704628,0.7982966366242056
TNNT2,-0.6120584465869947,-0.7522669728445835,0.45713757306866315,0.7986545878460217
RNF103,-0.27266200689947606,-0.7499562734186118,0.45728071810649173,0.798786457124465
CPZ,0.34991465357020246,0.7497331259535798,0.4574056594083304,0.79888446640692
NFATC2IP,0.3475932670521811,0.7497114428587015,0.45749317079099167,0.79888446640692
PTTG1,-0.35746571459905185,-0.7497469176151071,0.4575398456058608,0.79888446640692
UTP18,0.2345462786701642,0.7533226278210089,0.4576624265132572,0.7989228274075294
DNAJC17,0.26636489730689217,0.7548267550931963,0.45769716914503356,0.7989228274075294
KMT2A,0.4161305565135507,0.7514102955073405,0.45787960516634935,0.7991231133927785
GSTM5,-0.17061279641901983,-0.7504563819082064,0.45815610682957014,0.7994190702196462
GPRC5A,-0.3808444687491619,-0.7484205443472105,0.458251575708929,0.7994190702196462
TAF11,0.12192170552433446,0.7483674420862166,0.45826499778442686,0.7994190702196462
RPS10-NUDT3,-0.3532341332778286,-0.7486252811219835,0.45842096553448125,0.7994190702196462
PPIL2,0.318809300061063,0.7487952712569194,0.4584387700538799,0.7994190702196462
LRFN3,-0.3189498578027421,-0.7481496323452611,0.4584554938913176,0.7994190702196462
TRIM24,-0.34269204601875547,-0.7475906698260073,0.4587105062534672,0.7996324250055382
CRCP,-0.3470752789622038,-0.7477070839915192,0.4587133233492168,0.7996324250055382
ZNF525,-0.2938988463742698,-0.7479174435924025,0.45882604136381366,0.7996813947928906
ORC4,-0.24990212279536017,-0.7477497443635231,0.45887689693579337,0.7996813947928906
SGCB,-0.1236230107140317,-0.7469218274501603,0.45910142324911046,0.7998335670913572
ZNF134,0.33954485209375607,0.7470700965591217,0.45922599083944216,0.7998335670913572
DBF4,0.3252571187690867,0.7471687011226783,0.45943358392472905,0.7998335670913572
DHPS,-0.11377003854979595,-0.7486990516113329,0.45955187857595,0.7998335670913572
TBRG4,-0.2571384026109236,-0.7474815181279524,0.45962389781035473,0.7998335670913572
MIGA1,-0.2917691079654068,-0.7460024840844768,0.4596354925179608,0.7998335670913572
AP3B1,-0.24149242396179282,-0.7499438881235314,0.4596656424471443,0.7998335670913572
MXI1,-0.2731653970851067,-0.748881334386616,0.45975613553580114,0.7998335670913572
UBE2F,-0.346702340284458,-0.745798925719247,0.4599263091470787,0.7998335670913572
MAP3K2,0.1253950444474361,0.7462911522321454,0.459972083770338,0.7998335670913572
BZW1,-0.1490988084856033,-0.7456035595557408,0.4599806666508171,0.7998335670913572
DMD,0.3694651247777454,0.7456184748197886,0.46005542367808794,0.7998335670913572
TRA2B,0.1073378814066217,0.7453598258908066,0.4600759937417734,0.7998335670913572
PTP4A1,0.2977357298965835,0.7476038398034442,0.4601167614489282,0.7998335670913572
NAA10,-0.3138904461272798,-0.74664233813398,0.46013695147011935,0.7998335670913572
HDAC3,0.25510364269560704,0.7453783000017563,0.46016787002662074,0.7998335670913572
EMC9,-0.3102678344484131,-0.7454930407100067,0.46024997545072194,0.7998335670913572
G3BP1,-0.15016807665839327,-0.7450170167008474,0.4602739237051809,0.7998335670913572
INPP5F,0.3357938061422261,0.7451419246336137,0.46031918928994,0.7998335670913572
MPHOSPH9,0.3176208902184783,0.7449020231076516,0.46041282223718605,0.7998335670913572
SOX12,-0.36154082477934835,-0.7457528757929248,0.4604191000259399,0.7998335670913572
SMC6,0.25858493184615394,0.7446461360907362,0.46048452935412504,0.7998335670913572
VAMP1,0.3031108608379789,0.7453636078830549,0.46054046682332483,0.7998335670913572
HMCN2,0.3756642873971594,0.7463234196259282,0.46059030826658587,0.7998335670913572
C16orf86,-0.29177881121914684,-0.7443734019326917,0.4606805697968328,0.7998391660269847
DLG1,0.35101825679526444,0.7440283148879391,0.46081493926011297,0.7998391660269847
PTGIR,-0.25514569580944535,-0.7443072382911199,0.46086146944309075,0.7998391660269847
RGS10,-0.27553449724411205,-0.7469820145369973,0.46092229997604756,0.7998391660269847
TIGD6,0.2898288370643458,0.7440307467960343,0.4609972996258027,0.7998391660269847
IFNAR1,0.13579011804228536,0.7437797350181935,0.4610000580811185,0.7998391660269847
LARP4B,-0.3662736027152773,-0.7435160092675055,0.4611231612308028,0.7998492028523471
KRIT1,0.10084952069813014,0.7434361801150001,0.46126445274049355,0.7998492028523471
ARL3,0.10712749781123776,0.7431338540498081,0.461354512410144,0.7998492028523471
ZBTB33,0.3343034338331856,0.7436943982823595,0.4613719637410592,0.7998492028523471
RICTOR,-0.37083876007075656,-0.7430321233023174,0.46141525212693785,0.7998492028523471
MEIS2,0.2546000842123801,0.7434034939540474,0.46143932559578565,0.7998492028523471
PCYOX1L,0.32170983451112223,0.7438700403858288,0.461480128812142,0.7998492028523471
PEG3,-0.33574545618323137,-0.7431603652641602,0.4617348077129278,0.8000953329649146
PHF2,0.3429691481269064,0.7441074304650904,0.46175768771621883,0.8000953329649146
ARHGAP21,0.17079949997484967,0.7436811325842588,0.46186459603100843,0.8001631282867705
TMEM25,0.2935384374696608,0.743472853607847,0.4620143250935583,0.8003050781701329
MAN2A1,-0.1779183435297318,-0.7418620486792319,0.4621732093675101,0.8004628428086058
ABCB7,-0.2906139170056683,-0.7413588468472303,0.4624176306903352,0.8007686856827647
TTC12,-0.3372943739376386,-0.7411624979652222,0.46266837488680373,0.8010853865559868
IFRD1,-0.15620137061030537,-0.740746152557973,0.4629004565946739,0.8013696861856761
LAMP2,0.09635438065099411,0.7418721353302513,0.4629818350961395,0.8013930444735963
UNKL,-0.37222813590444437,-0.7401280675468727,0.46316983698210085,0.8016009273674976
MRPL34,-0.11521326392964504,-0.7399501758354281,0.46336539121084014,0.801744549246499
ZNF35,0.34251173945182756,0.739596407102287,0.4634903317687966,0.801744549246499
LINC01133,-0.5074234301748239,-0.7395775074327413,0.4635228878145197,0.801744549246499
DERA,0.22968902035509142,0.7432147133799538,0.46352448526957685,0.801744549246499
KAT14,-0.31600950024804964,-0.7397413281497032,0.4636103972784365,0.8017756724101879
EXOC5,0.28048605813167704,0.7431702969556815,0.46413391043140273,0.8022575921555648
RASL11A,0.43342999904676827,0.7394394669334853,0.4641619360736408,0.8022575921555648
FAM120A,0.2288831489188361,0.7434472175886332,0.4642330631034156,0.8022575921555648
ZNF169,0.27834346976890156,0.7386619707060722,0.4643122772993742,0.8022575921555648
PPP1R3F,0.32484332556976403,0.7388315297061818,0.4643230079137565,0.8022575921555648
RRP1,0.3047988513254789,0.7383274243889653,0.46435190968738793,0.8022575921555648
TM9SF3,0.22878547876568156,0.7394955784876739,0.46436477146962934,0.8022575921555648
TBC1D23,0.28070443537370515,0.7423815196456205,0.4646546775020747,0.8026409815498964
MELTF,-0.358981530482271,-0.7373205031576502,0.4649942339921633,0.8030468558234025
ELMOD3,0.33863594681229126,0.7369640202169083,0.4651601458771782,0.8030468558234025
FBXO32,0.3402963870269744,0.7374900366476329,0.46516690020394796,0.8030468558234025
HK1,0.14980690162463972,0.7380782911507279,0.465205564300444,0.8030468558234025
PHAF1,-0.29544102656898863,-0.7370138687206701,0.4652297710272131,0.8030468558234025
LGALS3BP,0.1353640664819924,0.736400240117197,0.46539595353990965,0.8032162619208528
USP34-DT,0.2969639626130198,0.7364361686553932,0.4655948907918699,0.8033790415527274
CIAO1,-0.15493148665700573,-0.7360648303276732,0.46562637884826436,0.8033790415527274
NOM1,0.3381416983302197,0.7360956809838712,0.4657023620721114,0.8033927201901615
METAP1,0.29497236380836345,0.7363072747712294,0.4658043397544079,0.8034512318528324
UBE2J2,0.21377361619447743,0.7357886226606072,0.46626196088001604,0.8039701957842802
NISCH,-0.21775170896663454,-0.7350344694389025,0.4662740025386656,0.8039701957842802
XRN2,0.14752466061555136,0.7347534875955095,0.4664069213969869,0.8039701957842802
LPIN3,-0.3173426171051996,-0.7353203007722126,0.4664911888985248,0.8039701957842802
PRELID3B,-0.23302664031173848,-0.736632431178729,0.4665831876415478,0.8039701957842802
SMARCD1,0.2376028515436257,0.734764919352137,0.4666162949079529,0.8039701957842802
CAV2,0.20995699665641432,0.7351856724092409,0.46662448044958804,0.8039701957842802
MYOM1,0.3730304081742808,0.7341023182071348,0.46681589775181015,0.8039701957842802
NBPF10,-0.31698891188030354,-0.734015285549013,0.4668664824727768,0.8039701957842802
SEMA3B,-0.22216261431531237,-0.7360468870335796,0.46690483596820104,0.8039701957842802
LIN7A,-0.35745353037083083,-0.7340656294980727,0.4669465992381979,0.8039701957842802
SDAD1,0.1104272300838236,0.7356377107719513,0.4669904619304023,0.8039701957842802
BEND7,-0.3975280619740935,-0.7341548140798932,0.46699742069995437,0.8039701957842802
LINC03072,0.30744140750879057,0.7339926910544685,0.4670605319409234,0.8039701957842802
STEEP1,-0.305951765482555,-0.7334256304874207,0.4671916150691737,0.8039701957842802
MRPS31,-0.21304743179242802,-0.7367490870623514,0.46720582888251155,0.8039701957842802
MED6,0.277955264720811,0.735742210282839,0.4672781741699745,0.8039701957842802
MYOCD,0.5215808243386184,0.7335231675488615,0.46735104461925037,0.8039701957842802
ASB13,-0.29359239566876427,-0.7330812810118318,0.46739919133142865,0.8039701957842802
BPGM,0.31887636542489295,0.7340992112260915,0.4675091933117232,0.8039759889784399
SUV39H2-DT,0.2656889020334754,0.7335291397051359,0.4675422892770605,0.8039759889784399
NIN,0.2907401291394436,0.7342883507552143,0.46762178362082274,0.8039759889784399
C6orf226,0.21788122789120834,0.7342621811313786,0.4676749780868231,0.8039759889784399
FKBP10,0.13106361805507483,0.7324642854385326,0.4681219932466416,0.8045743016272402
DNAJC27,-0.29770352067976313,-0.7318210643191108,0.46816068359000096,0.8045743016272402
SPIRE1,-0.35037601378305006,-0.7318657209080579,0.4682274843014943,0.8045743016272402
KLF16,0.3559146497471595,0.7315588268546661,0.4685732277019917,0.8050512229692931
TTLL3,-0.34218991437256197,-0.7309423318078445,0.4687258487936835,0.8051962521841435
COG7,0.29525273696408094,0.7304880754757954,0.4690774528050366,0.8054983305901001
EML1,-0.24836866031306482,-0.7318013000484765,0.46912364989444594,0.8054983305901001
FBN1,-0.2429531510463665,-0.7317982595316737,0.46913714241861426,0.8054983305901001
IPMK,-0.3745259957827112,-0.7305672283893319,0.4692086731968447,0.8054983305901001
SETDB1,-0.2752159892364201,-0.7308255650715112,0.4692428648427038,0.8054983305901001
SLU7,-0.1889068242552936,-0.731157187613898,0.4694248411959057,0.8056935519508094
PEAR1,-0.35836126539083546,-0.729950460443416,0.4696437137129824,0.8058555405581274
ZNF335,0.3274811933638424,0.7292696754506593,0.4697115472187682,0.8058555405581274
DOLPP1,0.30831804791212436,0.7300424046644456,0.46977555459250137,0.8058555405581274
ARHGAP42,-0.3119230521274936,-0.7291191895846469,0.4697922770115233,0.8058555405581274
TPM1,-0.17809242030245365,-0.7315508523050375,0.46994514484897687,0.8060006443327287
KYAT1,-0.3123876703413213,-0.7290848107666607,0.4700197667763015,0.8060115262629634
ING1,0.21680104261859512,0.7294777791232527,0.4701329361906134,0.8060501058900548
CPNE1,0.25659840309296555,0.7324719608514723,0.47020638224928735,0.8060501058900548
CHMP5,0.11356272057370376,0.7284171002792403,0.4702471054015084,0.8060501058900548
PGGHG,-0.37241891206414257,-0.728507743764543,0.47043593861830163,0.8062567153584569
MTX2,0.22742366155683147,0.73248144400445,0.4705634838775271,0.806358241714938
OAT,0.10075341781066349,0.7277950827437658,0.4707144120487816,0.806416213382519
PCTP,-0.36391136319472484,-0.7275599767495076,0.47081024224122264,0.806416213382519
PEG10,0.3638518155435071,0.7278015734687105,0.4709139122997588,0.806416213382519
STX7,-0.1281844368951468,-0.7282738769205608,0.4709567002550232,0.806416213382519
MZT1,-0.30930279702053465,-0.7270883936815213,0.47114167366325554,0.806416213382519
PROS1,0.15553684889843122,0.7277823831270437,0.4711507224285157,0.806416213382519
SPMIP4,0.29031335657846546,0.7276043269523959,0.4711533169377955,0.806416213382519
KBTBD3,0.27765132249858926,0.7290022040594875,0.47128868104238525,0.806416213382519
ENSG00000257346,-0.3473943713287784,-0.7270207595072514,0.471292567961704,0.806416213382519
MROH1,-0.3158551960886178,-0.7268603753561141,0.47131377898330645,0.806416213382519
NEU3,0.2926403932592798,0.7267389659924411,0.47134873971532243,0.806416213382519
IL33,-0.2732529434410713,-0.7265932120990696,0.4715299773903585,0.8065160179777181
AKAP13,0.25658787114347614,0.731352346991429,0.47176224023747665,0.8065160179777181
NDUFA1,-0.09854471781048968,-0.725861565101204,0.47179534127009115,0.8065160179777181
SLC35A2,0.20285028489106427,0.7288740879483987,0.47188733458589177,0.8065160179777181
CHD9,0.10912612777479058,0.7258281356668344,0.47207076746920246,0.8065160179777181
CKS1B,0.1425458078595243,0.7266666737693454,0.47210841948329846,0.8065160179777181
LONRF1,0.2821463503179098,0.7254722892901988,0.4721773853789885,0.8065160179777181
RTF2,0.10592934627368766,0.7265603779027436,0.47218731769045336,0.8065160179777181
ZFYVE19,-0.2670953129405249,-0.7255701575900033,0.4722033940696542,0.8065160179777181
LACTB2,-0.33735166791105087,-0.7252759271918031,0.47222738132360553,0.8065160179777181
MTERF1,-0.34830947880812824,-0.7252343381195895,0.4722464199873879,0.8065160179777181
ARL4A,-0.34604807485211975,-0.7251020981529003,0.472252037512141,0.8065160179777181
SENP7,0.27425275560750384,0.7254924901192642,0.47229523356882386,0.8065160179777181
ZNF268,-0.333600916084154,-0.724574711889384,0.472565090347573,0.8067163999948425
RNF185,-0.29895290066994207,-0.7245375183293458,0.4726337970283008,0.8067163999948425
ZXDA,0.3213677961686794,0.7249135970813337,0.47267059517528526,0.8067163999948425
SH3BP1,0.35967969636308617,0.7253761739308088,0.47273859260534146,0.8067163999948425
GLRX2,0.2188458527309578,0.728164638262442,0.47275426134386445,0.8067163999948425
MNS1,0.3485777843819333,0.7249105012877938,0.47283939900803434,0.8067450650801916
PFKL,0.10885745022612259,0.7236847645277488,0.47314953214145244,0.8071575472441974
MAPK8,0.2712324024596757,0.7242101396911521,0.473528542817255,0.8076873931451662
ABCC10,-0.30822422211576095,-0.7233194296692548,0.4736474957566676,0.8077735751816615
ABCC5,0.31664022191423724,0.7234079622362438,0.4739776784443652,0.8081919016664296
IREB2,-0.1956775669337194,-0.7232685730480313,0.47409447291876594,0.8081919016664296
SHOC2,0.13908212520601815,0.7239594661002844,0.47409817187971415,0.8081919016664296
COX7A2,-0.08834516072389853,-0.7216753931398796,0.47437599050926876,0.8085279306647156
UBIAD1,0.2531630994657941,0.7228748309029788,0.4744322724027518,0.8085279306647156
AMZ2,0.24788433553729394,0.7216654883146459,0.4745198554854268,0.8085604639153382
ENSG00000272831,-0.34985298346447236,-0.721900139429055,0.4747058789764475,0.8087135202331526
MYSM1,0.2961558114945073,0.7209859972109157,0.4747757224765164,0.8087135202331526
AKAP10,-0.31601390814029173,-0.7209757764783212,0.4748151976904685,0.8087135202331526
LIPA,-0.14757407300323067,-0.7208716551814215,0.47497213228991925,0.8088641116102852
PALB2,-0.30657906096493925,-0.7210193294351007,0.47515676599416407,0.8090618235339835
TBC1D24,0.30714353202019873,0.7206422934099478,0.47525393803009247,0.8091105766433864
TMX2,-0.22476503101050938,-0.7196013087408002,0.4758056283549975,0.8098769595244899
ZNF696,0.3166490454879225,0.7197779826076868,0.4759012793517482,0.8098769595244899
CSE1L,0.2720444928696688,0.7206013867414125,0.4759770643638342,0.8098769595244899
TOMM70,0.262537589434892,0.7192885730000703,0.4759937219360153,0.8098769595244899
NOL7,-0.08827493851666102,-0.7188331596233284,0.47604711750448414,0.8098769595244899
PJA2,-0.12801479541387284,-0.7188409123217852,0.47620905379752637,0.8100357175907491
ACTN4,-0.22675712210790877,-0.7204296064421583,0.4763050007939168,0.8100821977196639
CELF2,-0.13055055499918833,-0.7200877593639856,0.47644733436491854,0.8101820300555986
MALL,0.3225088299943566,0.7182976548568631,0.4766876321215498,0.8101820300555986
ZNHIT3,-0.23040873298345854,-0.7203227591989768,0.47676415832675756,0.8101820300555986
FAM210B,-0.14398639448550554,-0.7175573650063373,0.4768239153831166,0.8101820300555986
THAP7,-0.12778054727249621,-0.717578097116326,0.4768676536087048,0.8101820300555986
GTPBP4,0.3211888342485567,0.7185884579836692,0.47689075469123177,0.8101820300555986
TXNDC9,0.22084686930830078,0.720991310493964,0.47700611811965193,0.8101820300555986
MARK3,0.1475312785594891,0.7172466682859245,0.477014419422133,0.8101820300555986
ZNF573,-0.3305059841990736,-0.7178013959631597,0.47702080651882267,0.8101820300555986
PCDHB5,0.35194830738388316,0.7175030737895275,0.4770846633220109,0.8101820300555986
ADA,-0.38277329613440125,-0.7185535669081529,0.4771663512761954,0.8101820300555986
SIRT1,-0.35992986189964515,-0.7169491324713165,0.4772673179583412,0.8101820300555986
TESK2,0.31788356998697154,0.7174934049313185,0.4773021778441348,0.8101820300555986
POLL,-0.2938546102583781,-0.7167868366184418,0.4773679437769098,0.8101820300555986
PPP2R1B,0.30238471339418593,0.7165742196047217,0.47742586364808054,0.8101820300555986
OGFOD2,-0.29816118969922467,-0.7168267501221579,0.4775221027780587,0.8101820300555986
CCDC167,0.2554001299662665,0.7190048169272903,0.4775697533249248,0.8101820300555986
FAM86C1P,-0.3053636524110006,-0.7168911258209941,0.47759904677313947,0.8101820300555986
TOMM20,0.2672581730240422,0.7223102541183788,0.47769191009358913,0.810223131990635
RPF1,-0.2822787953100314,-0.7159362768073908,0.4778571519311857,0.8102545922766461
CCDC14,0.26702043310370627,0.7158906038903706,0.4778639234326538,0.8102545922766461
ACBD4,-0.30659878518708794,-0.7157895535214962,0.47791636815097727,0.8102545922766461
PIGX,0.24106561065227528,0.7158925840764689,0.478008372834835,0.8102942046690447
ASB6,-0.2978325474360366,-0.7156705357552348,0.47825336890889614,0.8105012296346013
CNOT6,0.33176404192326503,0.7155255758253536,0.47832620363083267,0.8105012296346013
CAND2,0.3214096122751402,0.715598646163379,0.4783364732625385,0.8105012296346013
MAPKBP1,0.29823083233141556,0.7160202278090426,0.47863321205178755,0.8108876389597233
SNIP1,0.2639639011757997,0.7144236288808785,0.4788762074125128,0.8111828997710882
UCKL1,-0.3167106851682364,-0.7150379428491851,0.4789701306791694,0.8112255943569002
CDK2AP1,-0.2980892280188474,-0.715037875740893,0.4790701503897138,0.8112786006814763
EAF1,-0.3152780141324256,-0.7137352503620205,0.47917953804958635,0.8113474536252678
ZNF266,-0.31396938374676475,-0.7135934772034024,0.47925881798972303,0.811365315698936
ZFAND1,-0.1469114467636654,-0.7133311107777778,0.47946879713380436,0.8115590359473487
FKBP1A,-0.1404622359578358,-0.7144139972167525,0.47952239294584986,0.8115590359473487
MRPS35,0.23608937002181207,0.7181203533523431,0.4795852527104152,0.8115590359473487
SLC30A6,-0.25459419031748887,-0.7129879063051061,0.47964823327443046,0.8115590359473487
SORD,0.3517092842518097,0.7128064191485181,0.480041296952564,0.8121076971231038
SLC12A4,0.23210956989181675,0.7157897080241912,0.4801443889554269,0.8121657130847993
BCR,0.325355952829153,0.7127188430827455,0.4803913823406492,0.8123779038916394
RPS2,-0.11929542858156772,-0.7117080332520502,0.480432057938161,0.8123779038916394
BTN3A1,0.35017068583935895,0.7118240949353631,0.48050873311779274,0.8123779038916394
PLSCR3,-0.31433434678514427,-0.7115473263150902,0.4805450997776636,0.8123779038916394
ZDHHC9,-0.24598293220977752,-0.7119311233017382,0.48067898465815617,0.8124666928373314
ZNF682,0.2957913174658382,0.7112694667217109,0.48073526890883184,0.8124666928373314
ST6GAL1,-0.3170053313993695,-0.7118381294354548,0.4808045000022818,0.8124673808369506
C21orf91,0.33394443476909874,0.7120233304009684,0.4808990026074304,0.8124793444537582
IBTK,0.13799032234119402,0.7108258700030923,0.4809492299062145,0.8124793444537582
PINLYP,-0.2938366060106756,-0.7104170721361797,0.4811945327496858,0.812584763198182
UBR1,0.3289554044969165,0.7118526308782139,0.4812983823369678,0.812584763198182
ZNF324,0.33092196441615007,0.7104951435249806,0.4813220556928795,0.812584763198182
PCCB,0.28374856349188615,0.7107411970731248,0.4813807193132592,0.812584763198182
SLC25A1,0.3120068616103353,0.7155156460275034,0.4814340596070346,0.812584763198182
VEZF1,-0.14189809946409682,-0.7102001463742929,0.48149625615380043,0.812584763198182
UVRAG,0.23032150948346963,0.7120862669831963,0.4815837401183703,0.812584763198182
DDX60,-0.2968176535348377,-0.7099691417153412,0.48159732921176157,0.812584763198182
ZIK1,0.28473440629174807,0.7101685718018592,0.48163113833949,0.812584763198182
SUCLA2,0.20816111591265507,0.7154711443496089,0.4817664088804637,0.8126475821459013
HAUS2,0.28698572988921844,0.7116828788626518,0.4818060506089931,0.8126475821459013
TTTY14,0.379766491024788,0.7092404265550164,0.4819606894382872,0.81279227697414
HUS1,-0.2560237252326143,-0.710568286737873,0.48204856866955126,0.8128243612546855
ZNF684,-0.31406030689898623,-0.7092450537530262,0.48216059690252355,0.8128971503048116
FBXO5,0.29743517266983055,0.7086677765564819,0.4823975083063822,0.8131776134046462
LYN,0.2950029695628973,0.7084227087734133,0.4824647187027651,0.8131776134046462
MOB3C,-0.2908420525962545,-0.707941885813662,0.4827762521047265,0.8135865319195283
RAN,0.10098830749058507,0.7090850646027539,0.4829475506137437,0.8136392588858019
MTHFD1,-0.217469660280583,-0.7099937980949804,0.4829642777406938,0.8136392588858019
ZUP1,-0.32689293650035234,-0.7072591226743473,0.4831647880338113,0.8136392588858019
LRRC57,0.3202943246425529,0.7076172336813882,0.48320421707761796,0.8136392588858019
CLPTM1L,-0.33549913645326734,-0.7087461959809298,0.4832800657919604,0.8136392588858019
EYA4,0.34469684052934335,0.7077141140392393,0.4833966180486165,0.8136392588858019
CDK5RAP2,-0.26665344879293773,-0.7066462323022241,0.48351203780044866,0.8136392588858019
MFAP3,-0.29280666590418525,-0.7067777595079774,0.48358031641983584,0.8136392588858019
BOC,0.2817825011307562,0.7105491636228741,0.4837185922039547,0.8136392588858019
METTL4,-0.26396242590852603,-0.7068497788496322,0.4837610394922575,0.8136392588858019
PLPBP,-0.25034114126776785,-0.7064645857867308,0.48384984225719835,0.8136392588858019
INTS13,0.3035072571485986,0.7066059840132379,0.48399704444937625,0.8136392588858019
MLF1,0.17317763150148213,0.7062273373510299,0.4840449425132312,0.8136392588858019
ENSG00000251288,0.28722852776274843,0.7058665769438394,0.48414627977495667,0.8136392588858019
RPUSD4,-0.3312014398346945,-0.7056822380019907,0.48418287103898233,0.8136392588858019
ZNF485,-0.27859233972447806,-0.7060930849618459,0.4842196072557916,0.8136392588858019
DCAF8,-0.1256213988180086,-0.7056905491337714,0.48425940918279364,0.8136392588858019
C3orf38,-0.2559147828291666,-0.7054495325628474,0.48427851228913454,0.8136392588858019
KIF1B,0.12440933914878727,0.7064264468528388,0.484354258444193,0.8136392588858019
CTSD,-0.1569604438893295,-0.705283827452729,0.4845638618311714,0.8136392588858019
HIPK3,0.22535145404145762,0.704894280816812,0.4846324745210158,0.8136392588858019
PVR,0.277919224242968,0.7049650698684009,0.4846536804953826,0.8136392588858019
CARS2,-0.2794086771128663,-0.7049316540460121,0.48477414860751283,0.8136392588858019
TICAM2-AS1,0.2670231184761005,0.7052447320239938,0.4848165718106626,0.8136392588858019
PPIL3,-0.1943555207512242,-0.7045357706413495,0.4848350017493343,0.8136392588858019
TAGLN,0.3659657496997255,0.7053791433893684,0.48483573843810024,0.8136392588858019
OSTC,0.11652348977669824,0.7070986304186243,0.4848413732422568,0.8136392588858019
NCOA4,-0.12471216848385502,-0.704456385391166,0.48486216693920087,0.8136392588858019
SNX25,-0.3080926253238023,-0.704929443585389,0.4848864742021439,0.8136392588858019
MAPK1IP1L,0.09542830071634167,0.7043701450508985,0.48491736581465794,0.8136392588858019
PREP,0.2909453047281887,0.7064611875327634,0.4849871154272694,0.8136392588858019
ANKRD52,0.3304774317613135,0.7044072461610662,0.48508049922350566,0.8136392588858019
GABPA,0.25986388310499553,0.7048857451815915,0.48513138786521937,0.8136392588858019
TIMM10B,-0.28133335321024777,-0.7039900719194726,0.48515254109244554,0.8136392588858019
SLC25A27,0.3616144470689777,0.7052154531873887,0.48521985451554817,0.8136392588858019
DDX24,-0.0861930829388271,-0.7039556963770288,0.4852901877161087,0.8136416227792449
ZDHHC2,0.33651515771233464,0.703719487892361,0.48551546415700847,0.813903728255252
FAM229B,0.1992781664897194,0.7044043012790165,0.4857697895550166,0.814214449197355
GZF1,0.2965043302097192,0.7031542770646271,0.4859459066327919,0.8143940130323833
FDX2,0.29789216860887313,0.7032240186534298,0.48601702764022797,0.8143975885440584
GTF3C3,-0.24441664971197374,-0.7021584017621721,0.4862884467055676,0.814616651534535
LNCRNA-IUR,-0.2377977337821321,-0.7021080877104973,0.4864585881154736,0.814616651534535
TMEM184B,0.23918327052508825,0.7021203252038589,0.48647879335634003,0.814616651534535
CBFA2T3,0.3617828369148195,0.7021507611740307,0.48655594432948984,0.814616651534535
GTF2A2,0.07171856728091175,0.7017094727446426,0.48658491739071846,0.814616651534535
BBOF1,-0.3263264571977853,-0.7025084988398584,0.48663345740456637,0.814616651534535
ARMC5,0.3112413563416694,0.7015560588425329,0.4866642036535596,0.814616651534535
RAB1A,0.1245188603075098,0.7033338429175463,0.48674807422008004,0.814616651534535
ITGB5,-0.2711421336913906,-0.7044274698193489,0.4868826184909969,0.814616651534535
CASKIN2,-0.2925935960542849,-0.7016978796813592,0.48692294928756724,0.814616651534535
TMEM11,-0.1266974941676393,-0.7018464243784498,0.486954161102614,0.814616651534535
WAC,0.13244987059949676,0.7010932170416511,0.48702633683911356,0.814616651534535
GCC1,-0.3273610443332351,-0.7012888348034322,0.48710809588301784,0.814616651534535
HRH2,0.4322310152704114,0.7011836531716501,0.487113845250511,0.814616651534535
CTPS2,-0.27443262912845734,-0.7002052306715266,0.4874984861755795,0.8149747433874236
URI1,0.3055422598421096,0.7035412353111375,0.48750313420411323,0.8149747433874236
SMARCAD1,-0.324606120673018,-0.7000661810816581,0.4875713590130263,0.8149747433874236
AKR1C1,-0.20011140128393734,-0.700354375414909,0.48763924025592753,0.8149747433874236
SSBP1,-0.11074829226197558,-0.6997745520143918,0.4877641686481899,0.8149747433874236
PAK4,0.31651050580740314,0.6996289225567273,0.4878468539297324,0.8149747433874236
PPP1R15B,0.3412227710557638,0.6995887444804029,0.48787164203470856,0.8149747433874236
ERMARD,0.2868621139687386,0.7000348226413889,0.4878802635763594,0.8149747433874236
SHC1,0.12124345424988814,0.7005967646874497,0.4880337645072097,0.8150895612597387
CCNQ,0.3297079064088826,0.6996057765989262,0.48811618929819806,0.8150895612597387
WASF1,0.32109151789132273,0.7018463643964505,0.4881561370695767,0.8150895612597387
NPTN,-0.18116477410076826,-0.6988340765485832,0.4883609650949395,0.8152676217271366
C1orf216,-0.23934188437247528,-0.6985414287982137,0.48851488672401633,0.8152676217271366
UBE2R2,0.1241619998156791,0.6987295497524004,0.4885370708393727,0.8152676217271366
MBOAT7,0.2593906335378393,0.6985507426184099,0.4885390221175574,0.8152676217271366
ITGAV,0.17243347237785134,0.6984448014628009,0.4887047242080204,0.8152966663448221
SLC35C1,-0.26600342366544183,-0.6986645333790762,0.48875457605408196,0.8152966663448221
DHFR,-0.29537626601158595,-0.6987841655521464,0.48882610403819576,0.8152966663448221
SIRT5,-0.31058892637114033,-0.6985767559250446,0.48886077919770665,0.8152966663448221
OPLAH,0.27925297201686416,0.6984100622649191,0.4889017451126637,0.8152966663448221
DBT,0.31722239466603286,0.6988534685667918,0.4892069327196331,0.8155470619959392
POMT2,-0.28577676705179345,-0.6974678006785533,0.4893447381968299,0.8155470619959392
PTPN23,-0.2739333960379713,-0.6975401730360625,0.4893538142018605,0.8155470619959392
ACO2,-0.18876061526697807,-0.6982772222531107,0.4894334826590945,0.8155470619959392
COBLL1,-0.31047392927337025,-0.6970491152908863,0.489443152144108,0.8155470619959392
PYGM,0.2981250894965959,0.6970174905629307,0.48946640696664373,0.8155470619959392
THOC6,0.2818728120247451,0.6978955319401691,0.4896924020825624,0.8156886836922032
PAXIP1-DT,0.31700887300471203,0.6976487871474556,0.4896995746946808,0.8156886836922032
LINC01426,0.26269634309132406,0.6968496576327342,0.4898204961078289,0.8156886836922032
ECHS1,0.0859185981597026,0.6964251117572341,0.4898993215271182,0.8156886836922032
ADA2,0.324551156307896,0.6970743732191539,0.4900259806908344,0.8156886836922032
SNHG7,-0.16739122892126979,-0.6972771170774293,0.49005149077271354,0.8156886836922032
HLA-DQB1,0.3594480966972431,0.6963894531256823,0.4900894551747929,0.8156886836922032
FAM43B,-0.296314641579037,-0.6963270868836358,0.49010417902827585,0.8156886836922032
ATP5PB,-0.07646650677767308,-0.6976526113241295,0.4903403145032748,0.8159058749273859
CANT1,0.23213686189121407,0.696556374941236,0.49037290831086855,0.8159058749273859
FBXL8,-0.30405943568338856,-0.6959640747565718,0.4905427696323408,0.8160157142987166
ZNF614,0.33684385668105365,0.6954650711568584,0.49062988155268134,0.8160157142987166
DGKE,-0.30395936532355217,-0.6952249463401937,0.49064629733945697,0.8160157142987166
MGST3,-0.09073677459590535,-0.6949145487736004,0.4907638469565072,0.8160240423111459
EDRF1,0.29243044297689247,0.6956154675896827,0.490823874231082,0.8160240423111459
MOB1A,0.10833350030139943,0.6962335226377921,0.4909198963686764,0.8160240423111459
SLC31A1,0.2459381347224161,0.6952438635744654,0.49112619625251513,0.8160240423111459
GANC,-0.30104375700865305,-0.6941495971601478,0.4912439426600104,0.8160240423111459
SLC37A3,0.28489635972883587,0.6975954766002915,0.49127853076125894,0.8160240423111459
VASH1,0.2918749041504991,0.6943257798405459,0.49142845731720514,0.8160240423111459
ENSG00000232807,0.3199454026326354,0.6953507897737834,0.49147066620053054,0.8160240423111459
C17orf49,-0.29455430801336835,-0.693750743315353,0.4914862557374472,0.8160240423111459
MYEF2,0.308439048703526,0.6937772577938834,0.49154130083266445,0.8160240423111459
TMX4,0.12266172787890905,0.6946391901232801,0.49158647293991936,0.8160240423111459
ATP2B1,0.22737317570987603,0.6981029007310221,0.4916933501030426,0.8160240423111459
FNIP1,0.12110393002018505,0.6943695447368681,0.49171875324183134,0.8160240423111459
MRPL27,0.11548336092492306,0.6935892537062693,0.49177251812475015,0.8160240423111459
RMI1,-0.2965214670373404,-0.6939619675681189,0.4917732699946609,0.8160240423111459
LMOD1,-0.37218796482791117,-0.6941705105840731,0.49179880424448646,0.8160240423111459
GMDS,0.2388771890432002,0.6940718827958678,0.4918264346500469,0.8160240423111459
SLC25A10,0.27084032808800385,0.6934208120309243,0.4919982004188738,0.8161943164621706
CGGBP1,-0.12065570969564199,-0.6918849147724897,0.49269048492793094,0.8172185610248621
MAGIX,0.26925667455760727,0.6920025057651242,0.49279846120697746,0.8172185610248621
HYAL2,-0.22636174966459954,-0.6939777032634344,0.4928232897870388,0.8172185610248621
FAM43A,-0.3269658042998995,-0.6913168859003492,0.4930358457427518,0.8174562021057844
MTCL2,0.27366256985424675,0.6912729289136261,0.4932051484710528,0.8176220724197132
AKAP6,-0.3955817607582661,-0.6907022990123094,0.49339914742735996,0.8178288311401269
LINC00882,0.33247339797303477,0.6910971770232704,0.4935040558220421,0.8178518547423852
ANKFY1,0.31586295230365025,0.6904014788780266,0.4937119412669757,0.8178518547423852
ENTPD6,-0.3431957381260866,-0.6912298373631948,0.49371228193204997,0.8178518547423852
SHC3,0.33863344122551764,0.6914311419440096,0.49373420121323763,0.8178518547423852
CHM,-0.1698137348318367,-0.6906736010656271,0.4937594382675967,0.8178518547423852
POLDIP3,-0.19854231561439484,-0.6903010540463466,0.49387964877247215,0.8178970135162354
SS18,-0.1818224617184283,-0.6910381922753908,0.49393926954185413,0.8178970135162354
HNRNPU,0.13742273640563862,0.6897680746736843,0.4939945536951087,0.8178970135162354
TTC7A,-0.21425905873745554,-0.6897478590215228,0.4942009452603287,0.8181239880519113
RDH11,0.11745639772529515,0.6891350836903964,0.49438422551230454,0.8183126447241664
PDGFA,-0.30179331741657034,-0.6890039273340831,0.49452799401813846,0.8183415361418952
PGM5,-0.4190665072323294,-0.6889791788067063,0.4945403234931199,0.8183415361418952
PABPC1L,0.30239749442183506,0.6885274030677354,0.49477462985625115,0.818369625644345
ZNF121,0.3325879048772111,0.6884777042350375,0.49478920219043127,0.818369625644345
WDR13,-0.12998389144262834,-0.688398721550227,0.4948467052181278,0.818369625644345
ZNF318,0.2856499728832014,0.6884244476652714,0.4948752598429706,0.818369625644345
PRKCA,0.29470005336205807,0.6882568670435824,0.4949039184646319,0.818369625644345
ZNF641,-0.2986908026196944,-0.6881379779820824,0.49505809059213757,0.818401840123699
ACOT1,-0.32789064231774145,-0.6884467772002052,0.4950620533946069,0.818401840123699
IL17RE,-0.26669171854713447,-0.6879753326661407,0.4951657801309237,0.8184432027306779
NEDD8,-0.1427948221731885,-0.6875650073201073,0.4953490714940187,0.8184432027306779
PCGF3,0.34089677284074504,0.6882513690233346,0.49536345507882457,0.8184432027306779
ATP10D,0.2650479215378949,0.690632267686381,0.49548433048421775,0.8184432027306779
ATP11B,-0.3273978818062919,-0.6873096029579591,0.4954984182452005,0.8184432027306779
SLC25A19,-0.2824576074097793,-0.68779590708865,0.4955030554778615,0.8184432027306779
CDC37,-0.0768242216120738,-0.686917560850395,0.4958116787211389,0.818759437514928
PNPO,0.31842904069857925,0.6875492670007155,0.4958332248025599,0.818759437514928
SAMM50,-0.2561838021699314,-0.6865605281734359,0.49613767792090885,0.8191475927071789
PTAR1,0.29456541287466154,0.6863193938069205,0.4962161439024369,0.8191625756912694
ENSG00000271522,-0.30057228525772395,-0.6859760363026125,0.49634813252850185,0.8192004266008566
SIRT6,0.21716622863143575,0.6862578027146856,0.49637786120084093,0.8192004266008566
ALDH2,-0.18196229804645903,-0.6861050515657469,0.4965058569756176,0.8192971263065649
C1orf198,0.3299744280763077,0.6856032010778584,0.4967330088471119,0.8194018048391379
IPO9-AS1,-0.27267859454943744,-0.6857397567891449,0.4967623030649783,0.8194018048391379
ICAM3,0.28628910849214595,0.686610319231979,0.4968629946229902,0.8194018048391379
DENND5A,-0.3091879723805411,-0.6855832727151095,0.4968963667952428,0.8194018048391379
OSBPL7,0.2913737481002667,0.6850490876142696,0.49699555860959876,0.8194018048391379
GVQW3,-0.2548244416449146,-0.6855696318367648,0.4970032358619686,0.8194018048391379
ZNF821,0.31974826497695874,0.6857170489620026,0.49711426075713205,0.8194018048391379
ARF5,0.08678342102367598,0.6851322901417987,0.49712458502820045,0.8194018048391379
GPR180,-0.3205966573326333,-0.6843779282871334,0.49741798773342255,0.8196759499224404
CCDC125,0.31544032722700655,0.6848877101120803,0.4974297759630973,0.8196759499224404
P2RY12,0.2956382426621227,0.6847153456043658,0.49753935365759194,0.8197420893130318
EEIG1,0.25196958139308245,0.6872382971550434,0.49767805161548895,0.819753767072317
RASSF1,-0.1893986064743558,-0.6853028617034405,0.4977278047555091,0.819753767072317
PTGER3,0.331329330157522,0.6843953025614883,0.4977669911681062,0.819753767072317
ZNF22,0.15118114999061394,0.6835703552942766,0.4978486962982891,0.819753767072317
MRPL52,-0.10923449058638823,-0.6841651889528166,0.49789364759919635,0.819753767072317
KDM1B,0.31424005941729494,0.6833431280530087,0.49819400514189166,0.8201339047134334
AFF1,0.24828822710549403,0.6849430284772995,0.49837752087534176,0.8202329561203682
GOLT1B,-0.20022077853193831,-0.6840662203563934,0.4984473531520296,0.8202329561203682
ACAP3,-0.29170189295316984,-0.6827110416426057,0.49846261983968837,0.8202329561203682
PGR,0.29301602989829467,0.682105396997691,0.4987498407235462,0.8205912013576953
ABCC1,0.3243960489579414,0.6841029733383184,0.4989030476731784,0.8207288848636943
CHAF1A,-0.27385296926003866,-0.6819345300419086,0.49906478438859453,0.820880560081839
SPAG9,0.12169307792796769,0.6816741479268388,0.49928173385054725,0.821085824447759
ARMCX5,0.3355830910825941,0.682658962864585,0.4993583207874092,0.821085824447759
SERPINA5,-0.39709788439561944,-0.6823307470793959,0.4993982396895307,0.821085824447759
SEC14L2,-0.2999826991381336,-0.6802134835080308,0.5000125826418982,0.8219814145784164
FZD4,-0.13977176297014804,-0.6798282292051261,0.500174527566782,0.8221331520364609
SPINT1,-0.33739243570740896,-0.6805714639673306,0.5004163223090415,0.8224160775244654
RMND5A,0.31023047441757523,0.6804876373379513,0.5006063501124218,0.8225218336257099
IPP,-0.23562180038054858,-0.6791161763209766,0.5006864976576317,0.8225218336257099
HOMEZ,-0.3387501594036171,-0.6793887033512445,0.5006896989779205,0.8225218336257099
ARHGEF6,-0.2959435650830171,-0.6787921247612114,0.500826381375932,0.8226318953865143
IFT122,-0.3213850795632438,-0.6783563850018987,0.501169714689016,0.8228688862762424
ZMAT1,0.2946820757975104,0.6781524107618033,0.5012397480020558,0.8228688862762424
POLA2,-0.30782272068582617,-0.6781968229689197,0.5012471947138031,0.8228688862762424
PLEKHH3,-0.25467530032024266,-0.6780140542633559,0.5013468150538203,0.8228688862762424
ABCD3,-0.23832661690038348,-0.6779395558426915,0.5013749366348095,0.8228688862762424
NAT1,0.26200093578795847,0.6781076142873712,0.5013888944502339,0.8228688862762424
DBR1,-0.29082070567952645,-0.6777553301871252,0.5015104964956877,0.8229297639767279
OSMR-DT,-0.33666607624531997,-0.6787322728112408,0.5015991789699208,0.8229297639767279
TOP1MT,-0.314454150760358,-0.6778621665445038,0.5016351191509135,0.8229297639767279
TBP,0.17342978364574346,0.6802693640218743,0.5018352632168088,0.8231437101951408
LRP5,0.2666579109017104,0.6770292811765722,0.5019844954053978,0.8232740995082969
ST7L,-0.11464626386708421,-0.6777968999651132,0.502266283390212,0.8235279514042195
EXOSC3,0.26155686622041063,0.6776271782740043,0.5023026967080888,0.8235279514042195
NSD2,-0.3010901433076305,-0.6763893602390433,0.5023485623093422,0.8235279514042195
RBM48,-0.2948234644596801,-0.6769917846804373,0.5027057110698822,0.8239119119437378
RNF31,0.28264834013706563,0.6761296976586617,0.5027223635519478,0.8239119119437378
MYL3,-0.2645969562558257,-0.6761127925473234,0.5028112949859125,0.8239432728079812
NUP37,-0.26050380971754716,-0.6772823992767428,0.5028905281317,0.823958734850065
NINJ2,0.31937810151683,0.6765193922623829,0.5030469335232234,0.824100617574473
COMMD3,-0.2936793097788395,-0.6751617717845688,0.5031410747134837,0.8241404727338247
SLC29A3,0.31792974655669104,0.6753860375830981,0.5032845478603326,0.8242611109172068
S100A13,0.14461717819085784,0.6764738849095558,0.5033585389671416,0.8242679362612161
STMN1,0.288156561218079,0.6749673379121754,0.5034590910147397,0.8243182481871016
SETMAR,-0.32022055154151774,-0.6744534151337779,0.5036030842865664,0.8243577790923368
COPS7B,0.2791601780921886,0.6751285117901747,0.5036441659337607,0.8243577790923368
RNF19B,-0.2770216689019176,-0.6743320375883679,0.5036927285551059,0.8243577790923368
DPYSL4,0.3108605059790992,0.6737599131504528,0.5040438163455917,0.8247908143886244
WDR44,0.29583337462877646,0.6736451475023816,0.5040970542832635,0.8247908143886244
ZNF347,-0.2987367350434966,-0.6735188833141291,0.5042847063238126,0.8249835030699291
FAM88E,0.27249603561816826,0.6736518383150755,0.5043829912443553,0.8250299586586689
PSMC1,-0.1329813441647376,-0.6731017162038665,0.5044855433829566,0.8250833803873375
CLP1,0.31615785638186233,0.6723556302901577,0.5052053645776224,0.8261047282932089
ANKRD42,0.2868471264393788,0.6725056956973037,0.505261718867711,0.8261047282932089
SIVA1,0.07001944130862192,0.6717009899456745,0.5053199697590226,0.8261047282932089
TMEM177,0.29082432163894056,0.6711920756590931,0.5056565332756467,0.826487080093429
ZNF263,0.30662736596201023,0.6715197658212451,0.5056938737411976,0.826487080093429
KCTD1,0.3029579890644247,0.6714925207473892,0.5059349050738606,0.8267443607244727
UGGT2,0.20944054418632252,0.6729538295266968,0.5062597151807485,0.8267443607244727
TSPAN4,-0.12243542689832321,-0.6708930525362843,0.5062969299204774,0.8267443607244727
PGF,0.34639295673806547,0.6729158182297282,0.5063255741179196,0.8267443607244727
LPCAT1,0.26863561619565424,0.671806026906858,0.5064228818322063,0.8267443607244727
ADCK2,0.30271109956666176,0.6698292170651471,0.5064671216820408,0.8267443607244727
KCNK1,-0.3315086971415022,-0.66980039268466,0.5064997109199659,0.8267443607244727
RARA-AS1,0.3008864979351715,0.6701957736400885,0.5065407221852383,0.8267443607244727
SENP2,-0.26107900430316544,-0.6700098935689293,0.5065702034548519,0.8267443607244727
TMEM141,-0.12858615299341736,-0.6693038972423582,0.5068001736768261,0.8267443607244727
NFKBIL1,-0.29348342091766444,-0.6693285385226356,0.5068384764384742,0.8267443607244727
SNX13,-0.134314819814505,-0.6692699390338578,0.5068705897392103,0.8267443607244727
PRTG,-0.27298003212675215,-0.6699305387555858,0.5068717087724064,0.8267443607244727
ZNF566,0.2933675127369413,0.6689369566503655,0.50706593131627,0.8267443607244727
SAMHD1,-0.23966155130098432,-0.6718318827756347,0.5070844571543642,0.8267443607244727
EXD3,0.2887299163743129,0.6689407040612901,0.5070943267139603,0.8267443607244727
TUBE1,-0.3051722481199248,-0.6687813535138939,0.5071576890776904,0.8267443607244727
PRPF4,0.26447908838330614,0.6727251747714263,0.5071809725187927,0.8267443607244727
DEPTOR,-0.3445970941963621,-0.6692438601700798,0.5072365273074982,0.8267443607244727
GLMP,-0.10476555197872717,-0.669428324201373,0.507251961433914,0.8267443607244727
CPM,-0.48064943170233443,-0.6694430441518922,0.5074924468484215,0.8270221334960818
ATMIN,-0.23745026965871485,-0.6682079036260296,0.5075822485121733,0.8270543055467502
PCSK1N,0.3509453702607832,0.6680104538988677,0.5076689772221953,0.8270814623389477
CPNE2,-0.34664604756236583,-0.6673677500682532,0.5080533841685657,0.8273852156355475
CACNA2D1,0.24821147084567663,0.6674116042549255,0.5080991381478757,0.8273852156355475
SNX12,-0.21783557235203332,-0.6674589682492873,0.5081398654432855,0.8273852156355475
LRP5L,0.24766119219327432,0.6672656252645028,0.5081493399028421,0.8273852156355475
D2HGDH,0.27307201975853257,0.6675222133153602,0.5083517414795032,0.8273852156355475
KLC4,-0.2858528921354839,-0.6669099964121316,0.5083557386788022,0.8273852156355475
PRPF8,-0.1340371003793983,-0.6675668048479385,0.5083846526070196,0.8273852156355475
DUSP3,0.20609736356510133,0.6681030351291146,0.5084161248810047,0.8273852156355475
ACER3,0.24771952003451148,0.6666281505859245,0.5084908874310894,0.8273859770367499
CMTR1,-0.27395763061048317,-0.6665233442317962,0.5085567682658753,0.8273859770367499
KREMEN1,0.305127302818339,0.6674564229083086,0.5086858041644824,0.8274673139459691
ZNF649,0.3158553081276936,0.6671487407015596,0.5087469516831719,0.8274673139459691
MTM1,-0.28913636521657793,-0.6666977953241144,0.5089374195124893,0.827644097448492
ZNF891,-0.3014225853164807,-0.6657481510506199,0.5092029635752754,0.827644097448492
ZNF575,0.2795100448397392,0.6654156676823372,0.5092716866752116,0.827644097448492
IL7R,-0.30780969776437495,-0.6667774196557631,0.509273591377376,0.827644097448492
RRAS2,0.19732769401725658,0.6682093562298635,0.5093358279991173,0.827644097448492
PDK4,0.33687820528298573,0.6675433725607328,0.5093971743866279,0.827644097448492
MAGI1,0.31115821380661046,0.6653100681553292,0.5094357383500666,0.827644097448492
KIAA0408,-0.36063977742966147,-0.6655083372717477,0.509453106385528,0.827644097448492
C19orf44,-0.30384374254806645,-0.6659330432516547,0.5095261454596948,0.827644097448492
ZNF33A,-0.25058199038347917,-0.6651037999914851,0.5095567386917103,0.827644097448492
ADAP2,0.36073816701238126,0.6651760515160072,0.5096308022000184,0.8276505186368438
PPP1R14A,0.3290353567659263,0.6669297592724815,0.5098154187127274,0.8277117458504377
RMI2,0.28529751747037246,0.6647712127408952,0.5098737439423563,0.8277117458504377
CHAF1B,0.23266740072183656,0.664347020158698,0.5099470886961296,0.8277117458504377
ENSG00000272588,0.2495442815207931,0.6647265785200233,0.5099827548571033,0.8277117458504377
ENSG00000268628,0.30684243117091414,0.6645874736090822,0.51010249241012,0.8277117458504377
NRF1,-0.30024992599471156,-0.6640259716377582,0.5101634984053,0.8277117458504377
SMC3,-0.09604215730884658,-0.6650321558447105,0.5101642715011095,0.8277117458504377
TADA3,0.11572342010025505,0.6640293114250099,0.5103409584399291,0.8277117458504377
CUL1,0.21660215629148105,0.6672508178566008,0.510355908460212,0.8277117458504377
CHST15,0.30329708555547663,0.6637262063226931,0.5103696567594525,0.8277117458504377
NAPEPLD,0.31371420685138185,0.6636205971463331,0.5104505107735657,0.8277291592969703
SON,0.06808554404143763,0.6658447290594813,0.5105797623263452,0.8277850386609458
CEMIP,0.39078591870895174,0.6633503296428053,0.5106252140219405,0.8277850386609458
NFIL3,-0.29867445758452504,-0.664280499784952,0.5108064464450691,0.8278694849291768
SNHG21,0.27763692912301696,0.6633352302296172,0.5109656636338087,0.8278694849291768
DEPDC5,0.30627230102943415,0.6630096186872698,0.5110819422579425,0.8278694849291768
NME7,0.21717455293649746,0.6630233548307142,0.5110947251363801,0.8278694849291768
COL4A2,0.1637121286493226,0.662566177486321,0.5111151039475157,0.8278694849291768
AK2,-0.09666878664516165,-0.6625343770684433,0.5111304468475258,0.8278694849291768
RUNX1T1,0.2040700723662896,0.6633905427704226,0.511191780609828,0.8278694849291768
ZNF480,-0.2860548223778525,-0.6624560863995709,0.5112383350388563,0.8278694849291768
CNPY3,-0.1901541957438999,-0.6626635719348799,0.5115869078601062,0.8281113594581863
TAX1BP3,-0.13731872117515032,-0.6617236395803896,0.5116196520652205,0.8281113594581863
SLC12A9,-0.2719164118893267,-0.6619038041023688,0.5117889549364933,0.8281113594581863
EEF1AKMT3,-0.311123743832022,-0.661534735855899,0.511830610806127,0.8281113594581863
PSMB6,-0.08114778077984663,-0.6609581042643298,0.5121077305055416,0.8281113594581863
TAF12,0.1989081902530705,0.6644204827802924,0.5121084391191555,0.8281113594581863
GFUS,0.15562385592618888,0.6607672495605318,0.512212669735913,0.8281113594581863
PSME3,0.19672585892548522,0.6639223053040688,0.5123434124701808,0.8281113594581863
MSL3,0.2909265257975524,0.6614105819669874,0.5123652071980836,0.8281113594581863
TCHP,0.2582604661029335,0.6613266109191684,0.512381135959044,0.8281113594581863
TMCO3,0.13138449420829623,0.6605376546040103,0.5124145629178775,0.8281113594581863
IMMP1L,0.24737570139674103,0.660383597160852,0.5124624311687991,0.8281113594581863
HK2,0.2653487429570789,0.6604026959520629,0.5125427778378869,0.8281113594581863
SFTA2,-0.3691194149868293,-0.6604979093011455,0.5125862355592747,0.8281113594581863
AIF1,-0.3728679025696753,-0.6608669181332223,0.5125862684469582,0.8281113594581863
INIP,0.2911529885261577,0.6611288340450074,0.5126544987969325,0.8281113594581863
HERC4,-0.281273141300046,-0.6603154869568971,0.5126682204393712,0.8281113594581863
NOL11,-0.12447452747251564,-0.6600881007361133,0.5126751359708004,0.8281113594581863
PPA2,0.20431898932762937,0.6622317899187661,0.5127205358983382,0.8281113594581863
FOXN3,-0.13452602558317128,-0.6619115164976912,0.5129008565514677,0.8282787713062378
FEN1,-0.30932171834078703,-0.6599563141930375,0.5129645147835582,0.8282787713062378
TMEM128,0.26864772783116475,0.6610107181047852,0.513054557676238,0.82831086616083
GTPBP2,-0.28863053671150984,-0.6598191650004808,0.5132012400895647,0.8283962996698294
CLDN15,-0.27713865874831,-0.6594731952917531,0.5132856608977353,0.8283962996698294
DYNC1I2,0.09884326079131167,0.6590550780961312,0.5133459649093106,0.8283962996698294
PI4K2B,-0.27193023560573115,-0.659354839621182,0.5134386361770542,0.8283962996698294
RWDD3,-0.2325656210986029,-0.6625820337045579,0.5135978548820468,0.8283962996698294
RABL2B,0.3033108056949465,0.6604610332167147,0.5136306841919659,0.8283962996698294
NFRKB,-0.2969126007870675,-0.6584265604487375,0.5137872856184732,0.8283962996698294
ST13,-0.08527985544286842,-0.6583668458342614,0.5137891804470384,0.8283962996698294
DDO,0.30224959074816904,0.6586208997662566,0.5137901741793405,0.8283962996698294
ZDHHC24,-0.22822577740760686,-0.6585668351546259,0.5138252310349047,0.8283962996698294
ZFTA,0.28798711779689956,0.6596059297126857,0.513879381828222,0.8283962996698294
DMAC2,-0.2728558115332267,-0.6584459980739163,0.5140675701314247,0.8285865190335157
ORC2,0.2714772890861612,0.6580866134481115,0.5144404349167153,0.8290185366987204
MSC-AS1,0.26119479231586284,0.6574506437847315,0.5144760525078209,0.8290185366987204
UTY,0.416943218888596,0.6573278125456277,0.5145813580455587,0.8290750555108258
RTN2,0.2803914694927183,0.6606384871520276,0.514923106898073,0.8291977331697112
GPAT4,-0.29693105347256354,-0.6564424227937744,0.5149708164395969,0.8291977331697112
ATPAF1,-0.28648411218724856,-0.6564102273484871,0.5149791254859765,0.8291977331697112
SNRNP27,0.241496368564305,0.6568248077382508,0.5149792018695425,0.8291977331697112
ARHGEF10,0.2889991791750659,0.6574121450116507,0.5150244966488491,0.8291977331697112
OGN,0.19113361649911464,0.6589922841554907,0.5150789476775512,0.8291977331697112
ZNF337,-0.2657799967792358,-0.6561295417095726,0.5152182684964841,0.8292605643176131
BRINP3,-0.3179818193245405,-0.6565924495744749,0.5153209689120624,0.8292605643176131
GPR155,0.3066075886581312,0.6560253994773224,0.5153608756776515,0.8292605643176131
CCM2,-0.24341696606096885,-0.6559721683000962,0.5153989631849494,0.8292605643176131
ZMAT5,0.13194555853129675,0.6559539182338041,0.5157371424623579,0.829691600813319
RPS6,0.08765694045170669,0.6549215748075189,0.5159507317123522,0.8297934181748912
AVIL,0.28038601895375903,0.6551857532223,0.5160017177895105,0.8297934181748912
APBA3,0.24904981151385952,0.6548868957189563,0.5160113073123148,0.8297934181748912
PSME1,-0.07931405622692367,-0.6538705050529264,0.516634153632632,0.8305483482821789
FUT11,0.22939105420289962,0.6539041017500843,0.5166760436191405,0.8305483482821789
TARBP1,0.2834240492794029,0.6538239343964479,0.5166918314090913,0.8305483482821789
TAF12-DT,0.2696244584663028,0.653434130878248,0.5171078807728356,0.8311039526920796
CDK5RAP3,-0.25696121411048356,-0.6530512950929169,0.5172651146206709,0.8311304919907494
GKAP1,0.2977594092890574,0.653898043292724,0.5172652032745477,0.8311304919907494
CDK19,0.31704437150795073,0.6531079904440701,0.5173426082769051,0.8311417379843311
PURA,0.1572187266583338,0.6528409489204349,0.5176150202077608,0.8313519548861962
TTC4,-0.25787330727289604,-0.6523503654299745,0.517618911093547,0.8313519548861962
CNOT3,-0.2339922743753946,-0.652197286856087,0.5176847285360803,0.8313519548861962
NOP2,0.32062868257492916,0.6527442669743608,0.5177988905426485,0.8313688360275776
METTL25B,-0.34018382167440375,-0.6525803687820593,0.5178360907505953,0.8313688360275776
USP46,0.27100716238651357,0.6520224326804499,0.5179408433697718,0.8314239401659173
KATNA1,-0.21689180163178712,-0.6519741253664986,0.5181895532427531,0.8316168633059785
PRKAG2-AS1,-0.29132547412867726,-0.652223339739506,0.5182019183802438,0.8316168633059785
FRAT2,0.24810586514797106,0.6509313970812022,0.5184876394445826,0.8318122678730605
PPM1M,-0.1814299441195173,-0.6510797545534898,0.5185345241054943,0.8318122678730605
TYW1B,-0.29144994278764647,-0.6511322686881426,0.518711279932389,0.8318122678730605
RNASEH1-DT,0.30374025882725286,0.6513185240071131,0.5187334875361145,0.8318122678730605
PIGA,0.3023766211174759,0.6505761514485989,0.518767614183122,0.8318122678730605
TUBB4B,0.1569598824236813,0.651874733337524,0.5188869091562526,0.8318122678730605
TBPL1,-0.17895661948962882,-0.6508743167946803,0.5189894119525595,0.8318122678730605
TNFAIP2,0.28350550351805914,0.6532855840300716,0.5190034450122285,0.8318122678730605
LDLRAP1,-0.2986245122413207,-0.6512635587699972,0.5190513783457632,0.8318122678730605
HGSNAT,0.15419477008450055,0.6501252577669495,0.5191753086173475,0.8318122678730605
ARL10,0.2639325546146716,0.6501835528266787,0.519204386308638,0.8318122678730605
CENPC,0.25361921146835265,0.6497929203635163,0.5194562855751893,0.8318122678730605
ZNF879,0.25554037527510154,0.6493683978301531,0.5194843609328552,0.8318122678730605
BABAM2,-0.14013470169538333,-0.6493780973746909,0.5195042181603929,0.8318122678730605
CEP76,-0.26684470065468546,-0.6494271340573509,0.5195588991584272,0.8318122678730605
GDF15,-0.4630792600082483,-0.6491798265544095,0.5195966277900926,0.8318122678730605
CACNA1H,0.3783687408283023,0.65012076021676,0.5196792772587498,0.8318122678730605
NDUFB11,0.07387164543891966,0.6490223927256493,0.5197141357158658,0.8318122678730605
EDA,0.29433460934079103,0.6490904799220715,0.5197393164860243,0.8318122678730605
TSTD2,0.1658349862580426,0.6493693543030373,0.5197518102345051,0.8318122678730605
HIP1,0.20043531096236933,0.650776269565745,0.5198033968741692,0.8318122678730605
DOCK7,0.29639752117486395,0.6486408937968378,0.5200040402550805,0.8320205604786155
CNPY2,0.20599534449898194,0.6494442523336899,0.5200811281256937,0.8320311312540744
DIXDC1,0.2648642272393982,0.6524195762021953,0.5202216145773274,0.8320537560303811
HMG20A,0.18277947315711351,0.6506230741842917,0.5202362366167085,0.8320537560303811
NDUFC1,-0.07962040023286487,-0.6483140576570364,0.5203300116542565,0.8320910034649822
NDUFS1,0.11095787089493214,0.6477738441884164,0.5205059260145832,0.8322595769473324
THEM4,0.27549018362720057,0.6477069154435597,0.5206022995027462,0.8323009406324375
MILIP,0.2675275521937879,0.6474476845321988,0.5207093784143811,0.8323594058472267
TTC13,-0.29428173404225877,-0.6472099829879823,0.5209014515654216,0.8325537010194695
GNE,-0.214759378060843,-0.6469904244546083,0.5210143496601387,0.8326214156948608
MX1,0.3213553882391489,0.647623690109492,0.5211957463303323,0.8327985632687565
FBXO22,-0.24312163809971032,-0.6465315177470871,0.5213107379651583,0.8328695712110832
TMEM51,0.25951381714582844,0.6465581154573679,0.5213853927032869,0.8328761246092424
CLHC1,-0.25244788631426407,-0.6461279587360889,0.5217220823897755,0.8331826607569099
HSPA9,0.14685228564566,0.6465883271563917,0.5217370481509196,0.8331826607569099
LINC01315,0.2830561501019049,0.6462898746752862,0.521803799549377,0.8331826607569099
P2RX4,0.2433722920095409,0.6466003225333509,0.5219573810999751,0.8331826607569099
CDKN2D,-0.32654481619423814,-0.645856259549749,0.5219734090772093,0.8331826607569099
ASS1,0.2234394014209382,0.6467926166734632,0.5220072436460634,0.8331826607569099
STRIP1,-0.2554243045979301,-0.6452027924875164,0.5221462633407293,0.8331826607569099
KRI1,-0.2888739107536451,-0.6452362606373915,0.5221714096868517,0.8331826607569099
EID2B,-0.3180923049326134,-0.6457677477903845,0.5222124952935516,0.8331826607569099
ZNF761,-0.2926080025668605,-0.6448553422786473,0.5225403303888498,0.8335930540865368
QSER1,0.3089993076271642,0.6446984360988581,0.522653062547939,0.8336602355598459
SLC19A1,0.2718112475945962,0.6442638774053271,0.5228036478165105,0.8337377210260152
SLC9A8,-0.2892369340149368,-0.6442042115861728,0.5228428927366023,0.8337377210260152
LDHA,-0.14666281259093417,-0.6436982532603117,0.5231145130107856,0.8338684269010944
CCDC86,0.26775619973523535,0.6436900754584839,0.5231190881808162,0.8338684269010944
TPK1,-0.29861293281189694,-0.6440535456546911,0.523136769981322,0.8338684269010944
SAP30BP,-0.12680064955142267,-0.6449809229135158,0.5233548070885122,0.8339339062731271
CRYZL1,0.30148934559269147,0.645502863343528,0.5233616240248684,0.8339339062731271
ACKR1,0.26158027894860636,0.6436004148974659,0.5234774964255282,0.8339339062731271
SLC35E1,0.2820396996595611,0.6437977229677515,0.5235224850777167,0.8339339062731271
NR2C2,0.24051739715911058,0.6433772464015928,0.5235469008992444,0.8339339062731271
ILRUN-AS1,-0.28365430425097715,-0.643666431704459,0.5236017037946987,0.8339339062731271
USF2,-0.2535621939303536,-0.6422702411747382,0.5240645932783552,0.8344493589520351
SAP18,0.06536275812343639,0.6420727898283165,0.5241574275740747,0.8344493589520351
JADE1,-0.2495527084059539,-0.6419510507447382,0.5242391429085902,0.8344493589520351
NFYB,-0.20357422243166745,-0.6420007379772716,0.5244178815012005,0.8344493589520351
ZNF248,-0.2960106177918087,-0.6415773712137228,0.5245141211733689,0.8344493589520351
KLHL7,-0.28198246308533026,-0.6419266622893411,0.5245296177407299,0.8344493589520351
NABP1,0.3821978320207342,0.6415379839092454,0.5245311620526276,0.8344493589520351
C3orf18,0.2386107238270152,0.6415090875093465,0.5246312421608128,0.8344493589520351
KICS2,-0.2789390355774224,-0.6420579794241139,0.5246543316906469,0.8344493589520351
ZNF547,-0.2497117104586697,-0.6418393729954338,0.5247345302777767,0.8344493589520351
BCLAF3,0.2741360961356567,0.6415515433619278,0.5247509475302431,0.8344493589520351
PAIP1,-0.09498141103697044,-0.6411471101989398,0.5247735739822031,0.8344493589520351
CTBP2,0.19594328227061109,0.6409052385389341,0.5249405106327355,0.8345209817025296
PTBP1,0.20664785086879967,0.6446767049869638,0.5249600008575167,0.8345209817025296
BLMH,0.243095545643782,0.6405318669429867,0.5251671547122668,0.8347198672106451
SCLT1,0.24365665855160268,0.6405299730571337,0.5252265288979815,0.8347198672106451
TFIP11,-0.2525175134398512,-0.6406024513891228,0.5253692187920276,0.8348342479256812
SIX1,-0.32766360466631905,-0.6406300360829734,0.5254851660562784,0.8348680668655212
ORAI2,0.29604529035228566,0.6401121251839982,0.5255415783167763,0.8348680668655212
PCMTD1-DT,-0.28078947712017976,-0.6401428580675904,0.5256226108349916,0.8348680668655212
TMED7,0.1693404763925921,0.6403790484646636,0.5256733876333265,0.8348680668655212
BBS4,-0.21621870767069407,-0.6399156647423105,0.5257548424478692,0.834885110989655
PARP8,0.23956060425792103,0.6392299516738028,0.5259896218649063,0.8349667859870226
SIRPA,0.2923009909926262,0.6405215705391419,0.5260155587459747,0.8349667859870226
GPS1,0.2076424183266239,0.6422703445728583,0.5260184656828027,0.8349667859870226
ENSG00000270022,0.3286139047752732,0.639703052733429,0.5261202588506199,0.8350160870841042
MRPL55,0.07594245584459003,0.6391377680368789,0.5261957907297602,0.8350237007077321
NRBP2,0.25906303722200663,0.639975490373102,0.5265172654761587,0.8351289240606937
HIF1AN,0.1708742448109759,0.640965962016142,0.5265664469000242,0.8351289240606937
PGPEP1,-0.24118762512084224,-0.6382749777340451,0.5266070351861446,0.8351289240606937
M6PR,-0.2825597462136269,-0.6382410166617501,0.5266253969565976,0.8351289240606937
CASP8,0.27419496825330825,0.6384464024471949,0.5266271439942412,0.8351289240606937
PLXDC2,0.1703583993172968,0.6406993143705157,0.5266865599010474,0.8351289240606937
KIAA2013,-0.35399196961060264,-0.6379944652261851,0.5268652159776781,0.8353000100210167
FAM50A,-0.11196732365027007,-0.6381160709929045,0.5269396802905627,0.8353058850315688
UBE2S,0.2989179563033755,0.6389968793615495,0.5270134195812521,0.8353106093121216
PPARD,-0.3096723557062404,-0.6376278624136708,0.527262992365562,0.8355381634306727
CD52,0.3615448099040326,0.6377635069762027,0.5272985444776376,0.8355381634306727
TMSB15B,0.2508840150857712,0.637109142355646,0.5274237783859564,0.8356244401887284
NR2F2,-0.18428555986492245,-0.6370316514375044,0.5275397213059891,0.8356523751348852
KDM1A,-0.2632911203758006,-0.6368113067501203,0.5276296403469054,0.8356523751348852
ACTR2,0.11541431639238908,0.6367893906392369,0.5277067694032638,0.8356523751348852
RIPOR2,-0.3225200827831194,-0.6367831799580289,0.5277245621881042,0.8356523751348852
MRPL20,0.0964387615912159,0.6386544654077843,0.5280770750531735,0.8360984269048702
PRCP,0.12521834951267774,0.6360702941771611,0.5282902102348643,0.836215127400123
CARD19,0.1062401994510429,0.6372104761392561,0.5283179455564234,0.836215127400123
GRIPAP1,0.23839467080764987,0.6358362941946555,0.5283632897312595,0.836215127400123
PYCR3,-0.26220439722619693,-0.6354318170090727,0.5284494517623469,0.8362393804362607
JRKL,-0.28475964663429965,-0.6351537825943457,0.5286393738259691,0.836421224636213
LZTS2,0.33465359234305936,0.6357784752803798,0.5287893492927271,0.836421224636213
FAM91A1,0.28409387858674906,0.6347651622873988,0.5288755331239904,0.836421224636213
PPM1K,-0.15880904243050686,-0.6358768952035864,0.5289675872242093,0.836421224636213
APPL1,-0.08291387986227239,-0.6348141976351517,0.5289681895004275,0.836421224636213
UBR3,0.31539504046596845,0.6357137812168511,0.5289894843823775,0.836421224636213
CCDC77,0.26358978317295745,0.6341272802324338,0.5293944726129028,0.8368280142535998
GTF2A1,0.24222091227699138,0.6370187891461918,0.5294171901701974,0.8368280142535998
R3HCC1L,0.29144242041276636,0.6337727929869877,0.5295437522325592,0.8368280142535998
ZEB2-AS1,0.22359445768827213,0.6338853799017428,0.5295552076248657,0.8368280142535998
ACSS1,-0.2811293388520255,-0.634275038294068,0.5296011939422824,0.8368280142535998
WASHC4,-0.21233562613828205,-0.6367256806620615,0.5298228192853314,0.8370661645695044
CLPP,-0.1053468542455791,-0.6333424857661589,0.5299522661540409,0.8371394006526773
PIGBOS1,-0.19486050592042226,-0.6330775663722986,0.5300110021582474,0.8371394006526773
SNPH,0.2374735759880684,0.6329692323700025,0.530139194030661,0.8372298575962479
MED8,0.19058355744151445,0.6358503575151944,0.5304437253401942,0.8375987396523532
DYNLT2B,0.3179034272093886,0.6332642028744571,0.5306435317817685,0.8376986117048832
THAP9-AS1,0.2722448181485695,0.63232340389997,0.5306488960888706,0.8376986117048832
ZNF471,-0.24946623983329763,-0.6324651044700178,0.5307517125470238,0.8377488924478694
STX18-AS1,-0.2324204547276587,-0.631725709332555,0.5310352474193835,0.8379699289654425
ATN1,0.2326425469791662,0.6313263327894544,0.5311648300866506,0.8379699289654425
DDX59,-0.22583463742587062,-0.631211210717959,0.5311780668066612,0.8379699289654425
ARGLU1,-0.09461168706703749,-0.6312336487646057,0.5311983096895515,0.8379699289654425
RNASE1,-0.3194787704590487,-0.6316709039458851,0.5313164360181193,0.8379699289654425
PCDHB4,0.28528988093736807,0.6310965227676517,0.5313220912097628,0.8379699289654425
RPGR,-0.25270474823767186,-0.6307470166198793,0.5315340491033789,0.8379699289654425
MEF2C,0.2838726177808537,0.6310308072271074,0.5316040536248893,0.8379699289654425
PPP4R2,0.1101923462834753,0.6305061240714511,0.5316482380133807,0.8379699289654425
LBR,0.199807141296235,0.6331849610191888,0.5316560061472309,0.8379699289654425
SPATA7,0.2882326037194485,0.6308726284326026,0.5316725767006493,0.8379699289654425
RHOF,-0.27532049136034686,-0.6308061894163303,0.5318431053872114,0.8381268000395181
GTF3C6,0.0724052380498943,0.6298505537812306,0.5320620674722795,0.838237300162166
FAAP100,-0.26803520502178646,-0.629760979110119,0.5321125858080624,0.838237300162166
NDUFAF3,0.07794247498402562,0.6298854253762167,0.5321495983595117,0.838237300162166
MAP1B,0.1647252884781718,0.6299617776863342,0.5321972524113032,0.838237300162166
TRMT13,0.27787170928655014,0.6297111526694625,0.5323839081053061,0.8383209916128473
ATP7A,-0.2381288498998817,-0.6293246364989297,0.5323924162745884,0.8383209916128473
RNF217-AS1,0.26210875448255977,0.6289290687469669,0.5327400849329467,0.8387565621010183
KHDC4,-0.27472243850885114,-0.6288637030211132,0.5328604780863607,0.8387871570649654
EMC7,0.06764768025952606,0.6287030111629869,0.5329016245647811,0.8387871570649654
KLF3,-0.1736342686975565,-0.6284440007211504,0.5329935497831425,0.8388200046913742
JUP,-0.2941626986689707,-0.6310745346913239,0.5332277176789546,0.838845183007088
THOP1,-0.20180056532448543,-0.6279591238524178,0.533277073646284,0.838845183007088
FAM156A,0.2331927961138267,0.6279631245717555,0.5333866368630784,0.838845183007088
TSPYL1,0.15109038362968708,0.6280680528146977,0.5334046209982478,0.838845183007088
CLK4,-0.19232027405270635,-0.6278654560093749,0.533423011001547,0.838845183007088
ACTR8,0.2786496569749488,0.6278492498605945,0.5334541927154672,0.838845183007088
ZMYM4,0.26098507314452624,0.6276258476763383,0.5335696887133242,0.838845183007088
LRCH3,0.26530978494578994,0.6275335925435593,0.5336755373411526,0.838845183007088
CHEK2,-0.29785316978185605,-0.6274546358927533,0.5337286876860399,0.838845183007088
ELOVL5,0.22906328037000012,0.6295124241299874,0.5337989313573845,0.838845183007088
MAFB,0.19446526461479507,0.6273143456735799,0.5338257283621949,0.838845183007088
PIGL,-0.23678190719339742,-0.6271572085277538,0.5338763221248692,0.838845183007088
VPS9D1,-0.285478749724966,-0.6269500498712091,0.5339333083536857,0.838845183007088
PAPOLG,0.2743524318779631,0.627858553085399,0.5342345321157302,0.8392067400700194
SLC30A4,0.27611839934444404,0.6265561740911174,0.5343893294705242,0.8393382163916363
RINT1,-0.2449831727446985,-0.6261906647643584,0.5345668487743139,0.8394086833289137
MED7,0.24797881746340122,0.6261038417928052,0.534587041572997,0.8394086833289137
C1orf35,-0.2611717871364512,-0.6257727344592237,0.5346981382419338,0.8394086833289137
LPP-AS2,0.24134535535441226,0.6257390957987664,0.5347186191133784,0.8394086833289137
ZSCAN29,0.2623253501806273,0.6255318870387351,0.534883030614364,0.8395494757968777
PDCD10,-0.09742243481862012,-0.6281616215049639,0.535030538687636,0.8395494757968777
NCSTN,0.19828418457725672,0.6295504620580041,0.5350614981070334,0.8395494757968777
FANCC,0.25259903033311604,0.6254015119932782,0.5351603272566718,0.8395494757968777
FOXC1,-0.3827891202321214,-0.6253484253117111,0.5351638971089796,0.8395494757968777
PLA2G6,0.2650095199833069,0.6251665558163133,0.535443907267602,0.8398771359678504
SIN3A,0.2815897946579544,0.6244040632972467,0.5357303335898154,0.8402147718915598
DHX15,-0.11603259608198702,-0.6241019299507278,0.5358168471785748,0.8402388258425977
PHF13,0.24372780823072349,0.6239148651796693,0.5359823362941518,0.8403553782924135
TRAPPC2B,0.22498731915663583,0.6241659519909811,0.5360335449844874,0.8403553782924135
CES4A,0.2532073302002438,0.6235541785129214,0.5361880775514589,0.8404860251619934
TSPO,-0.10218052123250931,-0.6236709705040497,0.5363589485349733,0.8406422447497822
PTPMT1,-0.1260618663915718,-0.6231604976653179,0.5365204750315103,0.8407064023691168
ITM2A,-0.3982367496043553,-0.6229077916532538,0.536567459178709,0.8407064023691168
AKAP12,0.14337152415138021,0.6243850248470996,0.536613531711249,0.8407064023691168
CNDP2,-0.2419648805547423,-0.6224889387330717,0.5368406772417399,0.8409506627970726
ELANE,-0.2569332094288588,-0.6221702305142689,0.5370849850915451,0.841011321494371
WASHC1,0.27194214807935957,0.6220719545528621,0.537111986066973,0.841011321494371
DENND4A,-0.23245175105807014,-0.6219996678816062,0.5371520583175615,0.841011321494371
PRMT6,0.23425932303472718,0.6224124677284648,0.5371643679853924,0.841011321494371
IFT56,-0.28296559200014304,-0.6216871371328708,0.5374271432055279,0.8412646787836573
YOD1,0.23586112116647873,0.6217233297123169,0.5374687172711854,0.8412646787836573
ZC3H15,0.06916089837790196,0.6214334166315418,0.5376047556772359,0.841366053396496
PURB,-0.22438263000370906,-0.6211304361313714,0.5377225732993202,0.8414388888916323
KNOP1,-0.28472848216548563,-0.6209003900429276,0.5378891486787263,0.8415879920679077
NEDD4,0.28835799846236165,0.6209362685713804,0.5380081776798556,0.8416626739346271
TRAM2,-0.11597655255622552,-0.6206385821270017,0.5381167408546393,0.841720965388766
OSBPL2,0.216412776407243,0.6214485853136694,0.5384624592143479,0.8420629477768248
SLC35A4,-0.22068515534717692,-0.619953763597822,0.5385577632141159,0.8420629477768248
DNTTIP2,0.2078143393563021,0.6216234179728874,0.5386009410954837,0.8420629477768248
RPS23,0.06675454733254682,0.6198108324106334,0.538620696201847,0.8420629477768248
LRRK2,-0.193954024259269,-0.6218514708550311,0.5389072834703648,0.8423654058075563
DNAJA2,-0.09367424813512937,-0.6196826643959399,0.5391120105829469,0.8423654058075563
MAIP1,-0.24291983963099417,-0.6194577240351942,0.5391377969085184,0.8423654058075563
NOXA1,-0.25046944343008426,-0.6194282327887978,0.5392158981396149,0.8423654058075563
KLHDC8B,-0.28096891025188153,-0.6187536024478684,0.5392999916527343,0.8423654058075563
TYSND1,-0.2875913743974152,-0.6185915746216514,0.5395439240638237,0.8423654058075563
TSEN2,0.28887233631921694,0.6187245137029442,0.5396110914511624,0.8423654058075563
MYO9A,-0.1887493600885568,-0.6185361749656115,0.5396524493021204,0.8423654058075563
Y_RNA,0.2861268282361036,0.6189608160221938,0.5397093864678894,0.8423654058075563
SGF29,-0.28323741851461914,-0.618466464207387,0.5397376739997212,0.8423654058075563
ERLEC1,0.08709315375463511,0.6184459078470238,0.5397666183921392,0.8423654058075563
RAB2B,0.2489136170049373,0.6185181625965117,0.5398354789085339,0.8423654058075563
CXorf38,-0.26956785703334063,-0.6178588757399035,0.5398751357596494,0.8423654058075563
SNRPE,0.07916806935458975,0.6179429090181131,0.5398832041853279,0.8423654058075563
EYA3,-0.24521001385300334,-0.6177822243037271,0.5399545806166121,0.8423654058075563
SMC1A,-0.138030639011812,-0.6176625098350051,0.5400001309834036,0.8423654058075563
IPO9,-0.2553913355500592,-0.6176576968281969,0.5400732728026,0.8423654058075563
SIPA1L2,0.2954717663894213,0.6174225440474087,0.5401441670459444,0.8423654058075563
OTULIN,0.2775739748281314,0.6179008343660387,0.5401699383280983,0.8423654058075563
TMF1,0.09931529447734366,0.6179243983925666,0.5403170005831823,0.8424834489346806
CC2D1A,0.2513977113239778,0.6185234535779892,0.5406717291964127,0.8429252196465467
WTAP,0.13656042306524352,0.6164660857569151,0.5407639169035154,0.8429576177269246
SUSD1,0.23946263022082825,0.6164011848407016,0.5408899958415836,0.8430428308568648
SLC25A29,-0.31453339513423484,-0.6164565924143454,0.5411637021745298,0.8433580863591187
SLC15A3,-0.252303454460413,-0.6157217410798089,0.5413507390357986,0.8435137775593745
GSTM4,-0.1908754400349819,-0.6179975238871467,0.5414065135592868,0.8435137775593745
GNB1,-0.15075596325824314,-0.6160933382882243,0.5416209868169838,0.843624865169942
ESRRA,-0.293895722280217,-0.6152009187227486,0.5416802878910464,0.843624865169942
GRINA,-0.1210438335666355,-0.6150812394157658,0.5417290071887712,0.843624865169942
PPIL1,0.30021663409825283,0.6151048259907509,0.5418315285766069,0.843624865169942
IDH3G,-0.08543419724583323,-0.6150820670026762,0.5418351315305803,0.843624865169942
DVL3,0.19691634614325437,0.6165490788242971,0.5420776868273907,0.8438912162728929
EXOSC2,0.2818574442993338,0.6143298144744086,0.5423194361908644,0.8441028878240723
RBBP4,-0.1756387426526329,-0.6167843423148588,0.5424593326839434,0.8441028878240723
TRPT1,0.19130723046395204,0.6173232414565704,0.5424845570649486,0.8441028878240723
NGRN,0.14441188857142961,0.6138569914809244,0.5424996704719387,0.8441028878240723
POLR1C,0.2508148373948411,0.6141676823095887,0.5426107738457651,0.8441644946295804
INTS3,0.25021560939735865,0.6134121601218476,0.5428666868413194,0.8442461337409249
TMEM106A,0.2738861577657439,0.6134706112403354,0.5428824964213835,0.8442461337409249
ZNF800,0.11577290979786081,0.6132557545386682,0.5429030253720799,0.8442461337409249
ZNF563,-0.2744458939546859,-0.6135587733704383,0.5430474662602874,0.8442461337409249
CRY1,-0.1842040422019604,-0.6133717837837529,0.5430938674621828,0.8442461337409249
VRK1,-0.2719490367935564,-0.6129452712868891,0.5431013823001339,0.8442461337409249
RAB33B,-0.2694703803059304,-0.612808609710854,0.5431638615639411,0.8442461337409249
SLC25A14,0.2707240930862813,0.6123842555186954,0.5436162317402873,0.8447294104855002
ATP6V0B,-0.077995115219605,-0.6142840533726096,0.5436691084329887,0.8447294104855002
RECQL5,-0.2571275919289182,-0.6121794846238972,0.5436894587775375,0.8447294104855002
ELOVL6,0.25768063685177145,0.6120369732014982,0.5438573301170867,0.8448337287756656
PBDC1,-0.1681896141749979,-0.6136885321584687,0.5438997322062735,0.8448337287756656
EEF2,-0.09281628491905458,-0.61132278697694,0.5441449627272794,0.8449996567741234
FNBP1,0.11194597263034911,0.6112968875727653,0.5441497154423452,0.8449996567741234
TSPYL2,-0.1526033710571042,-0.613080576319051,0.5442232460153377,0.8450026856781614
FHIT,0.2719689458946526,0.6109130674818108,0.5445000737416197,0.8453213270015545
ARL6IP6,-0.21725261598750123,-0.6108341918106668,0.5446699718765141,0.8454739011179815
DCP1A,0.269653090967509,0.6105066546817771,0.5447763966223345,0.8455279203427107
TAF15,-0.18134491480794956,-0.611586738312247,0.5449611211694932,0.8457034357047283
NOSTRIN,-0.3094613791819141,-0.6105282695438454,0.5451143533748575,0.8457427672019121
SEPHS1,0.27432203240495445,0.6105044969597596,0.5451297514306945,0.8457427672019121
CCDC122,0.24789052170783865,0.6093220747824669,0.5454457347200522,0.8460854011198494
METTL8,0.22814876168421305,0.6094105608607361,0.5454979993674008,0.8460854011198494
DSCC1,0.23835197490955373,0.6092066539273066,0.5456609601631338,0.8460854011198494
TPI1,-0.07227050951809133,-0.61099475839079,0.5456916275638148,0.8460854011198494
UFM1,-0.08474668388331175,-0.6089250307463396,0.5457089575710744,0.8460854011198494
RNASEH1,0.11028614290679783,0.6088763219899679,0.5462656362509173,0.8466444749425027
COMMD5,-0.10584383347051407,-0.6081925144003143,0.5462744676869693,0.8466444749425027
MORC4,0.24329187327447865,0.6088824664637816,0.5462847069578182,0.8466444749425027
POLR2J,-0.11592181444284844,-0.6084582471095485,0.5463845232025419,0.8466880147553173
KCNMB1,0.4134433480427462,0.6079692585910117,0.5467047348014894,0.8469167206859342
ZNF217,0.26272839162943207,0.6073141952927845,0.5467659758035697,0.8469167206859342
TNK1,-0.26650080477961535,-0.6076283414754523,0.5467885879166305,0.8469167206859342
SCAMP1-AS1,-0.2620976081161641,-0.6076218210267701,0.5468190804801516,0.8469167206859342
GPX8,0.1015043407784253,0.606927142422404,0.5470185503548775,0.8471145201284702
ST3GAL3,-0.21965284839806198,-0.6066161382067631,0.5472794491085319,0.8472487689320372
VBP1,-0.16968736799427386,-0.6075152247642174,0.5472930588982174,0.8472487689320372
HECTD1,0.113928436860677,0.6080499786071419,0.5473205516201368,0.8472487689320372
ATG12,0.07778765773280494,0.6077582599918644,0.5474345571924587,0.8473141402460961
REEP5,0.053619245789921166,0.6065501604936201,0.5476927204014793,0.8476025910251
NDST2,0.24485157423501347,0.6060547753895016,0.5478577531230322,0.8476518402506644
CDIPT,-0.13351502286911732,-0.6059474864145563,0.5478799879673913,0.8476518402506644
ACADM,0.1910724181138992,0.6080576067998268,0.5479399570481,0.8476518402506644
APOE,0.3686752204487851,0.605858052199282,0.548327321304644,0.8480452812322913
CHMP6,-0.17701329557242085,-0.604832009564395,0.548397558917422,0.8480452812322913
LANCL2,-0.26814531244989404,-0.6053641820549815,0.5484379293019437,0.8480452812322913
PWP2,-0.26111234606418465,-0.604655220476884,0.5485273324887631,0.8480452812322913
TUBG1,0.2671010915903249,0.6060151411065672,0.5485534745861733,0.8480452812322913
ATP2C1,0.20737528350025158,0.6045257105885045,0.5487751235014534,0.8482768538607643
ZNF672,-0.28115192547900136,-0.6041111000418141,0.5488978503544292,0.8483554757049013
UBL7,-0.08930058804579666,-0.6040050271525199,0.5489966725879196,0.8483971357377131
LATS2,0.2515358784445674,0.6034188187448573,0.5493529525602666,0.8487842967977467
TMEM94,-0.2550725864959422,-0.603201786377458,0.549474717771346,0.8487842967977467
ZNF142,0.2759794765869288,0.6039690311006769,0.5495025699308451,0.8487842967977467
ATF7IP2,-0.2699672141034224,-0.6036062852627874,0.5495880997523273,0.8487842967977467
MTMR9,0.28355911262900113,0.6033445870280294,0.5496731283966503,0.8487842967977467
ATXN7L3B,-0.09989497038306006,-0.6030295750784496,0.5497235435473443,0.8487842967977467
RIOX2,-0.20517443113311806,-0.6025946352734542,0.5498819042011607,0.8487842967977467
YWHAB,0.06816136549232432,0.6031420665884449,0.5500562567448263,0.8487842967977467
WDR59,0.2410761790277025,0.6032451716665388,0.5500726615365698,0.8487842967977467
PPP6R3,-0.17329388605287477,-0.6027578582097598,0.5500841977297282,0.8487842967977467
MAPKAP1,0.19231616405595808,0.603796082740747,0.5501086868832161,0.8487842967977467
GFOD2,-0.2822375812549396,-0.6020612107778293,0.5502596945252476,0.8487842967977467
ACOX3,-0.26949760757378494,-0.6019594031615987,0.5503249381810794,0.8487842967977467
PRPF18,-0.2584830046738995,-0.6019271221385346,0.5503369942516254,0.8487842967977467
FARSB,-0.19597941134835217,-0.603631670406706,0.55044378068243,0.8487842967977467
MORF4L2,-0.09387841262023411,-0.601704438638069,0.5504603995374523,0.8487842967977467
ELMO1,0.23587403011865415,0.6023322592145653,0.5506032062769095,0.8487842967977467
FBXO2,-0.2833468386996605,-0.6023222855636884,0.55060649899152,0.8487842967977467
CIMAP3,0.28449654777183464,0.601770469535419,0.5506133117219097,0.8487842967977467
ZNF287,0.30818232673011536,0.6014742192736636,0.5508001901998996,0.848961515251314
PDIA3,-0.1372525154662334,-0.6012282795767444,0.5509934574230702,0.8491485332740657
TMEM200A,0.3133973751828498,0.6005594637110392,0.5514110259493389,0.8495617828865817
TRIM38,0.20951117821867538,0.600454845611246,0.5514867765395427,0.8495617828865817
NFX1,0.25894318294266894,0.6004369242460297,0.551554370398552,0.8495617828865817
ARMC7,-0.27395054584038303,-0.6000666762828998,0.551619461217137,0.8495617828865817
EHD1,0.19277036021889327,0.6027926601338716,0.5516780311252866,0.8495617828865817
ATP5F1A,-0.07715973111607077,-0.5998404992975784,0.5516934034399437,0.8495617828865817
ZFY,-0.35628555155620134,-0.5998506398799728,0.551856939838158,0.8497027748518919
ARID5A,0.23124048982208478,0.6005101771082784,0.552262191309468,0.8501497245090286
LIAS,-0.298508860799481,-0.5996023411794869,0.5522987939533475,0.8501497245090286
MBD3,-0.2523106109590256,-0.5990118711083126,0.5523632686983693,0.8501497245090286
NXT2,-0.25144762223707895,-0.5985778515316353,0.5525779057584285,0.8503692057721611
VSTM2L,-0.29703188976221573,-0.5988842476482501,0.5527087819708631,0.8503841645208962
SLC38A7,0.25314625258813583,0.598440089274642,0.5527316979558523,0.8503841645208962
PCID2,-0.1521037569877972,-0.598888230281259,0.553049838481045,0.8507627499698641
SEC22C,-0.19766971474952566,-0.6007829605631239,0.5533494144045696,0.8509112724280251
LY6E-DT,0.2620601697479954,0.5975957757252564,0.5533679421529936,0.8509112724280251
PAAF1,-0.2393003221386527,-0.5977697181658738,0.5534163967297924,0.8509112724280251
LTBP4,0.10341906219565722,0.5972683152690815,0.5534773584198852,0.8509112724280251
MTRR,0.23016882434171215,0.5981151271354929,0.5535989287244734,0.8509112724280251
RAB29,0.2621021865099129,0.5975981405481554,0.5536445238607495,0.8509112724280251
GART,-0.10989834897301254,-0.596794909496613,0.5537148512466952,0.8509112724280251
PIGT,-0.0815654944858748,-0.5973534290792066,0.5537801538064089,0.8509112724280251
NDUFA9,-0.26774574587202604,-0.5977459679483966,0.5538235765051404,0.8509112724280251
UGDH,-0.20464704264679145,-0.5971401240665212,0.5538700043907404,0.8509112724280251
SLC22A17,0.24053064846900085,0.5967522565957852,0.5539392739186254,0.8509112724280251
MACROD2,-0.2759889843813885,-0.5963588094736613,0.5541110912153875,0.8509691094464639
RBM33-DT,-0.2390680672383627,-0.5963024888376488,0.5542928570399431,0.8509691094464639
OAS2,0.2523065846024386,0.5963608737596724,0.5543006274663854,0.8509691094464639
DUSP12,0.209982914205038,0.5960549522065097,0.5545843120824427,0.8509691094464639
POLE,0.2580502271369718,0.5958222559131341,0.5546578415454365,0.8509691094464639
PLCB3,-0.27696959659885767,-0.5954586532079672,0.5547308121551797,0.8509691094464639
ALDH7A1,-0.2485651669750153,-0.5952186607374484,0.5547486897711902,0.8509691094464639
GDPD1,-0.21568035382819994,-0.595895701085378,0.5547676590642806,0.8509691094464639
TINAGL1,0.4820671293911758,0.595891477946749,0.5547725022255843,0.8509691094464639
LSM14B,-0.3002430011260562,-0.5962353412265452,0.554808127841518,0.8509691094464639
PERP,-0.15593282813314513,-0.5958900986977924,0.5548097745035762,0.8509691094464639
CBR4,-0.23450398077609513,-0.5951111364260643,0.5548419513265085,0.8509691094464639
EFHC1,0.23786796173053126,0.5947961944068795,0.5550291360636128,0.8511456159042543
HEATR5B,-0.3148947626940499,-0.5952618884235432,0.5551799165714624,0.8512662573225241
COA1,-0.09499478638151437,-0.594411597820163,0.5552827886751838,0.8513134182221487
GCC2,0.08170038062737017,0.5956042858565913,0.5553644539354159,0.8513280585258518
GTF2H1,-0.1935149421572122,-0.5942964916410746,0.5557284360018013,0.8517754072969702
FBXO45,-0.25728001378932164,-0.5934274456406466,0.555963099962837,0.8518419094392131
ZNF33B,-0.2937307066131203,-0.5938130578891672,0.5559733150666412,0.8518419094392131
DCLRE1C,-0.2255582226818964,-0.5939672482799544,0.5561017198076698,0.8518419094392131
GPBP1L1,0.18130443966466814,0.5951668443166122,0.556177502866886,0.8518419094392131
GOT1,-0.22378008430441865,-0.593214220831998,0.5561865098152807,0.8518419094392131
PRKDC,-0.11468543501620587,-0.593011361876997,0.5562267415086823,0.8518419094392131
TRPM4,-0.24469039718909835,-0.5928960945058347,0.5564402774967474,0.8518419094392131
PRPS1,0.21056196458314336,0.5928396322600837,0.5565463847217734,0.8518419094392131
MUC20-OT1,0.19229433623073788,0.5941720140529425,0.556590734146682,0.8518419094392131
NDUFB4,0.049355697330410564,0.5926917058375635,0.5565991641082507,0.8518419094392131
PCBP2,-0.16887618099629798,-0.5925276401225215,0.5566058037478973,0.8518419094392131
MTIF2,-0.2398316951846775,-0.5924491134902087,0.5566899133531792,0.8518419094392131
LRP1,-0.10156506453282965,-0.5929011310785105,0.5567098967660762,0.8518419094392131
DDX3X,0.2086036059426064,0.5933275600736339,0.5568907681540372,0.8518752419349924
ZFYVE28,0.2559958149575077,0.5923053922962543,0.556965116164147,0.8518752419349924
PPP2CA,-0.19517317404153456,-0.5927276294306241,0.557028354831097,0.8518752419349924
ZNF597,0.2204422101488961,0.5918089453537578,0.5571316005176519,0.8518752419349924
NUP160,0.25161432416569074,0.593378180288279,0.557164938026537,0.8518752419349924
PREPL,0.23160647513839194,0.5949592708103038,0.5572233743600791,0.8518752419349924
GATD3,-0.34126888589110393,-0.5922590303244367,0.5572721454756929,0.8518752419349924
PAWR,-0.2698116857266273,-0.5913839398147499,0.5573089786924139,0.8518752419349924
NFIA,-0.11692202378253391,-0.5912387222275068,0.5574395877592321,0.8519645693290698
OMA1,-0.26915198056376743,-0.5914958952058548,0.5577263809918612,0.8519759760433938
UBE4A,-0.16363442495188174,-0.5910777222029353,0.5578354501741469,0.8519759760433938
ZBTB24,-0.2983519516361932,-0.5906547555110248,0.5578453311202742,0.8519759760433938
CMBL,-0.25789605526317594,-0.5903886577491841,0.5579504466958319,0.8519759760433938
WDR77,-0.20406137220140597,-0.5909560044301508,0.557953569217358,0.8519759760433938
COL4A4,-0.34596128613318866,-0.5906819332217905,0.5579901302343185,0.8519759760433938
ACHE,0.28082174214579303,0.5917281972827819,0.5580767858021265,0.8519759760433938
MRPL42,0.18031858101669407,0.5932169694701439,0.5582241433036176,0.8519759760433938
NCOA5,-0.2562073559159459,-0.5899731377535743,0.5582527232797095,0.8519759760433938
SRRM1,0.06369737218244698,0.5908306778683561,0.5582717637601728,0.8519759760433938
DERL1,0.08428204585836507,0.590277656653038,0.5582777524193664,0.8519759760433938
RANGRF,-0.21587557953509506,-0.5902927487606076,0.5583131004380936,0.8519759760433938
RBPJ,0.07711857295271773,0.5903406726752731,0.558682352182375,0.8522348695577221
SCO2,-0.24082572284578285,-0.5902962488625908,0.5586889596090683,0.8522348695577221
ENSG00000272501,-0.27268039175254044,-0.5897914381098697,0.5587644071129451,0.8522348695577221
RPL7,-0.08176054941570143,-0.589700294356231,0.5587715281979474,0.8522348695577221
ZNF526,0.2586801323200181,0.589452909623659,0.5588793256295578,0.8522891666524907
EPAS1,0.2825599970016377,0.5889100071093711,0.5591812117823156,0.8523602233836063
UTP20,-0.2515715757916577,-0.5886188097572771,0.5592040796143616,0.8523602233836063
CLCN6,0.25083738355983964,0.5888942090999592,0.5592812905402758,0.8523602233836063
DNAJC11,-0.2606922591327754,-0.5883642062206837,0.5593034914937111,0.8523602233836063
ALKBH3,-0.20856356870410941,-0.5882706657999558,0.5593602043384097,0.8523602233836063
GAPVD1,0.20674037979230064,0.5882351605129306,0.5594407966229177,0.8523602233836063
SPG7,0.11866626485800946,0.5881594579873954,0.5594732688109968,0.8523602233836063
ATP5MC1,-0.09335710388707597,-0.5886352033236296,0.5595546573025203,0.8523602233836063
NFATC3,0.24237478689678582,0.5886009801485741,0.5596161264123622,0.8523602233836063
TMEM131,0.2017765805286782,0.5880745561528202,0.5596802829349942,0.8523602233836063
SPIN2B,-0.19355109881990273,-0.5877322098986143,0.5597201568546984,0.8523602233836063
QPCT,0.3030553570101544,0.5878190520101942,0.5598236784032941,0.8523809895688869
SMARCA5,0.07711592570788017,0.5874966142040645,0.5598782035677381,0.8523809895688869
MINDY2,0.08173019509095081,0.5875142533263604,0.5601757640960578,0.8524603443913027
SKIC2,-0.25662837994623544,-0.5870339609009965,0.5601812704684879,0.8524603443913027
TDRD7,0.2704130276627392,0.5871520866358435,0.5602958597822043,0.8524603443913027
INSIG2,-0.24925882250850373,-0.5878128180010724,0.5603784344606036,0.8524603443913027
TSR1,0.2364484964435576,0.589716522280121,0.5603873771436837,0.8524603443913027
NCAPH2,-0.23548294350555476,-0.5866950450009029,0.5604194976408329,0.8524603443913027
SP2,-0.280207521813169,-0.5869029214444593,0.5604967756529621,0.8524603443913027
RNF125,0.26085956003332234,0.5865721091040111,0.5605080214455986,0.8524603443913027
NUDT7,-0.23358742810377464,-0.586606591507257,0.5608907128870645,0.8524983778981253
UFD1,0.19082762979591017,0.5895293718778355,0.560893202819296,0.8524983778981253
ZFP91,0.24917148073988926,0.58657869983619,0.5609088510173947,0.8524983778981253
FBXO17,0.1882685408254714,0.5888861162374417,0.5610770735543431,0.8524983778981253
MEIS3,0.2293927465448098,0.5861980953469648,0.5611186054382717,0.8524983778981253
TMEM38B,-0.2801060756845155,-0.5857349919132145,0.5611286986109899,0.8524983778981253
RTKN,0.2211696479585461,0.5858304973994054,0.5611400445734113,0.8524983778981253
SP1,-0.2015436874658283,-0.5858611487738982,0.5611584739625195,0.8524983778981253
NBPF9,-0.28193950323664385,-0.5856330135467774,0.561182964391896,0.8524983778981253
SIMC1,-0.2099498324791811,-0.5852929055526958,0.5614221456906889,0.8525263664183282
RAVER1,-0.26310833643027154,-0.5851530938560375,0.5614529173273757,0.8525263664183282
USP9X,-0.20429838677943657,-0.5867736781877975,0.561455532636388,0.8525263664183282
UBALD2,-0.32391955476352496,-0.5853731193681008,0.5614902582721306,0.8525263664183282
PGLS,-0.09237278556696449,-0.585453143592482,0.5615921377695028,0.8525713974239945
HEXIM2,-0.2800352945017508,-0.5851234243285545,0.5616660957751041,0.8525740337694617
GSR,-0.2678899149896563,-0.5850018720248525,0.5618121269045054,0.8526860578693349
PSMA2,-0.30180187666153646,-0.5843766794437788,0.5619698858731764,0.8527234449056438
PARP14,0.21353777937485408,0.5847545268032374,0.561981228408802,0.8527234449056438
OSGIN1,-0.2710660645558902,-0.5842780202755323,0.5622348312876136,0.8529986098638066
RPL36,-0.08925696268992667,-0.5840573344765654,0.5623475854875934,0.8530600419790595
FOXC2,0.3000663109974906,0.5841156922768546,0.5624581577892837,0.8531181488760752
CCDC68,0.31952115976136675,0.583597799088668,0.5625341783136057,0.853123840569388
KCTD7,-0.2614018123026729,-0.5835564135366941,0.5626252347305725,0.8531523308920241
NMNAT1,0.23230828481737076,0.5835355184478852,0.5627754550193964,0.8532488560732715
MAP2K1,0.20618285378577816,0.5830828199747183,0.5629054290368359,0.8532488560732715
LIG4,-0.256815612832916,-0.5832460272448549,0.5629057256330909,0.8532488560732715
MFSD13A,0.24316464418597783,0.5829116665638611,0.5630276369596487,0.8533096270811434
FMNL1,0.29212495002537686,0.582950831842477,0.5630903850031433,0.8533096270811434
ZNF846,-0.24970896318769187,-0.5822465574602674,0.5633756914920002,0.8536324012402853
DMAC1,-0.06613486936248059,-0.5819031879411007,0.5636239029089777,0.8538988929466738
DNAJC10,-0.11209851595269438,-0.5826615953691139,0.5639161576449621,0.8542320340047193
YES1,0.22599390377096107,0.5813500480400313,0.5639914568673706,0.8542364829765602
SYNE1,-0.11178469411985414,-0.5815319083487629,0.5641070061547375,0.8543018868065012
SMARCC2,0.10178502008914769,0.5818987863926941,0.5643523889598812,0.854563872713109
IRGQ,-0.25892379703571633,-0.5807813671312438,0.564470753857074,0.8546334807339694
TFRC,-0.29289752814996683,-0.5805775810203537,0.5646363633566525,0.8547309504318441
SGMS2,0.3363711740908881,0.5808288058070165,0.564679939213719,0.8547309504318441
TFB2M,0.2670242248268271,0.580447039264609,0.5648419527916675,0.8548605345296515
SIN3B,-0.22295791890366257,-0.5800092962610824,0.5649103794888447,0.8548605345296515
TMEM242,-0.16644978140649958,-0.5829780871277538,0.5652412248887888,0.8551973583277372
MT-ATP8,0.2716560491460225,0.5794974101730249,0.565277847270761,0.8551973583277372
NCS1,0.2853134609453192,0.5799542736489581,0.5656023572337663,0.8554521603615305
ZFPM1,-0.33166421545956615,-0.5790805005489011,0.5656613835503167,0.8554521603615305
ICE1,0.22574758651616733,0.5792118118032134,0.5656636648693018,0.8554521603615305
PCDHGB2,0.2365531022283971,0.5788514619307208,0.5658013445298355,0.8555507713814152
ENSG00000267042,0.25648516236269403,0.5787716964946756,0.5659533276450464,0.8556709826908008
ABCC4,0.2534206984656824,0.5779883967746311,0.566266699344865,0.8560062428213456
C19orf48P,-0.30404076314627293,-0.5779061219673187,0.5663200979614323,0.8560062428213456
NELFB,0.28516439584318487,0.5780366990524352,0.5665683208970573,0.8562044886371087
GATD1,0.1710319859713545,0.5797658266194013,0.5665963121756115,0.8562044886371087
ARHGEF18,0.2766885691162899,0.5775077515339494,0.56687728622283,0.8565194373301558
CASP8AP2,0.26708726917623515,0.5767646353840641,0.5675572303758541,0.8569295030976409
IFT52,0.15460626665705757,0.5775084184503494,0.56762108053383,0.8569295030976409
WWP1,0.18646539149884145,0.57593002459356,0.5676533351422994,0.8569295030976409
SELENOO,0.25557704985431595,0.5763803068003454,0.5677278520263647,0.8569295030976409
BBS1,0.2339099259164117,0.5758648670357739,0.5677443959306231,0.8569295030976409
SLC27A4,-0.25844970599960826,-0.576125831384752,0.567765602756413,0.8569295030976409
TASP1,0.2237316508414251,0.5755952896553339,0.5678800991196089,0.8569295030976409
TRMT10B,0.22439094267418724,0.5772871722894057,0.5679053976201489,0.8569295030976409
RPP25L,-0.12627052972545716,-0.5754136450328842,0.5679435542738306,0.8569295030976409
PLS3,-0.11242323899319562,-0.5759709779430937,0.567983031614315,0.8569295030976409
FTSJ1,-0.2146948041582215,-0.5756070761488609,0.5680104562669849,0.8569295030976409
NUB1,-0.0907491929432549,-0.5750757126038516,0.5683202674173735,0.8569295030976409
PAQR3,0.2757272717668786,0.575044666417261,0.5683805490734758,0.8569295030976409
PPM1D,-0.20952054169399048,-0.5747617017956601,0.5683823506278949,0.8569295030976409
ATP5MC3,-0.053541875645716885,-0.574728942908145,0.5684049823695715,0.8569295030976409
DNAJC25,0.23209279951693595,0.5750044763407327,0.5684966081500427,0.8569295030976409
TPCN2,0.2156872246772923,0.575080345694538,0.5685070083201378,0.8569295030976409
AGO1,0.28162080700363434,0.574604690780647,0.5685561195997534,0.8569295030976409
SULT1A2,0.3131802411361764,0.5747589867514032,0.5686044192398455,0.8569295030976409
ENSG00000264112,0.2308252289001469,0.5744908060369145,0.5686297867008558,0.8569295030976409
GALC,0.2427260496128163,0.5750479702649764,0.5687163343116248,0.8569295030976409
FAM180B,-0.3616638798477281,-0.5743400417526117,0.5687456718991967,0.8569295030976409
MRPL44,0.22356219129678756,0.5751267466768667,0.5689240055006212,0.8570888061427812
RRP36,-0.3023801171284508,-0.5747322456919483,0.5691295235432663,0.8572306438819064
GYPC,-0.08523207789687781,-0.5745721940779629,0.5692275086351162,0.8572306438819064
MOSMO,-0.30274522079248056,-0.5737200241793342,0.5692533613703821,0.8572306438819064
LIX1L,-0.17840953743467747,-0.5742224326743433,0.5693090203653175,0.8572306438819064
C1QTNF6,0.29165548983880596,0.5734770731049611,0.5693812349579016,0.8572306438819064
RIOK1,0.2366937618550491,0.573733458605492,0.569514800517141,0.8573091645189316
MAPK6,0.13258355553410706,0.5735805641605725,0.5696401516176816,0.8573091645189316
SHPRH,-0.20848552133097797,-0.5729871976254705,0.5696958175195423,0.8573091645189316
TAPT1,-0.26960683970641686,-0.5729231832130448,0.5697238793435848,0.8573091645189316
ATXN7L3,0.23468028563737908,0.5725605378044739,0.5702119736462945,0.8578614884175345
SLC11A2,-0.24291979118733575,-0.572036654703189,0.5702396711351031,0.8578614884175345
CIR1,-0.09290799458576338,-0.5719037620419456,0.5703089335960027,0.8578614884175345
SPAG8,-0.23939685574317693,-0.5721682558998157,0.5703831554012145,0.8578638233547379
GBP4,0.23540963165451023,0.5719862259789263,0.5705243671927412,0.8579668986892115
FNBP4,-0.0993162405236232,-0.5712008120775998,0.5711016489919017,0.8585239895937495
TNIP2,0.23139683411512557,0.571667988504791,0.5712291106442634,0.8585239895937495
RPL4,0.08042320819324544,0.5700835883352987,0.571562958379616,0.8585239895937495
SSBP2,-0.10831655763650794,-0.5700926053417965,0.5715633784306239,0.8585239895937495
VRK2,0.19179283543444114,0.5730914884354111,0.5715722196251993,0.8585239895937495
RACGAP1,0.22795244692249783,0.5702736560588992,0.5715938023561921,0.8585239895937495
FRK,0.2783613319777971,0.5701945896649407,0.5717473145002686,0.8585239895937495
PHTF2,-0.2713196096270547,-0.569725303537313,0.5717615688234539,0.8585239895937495
AVL9,0.2456389354578321,0.5704593021323622,0.5717617890747504,0.8585239895937495
NOL3,0.32449056092738005,0.5703307730289044,0.5718035166181311,0.8585239895937495
TRIM37,-0.2546885207654759,-0.5695840108811189,0.5718824265327502,0.8585239895937495
SUPT4H1,0.08782439870910519,0.5697029577764838,0.5718988949240676,0.8585239895937495
LURAP1,-0.2506965165124644,-0.5694578459799203,0.571994857183332,0.8585239895937495
TSR3,-0.26999782361678726,-0.5696746873040954,0.5719989068350428,0.8585239895937495
YPEL2,-0.23515276227662163,-0.5701574640655459,0.5720723753543173,0.8585239895937495
B4GALNT1,-0.23326843430274335,-0.5694923721613024,0.5720797061618088,0.8585239895937495
NHERF1,0.15137192880771888,0.5691424421560416,0.5721537416686294,0.8585239895937495
ZNF700,0.22084938154163347,0.5689985351498262,0.572257678714375,0.8585239895937495
SMIM10,-0.23322036293891557,-0.5692129595161367,0.5722888084950306,0.8585239895937495
GTPBP3,-0.21050196617086092,-0.5689376829308744,0.572349326395833,0.8585239895937495
ATP11C,0.2213008938048957,0.5698167495301357,0.5724319523524173,0.8585388384602066
PPM1L,0.2976186337955342,0.5689045975566579,0.572560155340098,0.858622031731435
THRB,0.2820926948660061,0.5689388135015743,0.5727290722498221,0.8587078258789591
MACROD1,0.24430457921394044,0.5685049598047124,0.5727628480280326,0.8587078258789591
LRRC58,-0.1614534980304283,-0.5686235413607433,0.5731411628088658,0.8591417971794719
RAB10,0.0996492650633094,0.5689589075408865,0.5735526860713184,0.8591417971794719
CENPX,-0.10224318156283019,-0.5681883847012139,0.5735578210100226,0.8591417971794719
ELP6,0.1891073173117297,0.5671595522492295,0.5735663232954981,0.8591417971794719
SRR,-0.2369480118729843,-0.5670465582494703,0.5736597416563073,0.8591417971794719
DGKA,0.1696317980924804,0.5678846042852378,0.5736751998674788,0.8591417971794719
ENSG00000275457,0.21294817347455508,0.5671495501851079,0.5736798828877337,0.8591417971794719
GPD2,-0.26804772257851184,-0.5670127499538128,0.5737221882998567,0.8591417971794719
MS4A7,0.2507767079005421,0.5669546752331783,0.5737546162018189,0.8591417971794719
ATG13,-0.18969841840422585,-0.5669700492095074,0.5737873207255522,0.8591417971794719
ADAMTS9-AS2,0.2752015669941241,0.5667191184621647,0.5739354197047155,0.8591417971794719
UNC50,0.1894389076603522,0.5689939264262498,0.5740017586838866,0.8591417971794719
GTF2H2,-0.27716743274002775,-0.5663522551597048,0.5740519045454382,0.8591417971794719
ZXDC,0.30446106609342616,0.5665598008182879,0.5741805830768991,0.8591417971794719
GOLGA7,-0.15682842184410628,-0.5671726311776639,0.5742165371865082,0.8591417971794719
MIEF1,-0.2528411239426278,-0.5661269902455537,0.574216753896318,0.8591417971794719
GLOD4,0.09062415027036419,0.5664594455691766,0.574391079963575,0.8592937142276015
DCTN3,-0.06269678162152825,-0.5656206343846136,0.5745621496090976,0.859440721760694
FAM185A,0.2762373192601095,0.5658604937550534,0.5747074711358511,0.8595491824095682
MAN2A2,-0.25466562056856334,-0.5653980215052257,0.5747854328321904,0.8595568830230564
POLE4,-0.08432988139755171,-0.5651303997922079,0.5749327493820121,0.8595986695607829
NCKAP1,-0.12230975462940474,-0.5656770184136917,0.5749590084584448,0.8595986695607829
RBM34,-0.2252916272446268,-0.5645892937324736,0.5752817675002412,0.8597455001009501
HDAC4,0.2366414478063268,0.5645545646876589,0.5754078268007382,0.8597455001009501
RASA4,0.25301872956789717,0.5643419494195511,0.5754634640273414,0.8597455001009501
HMGCR,-0.2551901832478505,-0.5642053512938782,0.575479345144766,0.8597455001009501
POFUT1,0.263059697652412,0.5647496939683702,0.5755352200173321,0.8597455001009501
CTDSPL2,0.1863248158043178,0.5642052494722833,0.5755454384712704,0.8597455001009501
MAP3K4,0.2500113692396595,0.5640781055719601,0.5755670213721142,0.8597455001009501
ACAD11,0.24791500864631866,0.5641579249373382,0.575668395308147,0.859788133427717
RDH13,-0.22782717959967336,-0.5639477157183495,0.5757737084138969,0.8598119833836683
WDR45,-0.10050935591184018,-0.5637569520769484,0.5758300330903245,0.8598119833836683
SDF2L1,0.24608438089726814,0.5656678855841333,0.5759244789507435,0.8598369965464686
TRMT12,-0.2330537554737271,-0.5638973442073953,0.5759924581693752,0.8598369965464686
SH3GLB2,-0.24223472941219226,-0.5643342275030444,0.5761638839788192,0.8599841510140297
PLK2,0.3225633191269206,0.56292934903462,0.5763473495290039,0.8601492365600368
ANKZF1,-0.2727537445369439,-0.5630781270467011,0.5764386100787912,0.8601766896700961
PIGU,0.22273691602839962,0.5643609752994263,0.5765924673643915,0.8602975325122146
ZRANB3,0.2356786016415302,0.562334067947828,0.576867473247749,0.860413539584599
SNED1,-0.21247266536119636,-0.5641180823143913,0.5768688292481813,0.860413539584599
RASSF3,-0.3129658106136781,-0.5622684663132571,0.5768888746981873,0.860413539584599
XPO6,0.23896638945172954,0.5619167456700273,0.5771311185497423,0.8605703648734536
ALG1,0.19669582912740768,0.5640429030347734,0.5772083639539322,0.8605703648734536
FBLN1,0.14365178359657804,0.5627090243417463,0.57727469947717,0.8605703648734536
RXYLT1,0.15136677024014134,0.5646811810178626,0.5772856179104514,0.8605703648734536
PHF12,0.25920736228511476,0.5616640656890792,0.5775342963299158,0.8608204344114393
HBEGF,0.3691998516686521,0.5613230178410391,0.5776254827434808,0.8608204344114393
SMAD3,0.20958282766944425,0.5612194954393641,0.577672128878223,0.8608204344114393
TMPO,0.17021489907395537,0.5634848244084051,0.5778291275027008,0.8609303334175251
PNRC2,-0.0766002265090675,-0.5606402572130592,0.5778917375688665,0.8609303334175251
SLC17A9,-0.22989091421839802,-0.5606516112847812,0.5781211862009835,0.8611346912564048
PLXNA4,0.27314054709494506,0.5605399798341214,0.5781748041421656,0.8611346912564048
FAM200A,-0.27595399174334956,-0.5602591236467698,0.578338899761798,0.8612704316498077
SAMD9L,0.22638903658062848,0.5609140012744258,0.5785499036012042,0.8613740894322596
TRAPPC2L,0.19227788497500686,0.5620331956563647,0.5785544392298506,0.8613740894322596
ZER1,-0.2732165613526276,-0.5596288906516118,0.5787240012739148,0.8615178858812816
MAN2C1,-0.1708705467570395,-0.5610749846018243,0.5791004897354873,0.8618676947304874
DUSP19,-0.2664964774422558,-0.5598131858468895,0.5791189695207799,0.8618676947304874
BRD1,-0.20322929980413162,-0.5584114073630392,0.5794416469724645,0.8618676947304874
ZMIZ2,-0.22343968328198072,-0.5583460658080335,0.5794428701694566,0.8618676947304874
DOLK,0.23211124350353307,0.558191307575391,0.5796083928436312,0.8618676947304874
RBM6,-0.1159400242590527,-0.5582597832007142,0.5796528717546598,0.8618676947304874
TPM2,0.26291724125629123,0.5594614289065432,0.579661271126835,0.8618676947304874
QTRT2,0.24262514029329507,0.5585059974123802,0.5796722279022589,0.8618676947304874
ZW10,-0.2652894824058163,-0.5584706892083343,0.5797060114305489,0.8618676947304874
TTL,0.2517810695503724,0.5580174899759162,0.5798505218865905,0.8618676947304874
RALBP1,0.11603804797075323,0.5577130304177916,0.5798862263132692,0.8618676947304874
EIF4A2,0.12773302198263092,0.558786721446601,0.5799033144231716,0.8618676947304874
FIRRM,0.20052783754802517,0.5577598393022561,0.579984876640836,0.8618676947304874
E2F6,0.2403785798921314,0.5577209838443288,0.5800620167941117,0.8618676947304874
CLYBL,-0.21079388316555092,-0.5578714038697625,0.580102565885885,0.8618676947304874
TRAFD1,-0.2111289616794343,-0.5571837182270706,0.5802380865610473,0.8618676947304874
THOC2,0.1249380051498914,0.5583059879638691,0.5802533290299889,0.8618676947304874
EID3,-0.23648293927035047,-0.5571500082560761,0.5802731416957149,0.8618676947304874
RPL27,0.0797465051977273,0.5569546172501314,0.5806836732123379,0.8623586709942325
PAXIP1,-0.2400509772813415,-0.556595422174593,0.5807498038461795,0.8623586709942325
MPDZ,0.19432213414871935,0.556740334500076,0.5808343658781325,0.8623757626954288
PELO,-0.12469795125756811,-0.555960780116493,0.5810556058664993,0.8624567567036792
CYTOR,0.2502530585645575,0.556074623068696,0.5811416776557089,0.8624567567036792
TRIM41,-0.24426197092757018,-0.5558769587321031,0.5811479256273149,0.8624567567036792
ERCC2,-0.1913524850960755,-0.5557309384812009,0.581243140222067,0.8624567567036792
ELP2,0.16596518430091667,0.5572875589692148,0.581367678026334,0.8624567567036792
CXCL6,0.296816969685068,0.5554124911915462,0.5814266149804259,0.8624567567036792
TAFAZZIN,0.17562383235781454,0.5555551992739995,0.581460598381325,0.8624567567036792
ZNF222,-0.18976801463239323,-0.5553895036693509,0.5814733864129252,0.8624567567036792
TANGO2,-0.2501704131141209,-0.5551292958649209,0.5816245607703554,0.8625726055143274
TRERF1,0.27660879001451955,0.5547514323715327,0.5820832219366607,0.863144383238573
CDC16,-0.14966268715002684,-0.5550863795164038,0.5821592295205132,0.8631486692400978
CLOCK,0.16110265558106907,0.5557794678143781,0.5826146773699438,0.8636519157381213
LMAN2,0.07770923620628167,0.553942256011478,0.5827128103018356,0.8636519157381213
U2AF2,0.21370147188030497,0.5536565657987503,0.5827181286619344,0.8636519157381213
DNAJB9,0.15031160236759344,0.5537772343781061,0.5828130949404202,0.8636842312040749
RNMT,-0.10028279238404814,-0.5552045033478256,0.5829439632358445,0.8637076827140517
MAP3K8,-0.18970891820745361,-0.554011758195942,0.5829752491203358,0.8637076827140517
ATP6V1F,-0.06299933840033134,-0.5533083162277261,0.5831350996774306,0.863836096334806
ZDHHC17,0.22675342175784197,0.5525849885548109,0.5834208726048298,0.8641509913550836
ENSG00000272106,-0.22914723752990862,-0.5524427337358573,0.583517995923585,0.8641864185018092
RCE1,-0.15735230766305097,-0.5521960712443791,0.5836099703901224,0.8642082376658737
SYAP1,0.10915101967188967,0.5535014525577796,0.5838073349012799,0.8642082376658737
HMGXB4,0.20949214721237563,0.5558789483885017,0.5838391923411651,0.8642082376658737
OTUD4,0.24909865261678021,0.5518352825273556,0.5838938076066646,0.8642082376658737
FAM8A1,0.23716801711279967,0.5520616898165618,0.5838987635428216,0.8642082376658737
DCLRE1B,0.2462582760780352,0.5516176764409798,0.584077677388163,0.8643426154146646
ZNF148,0.10605459778387871,0.5518418094866435,0.5842843161079964,0.8643426154146646
FCGR2A,0.24702465102679372,0.55093457692762,0.5845531340551685,0.8643426154146646
YWHAG,0.1350989463845016,0.5509244209610051,0.5846385839809021,0.8643426154146646
RGS19,-0.2409176323158233,-0.5506306171913513,0.5846756424485825,0.8643426154146646
MICAL2,0.29823285747492534,0.5504973798660534,0.5848207010285216,0.8643426154146646
STYX,0.20374201824861204,0.5507814965646702,0.5848593697113588,0.8643426154146646
NEXN,0.1709322977681902,0.5511867857848024,0.5849090497696144,0.8643426154146646
FBXO38,0.24311931314947843,0.5508978746920052,0.5850428696578293,0.8643426154146646
SLC25A35,-0.23665315271883136,-0.550029542049066,0.585131866817639,0.8643426154146646
DMXL1,0.1928889276748853,0.5523599022846275,0.5851393005863372,0.8643426154146646
PAPSS1,-0.14871603707208791,-0.5511204840886211,0.5851662458108385,0.8643426154146646
CTPS1,-0.26199931665734955,-0.5499255018181903,0.5851743641053624,0.8643426154146646
ZNF175,0.21046283604445049,0.5498321408646837,0.5852713466330935,0.8643426154146646
PNMA8B,0.2529142491442271,0.5496810357160282,0.5853180283671325,0.8643426154146646
VCF1,0.2087264931710715,0.5506722395920521,0.5854022412997041,0.8643426154146646
MAFG,0.19642010258448517,0.5495611026437728,0.5854358461906434,0.8643426154146646
SVIP,-0.2027911328380445,-0.5497003110124832,0.5854413065304608,0.8643426154146646
TINF2,0.20618379188134206,0.5497496438228344,0.5854825742218447,0.8643426154146646
AQP11,0.2212107720704677,0.5497705537784111,0.5854943291263462,0.8643426154146646
SFXN3,0.17061192899150512,0.5508782732587766,0.5855965941181349,0.8643426154146646
NDUFA4,0.09308977770994531,0.5492023750934946,0.5857035227897341,0.8643426154146646
ACSS3,-0.18620655330670077,-0.5495231259624166,0.5857112983541334,0.8643426154146646
TRIM33,-0.22480896786586957,-0.5492719893137262,0.5857467957066765,0.8643426154146646
GYS1,-0.2648975020174511,-0.5489790321862992,0.5858511980912374,0.8643886256051816
USP47,0.09618448198824225,0.5487663209291288,0.5860194411504209,0.8645288056461783
ATP6V1D,0.24155346410460243,0.5492420822737173,0.5862882661234485,0.8648173162048369
ATP5F1D,-0.0544748063930669,-0.5479299482929664,0.5865148199528469,0.864898823779279
ZNF568,-0.19114268632076747,-0.5479287894546532,0.5865428878698896,0.864898823779279
PRDM15,0.2079869174253104,0.5480447415444999,0.5865633192017711,0.864898823779279
ACSL3,0.10643840238772029,0.5473641287826392,0.5870430292894748,0.8653141117283504
PRR14L,-0.21426968527802126,-0.5471362149954109,0.5870589041035053,0.8653141117283504
CCDC74A,0.23538948607827015,0.5475506488050257,0.5870648641111696,0.8653141117283504
HS2ST1,0.2271972777629263,0.54710719680475,0.5872261817067351,0.8653413866662215
RPS19,0.08700540188404737,0.5475330945127994,0.5872549140296999,0.8653413866662215
ATP5F1C,-0.049417703426148485,-0.5467614951041506,0.5873050220819548,0.8653413866662215
KIAA1614,-0.24142369802130115,-0.5466204967507491,0.5874657045188629,0.8653413866662215
MRPL40,-0.07325567116242038,-0.5464484054350556,0.587528296722791,0.8653413866662215
FBXW8,-0.24505070662214923,-0.5462818688207395,0.5876492589297779,0.8653413866662215
B3GALT6,0.23893732598972273,0.5469482805576326,0.5876503146203279,0.8653413866662215
DCUN1D2,-0.22894261219282308,-0.5464676805941557,0.5876993486672321,0.8653413866662215
DUS4L,0.23952771812515916,0.546303128193516,0.5877430951537285,0.8653413866662215
AKR1C3,-0.13761827654520786,-0.5468507085091394,0.5880921944806577,0.8654073067943979
ENSG00000261889,-0.23049164033132907,-0.5458715136944453,0.588226453218978,0.8654073067943979
POU6F1,0.20254412688986245,0.5456106068840026,0.5882269314339177,0.8654073067943979
TOMM34,-0.19576450637837794,-0.5452764945689212,0.5883272254323906,0.8654073067943979
LPCAT2,0.220909825307265,0.5455743278257355,0.5883605295104296,0.8654073067943979
SUPV3L1,-0.18350569751971468,-0.5457260944538306,0.5884790132234519,0.8654073067943979
IMMP2L,0.11211066442788287,0.5456167273324501,0.5885280494352864,0.8654073067943979
TMEM60,0.11664505221641353,0.545094519315054,0.5885686063539859,0.8654073067943979
GPRC5B,-0.27004194667145187,-0.5451119012782519,0.5886499942728451,0.8654073067943979
PDGFD,-0.22867571257645825,-0.5450695247811812,0.5887110225986263,0.8654073067943979
GASK1B-AS1,0.25121746693711655,0.5449829504686029,0.5887510639325213,0.8654073067943979
KRBOX5,0.22427604965004821,0.5446934932322575,0.5888126840030159,0.8654073067943979
NXT1,0.1166746563715142,0.5450844653275679,0.5888546760072266,0.8654073067943979
ERGIC3,0.09018440258435234,0.5464744863963474,0.588909196945402,0.8654073067943979
HAT1,-0.11672332487726678,-0.5443373720772232,0.588977029664494,0.8654073067943979
KLHL22,0.20789843274563058,0.5441840844373342,0.5890934555016177,0.8654073067943979
PCBD2,-0.21570610320461014,-0.5440803017320144,0.5891437952669114,0.8654073067943979
AGR3,-0.26100686942684503,-0.5442091386963481,0.5891494577871125,0.8654073067943979
BRAT1,0.2081480721557294,0.5447646146178844,0.5892745473989527,0.8654073067943979
SNRNP40,-0.14921935880493198,-0.5455591212290806,0.5893945432534953,0.8654073067943979
VMAC,0.23211805180758693,0.5439503795165259,0.5894197166410252,0.8654073067943979
NIPSNAP2,-0.1093850137975112,-0.5439544727114907,0.5894827316808684,0.8654073067943979
COX5A,-0.05710500519713424,-0.5435698892657224,0.589530581841101,0.8654073067943979
MAPRE3,0.23244584004439162,0.5440104854190683,0.5895557625932782,0.8654073067943979
NABP2,-0.11097299419268047,-0.5431970139192653,0.5897362388312171,0.8654073067943979
TTI1,0.2709682123218249,0.5433216848248276,0.589770435581415,0.8654073067943979
CTSS,0.19909440714708282,0.5435234426218346,0.589821586054507,0.8654073067943979
BCL9,0.23957247028490958,0.5432150717966594,0.5899048819671009,0.8654073067943979
ZNF264,0.2599702734641265,0.5432113704968491,0.5899138159910648,0.8654073067943979
FAM98B,0.24769537563888022,0.5431334418809415,0.5900705400861639,0.8654316296696978
ZNF506,-0.2049505655107371,-0.5426978622547893,0.5900770171293009,0.8654316296696978
ZNF615,0.23463663489488895,0.5426282539617787,0.5901743754720442,0.8654668947139729
RABEP2,0.2516851303084118,0.5432120542449632,0.5902684145203344,0.865497283991125
RNF6,-0.18999042979264846,-0.5424253475668501,0.5905269864970089,0.8655241741374877
RPA1,-0.14108807064718487,-0.5426011470987185,0.5905309030847518,0.8655241741374877
CD81,-0.23681431680766352,-0.542913915379321,0.590655811274033,0.8655241741374877
BOLA3,0.19201829833128947,0.5437785210877498,0.5907357751815757,0.8655241741374877
PCDHGA9,-0.2309831356014853,-0.5414907416037327,0.5909611983817762,0.8655241741374877
NDUFB1,-0.12039885817656959,-0.5415516189786759,0.5910240627527963,0.8655241741374877
ATG2B,-0.22019930748909378,-0.5416844954799093,0.5910429875849559,0.8655241741374877
IL11RA,0.2587622824190894,0.5415465863263544,0.5910814464070621,0.8655241741374877
FKBP11,0.14734444146073322,0.5424054564959265,0.5912042018576221,0.8655241741374877
HSD17B1,0.23753556946471965,0.5416388744030616,0.5912169725319241,0.8655241741374877
JTB,-0.056923431646349165,-0.5410677331648303,0.591238574140446,0.8655241741374877
SYNE2,-0.2531101583666171,-0.5411552881775247,0.5912595221543848,0.8655241741374877
POGZ,0.14897740219602973,0.5418068280724788,0.5913750469589057,0.8655241741374877
ENSG00000260257,0.1956589164148872,0.5407539911550963,0.5914084983254655,0.8655241741374877
PROSER3,-0.2565558387084057,-0.5409036838954588,0.5914378734309299,0.8655241741374877
TRUB1,-0.2500065267953162,-0.5406849893501284,0.5914598486037369,0.8655241741374877
JRK,-0.22062547309933422,-0.5406111196484149,0.5915594962820891,0.8655463011908395
NELFCD,0.16010364886881412,0.5423654634012613,0.5916679806040654,0.8655463011908395
GPNMB,-0.13318206764360152,-0.5402393341244908,0.5917850561076058,0.8655463011908395
HSDL2,0.17642977318709896,0.541972852227511,0.591848077623329,0.8655463011908395
DFFA,-0.1412271510752845,-0.5401955905803799,0.5919261121878253,0.8655463011908395
SIK2,0.25237639592156835,0.5400988282398873,0.5919268699399792,0.8655463011908395
DNAI4,0.22832947751341504,0.5400809560085844,0.5919882114201472,0.8655463011908395
PLPP6,0.2254338089134844,0.5397008027168486,0.592278747202882,0.8658638527219841
CCDC12,0.08449933422994693,0.5392881699778274,0.5925461728062366,0.8658903395932819
SLC40A1,0.18932812489150486,0.5393270691349735,0.5925709508992458,0.8658903395932819
ACTMAP,0.22663742205208814,0.5392768598163596,0.5926160807123322,0.8658903395932819
ELP5,0.1123339451792571,0.5389780932700371,0.5926668969582952,0.8658903395932819
TM2D1,-0.11081538469659602,-0.5398552257821689,0.5927064100089681,0.8658903395932819
RBBP5,-0.1975729609008794,-0.5388060806955872,0.5927369618173072,0.8658903395932819
SLC50A1,0.1754302154541172,0.5406378176030446,0.592833449794718,0.8658957310306102
NUDCD1,-0.18576665481634436,-0.5384004703596721,0.5930223097456583,0.8658957310306102
PLPP5,0.16511568058700377,0.5383076506868552,0.5931602865693528,0.8658957310306102
XPR1,0.2785518393369255,0.5382241234108788,0.5932711873517974,0.8658957310306102
TMEM41A,-0.12167897185248755,-0.5381238638075978,0.5933226534083059,0.8658957310306102
ENSG00000280071,-0.32323870062896143,-0.5378595389406572,0.5934787381369289,0.8658957310306102
CRK,0.24001370465616034,0.538383914450839,0.5936568496477849,0.8658957310306102
LAS1L,0.1534200281983633,0.5390733342493569,0.5937505769277247,0.8658957310306102
SPHK1,0.3371188694306877,0.5374876952350257,0.5937660227875344,0.8658957310306102
GPD1L,-0.2841418751285134,-0.5379640778614775,0.5937951608385754,0.8658957310306102
BCL2,0.288035369479855,0.5374727544922895,0.5939962402955404,0.8658957310306102
RPL35A,-0.06421340270167519,-0.5369549195179387,0.5940641839921256,0.8658957310306102
PINK1,0.20309411057758187,0.5370327955056918,0.5941036610134501,0.8658957310306102
RPL37A,-0.10467147758921236,-0.537368844126931,0.594115570172273,0.8658957310306102
CNTRL,-0.22400899300496224,-0.5366742443498451,0.5941967702715361,0.8658957310306102
SCAF11,0.08108583154138493,0.536714861482947,0.5942020376676281,0.8658957310306102
TRIP4,0.2246393850534658,0.5372073994188583,0.5942755133736677,0.8658957310306102
MIPEP,-0.21522461086513722,-0.536577949012716,0.5942761075438934,0.8658957310306102
NDUFAF6,-0.23548622222053783,-0.5367986077284052,0.5942773778812165,0.8658957310306102
ASF1A,0.15875395210450804,0.5378590001216221,0.5943752942953155,0.8658957310306102
NTMT1,0.06384779597946633,0.5369954103050976,0.5944115151511068,0.8658957310306102
DLC1,-0.159472724976089,-0.5377841977293609,0.5944397089744194,0.8658957310306102
ZCCHC7,0.16561939940914794,0.5392164215682218,0.5944655917434867,0.8658957310306102
GCN1,-0.18748387866059968,-0.5362738914455755,0.5945712026306482,0.8658957310306102
FBXO36,0.236246600276115,0.5363171961003587,0.5945744003163174,0.8658957310306102
CLDND2,-0.2642770701024104,-0.5364335586002432,0.5947455738777704,0.8660381768381744
HSPG2,0.11559217666786736,0.538088982426499,0.5949198841924619,0.8661851545254086
GCAT,-0.2272867465932098,-0.536818791657491,0.5950040124478351,0.8662008098343437
AKT1,-0.22940587325488426,-0.5359068813456158,0.5953978958283077,0.8662495191868241
FGFR1OP2,-0.06971275006670918,-0.535654937466241,0.5954593882305473,0.8662495191868241
CCNJ,0.20682413835572055,0.5349465722718939,0.5954738810880554,0.8662495191868241
COMMD4,-0.09057188419256068,-0.5351886841250695,0.5955095228307884,0.8662495191868241
ZNF662,0.24249256198877966,0.5348636457123513,0.5955191384214592,0.8662495191868241
TMED3,0.08900903674742011,0.5350191930728728,0.595533067129234,0.8662495191868241
FBXO34,-0.23614052263613594,-0.5347215229318542,0.5955511306836311,0.8662495191868241
NOL12,0.26770585028482685,0.5354741498773584,0.5956892966247694,0.8663437411180736
PIH1D1,0.09355724767977946,0.5346564373735202,0.5959426544600647,0.8665223144783369
STRADB,-0.19806193727504917,-0.534559798195451,0.595958887865279,0.8665223144783369
ARRB2,-0.25370518223376193,-0.5333482126628593,0.5968080836582671,0.8675105296192224
PTGFR,0.21286989359597275,0.5329483584013162,0.5968528456382962,0.8675105296192224
CHMP7,-0.17660131046564054,-0.5327957529099192,0.5968590022505145,0.8675105296192224
TMEM45A,0.08729315646238955,0.5326056668556801,0.597006341180277,0.8675392789971453
OSR1,0.16397237533872655,0.5325682329065135,0.5970275242696114,0.8675392789971453
CKB,-0.16381118679070106,-0.5331987470687563,0.5971165808336586,0.8675392789971453
HAS2-AS1,0.25682402109454916,0.5326259922018355,0.5971727387658452,0.8675392789971453
DTX3,0.22141222992339937,0.5319369448906746,0.5974487615800014,0.8678334724316373
PKP4,0.24166522045312577,0.5312560238025761,0.5979373610716564,0.8684363370387431
OSR2,0.1955900508703392,0.5320025479555889,0.5982563009874201,0.8686907366568997
ZBTB45,-0.18105514458817495,-0.5307360773236983,0.5982893702658603,0.8686907366568997
FMR1,-0.2116319350763245,-0.5307707315831928,0.5983339373472987,0.8686907366568997
ZNF408,0.23496755336047181,0.5309385817792427,0.5984223472939233,0.8686907366568997
ZNF703,0.26126561920981217,0.5304699409767885,0.5984804541491372,0.8686907366568997
TXNL1,-0.06388838973072364,-0.530763547919924,0.5986442399816674,0.868821644084532
EARS2,0.22806065335242787,0.529374057754631,0.5992604702509116,0.8694892701137668
FEM1A,0.2456752939760627,0.5290484955228623,0.5994414047184716,0.8694892701137668
CTDSPL,0.242799530241407,0.529600583548668,0.5994938823292746,0.8694892701137668
ZNF354C,0.22171744345020983,0.5291974278518404,0.5995769424309114,0.8694892701137668
ZNF544,0.23764026834292662,0.5288844813831148,0.5996120086975432,0.8694892701137668
EXOC1,0.15723688952991033,0.5313668030639959,0.599618558848354,0.8694892701137668
SLC33A1,0.25750576924434965,0.5288180100132585,0.5996198346460123,0.8694892701137668
TSPAN31,0.10022012793576174,0.5286034265516216,0.5997394799028224,0.8695559518856323
ATP13A1,0.18903487498112836,0.5292682588891324,0.5998278728885594,0.8695773105058878
TRAPPC8,0.24388989009138085,0.5289139963920817,0.5999554600803507,0.8696554771916184
STX16,-0.18393262009799294,-0.5277075073447416,0.6004669358131389,0.8698735552332186
WDR86,-0.26317437039910807,-0.5274967066594294,0.6004990416261379,0.8698735552332186
CLCN5,0.2449474571611321,0.5279717318719905,0.6005258496377753,0.8698735552332186
ILK,0.0996145137876594,0.5274958867842285,0.6005391981315132,0.8698735552332186
DES,0.4799112951387583,0.5276806493976689,0.6005900140902432,0.8698735552332186
ZNF692,-0.25884135422837806,-0.5273329703316461,0.6006369064498276,0.8698735552332186
EPHA3,0.21756394193965178,0.5274167304826859,0.6006420567152861,0.8698735552332186
UBE2D2,-0.052747807635082467,-0.527245450145797,0.6008377047808288,0.8698735552332186
SDHAF3,0.17299970366558348,0.5271150949517407,0.6008868763217352,0.8698735552332186
GTF2F1,-0.17370223001601204,-0.5295473151660021,0.600941837092267,0.8698735552332186
AIMP1,-0.0791307214367416,-0.5266750570471453,0.6010651751628828,0.8698735552332186
CALD1,0.08979305278369942,0.5270232018513105,0.6011042750564081,0.8698735552332186
RAB5IF,0.09230758122882499,0.5270229638664198,0.601117226610321,0.8698735552332186
PNKP,-0.11119733680317445,-0.5269142436934416,0.6011375233877677,0.8698735552332186
PLEKHM2,-0.21269837312797968,-0.5269872310281207,0.6012222812226968,0.8698895734567884
UFC1,-0.0577211203132828,-0.5262939819967558,0.6014454084983561,0.8701057656033203
GMFG,-0.2518792460102164,-0.5261834512248686,0.6017482678740014,0.8702654969342164
OGFOD1,-0.17153827313497727,-0.5260236219498176,0.6017600296695952,0.8702654969342164
ZNF721,-0.1390136513515179,-0.5256693372594108,0.6018414173953919,0.8702654969342164
GEMIN8,0.2182776675904985,0.5269356843463986,0.6018707919614142,0.8702654969342164
ZNF613,-0.2013817987148152,-0.5260443618372745,0.6020072857536918,0.8702654969342164
S1PR1,-0.2691622484107612,-0.5252094428117178,0.602077855134756,0.8702654969342164
GLCCI1,0.23545957658661165,0.5252438538451376,0.6021423042914144,0.8702654969342164
RNF149,0.10493895853182345,0.5251518233522099,0.6021455805979399,0.8702654969342164
NIPAL2,0.18368062918066563,0.5248442566084757,0.602467202782164,0.8706237396062488
KRTCAP2,-0.060792342591140525,-0.5243591662413497,0.602684473250568,0.8708311146539724
KCNK3,0.26682149652790876,0.5242202265128276,0.6028823694013757,0.8708545715475126
PHF20,0.09986819405476943,0.5239948966465632,0.6029963708493455,0.8708545715475126
GPCPD1,-0.1578566582262697,-0.5246322151878126,0.6030042364820573,0.8708545715475126
PARS2,-0.20788834180725346,-0.5236576482806682,0.6032486920324378,0.8708545715475126
RBBP6,0.16829449972747135,0.5244722217028113,0.603319277328519,0.8708545715475126
LARP4,0.19993351502718504,0.5235119539858653,0.6033458624037739,0.8708545715475126
IFT25,0.08374444934411507,0.5254905945377931,0.6033943108224887,0.8708545715475126
STRAP,-0.15927154430765178,-0.5255475757889289,0.6034168068017993,0.8708545715475126
SMURF1,0.2521730606986372,0.5233009641391522,0.6034815760191528,0.8708545715475126
LOX,-0.22630713022721594,-0.5252263383627984,0.6036054652172717,0.8708545715475126
NSMF,0.26899234630491886,0.5238322097438103,0.6036105937547781,0.8708545715475126
KDM2A,0.22464505069707208,0.5235916361990437,0.6036464289246277,0.8708545715475126
MSH3,0.16522163836839976,0.5233709117558364,0.6036597169820666,0.8708545715475126
PXDN,-0.18578457730807063,-0.5238093934989391,0.6040702595961032,0.8713199713738328
SEPSECS,0.2202493024207799,0.5224315231841492,0.6041299420325982,0.8713199713738328
C1orf50,-0.21625998152978854,-0.5228799894290695,0.6042707168190807,0.8714165419068224
CLN6,-0.22657740008483573,-0.5218970772310194,0.6043622524039496,0.8714300892960735
PPM1G,-0.0729892664605547,-0.5222840538638235,0.6044277485096357,0.8714300892960735
BACH2,0.220405767059896,0.5225014886110024,0.6046509718409604,0.871645466184215
NUP93,-0.23185227315821866,-0.5211964750316576,0.6048784002425461,0.8718304676754215
CCNL2,-0.11466440220913388,-0.5206625851166381,0.6052147106630253,0.8718304676754215
HYKK,-0.23014476683022167,-0.5212613823802086,0.6052592148084133,0.8718304676754215
PRDM6,0.22887038480394928,0.5206432098957486,0.6052654371469208,0.8718304676754215
RBM26,0.2114741192588574,0.5214411668530432,0.6053017560320008,0.8718304676754215
ZNF737,0.21422154963413886,0.5208126114764562,0.6053748943996149,0.8718304676754215
ZNF510,0.21005815812985684,0.5204025650709695,0.6053919700602758,0.8718304676754215
FHL5,-0.4071212278526386,-0.5206293436331935,0.6055278558964305,0.8718304676754215
ZNF407,-0.24244562529734814,-0.5203300388798677,0.6055297816794433,0.8718304676754215
IVD,0.186249655197245,0.5204501015522608,0.6055845450862197,0.8718304676754215
TGFBRAP1,-0.24084417269229297,-0.5201699427064603,0.6056623811467784,0.8718304676754215
HENMT1,0.22656348222118905,0.5201905702671087,0.605665537094971,0.8718304676754215
TANK,0.17604789263813814,0.5197224348358678,0.6059048618132333,0.8720141817622831
GM2A,-0.19522091476546066,-0.51957569627049,0.6059865057326752,0.8720141817622831
FAHD1,0.1928238677530869,0.5202674054938501,0.606014768926537,0.8720141817622831
HMGN4,-0.1981067817115143,-0.5195489740309249,0.6061455473754813,0.872096061763261
ITPR1,-0.2310773011860121,-0.5190521609817719,0.6063583695848482,0.8722064937846118
AADAT,-0.2165005714635122,-0.5195947467038606,0.6064351573890849,0.8722064937846118
ZNF253,0.2422445828304891,0.5192460444345172,0.6064439560342307,0.8722064937846118
C19orf25,-0.10663258727695801,-0.5186890246233893,0.6066297625060567,0.8723674438279936
RNF38,0.22885074892975865,0.5184908184344861,0.6067748175229473,0.8723706233346185
MMACHC,-0.22943198952881239,-0.5191117513584504,0.6068317254873768,0.8723706233346185
ARHGEF3,-0.24327337988221576,-0.5188882458062685,0.606853668684785,0.8723706233346185
CDNF,-0.22029917149976108,-0.5181664539321426,0.6071287452168407,0.872510049360406
CAPS,0.2458035374122205,0.5180254235048776,0.6071593598280867,0.872510049360406
SLFN11,0.26453429488219715,0.5178594711256981,0.6071723892838403,0.872510049360406
ZNF582,0.23606819459312778,0.5178831982288625,0.6074271943702049,0.8727699646470629
VDR,0.23712880335659214,0.5168312935727564,0.6078890262754075,0.873066716294331
SPRED2,0.25810410430207353,0.5170928011555312,0.6079323947441643,0.873066716294331
AACS,0.23834333763621274,0.5169351566238812,0.6079753390585625,0.873066716294331
TRAPPC10,0.2606447644222438,0.5169464779264696,0.6080013307690376,0.873066716294331
LINC00891,-0.21759941949045247,-0.516654010776256,0.6080083885714295,0.873066716294331
ABHD6,0.23180343064321107,0.5167280340982514,0.6082098971930916,0.873066716294331
EPS15,0.2084063593561556,0.5165260680456165,0.6082926483731546,0.873066716294331
MRPS23,0.15367061177612928,0.5182580436208616,0.6084865922403828,0.873066716294331
FAF1,-0.2420038551041035,-0.5158096859547546,0.608591874037137,0.873066716294331
PBX2,-0.1488273215169098,-0.5168403163008788,0.6086140161256197,0.873066716294331
USP5,-0.19909203699600653,-0.5160812889829036,0.6086520616136915,0.873066716294331
EIF5A,0.11756746361351667,0.5173267136413652,0.6086572638379433,0.873066716294331
ACSF2,-0.2247745018176326,-0.5157593395147384,0.608796482592221,0.873066716294331
PARP2,0.2043209716933121,0.5156650151972388,0.6088160196689787,0.873066716294331
PABPN1,-0.16030543956053123,-0.5159040698479349,0.6088968292538419,0.873066716294331
ZNF124,0.22619204862398457,0.5154071916107091,0.6089128313303896,0.873066716294331
ADGRE5,0.21618023345283177,0.5178953165825511,0.6090770272236277,0.873066716294331
XYLB,-0.21099511190917863,-0.5156046248803787,0.6090834965586692,0.873066716294331
EAPP,-0.08467970426599347,-0.5152916109918801,0.6091060648657224,0.873066716294331
GTF2H5,-0.10088721025577385,-0.5148382927492857,0.6092586917982865,0.873066716294331
HECTD4,0.20756288377864296,0.514902393957955,0.6092933015539606,0.873066716294331
SPTLC3,0.21429020275634825,0.5148183391356516,0.6093805012207002,0.873066716294331
EIF6,-0.06636308492171761,-0.5148934669018665,0.6094246685606739,0.873066716294331
ADCY7,-0.19906476989260558,-0.514875653761221,0.6094817515614123,0.873066716294331
MRPL41,-0.10085059515390071,-0.5158295712393209,0.6094826606507058,0.873066716294331
CTDP1,0.2289627260229894,0.5144273737264528,0.6095707386511717,0.8730869412493426
CHAMP1,-0.19213709874979523,-0.514163331321496,0.6097265519431551,0.8731180248043675
UBFD1,-0.1956834029943577,-0.5141341966910452,0.6097403639548671,0.8731180248043675
ACBD6,-0.08817653531602865,-0.5139889522822408,0.6098343232998631,0.8731243055236134
TYROBP,0.295809777340176,0.5143941048655993,0.6098926745741394,0.8731243055236134
RASA1,0.22454530921752092,0.5136278670292683,0.6101002779990947,0.8733156034654194
PSMC6,-0.09296152818125414,-0.5138920460300046,0.6102948504879445,0.8733324096757168
GLUD1,-0.0778723410283142,-0.513193154259676,0.6103841050053734,0.8733324096757168
KCNAB1,0.32771677230479535,0.5143228945359373,0.6104292381445112,0.8733324096757168
ALKBH8,-0.20982579210031838,-0.5131367359894207,0.6104501163550197,0.8733324096757168
COX15,0.24320588552221256,0.5133020473748887,0.6104819182248212,0.8733324096757168
ITM2B,0.060511063816624855,0.5128090245753406,0.6107768748750463,0.8736215076577493
CTF1,-0.2325802827176502,-0.512801893728679,0.6108320139099587,0.8736215076577493
GLA,0.1677038142134748,0.5140195476980673,0.6109304568592618,0.8736352933763608
SHC2,0.26935584057191164,0.5127589665042465,0.6110187108030042,0.8736352933763608
GINM1,0.06722026826823502,0.5124002605873988,0.6110636694119959,0.8736352933763608
ARSK,-0.19163222533627033,-0.5129107009789561,0.6111803765933727,0.8736963363628922
NMNAT3,0.23543997353543622,0.5120315368598183,0.6113346039960917,0.8737067892450273
FAM151B-DT,0.20460852838678067,0.5121913149365364,0.6113357119156226,0.8737067892450273
PLRG1,-0.1865419591201949,-0.5119151126243351,0.6115162901374795,0.8738092802521801
MRPS2,-0.1921065965960267,-0.5119037248694628,0.6115554657724279,0.8738092802521801
POMGNT1,-0.19047272796339332,-0.5113317343333491,0.6117196234980511,0.8738263530357558
CWC25,0.1937370575535926,0.5131090143561683,0.6117424029376615,0.8738263530357558
MFAP1,-0.17497121435061125,-0.5113538337430806,0.6118251651934955,0.8738263530357558
ACOX1,0.23357268321410185,0.5109961215019956,0.6120021992341411,0.8738263530357558
C1orf174,0.14707740879699838,0.5123617095376874,0.6120025595123827,0.8738263530357558
MID2,0.2369555823965861,0.5110106293774079,0.6120518220669837,0.8738263530357558
NEMF,0.08052662033235514,0.5108632592760813,0.6121210828320475,0.8738263530357558
FLT3LG,-0.1871510284332336,-0.5109916911535685,0.6121595882766371,0.8738263530357558
ITGA4,-0.3012166238653573,-0.5112624081440886,0.6123162550216604,0.8738645924984544
ARHGDIB,0.23171447505563503,0.5121273407581695,0.6123344268654989,0.8738645924984544
BRWD1,-0.16386028500408667,-0.5104327187926583,0.6124926334677706,0.8739847138990732
HELZ,0.19630970779935897,0.5099767793457828,0.6127899923347225,0.874303342943123
CSDE1,-0.0680729685627286,-0.509461471444991,0.6129746016111637,0.8744146638975818
PRDX5,0.0525718871741514,0.5092884391345078,0.6130990871523422,0.8744146638975818
CCDC97,0.20722256991597865,0.5096920864083834,0.6131517627519791,0.8744146638975818
AMBRA1,0.2528658384026663,0.5096587611637896,0.6131643022231412,0.8744146638975818
FUBP3,-0.2098524178239911,-0.5091180735247008,0.6132485333258806,0.8744291503698539
SLC38A9,-0.2041259686631034,-0.5086506581476657,0.613597671902236,0.8748050923800679
OLFML1,-0.12113694787585771,-0.5084813038903084,0.6137539824471259,0.8748050923800679
TBRG1,-0.08367538488531778,-0.50816232742761,0.6138778321270981,0.8748050923800679
COA4,0.07039646943582856,0.5087680568467136,0.6139174410045041,0.8748050923800679
IFT57,0.07987768305358234,0.5080929308538412,0.6139284061912714,0.8748050923800679
CARD6,-0.24504931603435898,-0.5082394402025604,0.6139736061090423,0.8748050923800679
TNPO1,0.07431085960552242,0.5079316707785227,0.6140903194778274,0.8748050923800679
GRPEL1,-0.12122968648234966,-0.5079328438023801,0.6141295887449413,0.8748050923800679
CASP10,0.19500282875601038,0.5076685304260548,0.6144290741257128,0.8748050923800679
CHORDC1,0.22904777979804614,0.5073287774925812,0.6144646808260535,0.8748050923800679
ENSG00000269194,-0.20521260848440415,-0.5074332328006156,0.6146317610172712,0.8748050923800679
ZNF618,0.23996937655872053,0.5074526356751576,0.6146731891328199,0.8748050923800679
FRS2,0.19468273776678124,0.5068749926266847,0.6147772646689525,0.8748050923800679
SDHC,-0.06656791500730641,-0.507054060748204,0.6148013809878912,0.8748050923800679
TAF1,-0.22831469441014063,-0.5067790908188661,0.6148444652449635,0.8748050923800679
TLK1,-0.10652201048047161,-0.5070614870110807,0.6148463011500367,0.8748050923800679
ECHDC2,0.0967401178159335,0.5080053525882321,0.6148800700198941,0.8748050923800679
MME,-0.24805351752547855,-0.5068290392594149,0.6149038659223768,0.8748050923800679
ITGB3BP,0.19199050275700547,0.5070792299176119,0.614920174211758,0.8748050923800679
SNCG,0.28897971247051046,0.5063388534054357,0.6151597240110248,0.8749272197070488
GNB5,0.22601735044917337,0.5066346949021019,0.615177799844501,0.8749272197070488
ZNF273,-0.2086721372110647,-0.5067242211909634,0.6152283651663034,0.8749272197070488
SDF4,-0.07056671008959281,-0.5058158872609761,0.6155564186043183,0.8752883066277979
IFI16,0.08387115691162261,0.5055263272025743,0.6157304187218333,0.8754302773709794
RBM41,-0.21537720200084687,-0.5052979467695016,0.6158719435556266,0.8755260469260804
C5AR1,0.20217263748587944,0.5054340310261083,0.6160007213745371,0.8756036743921024
OXNAD1,0.22714189952938746,0.5052806687516745,0.6160813470890402,0.8756039174974106
ENSG00000244459,-0.21204601539801837,-0.5054480576148221,0.6162127508612045,0.8756039174974106
MAVS,-0.16246420482484147,-0.5065594345887134,0.6163230385871951,0.8756039174974106
CENATAC,0.2383294035864938,0.5047585294289822,0.6163380714962678,0.8756039174974106
AMFR,0.20572699697244268,0.5065380862469768,0.6163717538673005,0.8756039174974106
VPS11,-0.24661322092560667,-0.5044454333936804,0.6167893272171836,0.8759497525892408
NUDT8,-0.18737436274482278,-0.5052619979847689,0.6168078515327798,0.8759497525892408
PPFIA1,-0.19304074203323207,-0.5041239258615617,0.6168378054446725,0.8759497525892408
POLR2M,-0.19599969644118254,-0.5045210172258281,0.6169485216418635,0.8760015994686311
NEO1,0.21277506343193675,0.5036950671713459,0.6171952228064038,0.8761040404406346
ZNF12,0.18658448921254633,0.5040574565106968,0.6171960249974652,0.8761040404406346
DNAJB2,-0.18386000553781123,-0.5035355959348499,0.6172615624163075,0.8761040404406346
NRXN2,0.24407157877854413,0.503259111584868,0.617317527182143,0.8761040404406346
TCEANC2,-0.22435237851492862,-0.5031689148229617,0.6174921435582216,0.8762465145696365
UVSSA,0.23210776292662683,0.5028535803506873,0.6175771989932168,0.8762618791003515
UQCRQ,-0.07366560436633662,-0.503142016789231,0.6177180559301878,0.8763564055108601
CCDC47,-0.07383313985375928,-0.5026231574448474,0.6178321833039375,0.8763619323288956
TLR3,-0.24660081938165268,-0.5024302727643031,0.6178704246313763,0.8763619323288956
SPEN-AS1,0.2233170601018788,0.5018964078594419,0.6182516222031451,0.876585666838289
ENSG00000259782,0.22908008482663567,0.5020589047487408,0.618304554378523,0.876585666838289
ZSWIM1,0.18817219874138114,0.5019910188243336,0.6184202985504809,0.876585666838289
XYLT2,0.22083315744602938,0.5016799387209783,0.6184482984716159,0.876585666838289
SCAMP1,0.19025907068638404,0.5017783728431361,0.6184531188308121,0.876585666838289
HMCES,-0.164895624106685,-0.5017390871052959,0.6185211095172781,0.876585666838289
EAF2,0.2112342080052907,0.5019137454275764,0.6185479546601396,0.876585666838289
GAN,0.21992445814857575,0.5012082086857605,0.6187236526489129,0.8767294105774117
VPS26B,-0.1342866869390038,-0.5012338137130109,0.6190469228895913,0.8769774415878503
INO80E,-0.08024938600834908,-0.5009405358905086,0.6190472698645961,0.8769774415878503
PPCS,-0.07230918051262503,-0.5006065163831493,0.6191460176106,0.8770120875801695
TFAP4,-0.20921779577117716,-0.5006381964707801,0.6193469708412208,0.877132564463425
PGM2,0.20950662027307976,0.5002823451763062,0.6194520126323636,0.877132564463425
CRELD1,0.2127203418064516,0.5001343122425574,0.6194787336069841,0.877132564463425
RHOT1,-0.2100122490479608,-0.5000070717660764,0.6195960662375061,0.877132564463425
FNDC3A,0.09493206868474058,0.4999160387999168,0.6196299819567472,0.877132564463425
UBA6-DT,0.22056582414286874,0.5000651982478206,0.6196768816285443,0.877132564463425
BNIP3L,0.09140225565426974,0.5000847412334878,0.6198106810444521,0.87721677133794
MAP2K5,-0.22486460116458407,-0.49946405421894746,0.619944518276136,0.8773010115379748
RPL13A,0.07076059172593396,0.4993771150888949,0.6201243770527557,0.8773626173857155
MADD,0.23775687705933013,0.4997306138471852,0.6203068020617396,0.8773626173857155
RIC8A,-0.19689282346347525,-0.4989315200047346,0.6204700679272084,0.8773626173857155
TSC1,0.22922582869004549,0.49903802761224775,0.6204939925971481,0.8773626173857155
PCDHB3,0.22007214209325454,0.498691826191432,0.6205322460513075,0.8773626173857155
INVS,0.2214656622527511,0.4988162411631021,0.6205443895320405,0.8773626173857155
EMP1,0.12276261924277065,0.498667757869345,0.6205981209043024,0.8773626173857155
ZNF823,-0.21359272840311228,-0.49872491000596036,0.6206021983261765,0.8773626173857155
NSFL1C,-0.09421650205165122,-0.49854933703113113,0.6206569434805684,0.8773626173857155
MCAM,0.40666892825336287,0.4988028216615958,0.620793165072811,0.8774501093970946
SASS6,0.21830392898506945,0.49807808710771284,0.6209450738067184,0.8775456624743316
HRAS,0.18180811617154102,0.4995145845448797,0.6210637894148285,0.8775456624743316
BAHD1,0.19547380987626606,0.49796147021714965,0.6211559185490912,0.8775456624743316
ZNF468,0.2195400637868039,0.49792448959385677,0.6211581156828052,0.8775456624743316
BRI3BP,0.2293620936209968,0.4976613432377568,0.6213226821819174,0.87766011950875
KIAA1143,0.09902239636622223,0.4974674365686222,0.6214001097771807,0.87766011950875
PRNP,0.17067548267710375,0.49872458051267987,0.621476044466726,0.87766011950875
SLCO3A1,-0.16448840365662853,-0.4972534174983646,0.6215365183475773,0.87766011950875
RGS16,0.324495758469606,0.49682304639928865,0.6218020669362956,0.8777742825215429
SSR4,-0.06627176392733602,-0.4967778692556331,0.6218203510758559,0.8777742825215429
ZNF282,-0.19368522350327977,-0.4968129292449549,0.6218404341150074,0.8777742825215429
SPRY4,0.23600269279319264,0.4968920642365328,0.6219309920416544,0.8777971498148888
SAP130,0.20748456857055508,0.4960768786658877,0.6224081920381517,0.8781757703546015
SLC45A1,-0.2300203877734348,-0.49593851861411037,0.6224698712795256,0.8781757703546015
SDR39U1,0.1551456632871231,0.4982623212465397,0.6225126113531689,0.8781757703546015
ITIH3,0.3352345813981765,0.4963638996030754,0.6225439136903061,0.8781757703546015
LSM7,0.073203924609345,0.49603720489562714,0.6225712005165319,0.8781757703546015
NUMBL,-0.26765899480719524,-0.4960308927011283,0.6226762703324458,0.8782190407735391
AKAP1-DT,0.20673267273122709,0.4950769551498455,0.6230518019372849,0.8785851665232155
SLC25A32,0.20045057337188688,0.4951182988056084,0.6231432559825112,0.8785851665232155
RBM15,0.22760222163851962,0.4949588923081713,0.6231591358999478,0.8785851665232155
HDGFL3,0.14383271437262657,0.49543929189292035,0.6233768694635499,0.8786967439427636
KCMF1,-0.17799918856436214,-0.49488642177616066,0.6233871436273313,0.8786967439427636
RASGEF1B,-0.23297462263487967,-0.4942787947161685,0.6236389086273446,0.8789466710059459
ZNF75A,-0.20463597832051006,-0.4940071300938654,0.6237662837105009,0.8790212461743421
GNA13,-0.13427832014671992,-0.4939860318560461,0.6238636000303341,0.8790534493146448
TOM1L1,0.2409192159482867,0.493745363574507,0.6240450858952428,0.8790886132057741
LIN7C,-0.1786965054861014,-0.4934302090045713,0.624163832718953,0.8790886132057741
LSM12,-0.09709305721270312,-0.49342838745294293,0.6241819610268184,0.8790886132057741
IPO8,0.2167826585860424,0.49344531802152203,0.6242184224797647,0.8790886132057741
MORC2,0.19494218043545897,0.49335548075670427,0.6242608932235497,0.8790886132057741
ZNF202,0.20528391889606068,0.49319469533892113,0.6243676163746377,0.8790892675303479
CLDN11,-0.2750233937394593,-0.493116686623012,0.624410292947223,0.8790892675303479
VWF,-0.22063137666346244,-0.49309384681306556,0.624604443975952,0.8791614587568023
MKS1,-0.1886446558450663,-0.4927082413024309,0.6246944879211247,0.8791614587568023
MAP3K6,-0.17442796676453387,-0.4926453734663083,0.6247140201939835,0.8791614587568023
ZNF397,0.20968862201838245,0.49258612878453945,0.6248255824932952,0.8791614587568023
ALKBH1,0.21533875437558336,0.4931125195391641,0.6248772698204753,0.8791614587568023
TIMM50,-0.08771975810573007,-0.4929173307523834,0.6249764365366213,0.8791614587568023
RNF167,0.0777348121375594,0.4926433673107296,0.6249828853779826,0.8791614587568023
ADCY9,0.23123250131309803,0.4922640215501585,0.6251115825196336,0.8792059844627685
SPOPL,-0.23463601310123883,-0.4921403814780894,0.6251634928911884,0.8792059844627685
IFIT2,0.24867807274202436,0.49199059738314266,0.62526493908079,0.8792439077842437
CA3,-0.3163658751092915,-0.4919427508324823,0.6253507633167362,0.8792598571884315
BIN3,-0.2172217577379154,-0.4916111372242951,0.6256759155592325,0.8792818397058131
FEM1B,-0.18904580938591398,-0.4916445041310577,0.6257335509463245,0.8792818397058131
MCM8,-0.1848481825318531,-0.4911854665803864,0.6257799636470289,0.8792818397058131
NBDY,0.052264164968679694,0.49231341045568056,0.6257808249990117,0.8792818397058131
TMEM116,-0.1827480279082101,-0.4913554487653102,0.6258026498660613,0.8792818397058131
TPP2,0.09615126111637817,0.4924204975618456,0.6258253139886073,0.8792818397058131
PRKAR2B,0.2142663073860498,0.4922831368254921,0.6258959117097679,0.8792818397058131
MT1F,0.22259740722761334,0.49143523916134213,0.6259622686054768,0.8792818397058131
FBXO42,-0.18949754956164178,-0.4913811647017906,0.6260639667602395,0.8793200627727099
PIK3CA,-0.22177420187924923,-0.4907154088491339,0.6261915781813557,0.87939466814548
TMEM50B,0.0922715871683204,0.49038838087181486,0.6263308906957364,0.8794856862927523
TSSC4,-0.07747438598122969,-0.4900419482379263,0.6265401016969464,0.8796748216618044
RIGI,0.24349540593043484,0.4895877571722637,0.6268590781739359,0.8799351452953879
COX7A2L,-0.07035602391115248,-0.4895886032444379,0.6268745931329277,0.8799351452953879
APMAP,-0.10241868104315976,-0.48982453978101437,0.6269799857417199,0.8799784486602072
CSNK1G3,0.17594100525521217,0.489272330704683,0.6271606827871471,0.8800150648599103
WIPF2,0.21631627728846103,0.48968967968416127,0.6272454912555409,0.8800150648599103
ZKSCAN3,0.18583246910234075,0.4891840985262073,0.6272538545264357,0.8800150648599103
SCPEP1,0.07874996520478206,0.4890478474466696,0.6273042584325409,0.8800150648599103
ZBTB25,0.18901592210374885,0.48929248511234774,0.6274569261109575,0.8801246450498875
VPS37A,-0.1440558042585991,-0.4913400062749986,0.6275987478137656,0.8802189875182965
DTYMK,0.18413187907471418,0.48837655237105865,0.6277225420777762,0.8802880267555415
HDAC5,-0.192309060055587,-0.4881808981410165,0.6278562787658308,0.8803683895809022
TCOF1,0.18246078763043005,0.488233849797384,0.6279631719067664,0.8803683895809022
ASAH1,-0.05388726401706467,-0.48870639473393584,0.6280353281794571,0.8803683895809022
GSTM2,-0.09637801128106815,-0.4878702849768463,0.62808374642491,0.8803683895809022
CEBPD,0.1618503796439974,0.4890549551115566,0.62815272727149,0.8803683895809022
ADO,0.19841251157024908,0.48742257551336693,0.6284244263718971,0.880638190336018
CDK12,0.1464278665995815,0.48818573436577606,0.628514113431803,0.880638190336018
POLR2D,0.19981055356513044,0.4881290983614724,0.6285690293749502,0.880638190336018
TMLHE,-0.16998323018812211,-0.48705233894775285,0.6286437265364397,0.8806383282025242
BMS1,-0.17505210848015995,-0.48680086729378425,0.6288191191078156,0.8807606547137845
FAM168B,0.20838788569982825,0.48679754783444273,0.628880267563108,0.8807606547137845
RPAIN,-0.06969595849584476,-0.48663582044844134,0.6290458678791565,0.8808880747702779
POLR3F,0.1739599881818572,0.48652538242828924,0.6293969326464364,0.8811816526838621
IDUA,0.21415437803042536,0.48609544839015606,0.6294048026624587,0.8811816526838621
HERC5,-0.2238565122548497,-0.48622366767687225,0.6296224988892049,0.8812234061843884
KIAA0040,-0.17428960707179986,-0.4865516189477921,0.6296593321646181,0.8812234061843884
ST3GAL5,-0.2873587742927648,-0.4862236136280078,0.6296928327605251,0.8812234061843884
AIF1L,-0.26275957359605595,-0.4859330731506095,0.6298673958750083,0.8812234061843884
HS3ST3A1,0.2449109505536371,0.4857020947389881,0.6298775944471715,0.8812234061843884
TMEM161B-DT,0.20631893333377382,0.48584604250197766,0.629955023309736,0.8812234061843884
VPS39,-0.20305224678337996,-0.4851542207683034,0.6299939255852792,0.8812234061843884
DNAJC18,-0.20681670626199944,-0.48516935823566276,0.6300478921718071,0.8812234061843884
CPLANE1,-0.21005931722655014,-0.4850147562342967,0.6301076504151769,0.8812234061843884
ENKD1,-0.23652740741075284,-0.4852182038100333,0.6301811092764598,0.8812234061843884
HSPA2,-0.3208812199241686,-0.4849793137554529,0.6303328696093016,0.8813214519487679
RNF126,-0.20013261277479,-0.48459259544167327,0.6304005370822021,0.8813214519487679
RPP30,-0.1147229495926938,-0.48453598846139295,0.6307026210850588,0.8816393655309792
FKBP4,0.1715509013827612,0.48669559126381545,0.6307867466085808,0.8816525625993721
MYL6,0.09161870853779597,0.48472177535886907,0.6309991109396318,0.8816807712927933
ATP6V1E2,0.22682785712297204,0.4840666587309088,0.631009305531727,0.8816807712927933
UBE2O,-0.2180800077751317,-0.48374290161537564,0.6310309899748251,0.8816807712927933
HSD17B7,0.23159702722635034,0.48340378356325353,0.6313812293803029,0.8820316586511359
PAPOLA,-0.07441037686979435,-0.483433415404586,0.6314501494466902,0.8820316586511359
RDH14,-0.11001257514751472,-0.48333214900930777,0.6316079507997431,0.8820316586511359
PUS10,-0.21732340897571523,-0.4831649018351167,0.6316172163932359,0.8820316586511359
DOHH,0.16434322329436712,0.4852722536928674,0.6317371990416586,0.8820316586511359
GPR108,0.16161652015247174,0.4844711799358661,0.6317723247337287,0.8820316586511359
RBKS,0.259163296385748,0.48279529242417246,0.6318051423595091,0.8820316586511359
PSAP,-0.0674271853819679,-0.4823208971975566,0.6319786812248288,0.8821696029158217
TIMM21,0.1492029752599633,0.4845830419892735,0.632118358823844,0.8822602537142917
FYCO1,0.1984385036073082,0.4816468471220506,0.6324835004049707,0.8825726340983329
CFAP97,-0.07378531225614182,-0.4818175923610622,0.6325634010784297,0.8825726340983329
ENSG00000242611,-0.26705367757576925,-0.4819848436805135,0.6325664597294363,0.8825726340983329
ZNF727,0.21142253533144317,0.4809493415330555,0.6330091870254322,0.8829723116692333
POLRMT,-0.19386573311909316,-0.48077909064220103,0.6330894723083544,0.8829723116692333
KDM4A,0.20710069374514162,0.48062185775189387,0.6331936863912933,0.8829723116692333
CDH6,0.3040699655518746,0.4809258529157284,0.6332030365181761,0.8829723116692333
TMEM170A,0.18598419016953782,0.48124765740376285,0.6332269030573257,0.8829723116692333
SSRP1,-0.13886796828796477,-0.4808105582493518,0.633748568674587,0.8835747131557233
NKTR,-0.09807370012263306,-0.479827418685912,0.6338502737596897,0.8835747131557233
ENSG00000288060,0.21632579861315793,0.479629929024315,0.6340389668849404,0.8835747131557233
ALG10,0.20846661107913,0.4798341580014207,0.634077636185944,0.8835747131557233
ATP9A,0.2373677002685457,0.479295336829166,0.63413709054654,0.8835747131557233
MFF,0.05482540954206705,0.47920566265602105,0.6341655201661369,0.8835747131557233
SEMA4C,0.2170538905905337,0.4794249339600288,0.6342027890838261,0.8835747131557233
TRAM2-AS1,0.22465788442027756,0.4792592087237642,0.6342576975249131,0.8835747131557233
PODXL2,0.22923027216777214,0.4791737522067462,0.634429952938369,0.8837103946238875
DPY19L4,-0.1791256216427719,-0.4785144637422057,0.6346538757678724,0.8839180041811862
CCDC50,0.08011339388625238,0.478283670082041,0.6348227603970065,0.8840489190145878
ENSG00000251143,-0.21259690777553186,-0.47824353830790955,0.6350452555035229,0.8842544516653795
ERP29,0.06522904912269123,0.478443741257095,0.6351936088929597,0.8843567110486366
TRIM13,-0.18373590888857994,-0.4774854040014631,0.6353813549444943,0.8844849224375909
TCEA1,-0.061835242315915195,-0.47853336339139246,0.6355861684522613,0.8844849224375909
ENSG00000246090,0.21611511515529935,0.4771839114670909,0.6356034360225403,0.8844849224375909
GMFB,0.16723769561325774,0.4773141779026562,0.6356045161715118,0.8844849224375909
HCFC2,0.19445065245228266,0.47709957872000414,0.6358119314237477,0.8844849224375909
ITPRIP,0.22413196066295082,0.477021410661775,0.6358372689327999,0.8844849224375909
RANBP6,-0.17880935041175894,-0.4770278785523622,0.6359222630399135,0.8844849224375909
INTS9,-0.21299716894910947,-0.47693231309229817,0.6359422214824146,0.8844849224375909
KIN,0.12754213539730408,0.4771891220644914,0.6359950237507477,0.8844849224375909
SGO2,0.21540785751369418,0.47681588196427627,0.6360412639193754,0.8844849224375909
RPGRIP1L,-0.21384234445411865,-0.47643522092507923,0.6361353898300969,0.8844849224375909
CDK8,0.20636943986871126,0.4762524923243236,0.6362792742289981,0.8844849224375909
LDOC1,0.14234831285678773,0.4773080364697131,0.6362916587735014,0.8844849224375909
RIC8B,0.22737656780419302,0.47623729573930607,0.636524874961979,0.8844849224375909
SH2D4A,-0.2350789396346986,-0.47727981014660553,0.6365634708104517,0.8844849224375909
ATG16L2,0.21534625304948385,0.47623946573589737,0.6365674632076874,0.8844849224375909
BROX,0.19254482251189753,0.4765429188378039,0.6365830598102573,0.8844849224375909
WIZ,-0.22182103422743804,-0.4757201444123402,0.6367515821862464,0.8844849224375909
ARMH3,0.2085330800662768,0.4758912610093527,0.6367618451345554,0.8844849224375909
ZNF586,0.2095719457116738,0.47564817040671076,0.636835295865533,0.8844849224375909
CCDC24,0.20299827055251107,0.4753509050702629,0.6369594467852203,0.8844849224375909
EPHX1,0.12229510634345253,0.4752496169501413,0.6370694955156331,0.8844849224375909
RABL3,0.18565192225309302,0.47530908869340305,0.6370986621685254,0.8844849224375909
PORCN,0.1964509072021996,0.47516820092604345,0.6371668576865622,0.8844849224375909
HACE1,-0.24390380615180351,-0.47500222933782293,0.6372132945374855,0.8844849224375909
CD302,-0.10935657390958475,-0.4750976129211092,0.6372337370039568,0.8844849224375909
C2orf49,-0.16938663745638216,-0.47490226573205846,0.6373895619912444,0.8844861684425553
DNAJC8,-0.06100539437970909,-0.4748777105126688,0.6375433292170006,0.8844861684425553
LYZ,0.24911734674186947,0.47444618461505356,0.6375436021892062,0.8844861684425553
CD99L2,0.2326180849940025,0.4747869489930395,0.6375998307275943,0.8844861684425553
SLC25A6,-0.05084032168645081,-0.47532766515712166,0.6376574852726116,0.8844861684425553
KIF22,0.10945255125056175,0.47459819378406326,0.6376907535055932,0.8844861684425553
GPRASP2,0.19076502446809718,0.47410957111911545,0.6377777078234665,0.8844861684425553
ZNF623,-0.20963563501158067,-0.47402464512745424,0.6378340323550592,0.8844861684425553
GLO1,0.06944587211486475,0.47475673185642764,0.6380974959121511,0.8847475850649453
ZNF548,0.20254945613289133,0.47345876306605145,0.6382369395078412,0.8848370018661263
DEPP1,-0.27806656029587096,-0.47328592740032,0.6383526348608038,0.8848934775166497
SNX27,-0.09131680707724499,-0.4737452297174846,0.6384310543741254,0.884898273674598
HOXB7,-0.18360879118500995,-0.4731680734030639,0.6386178268190398,0.8850146060905454
HSPB1,-0.10552862185585887,-0.4738693506544743,0.6386649241241301,0.8850146060905454
SUCLG1,-0.06593787051888622,-0.47403311035073886,0.6387863584379622,0.8850293904638312
TSTD1,-0.22828727030297813,-0.472378520488773,0.6389953403414812,0.8850293904638312
PRKAG1,-0.1775706744931238,-0.47257169664802645,0.6390208170733496,0.8850293904638312
CACNB2,-0.21691098089283312,-0.47249057953533424,0.6390555850184992,0.8850293904638312
ITSN1,-0.1567470800358013,-0.47393203147485236,0.6391822999792156,0.8850293904638312
BCKDK,0.13816669321902886,0.4741084148051031,0.6391874934476558,0.8850293904638312
DHRS4,-0.0669485550893727,-0.47303479446478286,0.639244353596919,0.8850293904638312
NOTCH2,0.14859620799752893,0.4724027064309013,0.6393034343010335,0.8850293904638312
UBR4,-0.10093226319177706,-0.4718577747446321,0.6393840852396645,0.8850293904638312
RXRB,-0.1781221204395793,-0.47164225501306006,0.6395137910728325,0.8850293904638312
TMEM198,0.19348592166634093,0.4716181704560727,0.6395463524391617,0.8850293904638312
ZNF136,-0.14137009846873116,-0.4715583468270902,0.6395752418506518,0.8850293904638312
ERI2,0.20468336426940814,0.4714558164334399,0.6396519944004969,0.8850318558248789
TIGD1,0.19628968773392907,0.4712776557462353,0.6399552778751163,0.8853477153774462
ZNF518B,0.20589263901529442,0.4708815874668407,0.6401168854507084,0.8853957418790208
WDR1,-0.11089999914974147,-0.47230867308149527,0.6401399963521764,0.8853957418790208
ENSG00000273204,-0.21689271384949538,-0.47088715136360676,0.6402266818404375,0.8854119000850943
KIF9,0.20478096632807308,0.47128156475370225,0.6404481627931367,0.8856144502486797
NCDN,-0.20126490481190196,-0.4699139968446222,0.6407422227392163,0.8857554932805702
TMTC3,-0.12750433819026075,-0.47008775293555455,0.6407549011496723,0.8857554932805702
GNL3L,-0.21218495935526116,-0.46988741256101185,0.6407752573160584,0.8857554932805702
MGAT2,0.18587802456022828,0.46930460288039777,0.6411703853878097,0.8860911340356445
GRPEL2,0.20967903697781765,0.4696122489464729,0.6412477357553124,0.8860911340356445
FAM111A-DT,-0.1977688385810823,-0.4692686996774619,0.6412686455786725,0.8860911340356445
ACACB,0.2106911949305048,0.46927762199853557,0.641318309970398,0.8860911340356445
PHF3,-0.09290578067456323,-0.4689470396503389,0.641452039310845,0.8861721853791136
ARB2A,0.10094583686849035,0.4687702213191847,0.6418370053593767,0.8864672963108913
ZNF230,-0.19436196944553874,-0.46820397640094974,0.6419672981293051,0.8864672963108913
WDR70,0.17712181530567062,0.4691484581400948,0.6419770084160428,0.8864672963108913
ENTPD7,0.21722944361355578,0.46812216614716745,0.6421991499312713,0.8864672963108913
TRAF3IP1,0.22370154308098567,0.46821993360948444,0.6422642295433239,0.8864672963108913
RNF121,-0.1402387344107745,-0.4681749526626787,0.6423201681445371,0.8864672963108913
PRP4K,0.06416679997796937,0.46781485123801925,0.6426543960743659,0.8864672963108913
MEGF9,0.19115409523085303,0.4671880719460178,0.6427083412137552,0.8864672963108913
NSUN3,0.21516289698708313,0.46713703526355393,0.6427326919433546,0.8864672963108913
TOR1B,-0.23239348723847852,-0.46713301569070703,0.6427408797360877,0.8864672963108913
ACOT2,-0.15885166314862786,-0.4679447716096849,0.6427541274852767,0.8864672963108913
PDCD1LG2,0.20692925536854911,0.46686068095145405,0.6430231750123815,0.8864672963108913
PPM1A,-0.18233545393819206,-0.4666752852565083,0.6430351142499041,0.8864672963108913
DNAJC4,0.08727218327118358,0.4667112556155131,0.6430544509845372,0.8864672963108913
ADCK1,-0.1961012891644578,-0.46709090355114263,0.6430772428926534,0.8864672963108913
TRPC1,0.194756872979561,0.46644046853935645,0.643231777147446,0.8864672963108913
FGF7,0.11647667183089094,0.4665739479806871,0.6433240347503822,0.8864672963108913
L3HYPDH,-0.14599611903474763,-0.4674117103618753,0.6434658021490771,0.8864672963108913
HLA-DRA,-0.19752353058794014,-0.46604877012265433,0.6434836208210541,0.8864672963108913
GJC1,0.2909903737646027,0.46659460321407215,0.6435129138613215,0.8864672963108913
RECK,-0.06955155499903842,-0.46599831080350074,0.643584863877101,0.8864672963108913
EPS8,-0.1908023331418649,-0.46814096052526055,0.6436645670698851,0.8864672963108913
MCRS1,-0.0950254277012137,-0.4657128247573435,0.643726385233887,0.8864672963108913
HSPB7,0.3031007319088901,0.4663815870022561,0.6438411602800289,0.8864672963108913
KDM4B,0.20788219903795335,0.4659966206439358,0.6439148821220532,0.8864672963108913
NMB,-0.20263910996151324,-0.4654344395002509,0.6439441966162682,0.8864672963108913
FRS3,0.1959489032408408,0.465301936539728,0.6440829586996774,0.8864672963108913
CSNK2A1,0.14829164411467488,0.4664086799572466,0.6441963975791024,0.8864672963108913
PARVA,0.08130942169595912,0.46514920984289687,0.6442023304542789,0.8864672963108913
ALDH16A1,-0.230318347317517,-0.4657238688724435,0.6442166549348229,0.8864672963108913
NAGPA,-0.22400978340020083,-0.4656111377606473,0.6442190908205666,0.8864672963108913
ZNF770,-0.1263845012216036,-0.4654390922944552,0.6442372568343273,0.8864672963108913
SCYL3,0.22192327016345903,0.4650440831230219,0.6442936702029488,0.8864672963108913
EIF2AK1,-0.06358927902077482,-0.46501014384161177,0.6443052443207812,0.8864672963108913
TIMM13,-0.06945586600940246,-0.4651859529561488,0.6443559070112601,0.8864672963108913
KANSL1L,-0.259866247304954,-0.46508111640578714,0.6443689851455957,0.8864672963108913
DNPH1,0.09598961099264702,0.46469961212712735,0.644729035760997,0.8867247863060063
AFTPH,0.20385275614787224,0.46464130075318993,0.6448677218525559,0.8867247863060063
TLR4,0.20694116328374745,0.46461862925314246,0.6449773581020088,0.8867247863060063
SGTA,-0.12057339721359384,-0.46398355376141887,0.6451942895366107,0.8867247863060063
KLF5,0.2185843844476545,0.46363366343652856,0.6451961606457111,0.8867247863060063
TRIM3,0.18076109795395023,0.4645048966026706,0.6452468826815101,0.8867247863060063
RP2,0.18777012774101465,0.4637603908274701,0.6453583008142938,0.8867247863060063
SRFBP1,0.1513804637922247,0.46444704415209526,0.6454048821938574,0.8867247863060063
DCAF1,-0.21456395819146268,-0.4635849132220599,0.645409708523569,0.8867247863060063
MXRA8,0.08788014381966391,0.4632509176628805,0.645510912180136,0.8867247863060063
BMP2K,0.2126861354487697,0.4638323134766745,0.6455263531560881,0.8867247863060063
FLI1,0.202135726699467,0.4634788055353793,0.6455280880749937,0.8867247863060063
GNG12,0.08755905588471968,0.46322915823972816,0.6455326398571637,0.8867247863060063
UPF3B,0.19205004700216755,0.46348949872612105,0.6457910441897398,0.8869765301524001
MAP2K4,-0.18439973651915587,-0.4627774493792221,0.6459181694788755,0.8870479281873109
RPL38,-0.07633928089369135,-0.4625966959370492,0.6460374106136163,0.8871084834586181
PMM2,-0.2017853038716355,-0.46206137315369683,0.6465352035333907,0.8876521281927566
LINC03011,-0.19431547779994496,-0.46180985084193305,0.6466031692108157,0.8876521281927566
TBC1D8,-0.22337022461811706,-0.4619014932367928,0.6466933712165328,0.8876521281927566
MAP10,-0.19946742110507376,-0.46178640164358314,0.6467340918751292,0.8876521281927566
TAF2,0.13137390498730284,0.4625134020447274,0.6468625273824008,0.8877046916427219
EHMT1,-0.18837686805383314,-0.46103564617687415,0.6470439977681138,0.8877046916427219
CCDC142,0.17442968628593292,0.46104312177389817,0.6470454989126715,0.8877046916427219
ISLR,0.09878618299361097,0.4611463926563419,0.6471000620502294,0.8877046916427219
ABHD17A,0.19277482922809686,0.4619228142895452,0.6471942400979599,0.8877046916427219
VPS8,0.22167210504560986,0.46111456619606395,0.6472740455199175,0.8877046916427219
FBXW4,-0.2091087292924101,-0.4606819185643223,0.647298770492211,0.8877046916427219
CEACAM6,-0.2217178239441433,-0.4607097307299945,0.6474240935354364,0.8877734259711728
CDK7,0.1998346652769789,0.460786818701569,0.647624190382941,0.8878756197517166
UBA2,-0.0895797186514784,-0.46112890597665646,0.6476490437680671,0.8878756197517166
CDKN1C,0.1964510473063088,0.4618156709691353,0.647836735107495,0.8879503282603528
ZC3H12C,-0.2001907093655828,-0.4599147186829421,0.6478642788624024,0.8879503282603528
RFC3,0.19679709489726704,0.4598657349730015,0.6479809842226834,0.8879503282603528
ATP5MG,0.045549494904690846,0.4597321490560771,0.6480044115174027,0.8879503282603528
AREL1,0.18805323278489627,0.4594467033207472,0.6481840127959735,0.8879659980882532
PDHX,-0.22960504295393847,-0.45940645720700596,0.6482050450301585,0.8879659980882532
ELF1,0.09487937830205695,0.4601286676994503,0.6483012324222738,0.8879659980882532
STK40,0.2256724129943728,0.4595028651814547,0.6483167249066204,0.8879659980882532
UST,-0.1989346264119103,-0.45893065530769867,0.6487289424758599,0.8882976924006714
VSIG10,-0.21349518798636913,-0.4589315854427592,0.648741506658555,0.8882976924006714
UPP1,-0.18775930972502586,-0.4590431905764341,0.6487846424293595,0.8882976924006714
ARPC5,-0.05075817057152321,-0.4591527501837709,0.6489396108714086,0.8884068313043
EHD2,-0.10888068208902713,-0.4598804646783076,0.6490432210205581,0.8884101985571345
GADD45GIP1,-0.053572592308760214,-0.4582022753672973,0.6491406731999609,0.8884101985571345
TOX2,0.24959340059268742,0.4582493213733849,0.6491678418258232,0.8884101985571345
CRLS1,0.18189540923309178,0.4602326444922358,0.6493152299389832,0.8885089010582701
ZBTB3,-0.1811216444473689,-0.4579466533823123,0.6495287152177845,0.888698016127254
CLN3,-0.21158935055265515,-0.4578960112314917,0.6496852206870752,0.8887176308155934
RBMS3,0.10597125666182716,0.45731668887106486,0.6496936174450293,0.8887176308155934
CPSF3,0.14447370764719691,0.4571270244774176,0.6499410208121689,0.8889530472352745
SLC26A2,-0.19965897993602066,-0.45683059773214585,0.6500617737757037,0.889015203825554
SOX5,-0.1877437212615618,-0.4572150085680053,0.6502297094756754,0.8891214224525997
HDAC8,-0.1971736546013676,-0.4561456064982615,0.6505527986504667,0.8891214224525997
SRP14-DT,0.21105976256533787,0.4561813475459024,0.6506312685511707,0.8891214224525997
ZYG11B,0.12898040484385476,0.4569876555991386,0.6506482126294311,0.8891214224525997
SMIM19,-0.09250669431025837,-0.45710703850519235,0.6506615858586261,0.8891214224525997
SLC38A1,-0.2294287770472767,-0.4559424541874129,0.650695462414013,0.8891214224525997
MIOS,-0.20449307194948396,-0.4556723985555099,0.6508918036440307,0.8891214224525997
UFSP1,-0.1888336365188925,-0.45591345181169535,0.6509098188785651,0.8891214224525997
L3MBTL3,0.19244445088529716,0.45575009184703597,0.6509549969087601,0.8891214224525997
ENOPH1,0.20858044607518966,0.45565374603122333,0.651030688289631,0.8891214224525997
HPS5,0.20180221499082052,0.4559403615277977,0.6510414183027209,0.8891214224525997
SLC4A2,-0.08151446716389632,-0.45547632041427955,0.6510432507988371,0.8891214224525997
PARP10,0.1784844256554763,0.4558487174848677,0.6511240501140187,0.8891289082239434
PDE6D,0.11173250562607961,0.4554332500526961,0.6513418267375233,0.8892563196193966
OAF,0.2421215961201435,0.45702633605605486,0.6513680131934707,0.8892563196193966
LGALS8,0.1739822912932789,0.455467011474685,0.6515568138315864,0.8894112149955917
ROCK1,0.11072911682912956,0.4547738434081655,0.6517351032733,0.889493250291342
LGR6,0.2633253314615882,0.45459294749771306,0.6518412771503417,0.889493250291342
BTRC,0.2043088133567097,0.45433442107633476,0.651890580036522,0.889493250291342
ZNF678,0.19601106253758394,0.4542997795808274,0.6519183059314435,0.889493250291342
DCTPP1,-0.1263825771210083,-0.4538663089271673,0.6522005128156678,0.8897754598161284
RNF123,0.18171211091963269,0.453685224351297,0.6523878624697436,0.8899282085111304
BAP1,-0.18288822821931516,-0.4532754595998532,0.6526093687537599,0.8901275098946431
SNTB2,0.19150398843247274,0.4545643509827766,0.652797625533384,0.890208902428603
RANBP3L,-0.2351957988145199,-0.4530480876855125,0.6528198617809755,0.890208902428603
SBF2,0.20605235259964605,0.4535605994584544,0.6529091084222327,0.8902277691065439
ACTG1,0.08526449182408413,0.452484882439367,0.6532031183683572,0.8903909527974491
GEMIN4,-0.2288548268667796,-0.4525861968262748,0.6532059983498859,0.8903909527974491
RUSF1-DT,0.15903625844411184,0.45241693598802124,0.6532550649876075,0.8903909527974491
NIPAL3,-0.20691775029748283,-0.4520802017119479,0.653532175988855,0.8906658205435736
SNTA1,0.20928716881279996,0.45200793098014097,0.6536480823604125,0.8907209525874027
GNAI2,-0.11442622838975947,-0.45176513774563426,0.6537282427444167,0.8907273667587533
PPP2R3A,0.16550248977945925,0.4514736099649891,0.6538669590495529,0.8907423221488656
IL10RB,-0.1904716011136296,-0.4522309663297669,0.6538901282288919,0.8907423221488656
SERINC1,-0.06186466139696023,-0.45162557375639883,0.6539972090835078,0.8907853990112853
LINC01915,0.15658351230673972,0.4511559039359417,0.6540994993766932,0.8908219416407318
ID2,-0.13531911563221755,-0.4509141311232207,0.6542850677867292,0.8909718797118859
SARS2,-0.15242405885857435,-0.45073270852643543,0.6544095897996373,0.8910386629278798
HNMT,-0.1474433929287633,-0.4507859638356074,0.6545312057386409,0.8911014743103051
ZNF138,-0.21444709303506437,-0.4505039695506243,0.6546921288504562,0.8911931617050585
NIPBL,0.07520558398091115,0.4502601593046868,0.6547852755872847,0.8911931617050585
CMYA5,0.2235936340995468,0.45016295113077553,0.6548250304641827,0.8911931617050585
RLF,0.183691132464868,0.44976377508434845,0.6550887870828865,0.8914098728085513
ENSG00000226471,0.20064787385718974,0.4501783962426701,0.655135286445319,0.8914098728085513
CTTNBP2NL,0.17985645517021176,0.4495537961024247,0.6553226563468639,0.8915620557997843
MRPL1,-0.15970897512687587,-0.44910285105241005,0.6556144280317232,0.8918299509493056
ZNG1A,0.22279777721042127,0.44955435740829475,0.6556706602531998,0.8918299509493056
MRPL14,-0.07155656795649801,-0.44975052790964926,0.6557702632959126,0.891862667996342
ALG12,0.19743916975900877,0.4489118991288059,0.6558940021353397,0.8919069709841926
SOX6,-0.23797978765090866,-0.449011807302469,0.6559539451151851,0.8919069709841926
PDLIM1,-0.0792784677559979,-0.4482615492414368,0.6561641025822627,0.8920899724730635
TMEM254,0.1889542200457326,0.4481262870227752,0.6562956922029816,0.8921261102805534
MBD5,0.14535243512453278,0.44811151366200697,0.6563418270043716,0.8921261102805534
COPRS,0.16943568085395633,0.4473436078932728,0.6569982643994047,0.8928083398214195
ZNF687,0.2076335568350931,0.4471290538768652,0.6570170743104384,0.8928083398214195
KLHL24,0.18919672118127284,0.44903109098971694,0.6570737377325071,0.8928083398214195
PSMD2,-0.08602992558062805,-0.44689505852954353,0.6571462655407296,0.8928083398214195
CNBP,-0.05415784657703604,-0.44681161902466576,0.657234500726945,0.8928254638759018
TEAD1,0.1825232814888169,0.4464050426318785,0.6575918135382869,0.8932080725830718
SLC9B2,0.1701826097986232,0.4459947756473233,0.6578125503186624,0.8934051031421777
NAALADL1,-0.21077921388975795,-0.4457703681132193,0.657949347636694,0.8934880994882288
CCNI,-0.06908426063977124,-0.4455419633393261,0.6581127891404686,0.8936072550958398
LINC00938,0.13923348337444663,0.44537406111944655,0.6584492360933621,0.8938536380707743
MTERF4,-0.17918335991120138,-0.44503224136905345,0.6584909357868414,0.8938536380707743
FHL3,0.14015488619256722,0.4454377455265239,0.6585852977364929,0.8938536380707743
NBPF11,0.21273251554391193,0.44483329376233816,0.658735262287229,0.8938536380707743
PLAC9,0.08294046968121371,0.44474478109237925,0.6587548178335807,0.8938536380707743
CPNE8,0.15631275569728764,0.44474604734403106,0.6587890559121636,0.8938536380707743
DEK,0.04837098482631763,0.4448390701372472,0.6588242697885479,0.8938536380707743
ARIH2OS,-0.19925719990192037,-0.44450125006553637,0.659027419230901,0.8940222557564822
GTPBP1,-0.207032691337091,-0.4441750189396188,0.6591000162514752,0.8940222557564822
MRPS30-DT,0.19560742584374036,0.4439918641803947,0.6593921745930512,0.8942390920328526
GEMIN7,-0.1425683128801878,-0.4441274837113623,0.659411376208893,0.8942390920328526
THOC5,-0.19361992838101294,-0.4436923681957539,0.6594897761349967,0.8942426840424577
ATG9A,-0.19536864369128315,-0.4429630612000973,0.6600535392957747,0.8947138491096772
MAL,-0.18036302831320405,-0.4430888743693195,0.6600538649563213,0.8947138491096772
DLG5,0.2071877084663707,0.44290246167746344,0.6601609921409584,0.8947138491096772
GNAS,-0.11408467942505052,-0.4432001325860404,0.6602534275679117,0.8947138491096772
EDNRB,-0.2698061425944749,-0.44259359051573577,0.6602688333631902,0.8947138491096772
G3BP2,0.14575152271396696,0.44449102069459046,0.6602919994446004,0.8947138491096772
MAP7D3,-0.06406144374857359,-0.4423837285000366,0.6603792501041378,0.894729375356289
QTRT1,0.13808121137010687,0.44404807238801697,0.6608534556850337,0.8949724434472643
DIO3OS,0.20650609564721378,0.44353072238832353,0.6608794196412625,0.8949724434472643
TBX5-AS1,0.20445134711552315,0.4423170742953932,0.6609618561105738,0.8949724434472643
KCNT2,0.23491228253181307,0.4415143630665262,0.6610703289960607,0.8949724434472643
ATF1,-0.12157220053496332,-0.44210775849600487,0.6612579061196746,0.8949724434472643
TRIM5,0.16250567847515107,0.441337958384681,0.6613166963040129,0.8949724434472643
CPT1A,-0.14501323519670173,-0.4431250077745605,0.6613189668738833,0.8949724434472643
DDX42,0.14433292889405447,0.4419338211070347,0.6615641603331437,0.8949724434472643
AMIGO2,0.23852355464778308,0.44111656608891175,0.6616457960082482,0.8949724434472643
SVEP1,-0.11627276430042954,-0.44111709550389044,0.6617586720487751,0.8949724434472643
DPAGT1,0.17895718959316476,0.44129149848927735,0.661784054137204,0.8949724434472643
RAB12,0.22926844195196994,0.4410687555813856,0.6619342094155901,0.8949724434472643
LMNB2,-0.20273160347049668,-0.44056660312423324,0.6619469327089179,0.8949724434472643
MOB2,0.23447716897304716,0.44022815930271253,0.6620514607371996,0.8949724434472643
FUT10,0.20465158443642784,0.44014975435898396,0.662070683461325,0.8949724434472643
HABP4,-0.22278038714329762,-0.43997348767633915,0.6621691139992721,0.8949724434472643
TMEM33,0.13652943653480598,0.4423748774513108,0.6621811789460544,0.8949724434472643
SLC16A1-AS1,0.2092569464922316,0.4398526576915358,0.6622677507243124,0.8949724434472643
GALNT11,0.1269805573934697,0.44025121359495595,0.6624298513408391,0.8949724434472643
DRG2,0.12232317715711627,0.44137032632504464,0.6625516568942047,0.8949724434472643
PROSER2,0.22545967695820268,0.4395033346379722,0.6626104657550906,0.8949724434472643
DDX28,-0.18709161807864327,-0.4397120285428988,0.6626344632174266,0.8949724434472643
PNMA1,-0.15212939363505118,-0.44099081970499276,0.6626840577523399,0.8949724434472643
PCYT1A,-0.17456505609299278,-0.43935926659906727,0.6626917296620166,0.8949724434472643
ENSG00000255508,0.17449987889486596,0.4391856874645646,0.6627454263056742,0.8949724434472643
DNMT1,-0.0888366075413014,-0.4390887594201406,0.6627950124263797,0.8949724434472643
LZTR1,0.20968985944871976,0.43934681621312427,0.6628813532886645,0.8949724434472643
MALT1,0.21845140963660326,0.4388825419059509,0.6630023616099034,0.8949724434472643
TIMM9,0.13902035056578033,0.4412297770949587,0.6630090070151838,0.8949724434472643
CCDC146,-0.18225115903807532,-0.43896652926313773,0.6630334376188678,0.8949724434472643
IFI35,-0.12548480964745146,-0.43927444742469535,0.6631123211214782,0.8949724434472643
ADPRM,-0.199237601280998,-0.4386652592854209,0.6631500634855199,0.8949724434472643
TARBP2,-0.1563485985267734,-0.43848715698900853,0.6631821056035189,0.8949724434472643
RAD21,0.08172892448828417,0.43927806279945175,0.6632109950187853,0.8949724434472643
TMEM9,0.08684887788251316,0.4384445552326626,0.6633382581379861,0.8949724434472643
GSTA4,0.09599726377379092,0.43859610001554256,0.6634049639625584,0.8949724434472643
HINT2,0.08230548652031988,0.4386548263055934,0.6634462309424344,0.8949724434472643
CCDC34,0.18570747543196875,0.43825647065130674,0.6634547951643813,0.8949724434472643
ZCWPW1,-0.17169229862359847,-0.43802574761146323,0.6635170257167162,0.8949724434472643
SPCS1,-0.04533017027446995,-0.43789806674946785,0.6636072302898144,0.8949724434472643
ZNF576,-0.19063794540176238,-0.43798005326489065,0.6636669860175648,0.8949724434472643
MGMT,-0.08146646026178228,-0.43741774603315114,0.663949548389895,0.8951857455256359
NAV1,-0.11642777720335129,-0.4378539349722839,0.6639768223483666,0.8951857455256359
RAPH1,-0.18730515338433573,-0.4371813629110929,0.664120332250696,0.8952477400156732
REST,-0.1214667616888585,-0.43770515273384464,0.6641744775143809,0.8952477400156732
CLUAP1,0.14876998572299538,0.4372171549504843,0.6642923622847268,0.8952494552291909
RPL9,0.05780110797880589,0.4369137759004681,0.6643274229400857,0.8952494552291909
DPP8,0.1950653318403459,0.43709293432347074,0.6645366947222979,0.8953782048980591
MIER1,0.07428171546613616,0.4367249873637078,0.664595371277455,0.8953782048980591
LRRC51,0.1965765969496145,0.43663783046309285,0.6646599538239927,0.8953782048980591
RAB8A,-0.07033926991859207,-0.43652801064310437,0.6647263522004735,0.8953782048980591
SPCS2,-0.06607665808759666,-0.4361705559832539,0.6648459208620189,0.8954370902197527
KITLG,0.14078098712942033,0.4362383691139355,0.6650423375268915,0.8954686984555981
STAG2,0.14114313486247987,0.4384929767601322,0.6650550649029511,0.8954686984555981
BAG3,0.1259296437553301,0.43583687493382745,0.6650969545157717,0.8954686984555981
C7orf50,0.07591392978732436,0.43582589592783,0.6651778151097648,0.8954754370362383
MYO1B,0.15058716053217402,0.4357752299506989,0.665396774845805,0.8956680646584638
INPPL1,-0.1805743989732016,-0.4347703798216081,0.6658550378551754,0.8961827296637037
ACTA2,0.23531485798426566,0.43489877359828555,0.6660801456618631,0.896383506559313
TXNL4B,-0.18164931430429165,-0.43444845311440283,0.6661951298805125,0.8964172571539678
BCAS2,0.08272192076427842,0.43445867587345327,0.6662570956602214,0.8964172571539678
RBAK,0.18710964961121768,0.4340300607789645,0.6664602466410122,0.8965252863457384
PTGR1,-0.08471547788865053,-0.43422631161415826,0.6665166259020288,0.8965252863457384
TSPAN8,-0.13145881065535558,-0.4340521733199879,0.6665652213686188,0.8965252863457384
NEAT1,-0.08355445040486131,-0.4331910794603209,0.6670728247015076,0.8971057980862722
WASHC2C,0.12730163812473627,0.4342938885263618,0.6674323867716315,0.8974871085361784
EMC4,0.04879972873335081,0.43207090224480965,0.6678165917123371,0.8979014652806537
COQ6,0.162760622389869,0.4323837376183715,0.6679702961406538,0.8979786259691938
STARD9,0.19885447943854828,0.4330419144015338,0.6680261154816992,0.8979786259691938
USP21,-0.1850035314369345,-0.43178801440015435,0.6681079332230107,0.8979863545141342
SGMS1,0.12650938248340005,0.4329470065864857,0.6682003835683848,0.898008370676774
STX18,0.11350925415080315,0.4323532222100251,0.6684597738323909,0.8981732257834762
LY6E,0.08225403706545897,0.4310844863701947,0.6685988059555134,0.8981732257834762
ATG4D,-0.15827148579123174,-0.4308842319779605,0.6686639829589848,0.8981732257834762
ATPAF2,0.19482916002045014,0.4311192650135164,0.6686742620439402,0.8981732257834762
HEATR3,0.19575034439439398,0.4307339825062572,0.6688002182898325,0.8981732257834762
PRKCSH,0.05790828737123377,0.43129735916073575,0.6688478250888155,0.8981732257834762
NRM,-0.15720116087667968,-0.43060282385018533,0.6688622930531742,0.8981732257834762
ATP1A2,0.3253813948927071,0.430768714908393,0.6689936270292456,0.8981732257834762
CCDC115,-0.11807270502532319,-0.43117892788973566,0.6690360630817163,0.8981732257834762
ZNF74,0.16848390086567866,0.4303160896217105,0.6690838922100711,0.8981732257834762
ZNF141,-0.16337573918907244,-0.43019214125829464,0.6691760595524284,0.8981948133048797
WHAMM,-0.18676217791882932,-0.42944703725868016,0.669720078466965,0.8985590674283586
ZNF283,0.18578198101282228,0.42952552683734246,0.6698091779868484,0.8985590674283586
ZNF84,0.14877897221338543,0.4294841866110048,0.669871482700907,0.8985590674283586
JAK1,0.05056240542506174,0.4302452829693586,0.6698792128005604,0.8985590674283586
RAP1GDS1,-0.19038200122340454,-0.42924527045086314,0.6699002923619081,0.8985590674283586
ABCF1,-0.10451109397677971,-0.4295859950159852,0.6699982027742785,0.8985590674283586
ZNF507,0.20903042333490385,0.4293354352230389,0.6700388204596076,0.8985590674283586
CTTNBP2,0.2316101207894392,0.42907635255208953,0.6701089372295179,0.8985590674283586
XPO5,-0.17558886075344704,-0.42870522790224147,0.6702331144418094,0.8985590674283586
CEP44,-0.17969762009389934,-0.42875474096384464,0.6702332150541114,0.8985590674283586
RPS6KA4,-0.1733602245236856,-0.42874135144497894,0.6702847223866265,0.8985590674283586
BIN1,-0.16093949816414632,-0.4292244575973575,0.6705175355951442,0.8987691049961027
TRIM35,-0.18933413234358998,-0.42812204806402604,0.6707586240768724,0.898970395349659
NFASC,-0.2727581303475022,-0.42791892306967483,0.6708836261593862,0.898970395349659
CAMK1D,0.21246967138212636,0.42785965410898014,0.6709530124933657,0.898970395349659
CRADD,-0.17416235828713722,-0.4276792967340668,0.6709812690571917,0.898970395349659
CEP295,0.17658482988631885,0.4277290550270093,0.6710484645337733,0.898970395349659
IFT20,-0.06903780357888323,-0.42755250637996656,0.6712676356628259,0.8991212531704833
GALK1,0.07780627769350978,0.4274832938706,0.6713134032566405,0.8991212531704833
TMEM185A,0.1251392248808454,0.4268787673532517,0.6716143096425546,0.8994076128228001
USP7,-0.1150511745105991,-0.42682022975921546,0.6716795861622876,0.8994076128228001
NBPF15,0.12156255195581256,0.42640098118372155,0.6719226595016142,0.8995185860664263
ATF7IP,0.13795832439759437,0.4263404425382091,0.6719618196813771,0.8995185860664263
MTRF1,-0.16080937656668248,-0.42618607052157165,0.6720997546865355,0.8995185860664263
LAPTM4B,0.20437704656400335,0.42679905405080404,0.6721357659638192,0.8995185860664263
MAML1,0.20509407494505405,0.42632149607853453,0.6721525349640002,0.8995185860664263
ZFX,0.17595199992859545,0.42631534531462445,0.6722196498329532,0.8995185860664263
ZNHIT6,-0.15164898804288018,-0.42579602339459377,0.6723323479810699,0.8995427588519572
UQCC1,0.2008133813024271,0.4258343699436946,0.6725217698649193,0.8995427588519572
ABHD11,0.16595713092164965,0.42569894156513594,0.6725326322541377,0.8995427588519572
SLAIN2,0.13462871463380033,0.42676353849013404,0.6725425150044366,0.8995427588519572
CEP192,0.17024159455303112,0.4253407691891958,0.6728381339350802,0.8998142554145507
LIPT1,-0.2003973573238218,-0.4250690200738069,0.6728979455145832,0.8998142554145507
VPS54,-0.16508375687645005,-0.424788469205733,0.6731549830978678,0.9000560171560007
LCP1,0.2098556227405055,0.4246211576129776,0.6732723652706134,0.9001110160837589
HINFP,-0.18894219446894844,-0.42439903566829595,0.6734565284976585,0.9002552733455846
UTP6,-0.17299800494440465,-0.4241263381774096,0.6736285101692261,0.9003832158681742
PSMB8-AS1,-0.1899885000839614,-0.4238696661258987,0.6738892660888133,0.9005776713137273
CXCL17,0.21758211070143196,0.4236355273496061,0.6739265691135508,0.9005776713137273
SHB,0.21835561748183752,0.4237022783572881,0.6740830504000309,0.9006848228604827
WDR7,0.17882509984773698,0.4231653580668742,0.6743914310654014,0.9009948895118904
GPC3,0.12213917077548508,0.4234958741238347,0.6745118035330825,0.9010537332474865
EEF1AKMT2,0.13499391701894092,0.42268196296885996,0.6747392290198021,0.9012555553947459
AMN1,0.19497927657030178,0.422046904717709,0.6751697309125362,0.9016546057625953
NTAN1,0.1672511117020301,0.4220884752201926,0.6751907424770303,0.9016546057625953
TAF8,-0.1778103349203537,-0.42169862532465935,0.6753211747865305,0.9017267807210714
ENO2,-0.17797203748210588,-0.42136624827903807,0.675606829738283,0.9018885314732978
ENSG00000226266,0.18174433207606588,0.420917002753874,0.6759019395031255,0.9018885314732978
HDAC11,0.19037065873283643,0.42092904330554665,0.6759315823061793,0.9018885314732978
WDR55,0.18106199393251776,0.4208929096653512,0.6759533544882687,0.9018885314732978
GATA6,-0.21840000999666653,-0.4215713031931221,0.6760070198783258,0.9018885314732978
SH3PXD2B,0.1605836390535691,0.4207122337556423,0.6760285439882872,0.9018885314732978
MYDGF,-0.07066978359841158,-0.4208449816421983,0.6760659636173648,0.9018885314732978
ATP6V1A,0.18026370249003687,0.42055960070536413,0.6761363220468076,0.9018885314732978
BAZ1A-AS1,0.16762227190705925,0.4206282414463839,0.6761717163923961,0.9018885314732978
TRMT10A,-0.16800879426062787,-0.4203474485357479,0.6763011452234013,0.9018885314732978
PRKAA2,-0.1960097296878378,-0.42062538260860444,0.6764127209045165,0.9018885314732978
FASTKD5,0.18672520500193235,0.42004314926898245,0.6765792625480963,0.9018885314732978
LPAR1,-0.15030310222690701,-0.41992430011382337,0.6765845679603355,0.9018885314732978
CDC42EP4,-0.15265983161767238,-0.42148076297521364,0.6765873396190477,0.9018885314732978
TMCO4,0.1560678751083242,0.4200515290936503,0.6766547534293066,0.9018885314732978
COQ4,-0.08825344229115473,-0.4200055923313464,0.6766970389238934,0.9018885314732978
TBC1D9,0.18587853244803165,0.4196218367002707,0.6768057686854884,0.9018885314732978
GPHN,-0.17277900384476919,-0.41964408096698297,0.6768174926151584,0.9018885314732978
DAP,-0.07634930075582425,-0.4193878900743908,0.6770531165948632,0.9020809014923289
NF2,0.14307396909463233,0.4198068907914383,0.6771146859909807,0.9020809014923289
DGKH,0.20370654671315958,0.4189375627464807,0.6773258619394347,0.9022604152781569
SSNA1,0.1402207380709637,0.420581850187519,0.6774889187413571,0.9023757966536975
ZNF420,-0.1880625559048612,-0.4184548223967598,0.6778500495974759,0.9026798958539731
PPP1CB-DT,-0.22583660708753506,-0.41894494873722266,0.6779415720961759,0.9026798958539731
FAM20A,0.17751018389644724,0.41804973404392204,0.6779466291098116,0.9026798958539731
NANP,0.1843689034367868,0.41815811021086235,0.6780756845421375,0.9027499104567422
ATP13A2,-0.19544411883048474,-0.4177160118290876,0.6782806097603883,0.902821397851639
SRRM2,-0.08745159009793024,-0.4178036969278218,0.6782823360903165,0.902821397851639
7SK,-0.1659279688979245,-0.41751630273833185,0.6783700686565853,0.9028363766055231
KCTD13,-0.16793675637056316,-0.41686299750682876,0.6788291348201917,0.9033455006822639
MOGS,-0.1415215895953148,-0.4166221554757156,0.6790329584469741,0.9034380886751823
FMO2,-0.2046312527859806,-0.41810721499899317,0.679269569356589,0.9034380886751823
CEP68,0.15863069430264698,0.4166771835978158,0.6792981110766451,0.9034380886751823
CD164,-0.05635433126530298,-0.41641344385839557,0.6793053430372087,0.9034380886751823
SERF2,0.05287464964002986,0.41615979477875203,0.6793481202023524,0.9034380886751823
OSGEPL1,0.1830172027093866,0.41646484954241875,0.6793997950146132,0.9034380886751823
ATXN3,0.14926354121673135,0.4164145039522378,0.6794344219617339,0.9034380886751823
N6AMT1,-0.1470164540049983,-0.4158325074533587,0.6795568063803181,0.9034990538708926
ZNF207,0.06413736201360809,0.41539463107192853,0.6799045679353407,0.9037813709945086
COMMD8,0.12003221621823634,0.41799127054224794,0.6799222664804939,0.9037813709945086
PRPF3,0.18467176572606192,0.41561978991367804,0.6803209099359937,0.9040443765040768
PI4KB,0.06476246792368912,0.4151632098215308,0.6803578235703224,0.9040443765040768
RPL34,-0.06707658735418143,-0.41476165417951427,0.6803657568516093,0.9040443765040768
HNRNPA2B1,0.0561581950221548,0.4148439095115411,0.6804816909089939,0.9040443765040768
GDAP2,-0.16451175857887135,-0.4145270485731585,0.6805030351220014,0.9040443765040768
REXO4,0.15084621136897702,0.4147136884624942,0.6808249362515166,0.9043432660127738
ALG3,-0.14357978674283878,-0.4149406486186545,0.6808812323864069,0.9043432660127738
PRR3,0.17568024210054478,0.4144144141200787,0.6809845911672663,0.9043787938721541
TBC1D7,0.14091764688670194,0.41553483070592123,0.6811868647730027,0.9044620815953822
HRC,0.26428549966595805,0.41378883925072674,0.6812331621522564,0.9044620815953822
PATZ1,-0.19329811665324836,-0.41347402211111817,0.6813267136002278,0.9044620815953822
MTO1,0.18437635358613935,0.4137611753781024,0.681353773115437,0.9044620815953822
NIPA1,-0.17763329074067413,-0.413317235201063,0.6814544344850101,0.9044689334704545
SFXN1,0.07886615213973869,0.4131588093562041,0.6815121696924772,0.9044689334704545
C11orf58,0.0389953553877227,0.4134560834161189,0.68162892330367,0.9044986801680998
RNFT1,-0.14004499569938655,-0.41306397577002313,0.6816878235879359,0.9044986801680998
PDE7A,-0.20245055682784807,-0.41323814625054356,0.681982913355703,0.9047580996482162
PSMC4,0.14133495220254844,0.4142368948432185,0.6820366225132974,0.9047580996482162
ITCH,0.14724566603003186,0.4122305078770007,0.6822068571874434,0.9047841312425293
TCF7L1,0.16112589926162002,0.4125635883744755,0.6822095342812159,0.9047841312425293
NHLRC2,0.15422292180929986,0.4126874004223925,0.6823155675195512,0.9048231043100767
LINC01091,0.18532013816324966,0.41187610886130793,0.6824504993028339,0.9049003868662197
PIGZ,-0.149944873189102,-0.4117187368761651,0.6825703749316625,0.9049560553916438
PRRC2B,0.1251774371147052,0.4121743493685599,0.6826458003610832,0.9049560553916438
RPL26L1,0.13332826933727748,0.41304709822914615,0.6828329536871691,0.9051025172105358
GSPT1,0.15086052312324405,0.4121169667315536,0.6829557268091274,0.9051636190616087
NARF,-0.12828207334249964,-0.4119564263501632,0.6833332549557394,0.905201012530166
SCAMP4,0.1424238648323497,0.4107066029115519,0.6835382805686081,0.905201012530166
DEGS1,-0.08638834370155024,-0.41064809487066595,0.6835445798317203,0.905201012530166
ZNF619,-0.15995966125114602,-0.41043931857731125,0.6836323219138102,0.905201012530166
PARN,0.2119609929190731,0.410753240915522,0.6837116522670239,0.905201012530166
COX7B,-0.062222467477443644,-0.4100068310488192,0.6838235457138421,0.905201012530166
DDIT3,-0.10211189979436597,-0.41019605277032845,0.6839398474276565,0.905201012530166
RXRA,-0.16484099302653243,-0.4102055245483458,0.6839800778372032,0.905201012530166
FOXP4,-0.1767985012890101,-0.409915133090704,0.6840800068788925,0.905201012530166
RIN1,-0.18455770575500585,-0.4097178113763939,0.6841881089114413,0.905201012530166
ATF4,0.07120821211704076,0.40932272567277767,0.6845028714768777,0.905201012530166
ZNF513,0.19276082573819453,0.4091378726338955,0.6845130331311678,0.905201012530166
CCR10,0.1905694238420459,0.4095976348320064,0.684644018234723,0.905201012530166
ACP2,0.17937479513608245,0.40962931241265904,0.6846531762142276,0.905201012530166
RRN3,-0.17892968477821558,-0.4089929466779507,0.6846655489120534,0.905201012530166
SPATA33,-0.14269553724944695,-0.40883125317674235,0.6847218232654632,0.905201012530166
BPNT1,-0.16854070720256553,-0.4087475694063154,0.6847382763350959,0.905201012530166
LINC02256,0.13442512534254636,0.4089567147069662,0.6848397504503695,0.905201012530166
DZANK1,-0.16700943157227321,-0.40868912566985977,0.6848755596953039,0.905201012530166
SNX8,-0.14513282057455346,-0.4094547633214126,0.6848961525734747,0.905201012530166
RPS16,0.05964370960846921,0.40863956554044956,0.684901665027994,0.905201012530166
BLTP3B,0.17060344192484056,0.40894795438258813,0.68490414582719,0.905201012530166
COPZ2,0.24820511323878325,0.40949721753232016,0.6849068452321191,0.905201012530166
CHD9NB,0.15509386482936538,0.4084220548531803,0.6849475934217781,0.905201012530166
OAS1,0.20753634403271226,0.4084969577905026,0.6849488290027618,0.905201012530166
AASDHPPT,0.12606967676558956,0.4105237368626151,0.6850622288380555,0.905201012530166
PPP6R2,-0.1541138580611987,-0.40819298458771724,0.6851116746084844,0.905201012530166
C17orf75,0.17615418482074352,0.4091165079317852,0.6851514121034381,0.905201012530166
SDHB,-0.1376292319232224,-0.4095360281220402,0.6852076448936522,0.905201012530166
CTBS,0.0756897935456422,0.40922031895277994,0.6854804811099312,0.9054269281709307
ADPGK,0.1634489512683892,0.4083721942223146,0.6855320528582617,0.9054269281709307
PRDM11,-0.1691460613864162,-0.4077750460222692,0.6858128822395704,0.9055952595902544
SLC38A2,0.10887169034619237,0.4072239933514983,0.6858198633868413,0.9055952595902544
ZDHHC16,-0.14192785748981818,-0.4071104572978029,0.685903967660351,0.9055952595902544
ENSG00000259275,0.1934953171472742,0.4076141290798341,0.6859663541936514,0.9055952595902544
NIF3L1,0.16204727280539455,0.40731270025527627,0.6862242906086129,0.9057974443906925
ATAD3A,0.19508455914473055,0.4069253003246386,0.6862729642211227,0.9057974443906925
NUDCP2,-0.16863691128288316,-0.4066765982738749,0.686453231942283,0.9058576208779295
AURKAIP1,-0.0465246103430097,-0.40637441417069275,0.6864720267999964,0.9058576208779295
GTF3C5,0.10148444581938243,0.40669174328356744,0.6866273306213927,0.9058946311828657
ME3,0.18530778052538865,0.4061477908943689,0.6866759381505222,0.9058946311828657
PLCG1,0.1856181341788452,0.4061651681840043,0.6867302883909755,0.9058946311828657
SACS,0.17713886483297037,0.4058089552600972,0.6869163840755917,0.9060388730740068
ELF3,0.20135424865051,0.4058607434957218,0.687085064245557,0.9061114025531876
HPS4,-0.14996031053443737,-0.40544431328288916,0.6872738588375404,0.9061114025531876
ZNF628,0.17277075005337839,0.4052502431429286,0.6873505578418387,0.9061114025531876
NAMPT,-0.10297092456334411,-0.40505157714697404,0.6874052642338905,0.9061114025531876
EPB41L4A-AS1,-0.1396919009667057,-0.4050585586148309,0.6874254497034323,0.9061114025531876
MEDAG,-0.18592668990610228,-0.40506046568174037,0.6874319120090087,0.9061114025531876
MCCC2,0.12895685042033955,0.4048638237291504,0.6877045635200825,0.9062976555002447
FASTKD3,-0.17200100284864028,-0.40467875014151283,0.687803676581524,0.9062976555002447
TMEM184C,-0.15741247858793406,-0.40417907161896116,0.6880823136153154,0.9062976555002447
SNX33,0.12083183295804778,0.4041708562871703,0.6881167929529707,0.9062976555002447
TICAM2,-0.1780055634557436,-0.4038981955200038,0.6882567814830998,0.9062976555002447
GAS7,0.129348054182155,0.40495187563225815,0.6883149952380705,0.9062976555002447
STYXL1,0.12041234987193716,0.40440746196375854,0.6884910667745476,0.9062976555002447
GGA1,-0.14068747537278847,-0.4034543387992509,0.6885680987145297,0.9062976555002447
RNF113A,-0.14658884876335465,-0.40501481008284484,0.6885844185574765,0.9062976555002447
LYRM4,-0.1090901982031438,-0.4030992694820038,0.6888360125189329,0.9062976555002447
EVA1B,-0.15873044729850516,-0.4041363233483803,0.6889527670261198,0.9062976555002447
ZNF223,0.1718802923883458,0.40297248642173844,0.6889543481634725,0.9062976555002447
NAP1L5,0.1700759213664087,0.4028977831603254,0.6890612471382167,0.9062976555002447
SMC5,0.09204327784085198,0.40304037634577494,0.689080783360135,0.9062976555002447
SRP54,-0.10678308836916539,-0.4033465087455465,0.6892874801913422,0.9062976555002447
LMBR1,0.1934571252915127,0.4028139293765188,0.6893051797793218,0.9062976555002447
CEP104,0.17487573577808435,0.40287571902553393,0.6893557684998811,0.9062976555002447
KCTD21-AS1,0.16333665673807696,0.4026182986821764,0.6893614065378678,0.9062976555002447
OGA,-0.14745533749730733,-0.4031284504989927,0.6893820036522902,0.9062976555002447
MORN2,-0.0747422583629076,-0.4023302052512344,0.6894027440646356,0.9062976555002447
PGGT1B,0.1310294183130547,0.4022650893613417,0.6894800383653702,0.9062976555002447
UTRN,0.07986890017235382,0.4027222374267436,0.6895412775286051,0.9062976555002447
LRRC40,-0.19471309513101387,-0.4021408074851069,0.6895974634199459,0.9062976555002447
TIMM17B,-0.06921088127771835,-0.40272896887969295,0.6897009215796235,0.9062976555002447
HBS1L,0.17269537538762325,0.4024179579159491,0.6897667081398988,0.9062976555002447
TICAM1,0.14784346588085073,0.4019543659862151,0.6898676910283082,0.9062976555002447
TRIM7-AS2,-0.16359831748108933,-0.40197589084359336,0.6898697562896453,0.9062976555002447
PIK3C2B,-0.156005493617829,-0.40196692154481184,0.6898885342562683,0.9062976555002447
MZT2A,0.14449984439536756,0.4032354061310063,0.6900389142812517,0.9062976555002447
RECQL,0.08403934315599315,0.40217499735127193,0.6900651669440176,0.9062976555002447
TM2D3,0.13809992048478303,0.4027434169330994,0.690191250932696,0.9062976555002447
GTF3A,0.0787166924945284,0.40168703443062537,0.6902292820611036,0.9062976555002447
MAP3K5,-0.1698056084870876,-0.401124224118152,0.6903237607593559,0.9062976555002447
CAPNS1,-0.1258094021516678,-0.40141703855006333,0.690352721873285,0.9062976555002447
CERK,0.2041703350730284,0.40165385200058434,0.6903802547594973,0.9062976555002447
EMP3,-0.08631303137224933,-0.40087421240634435,0.6904685383486122,0.9062976555002447
MXRA7,-0.17683422121329162,-0.4021333349096614,0.6905418751898675,0.9062976555002447
ABHD12,0.1435200482760397,0.400630698346489,0.6906831559259977,0.9062976555002447
HMGA1,0.2284237581483688,0.4005298704601387,0.6907207809211041,0.9062976555002447
CEP85L,0.16065415532757843,0.40058411047545883,0.6907629636579321,0.9062976555002447
ZDHHC6,0.17651092866675722,0.40048905001633717,0.6908227465138606,0.9062976555002447
NDUFA4L2,0.23269739203628603,0.40045218299819524,0.6908379442727508,0.9062976555002447
ASNS,0.13674570062551394,0.40179075450157087,0.6908744262470734,0.9062976555002447
PACS1,0.15338026992660625,0.4005587664303334,0.6910821897035182,0.9064694721611147
PARD3B,-0.19520866595447695,-0.4000252632342534,0.6911938736670714,0.9065152403777111
COL21A1,0.1930931589367697,0.40039510980864534,0.6913789402283206,0.9066572305482475
ENSG00000214265,0.19555137736956607,0.39934088558223657,0.6916295775212702,0.9068851674595796
RAPGEF2,0.18813597309665386,0.398706900124515,0.6921023043057846,0.9073890289184688
AFMID,0.1644212504383673,0.39894425317698035,0.692214590370911,0.9073890289184688
B4GALT2,0.21350350172603072,0.3988534117350904,0.6922444383261102,0.9073890289184688
ZDBF2,-0.1906276823463382,-0.39823952890771075,0.6924139534165077,0.9074558673457338
BRD7,0.14241741329584645,0.3995739459700384,0.6924548621345458,0.9074558673457338
NDUFV3,-0.1264431560851742,-0.39974089599413626,0.6926446859575844,0.9074558673457338
TAF9B,0.16232707835703897,0.39840471454101767,0.6926773637485734,0.9074558673457338
MESD,-0.05536848061004562,-0.3979497107064835,0.6927663036381528,0.9074558673457338
MRPS5,0.0805070972829256,0.39842271648247607,0.692831912275468,0.9074558673457338
TBC1D10A,0.1529270784923784,0.39819182969734634,0.6928335224385513,0.9074558673457338
BCAS4,0.1951662954366271,0.3979144837969612,0.6929812409816977,0.9074694881778674
TIGD7,0.1563791514733881,0.39740463109703267,0.693056559571612,0.9074694881778674
RPL23A,0.05940188597052831,0.39782112501439926,0.6930745366718892,0.9074694881778674
RPL7L1,0.05974405239491354,0.39642352356237576,0.6937133323756206,0.9082051556719754
UTP14A,-0.13526982334102744,-0.39618819314043063,0.6938827642749851,0.9083262399940341
COX14,0.060961962753607324,0.3960799173750578,0.6940932776889265,0.9085010692003301
MAGT1,0.06883427204953918,0.39579393427222404,0.6942134257905328,0.9085575932879424
EGLN3,-0.16435714633524778,-0.39598409083343766,0.694531368935726,0.9088729420558969
SARM1,0.17200332493918724,0.39539222963444065,0.6948422735131223,0.9089799609928648
PITPNC1,0.18963476591834416,0.3948814300416159,0.6948679663745171,0.9089799609928648
ULK3,-0.1605962805112755,-0.3948846974138101,0.6949348917728448,0.9089799609928648
ZNF224,0.18173805696998224,0.39533744681913807,0.6950160658613342,0.9089799609928648
GALT,-0.18200875072072664,-0.39460901191813774,0.6950377924508269,0.9089799609928648
SGTB,-0.17627858115061645,-0.39466979116763307,0.6950751467922568,0.9089799609928648
NDUFB3,-0.04773701203043412,-0.39462174925451776,0.6951708723728496,0.9090044470936518
RB1,-0.1514728821657494,-0.3946522323234977,0.6952809888061857,0.9090131629819354
TCF7L2,-0.09112197325026816,-0.3953388839347545,0.6953315427129926,0.9090131629819354
CCDC82,-0.06625050594327053,-0.3939883156302407,0.6955335641057806,0.9091400936770532
PELP1,-0.0974849433721694,-0.39445454103013206,0.6955826621000546,0.9091400936770532
EXTL3,0.17249064145432813,0.393718869737366,0.6958231196099621,0.9092843217633263
TCTA,-0.1533195327677621,-0.393922454072057,0.6958470616526802,0.9092843217633263
MRPL19,-0.06842592695380656,-0.39341450367382536,0.6961828898440104,0.909514349866607
ERH,0.03748200598473783,0.39323484896213323,0.6961918594218188,0.909514349866607
TMX3,0.1303431673431863,0.3941474844054973,0.6962640727576236,0.909514349866607
DUSP23,0.07593268280228305,0.39287264866735955,0.6963312743832608,0.909514349866607
LDHB,-0.04117253238851504,-0.3933043031411471,0.6964606546290212,0.909582700287155
PABPC1,-0.053961547229480544,-0.3922595660137504,0.6967664914859177,0.9098814637158471
PPP1R3E,0.18529577597123437,0.39228023007503887,0.6968906575392875,0.9099429501439319
CROT,0.15761217967262287,0.3921613007774928,0.6970015124375672,0.9099870442739971
TLR1,-0.16726094516661472,-0.39175616609406705,0.697264498221885,0.9100180002454341
DRAM2,-0.10095660744550283,-0.39183021885184616,0.6972734290380997,0.9100180002454341
UBE2I,-0.036901922027476886,-0.3915874435693991,0.697297864350069,0.9100180002454341
MON1A,0.15732887661471873,0.3915557829330536,0.6973883021311826,0.9100180002454341
PPP1R13B,0.18214401524803114,0.3915283114602622,0.6974431575680344,0.9100180002454341
GORASP1,0.13592085330648596,0.39307024537245855,0.6975852953866685,0.9100180002454341
CNBD2,-0.1729746210829426,-0.3908657702406669,0.6978336044318667,0.9100180002454341
MTMR1,0.16950312068582907,0.39084634154558295,0.6978637497039548,0.9100180002454341
ARMCX4,0.16936954003178162,0.3908732511890053,0.6978909994998087,0.9100180002454341
RAB1B,0.13477623476887235,0.3927944437192204,0.6979383475822794,0.9100180002454341
RABL6,0.17575184801476507,0.39130235377758005,0.6979413279931251,0.9100180002454341
LENG8,0.12782720400371694,0.3916282881888339,0.6979502731234359,0.9100180002454341
SLC2A3,0.09953122497454459,0.3906427684005244,0.6981977311440464,0.9102401122203719
DEAF1,0.1937994484949077,0.39017048657377246,0.6983238346452525,0.9103039827724388
PLCE1,0.19042658795246004,0.39020806997337554,0.6985706365990061,0.9105251589987045
ZNF652,-0.17296710969232443,-0.389272708513903,0.699037821136877,0.9110335039214874
KDM6A,0.16025543625626693,0.389799744544648,0.6991313930969965,0.9110548731107234
PTGS2,0.23274849189587377,0.38873013853122557,0.699350579610429,0.9112399108500127
DAG1,0.14494432339564067,0.3886162545517785,0.6994828474171301,0.9112910363256421
LINC03007,0.17156374594719304,0.3887012135993663,0.6995442076393874,0.9112910363256421
ZNF213-AS1,-0.17428527555142903,-0.3889506325482369,0.6996381194978956,0.9113128104019262
EEF1AKMT1,-0.06443916627016577,-0.38836662332525834,0.6997819232973832,0.9113270930026646
FCHSD2,0.1742917335974683,0.388118968587782,0.69991315241086,0.9113270930026646
PKD2,-0.12175990910220058,-0.38808206263807005,0.7000011580139205,0.9113270930026646
CPEB4,0.18362013212460315,0.387840338581345,0.7000048034273777,0.9113270930026646
ZNF16,0.17184036189768226,0.38781736201767775,0.7000350766072141,0.9113270930026646
AP5M1,0.1396974768783399,0.38824973044870553,0.7001407809938526,0.9113641988788653
VCPIP1,0.17580271928403146,0.387753363002696,0.7004535184197925,0.9114754143231837
SNF8,-0.0746802030392546,-0.387893155134543,0.7004913525308128,0.9114754143231837
FICD,0.18658498562211823,0.3870838490902558,0.7005911990203896,0.9114754143231837
ENSG00000272667,-0.17427845224146976,-0.3870467425653093,0.7006931995014268,0.9114754143231837
GULP1,-0.0925735316030174,-0.38686110866805634,0.7007239018889065,0.9114754143231837
CNOT4,-0.05367223032334145,-0.38701634117229755,0.7007913861139607,0.9114754143231837
ENSG00000257252,0.17007976928126833,0.3867449840661473,0.7009506063832107,0.9114754143231837
BORCS8,0.17558984894213747,0.3866761821501893,0.7009738978184806,0.9114754143231837
JOSD1,0.155599557644444,0.3873062263646606,0.7009783359531191,0.9114754143231837
FARSA,-0.07304720789477681,-0.3865303897541314,0.7009983300838784,0.9114754143231837
TNK2,0.16874563855379843,0.3864084171045904,0.7011667209060066,0.9115939581823137
S100A10,-0.12361042247260379,-0.38611989893566023,0.7013586753788492,0.9117431079008166
DDX39B,0.15006617246966591,0.3861650375344282,0.7016173054134939,0.9119788912581255
HYLS1,0.18276267690475834,0.38497825964638477,0.7022888557182556,0.9126708999048265
RALGPS2,0.16201527968238372,0.3845533266952087,0.7024821537243213,0.9126708999048265
AKAP11,-0.1531100364809852,-0.3846343842155158,0.70248823710563,0.9126708999048265
DUT,0.0379210656381046,0.384565359050385,0.7025081026432051,0.9126708999048265
FST,0.19279727159434223,0.3850216375916972,0.7026123717478755,0.9126708999048265
RAD9A,-0.11956530882235095,-0.38452953506208176,0.7026429965515705,0.9126708999048265
NFU1,0.16044700231885312,0.3845363191648896,0.702690877529434,0.9126708999048265
RABEPK,0.06994557028371862,0.38418143706804603,0.7028269853002316,0.9126845960397322
EXOSC6,-0.1491513805005762,-0.38427913727694957,0.7029090908292992,0.9126845960397322
CWC15,-0.05291876200523582,-0.38378606875272725,0.7030112692577876,0.9126845960397322
ZNF181,-0.1310922744659928,-0.38385445431086357,0.7030139204628207,0.9126845960397322
DGCR6L,0.06465656775039275,0.38358917940780696,0.703157413528265,0.9126845960397322
VKORC1,-0.11604207989695059,-0.38366128447199943,0.7031653029209117,0.9126845960397322
RASIP1,0.17913156716334422,0.38379871065930354,0.703351403030113,0.9127538510163311
BCAP31,-0.05129393164636298,-0.3833856388722629,0.7033732979835293,0.9127538510163311
ARPC1A,-0.17892791725433543,-0.38305170927056753,0.7035258535688114,0.9128514730028378
PEX11A,0.17418823013265117,0.38288108017201616,0.7036649074454081,0.9128728460872043
BCL7A,-0.16774379589703026,-0.3833519538423086,0.7036969842773028,0.9128728460872043
CMSS1,-0.08609840506165778,-0.382614806655664,0.7038502927542893,0.9129208759688774
CRIP1,-0.208468493605805,-0.38264788928748605,0.7039688281230708,0.9129208759688774
INTS4,-0.17134273982641401,-0.38221996616850523,0.7041699495037934,0.9129208759688774
CTSB,-0.04935256866700222,-0.3821323792095921,0.7042356945768294,0.9129208759688774
ACAP1,0.16108108458976367,0.38179018554099575,0.7044650693410167,0.9129208759688774
ARSA,-0.11576557942441212,-0.38226120963729526,0.7045841075576632,0.9129208759688774
PPP1R12A,0.09690645862803837,0.3825276671549993,0.7046065035983691,0.9129208759688774
KDM2B,-0.1615158094476863,-0.38157961276988867,0.7046603343213642,0.9129208759688774
MTMR3,0.15760089285705092,0.3815100945580014,0.7046633608106119,0.9129208759688774
IFT70B,0.17222095546685323,0.3816082951944827,0.7046926422830392,0.9129208759688774
SMUG1,-0.17630358705274762,-0.3814865912830938,0.704730579260991,0.9129208759688774
RPS20,-0.06296230168447359,-0.3815068142224616,0.7047787442912758,0.9129208759688774
MFSD10,-0.11567790751751161,-0.38163743748832113,0.7048048490709187,0.9129208759688774
CWF19L2,-0.11481757617550503,-0.3821196498874869,0.7049036660494804,0.9129208759688774
GABRE,0.1844353956589102,0.38102273237516204,0.7050478455921235,0.9129208759688774
SRCAP,0.17925561254062305,0.38104668407474157,0.7051244265044136,0.9129208759688774
FAM216A,0.11557097393981186,0.3808796226059634,0.7051526225894396,0.9129208759688774
RCCD1,0.15595502856579468,0.38077309558051725,0.7052769851948141,0.9129208759688774
GNPDA1,-0.08234102042279101,-0.38160981344479483,0.7054830261955186,0.9129208759688774
MYNN,0.12898170530743158,0.38050966825153815,0.7055163775675255,0.9129208759688774
UGGT1,0.15658521591496655,0.38083296332936717,0.70553449962472,0.9129208759688774
CSPP1,0.13872075313609278,0.3812246874038331,0.7055676990170757,0.9129208759688774
CDC123,0.11784981999911448,0.3824330853260105,0.7055786845567423,0.9129208759688774
GPSM2,-0.1683383525394735,-0.38064252567757145,0.7055900103634085,0.9129208759688774
TUT1,0.18625186106364855,0.380359494218069,0.7057127311302926,0.9129795935334909
UBXN11,0.1787010403315552,0.3800347486171693,0.7058700075408666,0.9130829979202203
PPP1R13L,-0.16642838933822324,-0.3798698085636716,0.7060874305217786,0.9132641741327485
SEC22A,0.16499654253552354,0.3794231710517531,0.7064403554397265,0.9134170852713481
EEF1A1,0.0651566338305738,0.37914349871643127,0.7064817741338001,0.9134170852713481
CCDC137,-0.16360716227420502,-0.3790243651010766,0.7065090521822865,0.9134170852713481
RPS6KB2,0.1522520813463899,0.37937339810594606,0.7065151550709597,0.9134170852713481
ARHGEF19,0.1751252842456803,0.3789497412764542,0.7066853519493087,0.9134488851926416
AP3M1,0.15274172244650774,0.3794645373538818,0.7067558387043149,0.9134488851926416
RAB30,-0.18533591005313488,-0.37955628152876086,0.7068245019627717,0.9134488851926416
LY96,-0.13996748007569249,-0.3785131291614429,0.7068926849717853,0.9134488851926416
GATB,0.1564197017990847,0.37851719885083623,0.706926642534517,0.9134488851926416
ELOB,-0.0396340496670593,-0.3782146670779092,0.7071523384881389,0.9136405117492042
CARHSP1,-0.09298860292755506,-0.37898098658356266,0.7072922993068665,0.9137213387303085
GON7,-0.15626311044646357,-0.37793219608857814,0.7074010461751608,0.9137257148414093
ACSL5,0.17734615628341666,0.3778158403287681,0.7074746362042104,0.9137257148414093
PHYH,-0.15046379453648484,-0.37784031440508425,0.7075278915176046,0.9137257148414093
MSX2,0.19620104219160472,0.3773527326670511,0.7077528585648908,0.9138262843199304
LAMTOR2,0.06564017941500744,0.37757643856280404,0.7077605859836615,0.9138262843199304
PSMD7,-0.05491947148672427,-0.3771906604402645,0.7080231573935459,0.9138510357033514
CACTIN,0.16247492498518934,0.3769890698058644,0.7081291944114153,0.9138510357033514
MARS2,0.1654579858140084,0.3766938510557568,0.7083989765241524,0.9138510357033514
ERCC3,0.10766750632932798,0.3777398154336187,0.7084005475118831,0.9138510357033514
GUCY1A2,0.13109078270077656,0.3763387968625538,0.7084753869650627,0.9138510357033514
NCKAP5,0.15132926317538464,0.37648350393798297,0.708522112293835,0.9138510357033514
ENSG00000273702,0.1665531885485496,0.37638032449695463,0.7085377111749147,0.9138510357033514
YIF1B,0.092467967565244,0.3762874924150977,0.7086559643480206,0.9138510357033514
CLASRP,-0.13345946473782,-0.3761577231881076,0.7086671095713042,0.9138510357033514
SMARCB1,0.05964785879445955,0.3762640476789528,0.7086777657668848,0.9138510357033514
DUS1L,0.2234245275091964,0.3761387520028083,0.7089387063345907,0.9138510357033514
GGA3,-0.16524050183745187,-0.37577047527220553,0.7089872938147176,0.9138510357033514
NTN1,0.1812610930196077,0.37600332866032465,0.7090338748714147,0.9138510357033514
OSMR,0.12019413552088842,0.37623488287306767,0.7091213302714036,0.9138510357033514
SLC35E2A,-0.1649621759192197,-0.3751480341609124,0.7093888525103736,0.9138510357033514
ANKRD13C-DT,0.15171691090985284,0.3759753319101969,0.7094122260574142,0.9138510357033514
ZDHHC13,0.16781476770957982,0.3751237398617461,0.7094678371925389,0.9138510357033514
IMPDH1,-0.1027069309604478,-0.3751558148719179,0.709489100036805,0.9138510357033514
EIF4G1,-0.06931186152391167,-0.37489322830502236,0.7095413348128472,0.9138510357033514
TRIM6,-0.13929505786695406,-0.3749653831897332,0.7097103098065126,0.9138510357033514
C2CD3,0.1785998331775831,0.37454741232850775,0.7098712627720445,0.9138510357033514
PYGB,0.11768817860000791,0.3755806990961591,0.7099029753089686,0.9138510357033514
TOMM40L,0.17324211226803454,0.37449866862349274,0.7099289919767999,0.9138510357033514
ENG,-0.0758389280790217,-0.37439815109812385,0.7099296750602914,0.9138510357033514
C6orf62,-0.13410289665979747,-0.37509692740990364,0.7099547206509751,0.9138510357033514
ZNF48,0.15497941863687292,0.3744658344742926,0.7100021194781356,0.9138510357033514
MIA2,-0.10670164860069153,-0.3752836115504247,0.7100059354993987,0.9138510357033514
DLGAP1-AS1,0.14960617544136268,0.3744344590304451,0.7100139277513208,0.9138510357033514
ESAM,-0.25479777183135255,-0.37464794448551997,0.7100247098239,0.9138510357033514
INPP5A,0.19072353602758607,0.37404678035743494,0.7103536122865083,0.9141746858216756
AP3S2,-0.15273395360977204,-0.3736534255640726,0.7105534845535687,0.9143322307777282
SNX19,0.16456211853305014,0.37339927507354903,0.7106445649155707,0.9143497644499522
RBM3,0.08885783998631958,0.3742652517773601,0.7109180060807522,0.9143673385659264
MTG1,0.1124278622373005,0.3740073653381442,0.7109394703629328,0.9143673385659264
EIF2S1,-0.09310107297048198,-0.3730283467842534,0.7109665924507315,0.9143673385659264
EBLN3P,0.07338775010486387,0.37296752419940576,0.7109680474965386,0.9143673385659264
IFT46,-0.14725559800926957,-0.37292418683062517,0.711107277100111,0.9144467762708944
RPRD1B,-0.16136542033360302,-0.37233579812965545,0.7114413633537627,0.9147057018450214
SPATA6,-0.15382751671994832,-0.3725587019087265,0.7114859121450492,0.9147057018450214
ZNF184,0.1807244941709234,0.37232966237055204,0.7115410809015528,0.9147057018450214
ATP6V1G1,0.027425037647260453,0.37209719259209006,0.7116357588199812,0.9147278019239851
MRPS27,-0.11884981577832576,-0.3720290365796784,0.7118064420933145,0.9148475828972866
AMMECR1L,-0.16919566788835771,-0.37171800960499213,0.71194226737943,0.9149225415212466
ZNF768,-0.1646882812874706,-0.37173542759508704,0.7120210456083617,0.9149241801901284
HOMER3,0.16528133830074054,0.3719392947096702,0.7121499692195705,0.9149902466953668
SNN,-0.18905541027145167,-0.3713915965843261,0.7122830437645437,0.9150616314768134
FGGY,-0.15238204946098932,-0.37138760750573335,0.7123772735556723,0.9150831027556813
PIN1,-0.04877884280540368,-0.3709683823580745,0.7126697724820352,0.915359227956743
SPPL3,0.16525841416091236,0.3710653245557326,0.7129468856986503,0.9155696772823071
RTN4RL2,0.16989074178079155,0.3702527663262926,0.7130094979760939,0.9155696772823071
TNS3,-0.16456916569492197,-0.3701267726458716,0.7130662950388421,0.9155696772823071
ENSG00000212175,0.14605315412682152,0.3701949622454905,0.7131560291042867,0.9155853097962048
MON2,0.13481351846602507,0.36984808954059767,0.7133416966990771,0.9156399382860754
SERPINF1,0.09562629732524286,0.3698420015642423,0.7133905470932713,0.9156399382860754
JUNB,-0.10772197709910714,-0.36962457257169024,0.7134565095844387,0.9156399382860754
SHLD1,-0.15268795525310042,-0.369545711423047,0.7135088345864978,0.9156399382860754
PUS7,0.16098198919384554,0.36926101681583945,0.7137723157552583,0.9157529618933967
ENSG00000259363,-0.1512970467975321,-0.3692262522417561,0.7138252550616065,0.9157529618933967
FAM135A,0.15066123774818507,0.36950177227252534,0.713883415214687,0.9157529618933967
XRCC1,-0.10522755258372651,-0.3690236870376784,0.7139544329819978,0.9157529618933967
CLK1,-0.12026506312920571,-0.3690812196166552,0.7141103135707327,0.9157529618933967
PPA1,-0.05728269188495272,-0.36868322389606956,0.7141455614215381,0.9157529618933967
MDC1,-0.16040496181099817,-0.36873495398915623,0.7141779740569001,0.9157529618933967
TFAM,0.13784707482307468,0.36858756310636526,0.7142567593597974,0.9157529618933967
MFSD14A,0.11049082521823017,0.369816775389511,0.7142950676081657,0.9157529618933967
ANKRD17,0.15726959804959417,0.3681128439800848,0.7145676080760464,0.9158926985921746
SCFD2,-0.17643026551051877,-0.3687879445122572,0.7145880371741071,0.9158926985921746
ABCC3,0.16968138830356572,0.36800376212581726,0.7146368188676426,0.9158926985921746
NUP35,0.18046806555010297,0.36804584574565696,0.7149013208215297,0.9161322288643245
NDUFA12,-0.045398273945529866,-0.36728897283814627,0.7151819534416585,0.9161810996817686
C14orf28,-0.16696481607155045,-0.36743749405106385,0.7152072066474919,0.9161810996817686
PCDHB7,0.17171926786047287,0.36709493969581,0.7153495881597904,0.9161810996817686
UBC,0.06885379099971445,0.367004971728478,0.7153766426561425,0.9161810996817686
RABGAP1,-0.16418339488898237,-0.36699188215572565,0.7153938405442871,0.9161810996817686
MTOR,0.16851107066483273,0.36733888268617154,0.7154051145164374,0.9161810996817686
TTLL5,0.17486007616244637,0.366459223762662,0.7159045394978356,0.9163626165439419
FBXL17,-0.16059030282035636,-0.36636808252155245,0.7159933762017355,0.9163626165439419
FLRT2,0.17088738347984034,0.36642582263449675,0.7161358165580293,0.9163626165439419
ING2,-0.14337575300274086,-0.3661087983391282,0.7162032046145652,0.9163626165439419
DNAJB4,0.10397213783598325,0.36583431520473836,0.716255157618607,0.9163626165439419
ANKS3,0.18178395270066527,0.3658610059793344,0.7162919955802445,0.9163626165439419
CNIH1,-0.11978734426630577,-0.36673123846481137,0.716392536838994,0.9163626165439419
EXOC3,0.14599824808258965,0.36567492997741624,0.7164267014486558,0.9163626165439419
UBA6,0.12913829236182384,0.3656409300591754,0.716445627471105,0.9163626165439419
ACTR5,-0.17087649202479804,-0.3655548459725268,0.716519574312988,0.9163626165439419
NATD1,0.15847564520937918,0.3654508611457309,0.7166892490167182,0.9163626165439419
KATNAL1,-0.13701319180408822,-0.36533263984560455,0.7167115061745779,0.9163626165439419
CTBP1,-0.09489811733921982,-0.3654915708599588,0.7168514626447121,0.9163626165439419
PTGES2,0.07138918587135201,0.3649810021357763,0.7168999585181335,0.9163626165439419
NMRK1,0.13031274164276763,0.36502016635955803,0.716925472989394,0.9163626165439419
SLC39A11,0.1656702427035972,0.3649607792652474,0.7170916521431877,0.9163626165439419
SRSF9,-0.06228359830563779,-0.3649924091363727,0.7171076317611245,0.9163626165439419
POLR2E,0.05187334752605377,0.36501062423760705,0.7171270720181416,0.9163626165439419
ZNF701,0.15718113420838242,0.36463009938573376,0.7171749268005441,0.9163626165439419
CCDC25,-0.06773790528158141,-0.36464802907983385,0.7171943915944682,0.9163626165439419
NCL,0.05441494575449468,0.3651914096222267,0.717231785536412,0.9163626165439419
DPH5-DT,-0.15386452191470745,-0.36446978175790495,0.7172546020216878,0.9163626165439419
ZNF383,-0.13979432146295823,-0.3641311636417212,0.7175722465789389,0.9164067651266878
RAP1A,0.05411910675692688,0.3639398611422909,0.7176587137552868,0.9164067651266878
PARD6A,-0.14088013888826878,-0.36407463587323297,0.7177598109360614,0.9164067651266878
CCDC171,-0.15368559665185444,-0.36373255795367093,0.7178108881840426,0.9164067651266878
ZNF358,-0.16413043420185325,-0.3641280516031073,0.7178821025997026,0.9164067651266878
HIKESHI,0.03977271224526291,0.3638477999806743,0.7179186898403185,0.9164067651266878
TTF1,-0.14280314101277014,-0.36378051826873664,0.7179279511179827,0.9164067651266878
ZMIZ1,0.11513110421777828,0.3636336538167366,0.7180510149447838,0.9164067651266878
UQCC6,0.15569772523283776,0.36340134149180275,0.718170959527703,0.9164067651266878
NPIPB5,0.161775325768029,0.3631007099893583,0.7182910651737435,0.9164067651266878
PPP3CB,0.11173184521404611,0.3640972809413582,0.718370850372678,0.9164067651266878
ZNF585B,0.16519381841477765,0.36295538813511796,0.7184381324728605,0.9164067651266878
SKIC8,0.056018954344271066,0.3629487487044414,0.7185479168685454,0.9164067651266878
PPP2R1A,-0.0629232823300141,-0.3628983530156512,0.7185597944070555,0.9164067651266878
REPS1,0.1462292619346286,0.36269620497864874,0.7185718337940435,0.9164067651266878
GPATCH8,0.10338146554908434,0.3628653476685225,0.7185957795758903,0.9164067651266878
PPP1R1B,0.1767469580725871,0.362672354157921,0.7186574568154249,0.9164067651266878
PPIF,-0.1568879851919016,-0.36261760962160305,0.7186864745059616,0.9164067651266878
ACP6,0.15304685457970058,0.3626580486808166,0.7188150201810054,0.916471683036696
PPP3CC,-0.1322601010856843,-0.363157252141892,0.7189322917084972,0.9164801079416337
ARL4C,-0.210608004247264,-0.3621713312256916,0.7189768978947454,0.9164801079416337
RIN2,0.12637856004254688,0.36194426687272724,0.7191310320158744,0.9165141849074149
RNF215,-0.17215184856675325,-0.36200634332910103,0.7192055189725873,0.9165141849074149
NACAD,-0.16131615050533954,-0.361900759100917,0.7192713896741431,0.9165141849074149
FYTTD1,0.0779954820287534,0.36191946162649846,0.7194130733902201,0.9165141849074149
TMEM175,-0.06708412655723706,-0.3615638875933552,0.7195192253368606,0.9165141849074149
TRPC6,0.20228054797162365,0.36139214024170185,0.7196837085797398,0.9165141849074149
SMAD7,0.12337209869802956,0.3611931238512504,0.7196839899520802,0.9165141849074149
QSOX1,0.06490711390878268,0.36124201390925337,0.7197304227573444,0.9165141849074149
SLC6A9,0.16574798436863025,0.3611364409023142,0.7197689710503523,0.9165141849074149
TAF1C,-0.17832047971304155,-0.36119146290104903,0.7198002813369861,0.9165141849074149
TRIM69,0.1184830106974486,0.3609936772216517,0.7199637999789984,0.9165141849074149
IL4R,-0.08140989369204021,-0.3606751644293221,0.7201069076979397,0.9165141849074149
WDR47,0.1615341434663642,0.3608320938091584,0.7201526170278187,0.9165141849074149
PSKH1,0.14645409107203955,0.3607320709105855,0.720233183347234,0.9165141849074149
PDLIM5,0.07882060627621357,0.3601423635845929,0.7205040973325462,0.9165141849074149
METTL2A,-0.16755856441923767,-0.3602603254581262,0.7205402922048704,0.9165141849074149
SEMA3D,0.1533189618972619,0.3603671496349179,0.7205481472402413,0.9165141849074149
RARA,-0.1004997885920158,-0.36062081307970895,0.7206595102475576,0.9165141849074149
C8orf76,0.14906906708837742,0.35989266095700434,0.7207267458356608,0.9165141849074149
CCZ1B,0.166481812724665,0.35977256041743855,0.7207744936213899,0.9165141849074149
PTPN2,0.06406157306406168,0.3597640712577163,0.7207805434003546,0.9165141849074149
MALAT1,-0.056164093765929124,-0.3597654174559036,0.7208218441595938,0.9165141849074149
ADM,-0.11474655689582569,-0.35982926484111527,0.7209497243547986,0.9165141849074149
TRIM23,0.16491768380588567,0.35927900213449077,0.7212217627881589,0.9165141849074149
RPS27L,-0.04751372202256299,-0.359306184074841,0.7212403151584431,0.9165141849074149
G6PC3,0.0814330782851469,0.3596623978684005,0.7212703714050446,0.9165141849074149
ZMYND19,-0.19290959628371862,-0.35928254467891246,0.7212818440540839,0.9165141849074149
STUB1,0.05378110366881472,0.3594748753971383,0.7214241788714912,0.9165141849074149
MRPL57,-0.04658176351753074,-0.3588291773721319,0.7214443263056627,0.9165141849074149
ANKRD9,-0.16651404232937317,-0.35887049154988643,0.7215118938956842,0.9165141849074149
MAP2K6,0.17120045577945198,0.3587481801180123,0.7215511088765467,0.9165141849074149
CASTOR3P,-0.1592033135501727,-0.3589878207038372,0.7216218595518913,0.9165141849074149
RAB3D,0.16030737926258531,0.358742216476568,0.7216745321114628,0.9165141849074149
CDK20,0.1393357966927964,0.35839045780244044,0.7217856426079405,0.9165141849074149
SGCG,0.17261125211549033,0.3582461023087777,0.7219163634637096,0.9165141849074149
TMEM97,0.15494325683574361,0.3584795419517011,0.7219255599333161,0.9165141849074149
SHISA4,0.06903917420561179,0.3587592876619275,0.7219270745687176,0.9165141849074149
VPS13D,0.14855357044786022,0.35836413005015466,0.721953867467518,0.9165141849074149
NAIP,0.17160367484295636,0.35795543223275267,0.7222331397911974,0.9166721032081506
THAP10,-0.1574971601028905,-0.35774280750558207,0.7223017892633811,0.9166721032081506
C9orf85,-0.1474392480958162,-0.35771769579877405,0.7223112159290315,0.9166721032081506
GNAI3,0.05980596960794582,0.35765173059245986,0.7225045153873392,0.9167203094693828
AXIN1,-0.1668662499266429,-0.357362534832997,0.7225908233458118,0.9167203094693828
AEBP2,-0.1553014572693705,-0.35726709609235413,0.7226374842769209,0.9167203094693828
AP5Z1,-0.16066705488927147,-0.35794502068752565,0.7226895414929362,0.9167203094693828
LRCH4,0.14321341155968215,0.3571198474042331,0.7227374773597244,0.9167203094693828
SPIDR,0.14485667297416516,0.35691993053877336,0.7231512255234633,0.9171298051611889
MAP3K1,0.15497809836377963,0.3564907111959785,0.7232157015032196,0.9171298051611889
FOCAD,-0.14713475535692622,-0.35579367453958116,0.7237647214594836,0.9177274475648983
NAB2,0.14099008572973037,0.3555459254776512,0.7238795628764669,0.9177744860655883
DGCR2,0.15720809703741168,0.3552071952585489,0.7242757478264532,0.9179249278672896
LINC00472,0.1631308541340295,0.3549911059621297,0.7243093129945196,0.9179249278672896
INTU,0.15663185567208338,0.35485542670337766,0.7244176554540547,0.9179249278672896
ATP13A3,0.18152573260331284,0.3547851424321375,0.7245164814842986,0.9179249278672896
CYP1B1-AS1,0.14770032187884574,0.3547787110328981,0.7245285990808638,0.9179249278672896
RNF170,-0.14760967165917238,-0.3547644733139517,0.7245676946402017,0.9179249278672896
MSC,0.1758952029358447,0.354864643978843,0.7247073716048816,0.9179249278672896
CEP57L1,-0.08702377986128917,-0.3544812181352512,0.7247208526446012,0.9179249278672896
TUBGCP4,0.15793809515701707,0.35454144209095684,0.7247284467953187,0.9179249278672896
WDR25,0.14348527760381735,0.354485443928108,0.7247757943795855,0.9179249278672896
FUBP1,0.13595789412162063,0.3542637151515855,0.724908486393106,0.9179830325480688
IFT88,-0.14082636575134622,-0.35407594669410947,0.724977197157615,0.9179830325480688
MAEA,-0.06221860202323626,-0.3535398059845847,0.7254111936910741,0.9183101188133596
NAALAD2,-0.16748052440679473,-0.3535419861097364,0.7254413349651448,0.9183101188133596
RAET1E-AS1,0.15589203431598553,0.35361859484811564,0.7254691842287945,0.9183101188133596
KDM5A,-0.0941178688203319,-0.3544335669020359,0.7255466732886239,0.9183101188133596
LINC00667,-0.1281938932936999,-0.35321463420208693,0.725735529504966,0.9184506781524576
NUP98,-0.13159800885819184,-0.3533780268322994,0.7258507371737846,0.918498011827262
ENSG00000251661,-0.15187535297113763,-0.3525392763517168,0.7262205514017538,0.9188674822398396
SPECC1,-0.17543860315068738,-0.35228802723374936,0.7263544879827412,0.9189384557535377
SCRN1,0.158148448036874,0.35179738671001204,0.7267780588726386,0.9193758020779573
IER5,-0.17330028508297213,-0.35142419434150396,0.7269676433492986,0.919391274560872
MRRF,-0.14886739838442153,-0.35132354863977716,0.7272205466988287,0.919391274560872
TPRKB,0.0625913721336202,0.3511026732739653,0.7272699080684187,0.919391274560872
CNOT10,0.1708436042481858,0.35122417183139165,0.7272812410639604,0.919391274560872
SFSWAP,0.1466630910610478,0.35098430290347854,0.7272861277637012,0.919391274560872
ZNF665,0.14884426321059685,0.35125173314068575,0.7273526598267896,0.919391274560872
SWSAP1,-0.14219618431526526,-0.3510049199321227,0.7274103847818358,0.919391274560872
ZNF256,-0.13923961525812167,-0.3507134260260843,0.7274882735525499,0.919391274560872
LIAT1,0.15645820834420054,0.3507534637639328,0.7275353451783227,0.919391274560872
SBF1,0.15750670229906616,0.3508009575030432,0.7275691052052237,0.919391274560872
PEX16,0.12701837269481064,0.351659924618638,0.7279276991233393,0.9197459582736831
MMAB,-0.12049767431094605,-0.349747365052739,0.7283639067015161,0.9201325213425509
ZNF789,0.15221364876300814,0.34957501515146117,0.7283998719403493,0.9201325213425509
PDE8A,0.15095654580675477,0.34937476409572943,0.7285251002784398,0.9201325213425509
CEP131,-0.15292621263158956,-0.34926229021041916,0.728617576648273,0.9201325213425509
CTSL,-0.08638878924035254,-0.3493827927957528,0.7286233637873922,0.9201325213425509
DCAF15,0.19212908900102788,0.3491696580692059,0.72872922224374,0.9201677685942188
RNF214,0.12798281259788435,0.348385189864904,0.7292131994172557,0.9206009927304347
NCEH1,-0.15915197126277558,-0.34847762996720244,0.7292282831869796,0.9206009927304347
CYREN,0.1682404781859308,0.3481029340753507,0.729448452026944,0.9207804722175015
MDP1,-0.0901760319368945,-0.3482714233562138,0.7296694944519541,0.9209610159312861
ALG14,0.056545136884027514,0.34729831358309,0.7300365612045809,0.9212338016810281
PPP2R5C,-0.08968446476222791,-0.34774884460493205,0.7300416954448131,0.9212338016810281
RSRP1,0.06587336773646069,0.3470876307790409,0.7301959625821891,0.9212581889184022
ESYT1,-0.16488332252999083,-0.3471526782687287,0.7302443912442492,0.9212581889184022
CHPF2,0.12982019743588014,0.3472436393726063,0.7303257207669056,0.9212581889184022
VOPP1,-0.14272386342032028,-0.3469387121521093,0.7304252329629656,0.9212581889184022
HEYL,0.19339037723954355,0.34679506679137456,0.730513308389788,0.9212581889184022
PYCR2,-0.13098697051561725,-0.34675137566865516,0.7305886136972307,0.9212581889184022
TBC1D22A-DT,0.1201828180850395,0.34697011153752616,0.7307049157103802,0.9212581889184022
CCDC126,-0.1489347006121129,-0.3463853211356908,0.7307276510765187,0.9212581889184022
ZNF502,0.14426642050016492,0.34586920928969617,0.7310926656594037,0.9212581889184022
NLN,0.15128985205440681,0.34584655629914446,0.7311073674743147,0.9212581889184022
ORAI1,0.17011154745771861,0.34596757625594987,0.7312094770516083,0.9212581889184022
VPS35,-0.057883129245637654,-0.34623547207137256,0.7312556883897721,0.9212581889184022
DYNLT3,0.06820598681350454,0.34565323004515414,0.7312562097369913,0.9212581889184022
SLC30A9,0.06500864321076971,0.3466844474657443,0.7313297582488489,0.9212581889184022
LAMTOR3,0.07144854749212026,0.3453546745502645,0.7314744110303332,0.9212581889184022
RCAN2,0.19650659459720554,0.3458587408758642,0.7315363098241315,0.9212581889184022
MKKS,-0.11700352767652245,-0.3460559926908448,0.731631789914908,0.9212581889184022
SNRNP25,0.11575592884635366,0.34530170316522374,0.7316540765314278,0.9212581889184022
CHP1,0.12460082936908812,0.3451123925408081,0.7316958276207375,0.9212581889184022
CDKL3,-0.14852734054321015,-0.3450648406585682,0.7317299847536689,0.9212581889184022
USP6NL,-0.1622558599796129,-0.3448595511389473,0.7318873019748314,0.9212581889184022
MPV17,-0.04079542741010389,-0.3448208926979694,0.7319077545806904,0.9212581889184022
ECSIT,-0.06034722583333263,-0.34476410389797113,0.7319250515097706,0.9212581889184022
TBC1D13,-0.13832239080730213,-0.34463640840250354,0.732032969284551,0.9212581889184022
CDK13,-0.13956276877541018,-0.3445546074855308,0.7320850668228084,0.9212581889184022
TCFL5,0.15800729002525182,0.3446899116259645,0.732090052540748,0.9212581889184022
PRR14,0.1362018156419369,0.34485735825914693,0.7321782963958363,0.921271028453725
TRIM44,-0.13265767426083208,-0.34432315196147917,0.7322789720333478,0.921299506005933
C2orf49-DT,0.14408600829799445,0.34426896748214963,0.7324723992479536,0.9213636309363437
PCDHGA2,-0.14449195464753783,-0.34413040410945395,0.7324860378091983,0.9213636309363437
EIF4E3,-0.15970235104871122,-0.3438684691955014,0.732643653381323,0.9213940205507375
TMEM86A,0.1644477242988005,0.3440513168121482,0.7327019674168281,0.9213940205507375
TMEM185B,0.15638921148783025,0.34361444509530503,0.7327788497246324,0.9213940205507375
CHUK,-0.16090681214365476,-0.3435552084559031,0.732822402283005,0.9213940205507375
TTC17,-0.06472385981463713,-0.34332250872393005,0.7330787401752907,0.9216181605718112
TMEM138,0.12877803564496837,0.3429150706397974,0.733352965358809,0.9216857449942671
TTPAL,-0.1579486420565095,-0.34280197009544344,0.7334118413627699,0.9216857449942671
MCRIP2,0.1343579398448096,0.3427522949680451,0.7335847974105439,0.9216857449942671
SYNGR2,-0.18583403309386615,-0.34294982336743857,0.7336806371801944,0.9216857449942671
ABCA6,-0.15124573311662193,-0.34405337917470435,0.733707691662701,0.9216857449942671
ARCN1,0.1313013495225066,0.34240125086423884,0.7337381182329417,0.9216857449942671
ZDHHC3,0.05730727380285483,0.3423941912042383,0.7337990609380753,0.9216857449942671
FURIN,-0.16566599594853004,-0.3424166199388809,0.7338114700266646,0.9216857449942671
SPEF2,-0.14679890480107627,-0.3421902384233104,0.7338816442278273,0.9216857449942671
GATM,-0.15319178411459777,-0.34214998892234105,0.7340368963546502,0.9216857449942671
ATP8B1-AS1,0.13758634809631975,0.3422333455093434,0.7340377426871985,0.9216857449942671
PIGH,0.1461853341013235,0.34244718535311097,0.7341453590211632,0.9216857449942671
KLF12,0.15396305246538855,0.34190247339233176,0.7341474849793388,0.9216857449942671
UBL5,0.03877304334731768,0.3416344345106389,0.7342523316666013,0.9217193508426444
SPON2,0.07942812344251138,0.34127779080168047,0.7347031740099081,0.922186690849307
ZNF25,-0.12817119238486452,-0.3410310136519847,0.7348313076490923,0.922186690849307
ZNF749,0.16559662391767827,0.3411973324400141,0.7348589750800028,0.922186690849307
UBP1,-0.18499415089986204,-0.3408089740363468,0.7349877528172349,0.9222502574412689
LTBR,0.10300127657843205,0.3410972287070046,0.7354086516921639,0.9226803202493351
ARHGAP35,0.14128739225038656,0.33905873724008956,0.7363936407816302,0.9236424377808045
ZNF330,0.05671106073479937,0.3388989127934159,0.7363940608834967,0.9236424377808045
KLHL2,-0.15266803133400586,-0.33920614973986646,0.7364102180764872,0.9236424377808045
DDX46,0.052419016452470046,0.3387413443936977,0.7364895787325434,0.9236438411704744
PABPC4,-0.11499867206624259,-0.33896014046796347,0.7369573639760193,0.9238605363878076
BCAR3,-0.11914736176653706,-0.33875886400417443,0.7369767606008751,0.9238605363878076
KDM3A,-0.1540488480681832,-0.3380226763504949,0.7369799479869694,0.9238605363878076
DZIP1L,0.15531050074899833,0.33807458802300294,0.737031055713917,0.9238605363878076
TTYH2,0.13379195578199776,0.3380969314546995,0.7370536663871556,0.9238605363878076
ADSL,0.10072808657578936,0.33902068622556486,0.7372096326042337,0.9238946261406261
EXOC4,0.14317590506980782,0.3379555507585137,0.7372373890931553,0.9238946261406261
TBC1D15,-0.1287920514519243,-0.33755758484935766,0.7373304322095604,0.9239131463999428
ENSG00000233461,0.14673648449083587,0.3372954700470464,0.7375697203858541,0.92411489589843
WDR33,0.12708068643970982,0.3371160509835508,0.7377271483770185,0.9242140493039057
FAIM2,-0.17774521364166418,-0.3368376178567943,0.7378522551658498,0.9242726944219926
LSR,0.16282356553244615,0.33649311058023323,0.7381203139596799,0.9244422003470465
RBM7,0.13933143234538736,0.337320308017427,0.7381752857427268,0.9244422003470465
DCTN2,0.04769967944560616,0.33643949295418274,0.7382428558125268,0.9244422003470465
ACTB,-0.07153798280201151,-0.33609454698720137,0.738614697029236,0.9244422003470465
MYG1,-0.06007540548473589,-0.33566005798739873,0.7387578142738523,0.9244422003470465
ATP5F1B,-0.08083725374111062,-0.33557075587393476,0.7388248018063158,0.9244422003470465
ACOX2,0.1339357381427071,0.33571125574980215,0.7388725267157731,0.9244422003470465
PPP4R1,0.14109193392351305,0.3355436184737545,0.7388889688106877,0.9244422003470465
BTD,-0.11041862417117043,-0.33556426928098165,0.7389171262298455,0.9244422003470465
SAR1B,0.10882111252062021,0.33705449221860895,0.7389526091480212,0.9244422003470465
OXSM,-0.14930253023423834,-0.33538211175983823,0.7390127492072975,0.9244422003470465
SART1,-0.152199359373693,-0.3350072751911118,0.739215758383366,0.9244422003470465
LRRC14,0.16447611973593146,0.3351511590166373,0.7392262449004452,0.9244422003470465
CCDC80,-0.11366135310228209,-0.33535165194733785,0.7392406146365308,0.9244422003470465
TMEM30B,0.16096098727571384,0.33498102459183987,0.7392956551198219,0.9244422003470465
UTP23,-0.08483090697680229,-0.33560310390643777,0.7393125619809506,0.9244422003470465
PSMD14,0.12579151933880262,0.3350680667722987,0.7394391860037509,0.9244422003470465
MBD2,-0.15985310450185874,-0.33513263985030745,0.7395788607649113,0.9244422003470465
MYL12A,0.04659718288091241,0.3351543853711566,0.7395885471880228,0.9244422003470465
CCNG2,0.14038581669181038,0.3347202678909458,0.7395934061374005,0.9244422003470465
CCDC149,0.16265864787099016,0.3346328609127727,0.7396520027274025,0.9244422003470465
SELENOM,0.053695650318450916,0.3342561873417233,0.7398135279665112,0.9244422003470465
INTS8,0.14311009129500407,0.3340723563506949,0.7399661192959748,0.9244422003470465
GFM2,0.15054727965958614,0.3339297924591405,0.7400356999891224,0.9244422003470465
NRAS,0.13700988197681196,0.3338298158846386,0.7400974289171213,0.9244422003470465
DENND2D,0.13435051727266578,0.3341212750716549,0.7401060032335747,0.9244422003470465
ACAD10,-0.1362795119869089,-0.3339218108653161,0.7401466297231619,0.9244422003470465
ZFP64,0.1388424054549402,0.3338598160651984,0.7402112874606207,0.9244422003470465
GEMIN5,-0.1432009359457762,-0.33354851678795466,0.7403254597889074,0.9244422003470465
PXDC1,0.16974429647991407,0.33411634537423385,0.740446446429785,0.9244422003470465
WTIP,0.1717669405886566,0.3335118601613955,0.7406164951695339,0.9244422003470465
PDHA1,0.05404934687878171,0.3337727288157391,0.7406815075915618,0.9244422003470465
OBSL1,-0.12411446713187324,-0.33312357401361303,0.7408008330349981,0.9244422003470465
DDIT4,0.14327016611178323,0.33309055477548355,0.7408182327764694,0.9244422003470465
C8orf48,-0.1599058210032256,-0.33323753624261065,0.7409138179453032,0.9244422003470465
COPG1,-0.07571168190920208,-0.3327256353533349,0.7409250747752967,0.9244422003470465
DAZAP1,-0.13993817789760143,-0.332654288515397,0.7409846319518847,0.9244422003470465
TCEAL3,-0.06035977099056655,-0.3323454428295001,0.741243228060092,0.9244422003470465
SYNCRIP,0.10375915669198399,0.33280265542863813,0.7412614721073358,0.9244422003470465
GPR89A,0.15345348821028404,0.3325589077360874,0.7413061113916474,0.9244422003470465
ZNF14,-0.14321356820249753,-0.332117385849907,0.7413909161612147,0.9244422003470465
PYGO2,0.1459220595374524,0.332445405426902,0.7414254886172358,0.9244422003470465
DVL2,0.09554597859718417,0.333016442007562,0.7414684265308069,0.9244422003470465
METTL26,-0.0372639819016376,-0.3320806616580546,0.7414957837033761,0.9244422003470465
HTATSF1,0.05581202730188206,0.332047345152153,0.7415711414606772,0.9244422003470465
ZNF699,0.1527168775887464,0.3318937296627955,0.7415900547848959,0.9244422003470465
NUDT2,-0.12824047968433927,-0.33289750393297124,0.7416681134677575,0.9244422003470465
FBL,-0.06279595082813216,-0.33136959032926894,0.742012336831233,0.9247433371878877
PSMD5,0.12116421021213597,0.3327876193982875,0.7420715500437636,0.9247433371878877
DIS3L,0.15443336540609032,0.33136787709924764,0.7421447163505336,0.9247433371878877
COP1,0.11417998380160199,0.3310107347797481,0.7423006275550504,0.9247606598110392
CPXM2,0.19153380167850997,0.3308223563902549,0.7423861385357208,0.9247606598110392
TIMM29,0.1407980059200673,0.33118503783563025,0.7423936275331824,0.9247606598110392
TCEA3,0.11757853355125292,0.3312557863744621,0.7426561582149845,0.9249900767807442
LANCL1,0.12617114831649445,0.3304770419754194,0.7429026352473608,0.9250644125217599
VPS16,-0.1391759695358541,-0.33019781388295844,0.7429404232413342,0.9250644125217599
C11orf71,0.14790521745845187,0.33044765630208106,0.743030259301547,0.9250644125217599
CCDC61,-0.1492111706037771,-0.3300514913581963,0.7430938350698679,0.9250644125217599
SEPSECS-AS1,-0.12059071862917548,-0.3300862895512505,0.7431076513294239,0.9250644125217599
FAM177A1,-0.04661980620001405,-0.3304508368402731,0.74331698020235,0.9251764927826878
PRKAR1B,-0.15912768507080832,-0.329630111410265,0.7433544289744848,0.9251764927826878
TWF1,-0.11690141563587897,-0.33030088198253355,0.7435026559897102,0.9252634254647406
NSUN4,0.15673980516873165,0.32909120399312913,0.743678078034421,0.9252921065430741
ST6GALNAC4,-0.1018349011779236,-0.32992457813196197,0.743769250480391,0.9252921065430741
MRPL22,-0.06500134728406959,-0.3295212713530683,0.7438051210217012,0.9252921065430741
PSMG3,-0.06524092582612351,-0.3291770751591,0.743841871557931,0.9252921065430741
MAN2B1,0.08693886218481062,0.3292707221291147,0.7439176097586037,0.9252921065430741
ZNF333,0.13625949996449327,0.32863499349067643,0.7441536550979123,0.925416779255591
EXT2,-0.0997452515933146,-0.3284507534414453,0.7441746281637718,0.925416779255591
THAP3,-0.13720670735640184,-0.3279827240529967,0.7446154127542315,0.9257161463641891
TIMM10,-0.06130450703947776,-0.32821449754136856,0.7446633944986755,0.9257161463641891
ZNF528,0.15027389749006947,0.3280222599588567,0.7446696757936614,0.9257161463641891
TLE4,0.13836466492330057,0.32767428001271637,0.7447290336315717,0.9257161463641891
IRF2BP1,0.15651336141888939,0.32735977045747533,0.7451197383524165,0.9259988665294808
USP45,-0.12483490055849522,-0.32715708827133205,0.7451858196848363,0.9259988665294808
SLC9A3,0.1424525464292885,0.32706484647383605,0.7451918027979727,0.9259988665294808
CEP89,0.10721621364546419,0.3269876244540885,0.7453409258238676,0.9260642847666679
C8orf33,-0.11333546629517866,-0.3269606062457983,0.7454013412835983,0.9260642847666679
IBA57,0.1382646348517893,0.326413998354319,0.7458452184792449,0.9265129996518369
NECTIN1,-0.1358875173607348,-0.3261763889345617,0.745919487394414,0.9265129996518369
LIPC,0.15439073739015563,0.3259884420969104,0.7460485857187601,0.9265758605376079
GHDC,-0.16606412830130202,-0.3258157989800734,0.7464212549840921,0.9269411861021678
DTWD2,-0.15200424284967595,-0.3252520000854326,0.7465617154837133,0.9270180973267313
SEC24C,-0.13852370048824492,-0.3249970550412985,0.746731959224041,0.9271192321672356
SMARCAL1,-0.1395645299417274,-0.3255540214362459,0.7468178274316484,0.9271192321672356
PDXDC1,0.10616014639009741,0.325283615193927,0.746878771529895,0.9271192321672356
SND1,0.06910756791962314,0.3245550150995806,0.7470620449420061,0.9272060372716163
ABCA1,-0.13656083920061501,-0.3249705688260593,0.7471057879311829,0.9272060372716163
ZNF467,-0.12664645828981724,-0.3242787284203023,0.7472902843260911,0.9273375177619578
ELOA,0.11595339599254295,0.3240101145592699,0.7474684194581475,0.9273618466973899
GIGYF1,0.11904045651058626,0.3239414142786228,0.7475318489937562,0.9273618466973899
PDCD4,0.10413450946135061,0.32395728842525917,0.7475455597774131,0.9273618466973899
PIK3R1,-0.10644037161970488,-0.32436002929810087,0.7479480040649797,0.9275732892673542
TGDS,-0.13713853587464264,-0.3234914793887535,0.7479563101158198,0.9275732892673542
DMPK,0.1574815413156343,0.3236273041526127,0.7481142544001356,0.9275732892673542
THBS1,0.12924120184332466,0.3231030730461625,0.7482280963800543,0.9275732892673542
POLR1A,-0.14994702061124343,-0.3227307862663055,0.7484325493770317,0.9275732892673542
CEP78,0.1480219523725652,0.32259843381000874,0.7485273658423732,0.9275732892673542
FAS,-0.09495251116998382,-0.32339057484897127,0.7486226121130222,0.9275732892673542
PFDN4,0.06099624901116307,0.32254304262903427,0.7486323627481435,0.9275732892673542
FBXO27,0.12758866699208582,0.32249394640223505,0.7486743026428305,0.9275732892673542
DTX2,-0.14786574708065947,-0.32243153714135236,0.7487435546726596,0.9275732892673542
DTNB,0.13837682818972818,0.32255936108666616,0.7487761470449751,0.9275732892673542
BAIAP2,0.12483410537156647,0.32249426417923416,0.7488437490687271,0.9275732892673542
DSTYK,0.14694349822589725,0.32214230186967113,0.7489393624874344,0.9275732892673542
UBE2T,0.13086831453338332,0.3217427064452692,0.7492212078119675,0.9275732892673542
ANAPC4,0.13272400890512204,0.3225474278964029,0.7492454479817754,0.9275732892673542
NOB1,-0.1224221850727698,-0.3219143044853818,0.7492913813605283,0.9275732892673542
B9D2,0.14692508641365798,0.32165663293130825,0.7493312806202482,0.9275732892673542
ZNF496,-0.13943648480995785,-0.32156288907923086,0.7493740814765775,0.9275732892673542
ZNF446,0.14346198710177616,0.321540833505692,0.7494380059818522,0.9275732892673542
SUPT16H,0.053663478254980745,0.32193381245218594,0.7494560030142922,0.9275732892673542
MATN2,-0.11871589130267246,-0.32141692581626696,0.7494675710118374,0.9275732892673542
ZCCHC3,-0.15104865265875445,-0.32161653735128387,0.7495198966407891,0.9275732892673542
VPS41,0.16154093317256546,0.3213340165429461,0.7495931228739408,0.9275732892673542
CCNY,-0.14891007017106128,-0.3214106722968977,0.7496351538053071,0.9275732892673542
RAB40B,0.16406043922718005,0.32165233482394495,0.7497079967300089,0.9275732892673542
SOCS7,-0.1265391360465784,-0.3209621690661561,0.7497589433451158,0.9275732892673542
COX4I1,0.03020444281866652,0.32066835692637236,0.7500092190758583,0.9277856891114438
ZBTB8A,-0.12067448928438829,-0.3202853842365359,0.750408321489211,0.9280986475385273
ZNF736,-0.14094271750536302,-0.32007402984152694,0.7504635230660466,0.9280986475385273
STT3B,-0.10505230677784017,-0.32014766558028784,0.7504980677173048,0.9280986475385273
WASHC3,0.04434962384091001,0.3198398083726699,0.7506468458291873,0.9281854001271138
CCDC71,0.12687707025451855,0.3196576044832273,0.7510925298010246,0.9286131073893401
MTCH1,-0.04624640799125235,-0.31973566939440545,0.7511500688234485,0.9286131073893401
PTCH2,-0.16308211702624842,-0.31889639492200855,0.7514353111815321,0.928637656891468
ANPEP,0.17672381007398208,0.3189895825815079,0.751504476636601,0.928637656891468
P2RX2,0.15749755666779786,0.3185537866646395,0.7516128990232661,0.928637656891468
HDAC2,0.038351758709019634,0.31865035808634934,0.7516510547015702,0.928637656891468
HNRNPDL,0.049424375976563795,0.318548727523602,0.7516907005238265,0.928637656891468
ZNF346,0.1541051907258848,0.31844999977452776,0.751705577412886,0.928637656891468
XRCC6,-0.04098646318909083,-0.31842299264522117,0.7517508799023904,0.928637656891468
THTPA,-0.14779699090070775,-0.3181772477899709,0.751867104274184,0.928637656891468
GOLGA6L9,0.12093379414694105,0.31831539932318403,0.7519686152217531,0.928637656891468
SNX2,-0.0551043545785852,-0.31815255907139345,0.7520459421080194,0.928637656891468
PITRM1,0.10854357545156734,0.31795474899598836,0.752099078629867,0.928637656891468
SHISA5,0.047239055221124815,0.3178657167704088,0.7521547314616616,0.928637656891468
USP1,0.09608588123813089,0.3185281985245527,0.7522954625581798,0.928637656891468
NOL4L,-0.12132313545059747,-0.3176667698447578,0.7523058207283951,0.928637656891468
RNF32-DT,0.14257375914086667,0.3177241597685535,0.7523608867527461,0.928637656891468
MOSPD2,0.1422439757626104,0.3174412898173538,0.7524285631653445,0.928637656891468
SLC35E4,-0.13704455936557292,-0.3176146129596662,0.7525271048232616,0.9286621861215348
CDPF1P1,0.13095513566608363,0.31668579470944014,0.7530502945063391,0.9290985622103777
DHX16,0.14853445867024462,0.3167020444601711,0.7530603459208144,0.9290985622103777
BPNT2,-0.13347428287303487,-0.3165321387696834,0.753151910016,0.9290985622103777
DDX20,-0.1353935091814953,-0.3164731709912983,0.7533204691319528,0.9290985622103777
FADS2,-0.13587691451779182,-0.3164336665433398,0.7533340300495731,0.9290985622103777
COG2,-0.11136665264332368,-0.3161755516798313,0.7533706788516787,0.9290985622103777
YWHAE,-0.042438581203034786,-0.31606443779197324,0.7534864274406475,0.9290985622103777
FAM228A,-0.16762042800768717,-0.31603323970444896,0.7535103630946904,0.9290985622103777
MARK1,-0.14918702877588652,-0.3158380077526916,0.7536489871408795,0.9290985622103777
TRABD2B,-0.15938225822245133,-0.3159266180756387,0.7536677536405402,0.9290985622103777
KCTD5,0.15102701953258268,0.31573558042791533,0.753860834859289,0.9291298583516945
DDX51,0.15506590704759193,0.31559934154135955,0.7538755520903719,0.9291298583516945
SUGP1,-0.14807747891574863,-0.3155189743500315,0.7539292599026584,0.9291298583516945
ZBTB10,0.14495993462816648,0.31506716496953147,0.7542118154227149,0.9293810523032515
SPATA2,-0.13873886596121965,-0.31509403004108927,0.7543278000135759,0.929426957432446
MYBBP1A,-0.14601770362970345,-0.31444980958591506,0.754684451959506,0.9296437479352793
NDUFAB1,-0.04074618383735906,-0.31427256396358527,0.7548094805255301,0.9296437479352793
KAT2B,0.1368896369391388,0.3142221705337565,0.7549760401467018,0.9296437479352793
MOCS3,-0.1412175230901611,-0.3144166918988231,0.754998462601475,0.9296437479352793
PTK2,-0.08247050123587485,-0.31411436052646563,0.7550498198974107,0.9296437479352793
MSX1,-0.18757038265538828,-0.31395925183264195,0.7551416912727094,0.9296437479352793
ANXA5,0.0419477859819537,0.31388865759238577,0.7552161006544673,0.9296437479352793
GLIPR2,0.058812899326552426,0.3138472876135607,0.7552826241908859,0.9296437479352793
TXNL4A,-0.117219786982381,-0.31515461874551176,0.7552860502810113,0.9296437479352793
TNNT3,-0.19955426744142812,-0.31369793457535894,0.7552912483225127,0.9296437479352793
PIANP,-0.1620803110307747,-0.3139226334886649,0.7554087297413563,0.9296903159481034
ADAMTSL5,-0.13703283829794288,-0.3134091905309818,0.7554865905031899,0.9296903159481034
FAM20B,0.12286623469390356,0.3130323084892895,0.7558146903395127,0.9298401892801339
PIK3C2A,0.15422601280158243,0.31310830547984897,0.755883871224104,0.9298401892801339
ISCU,0.03388307076808594,0.31306669499284084,0.7559956642293623,0.9298401892801339
ALOX5AP,0.1738235172533753,0.31302698421648345,0.7560392666659017,0.9298401892801339
SH2B1,-0.10491799515730627,-0.31275766616768985,0.7560595934786387,0.9298401892801339
PSMD11,0.10381479625227197,0.3141277341110734,0.7563068466081123,0.9298401892801339
C22orf39,-0.05709701444467452,-0.31326009182557213,0.7563460732174474,0.9298401892801339
ZNRF3,-0.15648947254933354,-0.3122420878570255,0.7563490049982249,0.9298401892801339
GJA4,-0.25386382609962066,-0.31240760253507865,0.7565691850951708,0.9298401892801339
RBMX2,0.13786618508690562,0.3120146777816338,0.7566022140587632,0.9298401892801339
MTRF1L,-0.10462501703451377,-0.3119324334686057,0.7566127420474983,0.9298401892801339
PHC1,-0.12788226143192327,-0.3118890276444376,0.7566279424123812,0.9298401892801339
ACYP2,-0.09444625506817506,-0.31316174613823755,0.7566323471600989,0.9298401892801339
RNF10,0.039862088615236324,0.31151251152865495,0.7568896991543206,0.9300596334461074
PAOX,0.1418227641052081,0.31133757130090167,0.7570307965758286,0.9300815561939868
ASRGL1,0.12685640112630492,0.3114869506447059,0.7570651142285489,0.9300815561939868
TIMM23,-0.05174332808256388,-0.3110403821824506,0.7572397302611628,0.9301992732292432
PELI1,0.09894147104744011,0.31059553051406985,0.7575884948250804,0.930419149486782
ACOT11,0.1303611602536614,0.3107336384703733,0.75759784267799,0.930419149486782
NME1,-0.15867388647841008,-0.31050881977925465,0.7576551701835184,0.930419149486782
JAM2,0.13350178059246876,0.31022864781756987,0.7580074102451143,0.9307220498645034
LIN37,-0.126593365014811,-0.3103315129429867,0.7580595094830326,0.9307220498645034
DDX49,0.08919731144989385,0.31056673516436617,0.7582400767830919,0.9308469328644343
TLE3,0.13223412907105248,0.3098422955723747,0.7583491666853069,0.9308840504024174
ASCC2,0.08995015697489439,0.31092111034233333,0.7585406331161761,0.9309773282404791
IDE,-0.10828940263164455,-0.309261869556623,0.7585828818589723,0.9309773282404791
SRA1,0.05883223298787854,0.30886384106001413,0.7588894462983361,0.9312567477704634
CLIP1,0.10500220040079888,0.3092199304379662,0.7594146776325917,0.9317780425504486
PAK3,-0.14785695278598032,-0.30808954767160884,0.75961100212912,0.9317780425504486
PLA2G12A,-0.07771252891852498,-0.30853977619263323,0.7596658179143606,0.9317780425504486
NSMCE3,-0.1576358555581452,-0.3078205576884212,0.7596854972446364,0.9317780425504486
BRCA1,-0.1338156937899153,-0.3077943048856112,0.7597089080515093,0.9317780425504486
LRFN4,0.1318951003726987,0.3075536608487863,0.7600174217710589,0.9319144407303772
PARP11,-0.1259454818422019,-0.30726431141941873,0.7601302759696026,0.9319144407303772
ITPKC,0.16573390754869877,0.30719523471592836,0.7603311326859751,0.9319144407303772
TOE1,-0.1302490662015141,-0.3067318020027114,0.7605067537271036,0.9319144407303772
ZNF596,-0.14160705096819948,-0.3066505465492113,0.7606671038048703,0.9319144407303772
N4BP1,0.14781183624905925,0.3066501751476759,0.76067125378616,0.9319144407303772
ITPK1,0.1401237452660915,0.3065853807293734,0.7607039492463805,0.9319144407303772
ZNF609,0.14706149451617145,0.30648943200145484,0.7607654650798079,0.9319144407303772
EIF4B,0.05143410262351544,0.3063137718683174,0.7608336333341578,0.9319144407303772
CERS5,0.05368778243210226,0.30646910958420337,0.7608938043900543,0.9319144407303772
ABHD18,-0.10992949238668137,-0.3062355010196988,0.7609276098106237,0.9319144407303772
CARD8,-0.1346728991435926,-0.30600415335645587,0.7610893943333799,0.9319144407303772
GBF1,-0.15880443244342501,-0.30591308809250234,0.7611137267769384,0.9319144407303772
PLXNA2,0.11616503421208613,0.30559361421268627,0.7613654522356871,0.9319144407303772
ZNF100,-0.14447752532071867,-0.3055577835399682,0.7613942705915516,0.9319144407303772
MTA1,-0.09981867229112407,-0.3062303967038199,0.7614788940663898,0.9319144407303772
ZNF638,-0.13170582675069475,-0.30556406618838683,0.7614875699718726,0.9319144407303772
TNFAIP1,0.11306727391102767,0.30580246676855605,0.7615334037709572,0.9319144407303772
MAGI2,0.13640293045519503,0.30558810281868104,0.7615706432560616,0.9319144407303772
IKBKB,-0.0981132984389137,-0.3052363054127256,0.7616480149346494,0.9319144407303772
SNRNP35,0.0953450549910908,0.3062622570650212,0.7616549539574974,0.9319144407303772
CMTM7,0.1357032246444736,0.30547249568742096,0.7616817285877953,0.9319144407303772
RTEL1,-0.1262614710082013,-0.30526079464179995,0.7617045609226335,0.9319144407303772
MARVELD1,0.10721526338509957,0.30556522090476657,0.7617147343165955,0.9319144407303772
C6,0.1137477227699859,0.3049736589477726,0.7618594625787546,0.9319949176934921
MAPK8IP1,0.14603136493702196,0.30501182448679887,0.7619798896781654,0.932045653056755
RPS4X,0.042136416455839765,0.30447116532782176,0.7622136307619729,0.9321412876159761
TBC1D2,0.11857477680086448,0.30455202259752406,0.762215997404237,0.9321412876159761
SORT1,-0.16792185255232006,-0.30445166271878377,0.7623008786391035,0.9321485262414145
CREBL2,-0.1192507296455716,-0.30380204179370063,0.7627164169279217,0.9324097088461326
ENSG00000274422,0.11517344598213608,0.30386359455515344,0.7627225171948498,0.9324097088461326
PIGN,-0.09637003556448542,-0.3037385969299429,0.7628188789662012,0.9324097088461326
ZNF436-AS1,-0.14457093255494757,-0.3037752226904926,0.7628304081351925,0.9324097088461326
TNFSF12,-0.1601884179126598,-0.30381166249895225,0.7629113269652302,0.9324120731778179
INCENP,-0.10984989520082555,-0.30336650505063223,0.7631314446252196,0.9325219432014832
MYOM2,-0.1357414206266423,-0.3031991503911749,0.7631981553678073,0.9325219432014832
LARP1,-0.10794294684320693,-0.30319044634950854,0.7632421512423396,0.9325219432014832
COG4,-0.10894384525235523,-0.30305359403217136,0.7633171992508202,0.9325219432014832
ADAT3,0.13673004738449768,0.3029505545586328,0.763505240783846,0.9326408517381636
LRRK1,0.12678288576368857,0.3027472950577768,0.7635725397754638,0.9326408517381636
LYSMD3,0.137899582958263,0.302758816888493,0.7637193893155133,0.9326480918580332
ARHGAP19,-0.12337663456548342,-0.30255211644669644,0.7637364764075907,0.9326480918580332
RNF180,0.13855395140555515,0.3022447529374419,0.7639009279649801,0.932719713868918
PPFIBP2,-0.1356025176115736,-0.302251631084713,0.7640338177759255,0.932719713868918
NAA40,-0.1405593089391668,-0.3021313770535668,0.764070965323071,0.932719713868918
UBA1,0.0540164581764877,0.30196673932538354,0.7641111692356041,0.932719713868918
POP4,0.05750168332072114,0.30219924389840513,0.7643442483448656,0.9329077596889102
TWF2,-0.052352236824687814,-0.30150393858463176,0.7644741031335878,0.93291713249765
POLR3A,-0.1282470671328948,-0.30132360578925865,0.764672882132414,0.93291713249765
IFT80,0.1440884571399379,0.30133430397695177,0.7647503559279036,0.93291713249765
NDUFS8,0.04770795444458287,0.30085322530151565,0.7649480276315882,0.93291713249765
BLOC1S4,-0.04572251189882692,-0.3009974172458824,0.7649587421389243,0.93291713249765
FKTN,-0.1304059865216156,-0.30078278182141005,0.7650087401405297,0.93291713249765
ATP5PF,0.0321278274325536,0.3005743015058642,0.7651974053624581,0.93291713249765
PIGK,-0.07963200213264443,-0.3008087192033364,0.7652407794053648,0.93291713249765
CBLB,-0.08648188946268576,-0.3003736573003241,0.7653077120999277,0.93291713249765
AFG2B,-0.13036665948684067,-0.30046776887424076,0.7653327050727214,0.93291713249765
TRIM68,-0.1350774576647713,-0.3002797545012954,0.7654102692568763,0.93291713249765
KANSL2,0.1329158181635437,0.3005243495648148,0.7654289169104401,0.93291713249765
MUL1,0.10466096212186393,0.30043176524791865,0.7654473029068654,0.93291713249765
TESK1,-0.15943203107927006,-0.30041591878943996,0.7654583096461023,0.93291713249765
RBSN,-0.10530661552761078,-0.29985281925593815,0.7657014612646705,0.9331171415535703
GPR20,0.18953461194258914,0.3000406945717512,0.7657932290962163,0.9331326454872867
BMI1,0.09380776370143096,0.30005687816159377,0.7659188470326336,0.9331893889173537
COX10,0.1178045857472636,0.29971584372498045,0.7660583554699503,0.9332156305889494
VPS13C,-0.06962098124135618,-0.29928777587354993,0.7661296686055433,0.9332156305889494
NDUFA2,-0.030722246160549638,-0.29937565488154716,0.7662893356187455,0.9332156305889494
EZR,0.1394691317855301,0.300476699251418,0.766381832388357,0.9332156305889494
FRRS1,-0.14310656492182128,-0.299210826539747,0.7664832362852699,0.9332156305889494
ZNF382,-0.1347313638906087,-0.29861140660449376,0.766718060065823,0.9332156305889494
THEM6,-0.13023779596825014,-0.2986738926711198,0.7667399917025224,0.9332156305889494
MACO1,0.07874258003516843,0.29844119938131314,0.7668372447084691,0.9332156305889494
KMT2D,0.13868104870081766,0.298401552671211,0.7668393369024201,0.9332156305889494
PPWD1,-0.1206669062064103,-0.29825430246699086,0.7669130605908913,0.9332156305889494
ATOSB,0.1311551493828742,0.298310820603812,0.7669555207744856,0.9332156305889494
ELAC1,0.12214187630806883,0.29816017605547335,0.767026719756624,0.9332156305889494
RGS6,0.15342781680960393,0.2981781535746235,0.7670316917672804,0.9332156305889494
IFT81,-0.09591201685902728,-0.2984878120437161,0.767047121016906,0.9332156305889494
ZFP37,0.14898559071051043,0.2980715803057115,0.7671640640740236,0.9332617246902153
ZSCAN9,0.13006012614985618,0.2978136776920318,0.7673042575587384,0.9333360907244623
PABIR2,0.12450304003214674,0.29760637004184615,0.7675044548582292,0.933471984597809
TENT5B,-0.1476869008550672,-0.2974450208399645,0.767574125751032,0.933471984597809
TAMM41,-0.13188679751781285,-0.29732710303658827,0.7676822933633469,0.9335073622944283
LINC00092,-0.1342367373629172,-0.2968878859001334,0.7680007369260148,0.9335822542746066
SLC25A5,-0.03398559470974405,-0.29715505265048403,0.7680205384565112,0.9335822542746066
ENSG00000256116,-0.1499807625755185,-0.2970529496008442,0.7680285282186631,0.9335822542746066
ZFAND2B,-0.06386374758231206,-0.29658325790475143,0.7681843351328626,0.9335822542746066
DNAL4,-0.10465928065655561,-0.29655234016718757,0.7682073072112382,0.9335822542746066
SPECC1L,-0.10670262355175986,-0.2965145217655843,0.7682907604882561,0.9335822542746066
KIAA0586,0.13064212365048355,0.29650081123223004,0.7682974671984586,0.9335822542746066
AGAP3,0.11040869917715002,0.29640764251723783,0.7684885495161127,0.9336294541162453
SDE2,0.1294487614580877,0.2959852845463339,0.7686440267221109,0.9336294541162453
FNIP2,0.142592848700537,0.295944937439893,0.7686662330110224,0.9336294541162453
FBXL15,-0.09747462281607433,-0.2969968136999205,0.7686739415921324,0.9336294541162453
UROD,0.04365614460546485,0.2960880596461544,0.7687317487513684,0.9336294541162453
ELP4,-0.10578357108330039,-0.2960810076616431,0.7688858771258088,0.9337172511607531
ZFYVE1,0.14850028280156558,0.2956406510120875,0.7690097342636756,0.9337172511607531
NCBP1,-0.13555817938726777,-0.2956729940147372,0.7690413242724271,0.9337172511607531
GRTP1,0.12589343619869853,0.29538229683521355,0.7692800636543675,0.9338744825206378
RAB24,-0.05876642869239923,-0.29510735811340827,0.769329042144278,0.9338744825206378
CARMN,0.18892334164154123,0.2947055468740865,0.7697262366686053,0.9342605617800622
DNMBP,0.1611294850892584,0.29405606975930265,0.7701084352027819,0.9344093184347324
RPS3A,-0.02581940001461369,-0.2939575818818391,0.7701936047507427,0.9344093184347324
NUDT9,-0.10909786555845447,-0.29396846921514663,0.7702540970779407,0.9344093184347324
TMEM44-AS1,-0.12872342286390914,-0.29388513317950044,0.7702666517002209,0.9344093184347324
KDM7A,-0.14483652645194578,-0.2938191121139741,0.7702956230831749,0.9344093184347324
PPP4R3B,-0.052333367633358385,-0.2938323267884489,0.7703237176625849,0.9344093184347324
UNC119B,0.13418166759950267,0.29332914190470466,0.7707351294191273,0.9347521852688636
GGH,-0.11329403977488495,-0.2931810535773132,0.770764741330548,0.9347521852688636
RTL8B,-0.11270086464585649,-0.29296877761541257,0.7709859431624444,0.9348977883178105
IRF3,0.1025091101760145,0.29270186922039904,0.771211785288517,0.9348977883178105
YTHDC2,-0.10565298792525546,-0.2930365436378427,0.7712155855773014,0.9348977883178105
FANCF,-0.1312258494264067,-0.29262900381309626,0.7712289407545809,0.9348977883178105
WDTC1,-0.09548403991793908,-0.2923148184690248,0.7714227722770666,0.9348977883178105
FUNDC2,0.028216950243873384,0.2921684862921314,0.7715382163925346,0.9348977883178105
RAPGEF6,0.14756083256632335,0.2920691895139894,0.7716162722283505,0.9348977883178105
MDN1,-0.1578896943790431,-0.2919556013245423,0.7716939105307048,0.9348977883178105
NDRG3,-0.055678914456476214,-0.29234326805864236,0.7717230048842244,0.9348977883178105
NUP205,-0.11436723799547543,-0.2918194966210382,0.7718474596966709,0.9348977883178105
CDO1,0.11307977194248409,0.29240955883859576,0.7718620419527553,0.9348977883178105
ALCAM,-0.08933989245845808,-0.2924211138896067,0.7719431518260055,0.9348977883178105
MIR762HG,0.12881399294951046,0.29165900279252016,0.7719938479208847,0.9348977883178105
CLIC4,0.04992565517746783,0.29153751931064026,0.7720108115417347,0.9348977883178105
ENGASE,-0.12408776133803823,-0.29152396143153336,0.772134665979674,0.9348977883178105
SDSL,0.14183895975085026,0.29138674591241065,0.7721982033229942,0.9348977883178105
MED27,0.13867007032304457,0.2912717029746228,0.7722311168053342,0.9348977883178105
NOL9,-0.1332844652563221,-0.290971875270506,0.7724769215225851,0.9350169608042236
SMC4,-0.09732734775514329,-0.29107005271262365,0.7725484336624882,0.9350169608042236
IDNK,-0.12963204629402858,-0.2908204111127564,0.7725671694777126,0.9350169608042236
OSBPL1A,-0.05019879641562408,-0.290648679560508,0.7729172337538879,0.9352498535318207
IQSEC2,0.11871953021732695,0.2903429006181001,0.7729180492212149,0.9352498535318207
SCAI,0.1335767606871836,0.2901246026552851,0.7731673490200951,0.9354556272606562
PTOV1,-0.05768723536704545,-0.29010827839323844,0.7733048431651213,0.9354879038832912
SNRK,0.11180506544758817,0.2899354278078769,0.7734161664352142,0.9354879038832912
SRL,-0.14118024744754543,-0.28976661709177826,0.7735704715864952,0.9354879038832912
KLHL28,0.05440585886068838,0.2894329024351702,0.7736097590651392,0.9354879038832912
F2RL1,-0.13084821098776112,-0.28952363985514656,0.7736428939671907,0.9354879038832912
AHCYL1,-0.06766396262669705,-0.28929240776121146,0.7737182369010955,0.9354879038832912
ACVR2A,-0.13566376629795718,-0.2892262676036082,0.7737705521224006,0.9354879038832912
CD2BP2,-0.05251012152957735,-0.2891261182145783,0.7738430489368117,0.9354879038832912
ERO1B,-0.10785580500272873,-0.2892256732746634,0.7739072316242458,0.9354879038832912
TUBGCP3,-0.09233768717854662,-0.28894790103788565,0.7740632486248286,0.9355806951997646
BNC2-AS1,-0.13032686785513925,-0.28872686666148506,0.7742507196316312,0.9357114808815936
VIPAS39,-0.12931482771943115,-0.28857176365766907,0.7743614559178836,0.9357495124486249
CASTOR2,-0.1531269834135165,-0.2882993484034082,0.7746642467611458,0.9360195939626741
MED25,-0.11648385560665453,-0.28803605378508546,0.7748142220497244,0.9361049934804008
KBTBD6,-0.1282176678330731,-0.2877759752516378,0.774964851146852,0.9361911653488117
TMED2,-0.09752737194599526,-0.28807484718931153,0.7753864730000737,0.9362439778244084
DMKN,0.12197167131641029,0.28712986639339844,0.7754096126396337,0.9362439778244084
ENSG00000237773,-0.14340506567730893,-0.28736268660868813,0.7754382367071481,0.9362439778244084
CHTF8,-0.04165516869668817,-0.2870285966150192,0.7755395611521609,0.9362439778244084
MED18,-0.1183055801832078,-0.2869389369672973,0.7755957008240422,0.9362439778244084
AOC3,0.1380995963061009,0.28701070673003803,0.7756913008652708,0.9362439778244084
DENND6A,0.10851663535717648,0.28649497859692646,0.7758437876162735,0.9362439778244084
ARMC9,-0.1306047400693071,-0.28649295047854084,0.7758913996285804,0.9362439778244084
NHSL3,-0.133213802718944,-0.2864161629400845,0.7759227331391424,0.9362439778244084
JHY,0.13193443291051388,0.2864085313477397,0.7759298017348453,0.9362439778244084
ZFR,-0.049006581390368176,-0.2864519772873973,0.7759449809458893,0.9362439778244084
LRWD1,-0.12011783877208027,-0.2864958044405237,0.7759602777665406,0.9362439778244084
ACE,-0.13289201984603682,-0.28622455524976154,0.77609022210711,0.9363050661190019
RPA3,0.08904247568621493,0.28707158024368823,0.7761833809651909,0.9363217670441528
ARL5A,0.05222966601413859,0.2862260551924683,0.7763799425535213,0.9364631880907651
SLC2A6,0.1323840392386768,0.28590040981379783,0.7764991769912301,0.9365113183879721
BUD13,0.10538227010445134,0.28565426742711986,0.7767658267559778,0.9366672124942816
TMEM140,0.13498837676918773,0.28593975025631185,0.7767871249740803,0.9366672124942816
RGP1,0.12667228951834097,0.28519738864299643,0.7768855740012618,0.9366902462552237
DAB2IP,0.13506805199281935,0.28487205840953433,0.7770833475625729,0.936722817952319
NOC3L,-0.10491236549978478,-0.2848597639763009,0.7772027075623745,0.936722817952319
COPS4,0.10633663148891781,0.2847793767867637,0.7772110583320454,0.936722817952319
NRGN,-0.18345731121944997,-0.284558111057717,0.7773198599704444,0.936722817952319
LRSAM1,-0.12416582928339936,-0.2843254143197279,0.7775132164226709,0.936722817952319
KCTD20,0.0636279216618334,0.2842279834397126,0.7775787574960299,0.936722817952319
RRAGC,0.08816722094497731,0.28513158846644254,0.7776999844054726,0.936722817952319
SFR1,0.10782248714581977,0.2846812995656425,0.777718674964176,0.936722817952319
UBA3,0.038327019691114295,0.28406829561041314,0.7777471143080442,0.936722817952319
SLF1,-0.13624172458088557,-0.28410776643007907,0.7777523797029773,0.936722817952319
SKIC3,-0.06719154339097422,-0.28407036286928583,0.7778468677540683,0.936722817952319
TENT4B,0.12517918482374935,0.2839681990677775,0.777936291369357,0.936722817952319
GRAMD4,-0.12631709330670504,-0.28379462696347857,0.7779441344518879,0.936722817952319
PEX26,0.11272901860934903,0.28325611737680906,0.778412430619889,0.9370386982014077
TYK2,-0.13303082599775573,-0.28308694849252214,0.7784459836895665,0.9370386982014077
CGAS,0.14345137638449446,0.2831523938553864,0.7786011191352502,0.9370386982014077
CDCA4,0.12644010528497152,0.2827397255263277,0.778798719541723,0.9370386982014077
SLC44A1,-0.05945075984471959,-0.28259535401878,0.7788157500726688,0.9370386982014077
B3GAT3,0.04656707179991759,0.28268986466840684,0.778826740084641,0.9370386982014077
LRRC8C,0.14836580653467113,0.28257116875749605,0.7788341720207896,0.9370386982014077
ZNF594,-0.1117588941880645,-0.28272465007443565,0.7788414829946813,0.9370386982014077
BCLAF1,-0.037756795976250146,-0.28187242547723684,0.7794280112948145,0.9376487998914997
PHYHIP,-0.14359888349504812,-0.28213210676795814,0.7795443351390577,0.9376909501426883
RIPK1,0.1290669492917078,0.2817557009019577,0.77966036989897,0.9376909501426883
ANGEL2,0.09048968876423036,0.28225619564263094,0.779701344057656,0.9376909501426883
ZNF423,0.1253749409824172,0.28160748048947576,0.7798147371954391,0.937731788997877
ANKRD36C,0.10518154192224838,0.2814056823880792,0.7800030112298171,0.9378626550792413
IKBIP,0.05591558142904507,0.281497524416041,0.7803134641315321,0.9381403853827006
STAMBPL1,0.11449134451444642,0.28043336670621705,0.7804598224953148,0.9381438628356183
SLC25A13,0.11535605881727129,0.28080226427667143,0.7804752966462183,0.9381438628356183
TRAF3IP2-AS1,0.11822876207725663,0.2802725446496334,0.7805982549834005,0.9381961311422361
DONSON,-0.11690976110592644,-0.28008663166652686,0.7807561782704265,0.9382331025501699
NCK2,0.14018469553342827,0.2804127372542512,0.7808076443254864,0.9382331025501699
RNF26,-0.10766346443367691,-0.28000345644167574,0.7808988065858072,0.9382331025501699
ALS2CL,0.13211838471668957,0.2799482556714859,0.7809469263581507,0.9382331025501699
NMRAL1,-0.09852861646921518,-0.2797302375935463,0.7810529312244345,0.9382649692789712
LINC01615,-0.12779953988769077,-0.2793319346263408,0.7813760290019173,0.9385575928334995
ZNFX1,0.05121693079562917,0.2789568674565341,0.781586846738614,0.9386336982711669
ZNF583,0.12013515862061741,0.27903280453768,0.7815984120292733,0.9386336982711669
NUDT16L1,-0.08508013522037228,-0.27949784184304066,0.7816870409818343,0.9386446464032707
FAM98A,-0.0516709223714491,-0.2788258003667261,0.7817670325028628,0.9386452215923815
CGNL1,-0.11948337576992296,-0.2781745312080471,0.7823524397205216,0.9392525730601807
MED21,-0.053510935098514345,-0.2784322021525924,0.78254390915922,0.9392897127338999
HSP90AB1,0.05433316569663482,0.27822048957611034,0.7825494334570259,0.9392897127338999
SYN1,0.11150487311724788,0.277725486771915,0.7826220766158949,0.9392897127338999
MRPL9,0.0951992483175017,0.27723386716712684,0.7829601250881412,0.9393492909936939
ASXL1,-0.08351807364492458,-0.27739205111033605,0.7829687358130577,0.9393492909936939
CCHCR1,0.12139356582696115,0.2771786233495383,0.7829843382458415,0.9393492909936939
ACLY,0.08969968838741504,0.27831571974238395,0.7830270323157607,0.9393492909936939
RRP1B,0.12022510292173205,0.2771330594793765,0.7830695783709396,0.9393492909936939
CUL3,0.11553413964960324,0.27784552821176967,0.7831660390467238,0.9393695479523038
EPG5,0.13465278029060856,0.27678520396473455,0.7832913065305769,0.9394069665863047
CSTPP1,-0.06206586671855874,-0.2766602200617055,0.7833563895870889,0.9394069665863047
RDH5,0.12712766020379318,0.27658105485244866,0.7835098075465966,0.9394955081856347
USP24,-0.11025341603726968,-0.27614383698386147,0.783779688375092,0.9396519895750417
CETN3,0.10409691861744275,0.2767781658553525,0.7838051174199583,0.9396519895750417
RAB14,0.03554100677069094,0.276196498006047,0.7838791015108014,0.9396519895750417
ZNF81,0.11831851977288532,0.2758709235612621,0.7839837224080493,0.9396819822344421
POLR1H,-0.07526201064143656,-0.2760020735591892,0.7841149153140555,0.9397123202043735
MED1,-0.12052441944791292,-0.2755841434703826,0.7841682394183213,0.9397123202043735
PSMB8,0.03862778517339205,0.27540207289271396,0.7843310183426753,0.9398119845244906
TRIP10,-0.03895488781807899,-0.2754361613974228,0.7844345546470503,0.9398406493056356
HSPA5,-0.092361583115105,-0.2749517741789752,0.7848250634848982,0.9402130986847193
CHTF18,-0.1016058652829741,-0.2744958293169955,0.7850182151538986,0.9403415370629568
MTF1,0.11465045270487462,0.2744189259281068,0.7850915874030073,0.9403415370629568
MIR497HG,0.05818843944901353,0.2743906078417735,0.7852037741084725,0.940380496434059
ANKRD27,0.11482852642495844,0.2737565932793276,0.7855885053395525,0.9405166516345436
ALG5,0.08609012877172706,0.2749530597966242,0.7856219836992244,0.9405166516345436
PIDD1,-0.12923523768252165,-0.27370779612708707,0.7856559383858295,0.9405166516345436
ANO6,0.05932968538983907,0.2737517543947627,0.7857182935829219,0.9405166516345436
MBNL2,-0.0558738661133118,-0.2735358977061788,0.7857229724976903,0.9405166516345436
PC,0.11451219008737978,0.27356036099670233,0.7858627934976803,0.9405166516345436
SPIN3,-0.11983838879175535,-0.2733806908939532,0.7858751589769706,0.9405166516345436
DDB2,0.11087011153155313,0.2728940175230279,0.7862132912289164,0.9405331938936943
ZNF3,0.11636449943259164,0.27281046556545774,0.7863316716414094,0.9405331938936943
LRRC27,-0.1306178514878531,-0.27290651692275475,0.7863448800974472,0.9405331938936943
ITGAE,-0.06250618842140376,-0.2729239747038535,0.7863654054876341,0.9405331938936943
INTS10,-0.04607030922569777,-0.2728286481607778,0.7863668551626568,0.9405331938936943
IDH3A,-0.06199181366437578,-0.2728473137982147,0.7863670159873581,0.9405331938936943
AZI2,-0.03998649946096666,-0.27240976712111314,0.7866360743839743,0.9407596857565411
USE1,0.08714385083418819,0.2728291832789864,0.7867971745515017,0.9408570346009397
OXR1,0.07872360095697761,0.27186302009746965,0.7870763412587167,0.9410955341394865
POLG,0.1162418718504763,0.271705265691872,0.7872919080581775,0.9412579476024697
MBNL1,0.04775219029667266,0.27113511589697936,0.7876622975347988,0.9415531337328009
TSPAN17,0.1400778832371974,0.27122056779056863,0.7876983268737944,0.9415531337328009
NUBPL,0.10058688389760073,0.271070016229774,0.7878353450811536,0.9415564427429433
ENSG00000263424,-0.1130729621438793,-0.27083334573627355,0.7878606134192965,0.9415564427429433
DAB2,0.04493328123355855,0.2707422455434149,0.7882133964802087,0.9418826951562773
ERVK3-1,0.09786587042527106,0.2702340911628003,0.7883746373229041,0.9419800195948261
ENOSF1,0.11588556961403551,0.2700837334467906,0.7885372115470707,0.9420789173477553
PLCL1,-0.1275612233645962,-0.26959901245147283,0.7887317774096121,0.9422160121757205
RADIL,-0.12930417820516293,-0.26934006008218886,0.7889582992539574,0.9422368900124605
ZNF593,0.0694976185611873,0.26971813988905813,0.7889859404572035,0.9422368900124605
HMBS,-0.10345503001423184,-0.2692605570889028,0.7890910211823022,0.9422368900124605
PIP4P1,-0.09588293302383022,-0.26929969167585155,0.7891152201154255,0.9422368900124605
ZHX3,-0.12654721062315222,-0.26971381835290587,0.789164548205871,0.9422368900124605
CALU,0.04575454887016317,0.2693473257124096,0.7893866267976376,0.9422368900124605
YPEL4,0.12078248083378806,0.26892021108654773,0.7894379952398958,0.9422368900124605
ZNF429,0.12788766487619352,0.268700673210989,0.7895114612972359,0.9422368900124605
MAP7D1,-0.05202262564843263,-0.2686482531145971,0.7895305655666623,0.9422368900124605
COX20,-0.0542684518084009,-0.2687509883542787,0.789547421940132,0.9422368900124605
ZNF101,0.09849850098150914,0.26842283566709085,0.7896349020520316,0.9422460344409413
CERS4,0.10753932967173974,0.26816905872088964,0.7898338993003168,0.9423528907314546
CAMSAP1,0.11607711088832984,0.2680861383570454,0.7899068611150324,0.9423528907314546
BANP,-0.12195735471725389,-0.2680615263183252,0.7899639311036403,0.9423528907314546
ARHGEF40,0.09703832322863004,0.26739545575771395,0.790558407445795,0.9429667575929687
SEC23B,0.10632411729621394,0.2670855793823361,0.7906567493774315,0.942988778177468
BRWD3,0.12241679481867918,0.2667731536993479,0.790902788306108,0.9431748712723917
PDIA6,-0.05864924138022509,-0.26694176601430486,0.7909725731128063,0.9431748712723917
MKNK2,-0.12364306100297817,-0.26620559498784485,0.7916184976969571,0.9438497490468214
PCED1A,-0.09570131301797069,-0.26556061100566747,0.79188307266506,0.944041251195439
PPP1R37,-0.11747749617270431,-0.26540891814433404,0.7919390521464152,0.944041251195439
ZDHHC18,0.12026635421529308,0.2651501843410866,0.7922523834199072,0.9443194049143785
C12orf76,-0.040243083909206945,-0.2644586733691135,0.7926680412557047,0.9446609079504458
TJAP1,0.10317675409164284,0.2645936308988496,0.7926989372432965,0.9446609079504458
TXNDC15,0.041277998676251926,0.26424803450741946,0.7928226895352832,0.9447130160456261
SEC23IP,-0.06428252708303983,-0.2645118547445782,0.7929962497684409,0.9448244578639932
ATP5MJ,-0.03931110004014293,-0.2637717605739199,0.7931873516110741,0.9449567752314795
AP4B1,-0.12763785849822762,-0.26349091250311735,0.7934152130806373,0.9451316504722495
RHOC,-0.06691165881402927,-0.2635102825895763,0.7934942641110093,0.9451316504722495
SLC39A7,0.05492121782581183,0.26318453320039575,0.7936409084757629,0.9452109488051231
DGKD,0.11920483903644952,0.2630655792179705,0.7937443498667182,0.9452143066435847
NT5DC3,0.13254960552763428,0.26296718712902406,0.7938038658250317,0.9452143066435847
PPP1R3D,-0.1032134480970397,-0.2625783310515522,0.7941239051905042,0.9453899182915708
UGDH-AS1,0.11130648224708506,0.2624938972666851,0.7942846882437818,0.9453899182915708
HIBADH,-0.0723011618913505,-0.2628804380216075,0.794332887806919,0.9453899182915708
PPIA,0.032790262738098264,0.2622208363651047,0.7944101733532154,0.9453899182915708
PAXBP1,0.13158334518005477,0.2622692182461485,0.7944913014794229,0.9453899182915708
RPP38,-0.1130423539155645,-0.26215901729630336,0.7945060468637094,0.9453899182915708
NSD1,0.11000760616571892,0.2617619905837809,0.7947315474214774,0.9453899182915708
TOMM5,-0.04310205407351475,-0.2617589655861908,0.7947481966639717,0.9453899182915708
HIVEP1,0.11269559970939902,0.26210847575689455,0.7947895041117781,0.9453899182915708
EP400,-0.08531112576509958,-0.2619462401926896,0.7948127419831018,0.9453899182915708
ACBD5,-0.09349028992296571,-0.26204566231663623,0.7948389132427909,0.9453899182915708
SWT1,0.11317769712431236,0.261456029450559,0.7949649061249422,0.9453899182915708
PTPRG,0.09221264428544096,0.26221688819680783,0.7949924370080833,0.9453899182915708
DTD2,0.10742649556027617,0.26138542723372415,0.7951314160519597,0.9454135422967382
COX4I2,0.14712009407769067,0.26165915868583,0.7951724744993066,0.9454135422967382
PCDHGC3,-0.08227234427667884,-0.2609536186588712,0.7954374353690322,0.9454236473531253
BBS5,0.11583316428237556,0.2610286685933032,0.7954558035004743,0.9454236473531253
DDX41,-0.1272238586738199,-0.2609668423921934,0.7954912806299788,0.9454236473531253
RAD50,-0.09141380010363687,-0.26071685514485227,0.7955805923668673,0.9454236473531253
QSOX2,-0.11985975033110763,-0.26081652711697917,0.7955814072686105,0.9454236473531253
UBAC2,-0.07505789459665024,-0.26047299610743313,0.7958472950579695,0.9456444205495048
TPP1,-0.059830614477742294,-0.2601577862530342,0.795959420778648,0.9456824639987862
RAB9B,-0.12286529148336567,-0.260069122895514,0.7961328770012478,0.9457456939113426
CRIM1,-0.14740797909986014,-0.2599923611664852,0.7961920105492294,0.9457456939113426
NUP153,0.10942279069780447,0.25992252711639957,0.7962529819385712,0.9457456939113426
SLC39A1,-0.05181155284937322,-0.2594813560229652,0.796559355209708,0.9458809735398079
GATAD2A,0.08685797957787145,0.25948517327635545,0.7965675639620439,0.9458809735398079
HNRNPLL,-0.07979164869457644,-0.2596492561269454,0.7966072544627505,0.9458809735398079
ZNF780B,-0.12228183909840196,-0.2592380819838939,0.7966992341967585,0.9458950477413993
TMEM241,-0.11002142584523256,-0.2591881181040836,0.7967801857327442,0.9458960270087536
ZBTB49,-0.09553047144700888,-0.25892433107949847,0.7969475471578924,0.9459749490396643
ADNP2,0.11402348182677846,0.2589335970899177,0.7970069329223636,0.9459749490396643
LEMD2,-0.10174925685919067,-0.25903583993260315,0.7970953278030537,0.9459847536659344
KIF21A,0.1387546108367701,0.25860800241864657,0.7972034381981233,0.9460179521440336
PLPP7,-0.11183148087880523,-0.25837178414691575,0.7973260777217448,0.9460304132889447
TOPORS,0.04730924004089054,0.25855819552028986,0.7975811236728472,0.9460304132889447
RPUSD1,-0.11334178361852976,-0.2587006244434433,0.7975916599205947,0.9460304132889447
RANBP10,0.10740132913342748,0.25805919769617797,0.7976713801586778,0.9460304132889447
RPS6KB1,0.11720014290048164,0.2578795846201904,0.7977027787271059,0.9460304132889447
PEX19,-0.10232810191371478,-0.25819477537065444,0.7977285732736891,0.9460304132889447
ASH1L,0.04643716553242605,0.25778526549887654,0.7978357759832665,0.9460304132889447
MBTPS2,0.13837237451754225,0.25759328730470105,0.7979522590990427,0.9460304132889447
PDCD2,-0.05105452772140051,-0.25745294582116407,0.7980444387701192,0.9460304132889447
CYP27A1,0.09637931261439281,0.25815885836631464,0.7980842543830313,0.9460304132889447
SLC25A37,-0.04976069031865382,-0.2574251657171555,0.7981503467753364,0.9460304132889447
SDHAF1,0.11967918379459963,0.2579139498659832,0.7981755964725021,0.9460304132889447
KCTD21,-0.11197532221413953,-0.2569601897614547,0.7984820187041154,0.9462361031139381
PIAS4,0.0916385019678474,0.25676965663351603,0.7986066082955594,0.9462361031139381
FKBP15,-0.09736235096002144,-0.2566145250884799,0.7987037694365683,0.9462361031139381
NAGA,0.11876085286283056,0.25625467704283716,0.7989559837543139,0.9462361031139381
NEK8,0.09754461452800944,0.25627837353305105,0.7989611415989021,0.9462361031139381
SMC2,-0.07681385437182087,-0.25617553104527324,0.7991030593361231,0.9462361031139381
YBEY,-0.1049079590736941,-0.25647171812145153,0.7991160699683016,0.9462361031139381
KLHL23,0.13965231126478006,0.25625855111544477,0.7992451899306667,0.9462361031139381
SLC4A4,0.12472417241580436,0.25578873371660055,0.799331186332576,0.9462361031139381
METTL5,-0.03808262949633878,-0.2562754410309267,0.7993856273799309,0.9462361031139381
SLC41A2,-0.12023359795066657,-0.2559157233413038,0.7994000526265214,0.9462361031139381
ANKRA2,-0.10231774419176087,-0.2556404621005892,0.7994496392680253,0.9462361031139381
ASMTL,-0.08779610519428882,-0.2564260982893399,0.799494673009649,0.9462361031139381
PGRMC2,-0.06780284395159075,-0.2556897890009228,0.7996145651930869,0.9462361031139381
MAMSTR,0.12098080489864338,0.25522693104442146,0.7997746869560312,0.9462361031139381
GTF2F2,0.07204166740121742,0.2558735020345497,0.7997892326681248,0.9462361031139381
SRSF1,0.04692313221148847,0.25503408667785515,0.7999388881158062,0.9462361031139381
RPS6KA5,-0.11262086896972479,-0.25498311841535376,0.7999434305690709,0.9462361031139381
GOT2,0.09845821490895457,0.2548752434625803,0.8000116383390639,0.9462361031139381
RASAL2,0.12169068951240414,0.25486329932521284,0.8000169570582009,0.9462361031139381
RPL24,0.02313433875757731,0.2548739965663015,0.8000324053519878,0.9462361031139381
HDAC6,-0.10830082445353506,-0.2549561332985923,0.8001968243523978,0.9462894116275535
NDUFA8,0.03203572270862942,0.25453260996627913,0.8002703143112416,0.9462894116275535
SAE1,-0.10897385392829051,-0.25438356910538507,0.8003920681625744,0.9462894116275535
LAMTOR5,0.028505568075146037,0.2543837828051228,0.8004558939487617,0.9462894116275535
RIDA,-0.10089653797392284,-0.2543254862174318,0.8005184196886209,0.9462894116275535
RPS27A,-0.023651971701973196,-0.25415476915159557,0.8005982957378458,0.9462894116275535
NSMAF,0.08385366865593813,0.25420601764268225,0.8006640169196682,0.9462894116275535
OXSR1,-0.10490534346597613,-0.25394644948473877,0.8007236467556947,0.9462894116275535
TRMT61A,0.11358987555610378,0.25407081739149545,0.8008277255731386,0.9462894116275535
NECAP2,0.047777196753205686,0.25429458632056273,0.8009555469787806,0.9462894116275535
HTRA1,-0.072273672501316,-0.25387243037013246,0.8010176152286246,0.9462894116275535
ASAP2,0.11203962115348975,0.25357230541297027,0.8010703829965966,0.9462894116275535
COA7,-0.11002864500370269,-0.253425976808096,0.8011195577980321,0.9462894116275535
DDX19B,-0.11892312585432885,-0.25325075868194097,0.8013294520980655,0.9464355167405545
ZNF160,-0.10513267578134933,-0.2531642900614604,0.8014035938448609,0.9464355167405545
CCBE1,0.1520321350389886,0.25282625053547897,0.8016583717502895,0.9466417003613251
TM4SF1,-0.13460587962962567,-0.2529660646616536,0.8019368040396776,0.946875772323304
QRICH1,-0.09874950024818574,-0.2520991909817984,0.8021385837812668,0.9470193000837939
MYO1E,0.09795909263602454,0.2519430470750846,0.8022676869874742,0.9470770044887132
IRF2BPL,0.06175799552967565,0.2517874464063149,0.8023794044081565,0.9471141754862801
VCPKMT,0.11405419437078601,0.25167188935935486,0.8026228376888076,0.947221740906652
TFPT,-0.1163999204363666,-0.2514373830942092,0.8026512858495574,0.947221740906652
BOD1L1,0.08124407620020957,0.2514416885320994,0.8027506032698553,0.947221740906652
SEMA4B,-0.12100909297385298,-0.25126720751926784,0.8027914881635793,0.947221740906652
SELENOT,-0.04812081440099458,-0.25108756062494536,0.8029173522303428,0.9472228131168007
FAM199X,-0.10052281142649955,-0.25104472541627565,0.8029528751257793,0.9472228131168007
CHRAC1,-0.07162567653566576,-0.2510434146973338,0.8031158271485949,0.9472256559234548
PCDHB11,-0.12494860064577673,-0.2507418017054153,0.8031978869741485,0.9472256559234548
PEDS1,-0.09066837897840907,-0.2507207966487362,0.8032972409566773,0.9472256559234548
ALAD,0.12231779091837902,0.25055645424521233,0.8033448742229816,0.9472256559234548
PPIL4,0.045911232131564006,0.25054512194388917,0.8033564817539712,0.9472256559234548
COMMD6,0.029946460664120877,0.25025742706962667,0.8036750478882031,0.947451282048383
HMGCS1,-0.09815804791392857,-0.25035099205388134,0.803792753037345,0.947451282048383
IQCG,0.10026281974078532,0.2500496414464332,0.8038392748000418,0.947451282048383
STK3,-0.06490922913987518,-0.2504908702584156,0.803948467249205,0.947451282048383
PELI3,-0.10749413349684156,-0.24981421424499992,0.8039783023143399,0.947451282048383
NADK2,-0.11669709410807183,-0.24955365099130225,0.8041627468584417,0.947451282048383
CRIPT,-0.059848772168188624,-0.24937832774104832,0.8043488027324187,0.947451282048383
TBC1D19,0.11298847772514309,0.24917415916938856,0.8043864556420202,0.947451282048383
PCNX4,0.09675636647033237,0.24916018932819722,0.8044038202399452,0.947451282048383
EBP,-0.10406409152736451,-0.2495141377752352,0.8044228739961955,0.947451282048383
LRRC3,0.10097530111798969,0.24916103415969132,0.8044638839033844,0.947451282048383
EIF3L,0.04652852237138294,0.24901116609588966,0.8045109403856833,0.947451282048383
TAF5,0.10076600835624228,0.2489263185304244,0.8045997039897189,0.9474612973165718
CYC1,0.046533868988732685,0.24959546172866487,0.8048691142530608,0.9475899807860197
CCDC152,0.13016133058423618,0.24869453616109186,0.8048695245524287,0.9475899807860197
KMT2E-AS1,0.10818448834345507,0.2487780770142568,0.8049689207663969,0.9475923517422424
ZNF430,0.11728715419915003,0.2482880227750653,0.8051217818218713,0.9475923517422424
SRPRA,-0.04686563343545913,-0.24842494404761223,0.8051765796804203,0.9475923517422424
INF2,-0.08703110473409215,-0.24830208282776756,0.805192620103891,0.9475923517422424
PDCD2L,0.10437308262930145,0.2479651827860838,0.8054182662377353,0.9477468302561273
TDP1,0.11389903924809985,0.24776401949448737,0.8055265036772188,0.9477468302561273
EPS8L2,0.1247071643574591,0.24770681984346746,0.8055647348403202,0.9477468302561273
RPTOR,0.10364000018762942,0.24733777941892826,0.8058314212677935,0.9478410812900894
RNF227,-0.10759454725316786,-0.24737027209758522,0.8058430028342392,0.9478410812900894
HS1BP3,-0.11835172141457617,-0.24740376131368724,0.8058857207038228,0.9478410812900894
TMEM161B,0.11458214473847006,0.24709495413018712,0.8060296575130257,0.9479159301595207
RPS25,-0.027330614422425015,-0.246821950971965,0.8062347182766109,0.947950019609096
TMTC4,-0.1017317351029201,-0.24677392237260853,0.8062710239189488,0.947950019609096
YWHAQ,0.02540667508830019,0.24688996584978096,0.8063123113377707,0.947950019609096
UNG,-0.08097233914230628,-0.24625786360171764,0.8067781276821379,0.947950019609096
FAM53C,0.07987088395292385,0.24598836907427238,0.8068549047852173,0.947950019609096
PCNT,0.12155193510869156,0.24603295059098132,0.8068575128384694,0.947950019609096
QKI,-0.1060152606451803,-0.24602490583643374,0.8068937280704678,0.947950019609096
NDUFAF1,-0.10576011765589843,-0.2458914478701984,0.8069125135187483,0.947950019609096
CA5B,-0.06787016052316108,-0.24549930548255217,0.8072471773542164,0.947950019609096
TIMP2,0.061271988119571574,0.24602544900338538,0.8074366413536271,0.947950019609096
C10orf88,-0.10785361646403535,-0.24512569775731144,0.8075010140319188,0.947950019609096
FRYL,0.08564984881896276,0.24517068253283045,0.8075025611441293,0.947950019609096
BTF3L4,-0.0404411875468389,-0.24524120906221084,0.8077330989658092,0.947950019609096
ENSG00000232347,-0.12412656330007943,-0.24486656316294997,0.8077890972406829,0.947950019609096
ZNF680,0.12189112693390625,0.24468977694137647,0.8078844738283494,0.947950019609096
PFN1,0.032660531174609986,0.24502382733814837,0.8079115442175455,0.947950019609096
PDE2A,0.12534061850966838,0.24456492019845003,0.8080248709250442,0.947950019609096
COPZ1,0.0397071441150727,0.24456285262871175,0.8081332728803816,0.947950019609096
PAN2,0.1127379404308333,0.24425113682282196,0.8081724302080723,0.947950019609096
FBXO3,-0.11514205533162514,-0.24426134767491983,0.80824720542304,0.947950019609096
PPP2CB,0.10316348793072194,0.24410124850594503,0.8083020790471717,0.947950019609096
PCIF1,0.07113942112555449,0.24512072680282643,0.8083752039444456,0.947950019609096
PTPN12,-0.09096314179257092,-0.2440939690884477,0.8083859805323156,0.947950019609096
DYNC2I2,0.10431053677453583,0.24431608804720592,0.8084473919362335,0.947950019609096
EXOC7,0.08537796772492001,0.2438744482010081,0.8085102013121785,0.947950019609096
PLD6,-0.08843161864877058,-0.24374162686827397,0.8086308249436182,0.947950019609096
PIAS3,-0.06899763016764471,-0.24354122074652543,0.8088419733723604,0.947950019609096
HOXC5,-0.10969174744777122,-0.24339856274172172,0.8089208874000375,0.947950019609096
COMMD2,0.03257380142753874,0.24406970633246436,0.8089338493856302,0.947950019609096
PKN2,0.04456600681001621,0.24326587689828605,0.8091500524501773,0.947950019609096
MAP1LC3A,-0.03877430809978932,-0.24330522763150675,0.8091769840907193,0.947950019609096
BCL6,-0.09972867712853617,-0.24358851171838014,0.8091940953735172,0.947950019609096
PILRB,0.1023261931156556,0.24295434799998916,0.8092667570911672,0.947950019609096
TMEM259,-0.09558142737622788,-0.24290055875509778,0.8093338177477181,0.947950019609096
HERC2,0.048920739419251014,0.24264561797952885,0.8094325349117968,0.947950019609096
WASHC2A,-0.0995808969422427,-0.24272788364996992,0.809489399776134,0.947950019609096
ERRFI1,0.0991668742477092,0.2424334843748572,0.8096190844227549,0.947950019609096
WIPI2,0.07301585201798488,0.24314740562598403,0.8097129581033703,0.947950019609096
ATG4C,-0.09429430331707778,-0.24224952699436936,0.8097279297697261,0.947950019609096
TLK2,-0.11527591139254456,-0.24229847653019812,0.8097644290835746,0.947950019609096
TENT5A,-0.057539689133043304,-0.24228945268082355,0.809791230315728,0.947950019609096
ALG11,0.09565046027002078,0.2419860011328649,0.8099671284113902,0.947950019609096
OTUD5,-0.10548433647322097,-0.2419640224515612,0.8101443679191077,0.947950019609096
ODAD3,-0.1026034492186294,-0.24169251529827368,0.810242047628664,0.947950019609096
SH3BP5-AS1,-0.09522110990160781,-0.24161844487336384,0.8103285024957602,0.947950019609096
MGLL,0.06396041441374756,0.24141504766894645,0.8103784330554739,0.947950019609096
CENPQ,-0.11093665337486414,-0.24152116402994858,0.8104028885054159,0.947950019609096
BOP1,-0.096292499846935,-0.2415482024842229,0.8104092834729727,0.947950019609096
THAP11,0.1054458540479919,0.24128491885858463,0.8106993815166256,0.947950019609096
MAPK11,0.09364300007303483,0.2409236281047833,0.8107797772351718,0.947950019609096
MEX3C,-0.1091616082457425,-0.24077618950747837,0.8108475476616336,0.947950019609096
TOM1L2,-0.11436563404790201,-0.2407715475014797,0.810874131032734,0.947950019609096
LAMA2,-0.08217627728254939,-0.24099352056029005,0.8108955388901069,0.947950019609096
CBX4,0.12265355966702329,0.2405873062410279,0.8109927092821961,0.947950019609096
MITF,-0.06200230150089503,-0.24071629699231578,0.8110678225806455,0.947950019609096
DNALI1,-0.09781511391311204,-0.24046074885904176,0.8112231839359458,0.947950019609096
ZNF600,-0.11130168638283777,-0.24032540663125976,0.811262423664185,0.947950019609096
PSMC2,0.04349814688016451,0.24038064206502696,0.8113553084215899,0.947950019609096
SPRYD3,-0.08067338634854782,-0.24082154079201068,0.8113772088343684,0.947950019609096
CYP4V2,-0.10507236993094793,-0.24007030186763406,0.8114565172759369,0.947950019609096
ZNF32,-0.07769428502598963,-0.24025539189436912,0.8116851452415408,0.947950019609096
FZD2,-0.10704002890833708,-0.23976844769480352,0.8118399843884834,0.947950019609096
SDC4,0.06045992693225344,0.23945787832472742,0.8118742935502489,0.947950019609096
COL4A3,-0.12205529657683889,-0.23969747211149137,0.8118952189079675,0.947950019609096
DGKG,0.15235923368552307,0.23948547327200612,0.8119408258123366,0.947950019609096
VSIG10L,0.09389158726075308,0.23965750656286466,0.8119670002160542,0.947950019609096
GLCE,-0.09082594457642701,-0.2392597073009904,0.8120398532889919,0.947950019609096
CTSC,-0.07179233928730344,-0.2391819960239799,0.81208156945427,0.947950019609096
FBXO11,0.0811970531256403,0.23898762277286936,0.8122378296233149,0.947950019609096
ARFIP1,-0.04938221863906733,-0.23902686409503748,0.812242741711754,0.947950019609096
ZNF362,0.10272395601786055,0.23892615870395678,0.8122731575703422,0.947950019609096
CFAP418,-0.09421801046775458,-0.23891734333544704,0.8123936593521665,0.947950019609096
ASPSCR1,-0.10599227728103244,-0.23873557529339628,0.812441450049962,0.947950019609096
GTF2E1,-0.10416089889310265,-0.23879875778038887,0.8124516123018898,0.947950019609096
ARPIN,-0.07713597972061237,-0.23846001924529323,0.8126443238809916,0.947950019609096
PPP2R5E,0.1000344646829685,0.23843201396213637,0.8126530804625957,0.947950019609096
MYO9B,0.08942568780477611,0.2385768289144915,0.8126920863692391,0.947950019609096
LUC7L2,-0.04414040187132873,-0.2381420485612941,0.8128765830430427,0.947950019609096
COQ7,0.10576094374103473,0.23830412314291438,0.8128999716641383,0.947950019609096
U3,-0.10764058062017612,-0.23822285420182476,0.8130264693017742,0.947950019609096
FAM110A,0.09602142342412656,0.2378527953139593,0.8131117851988239,0.947950019609096
TRANK1,-0.07214423229550171,-0.23784340041804383,0.8131162575185619,0.947950019609096
GPKOW,0.08266041925916978,0.23764129054765398,0.8132630115425896,0.947950019609096
NEK1,0.0709536931096979,0.23761610477941958,0.813357637277636,0.947950019609096
ANXA2R-AS1,0.10172921034221694,0.23758841036998843,0.8133655960127577,0.947950019609096
MARK4,-0.11069200826790349,-0.23753493435337744,0.8133771114017605,0.947950019609096
STXBP2,0.11007545644262451,0.23747630042099063,0.8134958669386918,0.947950019609096
RAD52,-0.11060460239173886,-0.23747831487408394,0.8134984922723038,0.947950019609096
FOXRED1,-0.0994873348555605,-0.23720066605027407,0.8136228394450029,0.947950019609096
SLC2A13,-0.11090312878755393,-0.23697299472544908,0.8137825196065419,0.947950019609096
CPSF2,-0.07897484707584557,-0.23698984891564132,0.8138517164331789,0.947950019609096
MMP24OS,0.08451312948906775,0.2380774709888907,0.8138638600917621,0.947950019609096
CNOT7,-0.09302960318206566,-0.23686013685016377,0.8138938802999292,0.947950019609096
URB1,0.11222655926132186,0.23672175049798383,0.814005683563577,0.947950019609096
GCA,0.09599171811676399,0.23700718684802327,0.8141090472190705,0.947950019609096
APOOL,0.09276770080070129,0.2366334181259901,0.8141814193995911,0.947950019609096
NUCB1,-0.036229377851981326,-0.2364342285540077,0.8142079722504001,0.947950019609096
UGP2,0.05608918552368536,0.2363619516212165,0.8142731795982635,0.947950019609096
PMF1,-0.09752338862244114,-0.23634214576129556,0.8143231934220703,0.947950019609096
FAHD2B,0.08456470786368353,0.23627504455584877,0.814355981650438,0.947950019609096
MAF,-0.060426929471601554,-0.23640287428116377,0.8143701482155029,0.947950019609096
CDK2,0.11223110340431486,0.23622772404566925,0.8143792941521465,0.947950019609096
BTN3A2,0.1095292417029956,0.2363249860757258,0.8143935534508239,0.947950019609096
FBRSL1,-0.10474282882605968,-0.2369268201501305,0.8144099194303643,0.947950019609096
PPP2R3C,0.06373633401683243,0.23611371958241567,0.8145750885158709,0.9480487942354191
SPOP,0.04482514160168094,0.23568833630064556,0.8148011636826941,0.9482174631067168
SREBF1,-0.108031497590094,-0.23650552630783084,0.8149112559848232,0.9482174631067168
TTC23,0.10224002865779092,0.23566425550753667,0.8149609809979457,0.9482174631067168
UTP14C,0.1004042368057978,0.23504315021007938,0.8153718376182005,0.9484928723406614
ATP6V0C,-0.08641188402132638,-0.235480894444445,0.8153879291737645,0.9484928723406614
ANKRD28,-0.09404752714483955,-0.23481887599580906,0.8154387260809294,0.9484928723406614
ZNF7,0.07530905942075439,0.23494170220698327,0.8156262331314378,0.9485558952057259
RLIG1,0.09491564174970257,0.23468954103663509,0.8158055883362059,0.9485558952057259
ING4,-0.10713448630931044,-0.23449565472549722,0.8158081475781138,0.9485558952057259
NAXE,-0.03816179751120874,-0.23433210505482074,0.8158143163086604,0.9485558952057259
CFLAR,0.0804267101345113,0.23439838539609292,0.816318247972805,0.9489884492981892
YWHAH,-0.04454534535288435,-0.23362552340096124,0.8163646515000766,0.9489884492981892
BAX,0.040716125316135,0.23357794774288723,0.8165025858133718,0.9489884492981892
TMEM154,0.09547188847261645,0.2335622410213249,0.8165078932250494,0.9489884492981892
PARP1,0.04182584087439789,0.2334344322387611,0.8165962110979824,0.9489976641082578
UFSP2,0.07356514807754522,0.2342916270265435,0.816712959335496,0.949039913865098
S100A9,-0.1392621001935752,-0.23310426697992653,0.8168519970852017,0.9490893015427091
C8orf58,0.09992038657359492,0.23286252098467644,0.8169860609495295,0.9490893015427091
APTR,0.09485193444501228,0.23287993310889046,0.8169966524588742,0.9490893015427091
TBL2,0.08943453682132585,0.23320502842035332,0.817305685266438,0.9493548769625406
USP13,-0.10770085114402672,-0.23227349212035397,0.8174359731858409,0.9494127964835549
NACC1,0.11189933129545238,0.2321046240141952,0.817769456775857,0.9497066834470234
CDC42SE2,0.10328735535267075,0.23165298749528226,0.8178941306752912,0.9497580378341345
ZNF557,0.09928448357042408,0.23155272667145338,0.818018431444576,0.9497695140181611
CCDC18,0.10119453499189213,0.23136284836204776,0.8181055382099682,0.9497695140181611
GUCD1,0.08460080005149395,0.23131621283400788,0.8181453780644371,0.9497695140181611
ELP1,-0.1151225769185813,-0.23116795740652266,0.8182971566310759,0.9497781690045003
DNASE1,-0.10377638976807968,-0.23115828288000417,0.8183137447644874,0.9497781690045003
MCTS1,-0.03962255725589259,-0.2307395554607597,0.8186017980943958,0.9500190942296838
PWWP2A,0.09761503985593656,0.23049717716939594,0.8188373742511413,0.9500195018176786
NCOA6,0.09635064244586733,0.23048094296397634,0.8188730894594516,0.9500195018176786
PHF7,-0.09862090597431772,-0.23056370835750206,0.818950642294693,0.9500195018176786
ABCC9,-0.04314770348177621,-0.2303793171026779,0.8189566640381827,0.9500195018176786
ADAMTS3,0.09201671880768947,0.23027114202621174,0.8190045294365536,0.9500195018176786
ELF2,0.031412466662295024,0.23030330452613268,0.8191924825940128,0.9500385888356793
CWC22,-0.07722710945355082,-0.2305495522561587,0.8192317157741746,0.9500385888356793
RFC4,0.10342524957265775,0.23017119766027133,0.8192624171408059,0.9500385888356793
ZNF441,0.1086657952513912,0.22975580826634584,0.8193494558075126,0.9500461964254677
ZNF565,0.0998598489881517,0.22934456968780081,0.8197301085298656,0.9503278005744613
SPEN,0.07943020608576479,0.2297246063756318,0.819769739108271,0.9503278005744613
PHRF1,0.10321109002074103,0.2291405199123606,0.8198936855881402,0.9503278005744613
KMT5B,0.06107799903552191,0.2290951057503315,0.8200398066038036,0.9503278005744613
EHBP1,0.09577149754237446,0.22918099371876924,0.8200655201193382,0.9503278005744613
NNT,-0.11348715249143604,-0.22860305554446514,0.820348620124093,0.9503278005744613
HAUS3,0.09520979346629721,0.22849611630110148,0.8203714228787004,0.9503278005744613
STK11IP,0.08878978372666202,0.22842027290311723,0.8204342823538227,0.9503278005744613
SLIRP,-0.038486329632834604,-0.22835203062316842,0.8204511406799125,0.9503278005744613
TSPAN18,-0.12333061999372585,-0.22837570735981266,0.820521149091556,0.9503278005744613
PGS1,-0.09522952515698346,-0.22825906523178097,0.8205307785916549,0.9503278005744613
Y_RNA,0.09847357970674397,0.22814630659285612,0.820607390564291,0.9503278005744613
PLEKHB2,0.056008293143535504,0.22836518601380423,0.8206690876013628,0.9503278005744613
SLC46A3,0.09484196985058047,0.22790988204959672,0.8207793756572248,0.9503278005744613
TTC39C,0.09193042972999432,0.22858231003698415,0.8207998521522413,0.9503278005744613
WDCP,-0.08169648931258355,-0.2278308732754566,0.82097894863523,0.950402228534334
HIGD2A,-0.02808426717956003,-0.22769541661068496,0.8210251526127181,0.950402228534334
KDSR-DT,-0.10287480181191366,-0.22755334920617867,0.8211806255585925,0.9504889974231968
PREB,-0.10200811621639883,-0.2270002612095871,0.8216826200503011,0.9508854691289664
SRP68,-0.07944845215070906,-0.2267982741300071,0.8217116078206165,0.9508854691289664
ZNF675,0.09842246626342765,0.22661793899507232,0.8218211231585738,0.9508854691289664
LYRM2,0.04409070335793075,0.22661965180743823,0.8218453571810966,0.9508854691289664
TMEM9B,-0.06423629672032938,-0.22686602176826448,0.8219731477825536,0.9509401224591381
LONP2,-0.03323011855018709,-0.22526030060775182,0.8228319988940218,0.9516237252107875
PLAT,-0.11866249696099018,-0.2254030989510658,0.8228369871693577,0.9516237252107875
DPP7,-0.037410413876152404,-0.22531309355740498,0.8228399912033472,0.9516237252107875
UPF2,-0.046813924819648634,-0.2251837996728774,0.8229169382633942,0.9516237252107875
GSPT2,-0.10874482151670017,-0.224996875293267,0.8230829435176931,0.9516237252107875
ENSG00000231856,-0.11223389292533525,-0.22502246114492064,0.8231000314056555,0.9516237252107875
RAB21,-0.11346932967317347,-0.2249482974852038,0.8231283234330665,0.9516237252107875
CAPN15,0.10440390275269817,0.22473419245713805,0.8232654723245879,0.9516553821544186
EFNA4,0.11308376567073575,0.22475638067298698,0.8233169350227089,0.9516553821544186
TMEM117,0.09529503530377292,0.2242810885588889,0.823576925691933,0.9518626990202926
LINC02447,-0.09678647998423884,-0.22382755686487468,0.8240797465605041,0.9521395718830322
PIGQ,-0.07903731475476139,-0.22393283383166315,0.8241021702023272,0.9521395718830322
FAN1,0.10433531670533513,0.223761273582859,0.824134709157335,0.9521395718830322
POLH,-0.09480665074014993,-0.2236467797231052,0.8241827181302668,0.9521395718830322
LURAP1L,-0.07806286529098738,-0.22346012806574803,0.8242197615478785,0.9521395718830322
PLXNA3,0.10852386734802177,0.22325504889820316,0.8244466442168524,0.9522246592603244
SLC25A4,0.07779207411434186,0.22392500930659365,0.8245569582336889,0.9522246592603244
PYROXD2,-0.10383362556523279,-0.22311682273049446,0.8246298994188721,0.9522246592603244
ZNF490,-0.10146879274808485,-0.22301165992080105,0.8246496781220092,0.9522246592603244
RAD18,0.0976741230860616,0.22298270326254674,0.8247129411034922,0.9522246592603244
RNF14,-0.03909578700295846,-0.22273109683984882,0.8247773944037965,0.9522246592603244
ACOT13,0.102797614027625,0.2222495742677889,0.8251919890621068,0.9525181409676388
SURF4,0.03985509165998735,0.2222949720491261,0.8254030014167494,0.9525181409676388
PPIE,0.03714996364162548,0.22184855260082867,0.8254665659741512,0.9525181409676388
POLDIP2,-0.06321094641756542,-0.2220662814992982,0.8254699730879823,0.9525181409676388
ANKMY1,0.10508293670111812,0.2218444236463936,0.8255777576325736,0.9525181409676388
SMARCE1,-0.044810670358323534,-0.221375432147736,0.8258369770523387,0.9525181409676388
DDX47,0.09878884644985741,0.2212776192271315,0.8259268352700102,0.9525181409676388
FIP1L1,-0.03326973683033785,-0.22119308883182467,0.8260077281506604,0.9525181409676388
BZW2,0.06259117677733439,0.22145618742714848,0.8260565387035139,0.9525181409676388
PTDSS1,0.10046777577984578,0.22115496068607554,0.8260603209977887,0.9525181409676388
PIGR,-0.11535240349265163,-0.22108260640541333,0.8261492833206977,0.9525181409676388
SCAF1,-0.04587035113071991,-0.22099520091994726,0.8261993367502882,0.9525181409676388
C14orf119,-0.031752328751006864,-0.2211210890978154,0.8262039924521842,0.9525181409676388
PTPN9,-0.0543106713663688,-0.22093766586336178,0.8262801685644628,0.9525181409676388
AGPAT5,-0.10633376026502184,-0.22078642128910775,0.8263397419967174,0.9525181409676388
ARRDC1,-0.07912926606968318,-0.22068591426911596,0.8263597908023321,0.9525181409676388
TPRA1,-0.08007719144810732,-0.22075047731513947,0.8264032867251636,0.9525181409676388
NDFIP2,-0.059661059979534414,-0.2206943855786568,0.8266672343760418,0.9526134544657892
JMJD4,-0.09761212376648887,-0.22021452361498567,0.8267424368823613,0.9526134544657892
ANKRD26,0.10642956861164432,0.22003566154697562,0.826871105740197,0.9526134544657892
AGA,0.0742477787992133,0.21998581225963723,0.8269097868889689,0.9526134544657892
RMDN2,-0.08137598532107315,-0.22028882937744473,0.8269497557444647,0.9526134544657892
SUMO3,0.04658260364979139,0.21990746793483526,0.8269701551347232,0.9526134544657892
NUDCD3,-0.047781257046608516,-0.22006719333933633,0.8272111120119705,0.9527104604828989
SETX,0.03864002787921539,0.21960805276989695,0.8272157746674895,0.9527104604828989
RFX7,-0.09246887074210042,-0.21937663013699663,0.8273997323530087,0.9527190878386403
DGKZ,-0.10502927364506798,-0.2193022384987873,0.8274626186288526,0.9527190878386403
LCMT2,-0.10641128199521432,-0.21939811858754016,0.8274653797212689,0.9527190878386403
POLM,-0.09969382734641874,-0.2189640014908364,0.8277253140887325,0.9527747009039025
TOMM22,0.07296728219681992,0.22001317324964312,0.8278307480823505,0.9527747009039025
UBE2D4,0.0963690957733343,0.21874104992231008,0.8279212873447199,0.9527747009039025
C19orf47,0.09798498893660579,0.21862914102316056,0.8280073531183851,0.9527747009039025
HSD11B1,0.09240547276415434,0.21909483621784043,0.8281549959062574,0.9527747009039025
LINC00921,0.09107971791075564,0.21835849569375085,0.8281766671808767,0.9527747009039025
TMEM8B,-0.08231587348350278,-0.21826234072703787,0.8282454984137915,0.9527747009039025
EEF2KMT,-0.0954286277444063,-0.21826802153773825,0.8282568102673645,0.9527747009039025
PPP1R9A,-0.10135233621618633,-0.21824727884276796,0.8283675320787659,0.9527747009039025
RSAD1,0.08773521109709304,0.21836513324177492,0.8284038653473169,0.9527747009039025
CLIC2,0.08440560993420299,0.21812455891686472,0.8284398946912437,0.9527747009039025
U2AF1L4,0.08675328958893003,0.21794931615685922,0.8284821943903905,0.9527747009039025
PRKAA1,-0.11142253906209465,-0.21751311874292673,0.8288834972325295,0.9531433552337826
PRKRA,-0.06057662516142148,-0.21727739816072955,0.8292685040516738,0.9534932005775797
PAXIP1-AS2,0.07506636640840947,0.2162132232062874,0.8298213622366729,0.9537720803904463
MYL12B,0.019526757898061575,0.21637139128765567,0.8299099658025186,0.9537720803904463
PES1,-0.040787734933932285,-0.21620401826215987,0.8299488302874565,0.9537720803904463
BHMT2,0.10621132249932419,0.21621980698158155,0.8300590520807061,0.9537720803904463
ANXA2,-0.03783761636944938,-0.2159066653622358,0.8300702286578217,0.9537720803904463
ZNF227,0.09444257608325657,0.21594454513634462,0.8300848474492192,0.9537720803904463
CTDSP1,-0.038707956700345214,-0.21579452855067385,0.8301458637851681,0.9537720803904463
UBAP2L,-0.05709215190864292,-0.2160245921654649,0.8301574016104901,0.9537720803904463
SLC12A6,-0.0976409580170241,-0.21532682198718406,0.8305616872353487,0.9540476624990153
FIG4,0.10043189790564577,0.2154038383377732,0.8305977981435071,0.9540476624990153
ZNF532,0.09039711905357395,0.21515823342331442,0.8306397183536535,0.9540476624990153
ME1,-0.11497916071406467,-0.21535555205887566,0.8307240782768596,0.9540517311079216
GLYR1,-0.06508038688724316,-0.2152673757177149,0.8308666746480766,0.9541226745350724
MGP,-0.03909260649112056,-0.2147572933435183,0.8309489890189375,0.9541243862823225
NFYC,-0.07806037987418346,-0.2145669004419054,0.8312048300720285,0.9542564065308776
ZSCAN21,0.08687487133515237,0.2144352160337509,0.8312256356083876,0.9542564065308776
ACCS,0.10417173738814256,0.214473870654068,0.8313721818450186,0.9542732673529263
EPHB3,0.10170255313290966,0.21408681195013152,0.8315001231095484,0.9542732673529263
DPYD,0.042268090252506774,0.21398323451365642,0.83160298289033,0.9542732673529263
RBM28,0.08217878023452396,0.21389742753380317,0.8316158380600196,0.9542732673529263
WRAP53,-0.09521789133166125,-0.21396367323109014,0.8316445044071924,0.9542732673529263
CLTCL1,0.09107143270357954,0.21315883146880713,0.8321998511190585,0.9546477915053391
ERC1,-0.07903889769611805,-0.21284714456108506,0.8324684469967552,0.9546477915053391
ENTR1,-0.11440460917694795,-0.2128830085900017,0.8325260619761911,0.9546477915053391
CAPN2,-0.03542750810599582,-0.21278158443751377,0.8325285499706941,0.9546477915053391
VIM-AS1,0.09699952208528662,0.21266540093461925,0.8326249019190324,0.9546477915053391
IFIH1,0.09419564812730741,0.21260416595809878,0.8326301444547167,0.9546477915053391
ZC3H18,0.07236572656146745,0.21254848014794878,0.832672854666439,0.9546477915053391
FAM162B,0.061097541717898274,0.21226762004686914,0.8328832054904131,0.9546477915053391
IPPK,0.0958582944565658,0.21224127862170578,0.8329408650629802,0.9546477915053391
VAMP5,-0.0259028734319644,-0.21219053722236925,0.8329826350699088,0.9546477915053391
RLIM,0.10857675795979471,0.21217875129655958,0.8330002218729895,0.9546477915053391
LENG8-AS1,0.10058914456531398,0.21202317460031098,0.8331837402379297,0.9546477915053391
PHKG2,0.10056079483264346,0.21191902222687412,0.8331982471663256,0.9546477915053391
RNF13,-0.037117783158725715,-0.21203086320985703,0.8332208986316022,0.9546477915053391
SLC41A1,0.09283195265205979,0.2117144820002611,0.8333203931690286,0.9546477915053391
BTBD7,0.06106419464456181,0.21217107145848466,0.8333358147169454,0.9546477915053391
GNS,-0.08088128638181136,-0.21175391609980154,0.8333456578960202,0.9546477915053391
TRAM1L1,-0.08528749058716056,-0.21153069646708597,0.8334644421704986,0.9546912225715831
FGFBP3,0.08749452250378398,0.21149736705577968,0.8335840657279435,0.9547356064731127
ENSG00000233502,0.09323016687249641,0.21126695660856937,0.8336730380120936,0.9547448790970863
TUB,-0.09217607338645095,-0.21070692364842178,0.8340972666486937,0.9550843034370831
TMEM123,0.032834444828258036,0.21066068640261465,0.834131229854835,0.9550843034370831
DALRD3,-0.07019653620377575,-0.21048325743988303,0.8343052111870048,0.9551119669670989
NECTIN3,0.11302361421690366,0.2105062104499326,0.8343172048593582,0.9551119669670989
ENTPD2,-0.1202335227834257,-0.21032094191071718,0.8344166571075399,0.9551331947206931
PEMT,0.043648520497382215,0.21015776307438797,0.8345603290618085,0.9551684547939383
MTA2,-0.08680014751056486,-0.21004930028332985,0.8346092851503154,0.9551684547939383
NDUFAF5,-0.0863644974373936,-0.2093771266525018,0.8351633968671146,0.9556747362012481
GABBR1,-0.07990793099911153,-0.20929157338604262,0.8352135750434796,0.9556747362012481
SEC13,0.042438596707865095,0.20917873724786937,0.8352997767304096,0.9556807389322044
ZBTB11,0.08001136259771835,0.20893159279736992,0.8355296862968651,0.9558038751373067
ZNF345,0.09635787362902692,0.20884683487659259,0.8355752207493404,0.9558038751373067
WDR53,-0.09506213795724028,-0.20870258657276106,0.8356503003212319,0.9558038751373067
NUP155,0.09168154579227528,0.20849784678409494,0.8358424016613798,0.9558792405745271
PTGES,-0.09334630523257825,-0.20846581932978145,0.8358781364210796,0.9558792405745271
PNKD,0.024507805913627223,0.2082353726044784,0.8360656449917978,0.9559802211141364
AAMDC,0.03433959516533758,0.2083478913877017,0.8361284017792001,0.9559802211141364
ZNF622,0.08593532638446355,0.20822611958651407,0.8362427931282399,0.9560184168970436
INPP4B,-0.14503703851129224,-0.2078306050605878,0.8364903349063669,0.9561746862958185
LINC02916,-0.0932564755327161,-0.20744682601498446,0.8367308735830763,0.9561746862958185
YIPF2,0.04112833966795737,0.20712466979826552,0.8368753320715147,0.9561746862958185
RB1CC1,0.0412417928037172,0.20647083771776684,0.8373758026888637,0.9561746862958185
ELMO2,0.0917358476264365,0.20656239567786921,0.8374032530579794,0.9561746862958185
CLTA,-0.016270746646079637,-0.2064393575227876,0.8374175311613912,0.9561746862958185
ABCA5,0.10385830263661644,0.20676085454229878,0.8374218378535097,0.9561746862958185
ZNF18,0.08824769347176553,0.2063974681279281,0.8374631303578566,0.9561746862958185
CD74,0.060616023955304854,0.2063337399129634,0.8375235902399613,0.9561746862958185
LMF1,-0.0967244997425305,-0.2063107604581013,0.837528790182893,0.9561746862958185
DPH2,0.08540702676837908,0.2062318662040817,0.837561145848003,0.9561746862958185
PTPRF,0.08303783128602404,0.20625968961483432,0.837578910217516,0.9561746862958185
LRRCC1,-0.07289912762078643,-0.2060441487310977,0.8377075163003234,0.9561746862958185
RORB,-0.09811996583369487,-0.20597704599104216,0.8378052217396803,0.9561746862958185
ARNT,-0.0778372429253702,-0.20587954441188358,0.8378475027530333,0.9561746862958185
RFX3,0.09644235930215439,0.205962049243253,0.8378548901905057,0.9561746862958185
DHX8,-0.07357197560344853,-0.20618059049046938,0.8379238525378279,0.9561746862958185
IQCH-AS1,-0.10175946211808062,-0.20581058135656857,0.8379404770373431,0.9561746862958185
FZD6,0.09481257775272622,0.2057002818750729,0.8380053125569614,0.9561746862958185
HEY2,-0.10244612600695957,-0.20567102050300348,0.8380235588123809,0.9561746862958185
SPEG,-0.11718647552542905,-0.20556462499433284,0.8380804302501341,0.9561746862958185
DDX3Y,0.16839135658251925,0.20535085498970024,0.8382686864182154,0.9561766991910416
OCLN,0.08861024193907419,0.20535237316694768,0.8382742142924682,0.9561766991910416
ERG28,-0.06818124504600753,-0.20601182077307462,0.8383251873466566,0.9561766991910416
ISYNA1,0.1236580889831762,0.20537765830324126,0.8385528622738626,0.9563439802089603
MAN1A1,0.055859855560102645,0.2048024043299869,0.8386810588954144,0.9563977878922303
COQ8B,0.08735802132078874,0.20455930038805892,0.8388867957300619,0.9564748208942304
RAB4A,0.03271271290523181,0.20453427607810873,0.8389770869836287,0.9564748208942304
SPATA20,0.07816025978907426,0.20463636263308657,0.839034415831611,0.9564748208942304
DNLZ,-0.118635799514482,-0.2046074723194847,0.8391050592650575,0.9564748208942304
DMGDH,0.08501393026308834,0.2041807214578838,0.8391793016725079,0.9564748208942304
ARHGEF1,-0.06745544896492284,-0.2041873343517385,0.8392347475495501,0.9564748208942304
GPN2,0.09284341370451132,0.20400064977557175,0.839390095377095,0.9565481366810982
SIX5,0.08646306759468114,0.20424093520642678,0.8394611347747715,0.9565481366810982
SETD2,-0.07507713165397245,-0.20365947947879035,0.839674962388107,0.956562753557829
P3H1,0.045230531073777946,0.20357516671062176,0.8396873233659767,0.956562753557829
HMG20B,-0.05964328656953288,-0.20366219457572315,0.839717053377364,0.956562753557829
COL8A2,0.10033119368215138,0.20334651676088114,0.8398397124560045,0.9566101703534479
RWDD1,0.022913670033596567,0.20318168527949373,0.8399339623316644,0.9566252219320113
SMG6,-0.04355710036579552,-0.2030492159361433,0.8400905264872714,0.9566491966863113
INPP5B,-0.08968597751083207,-0.20301218296068488,0.8401170878481142,0.9566491966863113
TMEM222,-0.03267531636148924,-0.2028466894888787,0.8403113318738059,0.9566857626959583
TSPAN14,-0.09127789741828529,-0.20275193106297756,0.8403541568536611,0.9566857626959583
WDR18,-0.07208840960799723,-0.20266306416599,0.8403923218260981,0.9566857626959583
NEIL1,-0.09606435550511083,-0.20251127985508754,0.8404980882213569,0.9567089395796899
ADD1,0.022104914272786935,0.20235882582279682,0.8405747667361748,0.9567089395796899
NLRX1,0.09809034347312418,0.20218750767938193,0.8407111250593524,0.9567205651787978
SDHAF4,0.08757049795402638,0.20223999559763772,0.8407595637620534,0.9567205651787978
CAPG,0.046950333395725075,0.20200189213794983,0.8408807979994339,0.9567205651787978
TIRAP,0.08911955693583118,0.20197983135582231,0.8409091558064554,0.9567205651787978
YY1AP1,-0.05491935136278858,-0.20188277538499494,0.841062676828474,0.9568030162821757
R3HCC1,0.03886079055179881,0.2014917993496344,0.8412497536552984,0.9568196995739511
PALS2,-0.09565663836747662,-0.20175601275799157,0.841278281659942,0.9568196995739511
DNAJC30,-0.079399007628846,-0.2014135969800875,0.8413508147655062,0.9568196995739511
SLC44A2,-0.09843805189322907,-0.20179167261721015,0.8414015502987874,0.9568196995739511
THBS1-AS1,-0.1124892624682472,-0.20104877022188644,0.8415965266700081,0.9569492388113509
STK17B,-0.09509755405365539,-0.20022222103293885,0.8422989505034901,0.9572255297449085
CIZ1,-0.036037739517166045,-0.200339135731498,0.8423101068298033,0.9572255297449085
HARS2,0.08640809562326535,0.20011674990151532,0.8423375900010411,0.9572255297449085
TMEM79,0.08206266382716776,0.20011301047921445,0.8423463881680883,0.9572255297449085
TAF4B,-0.09032100584416192,-0.19999201694575988,0.8424124851338104,0.9572255297449085
P4HA1,0.033183009421858145,0.1998447793777877,0.8425880513475933,0.9572255297449085
SLX4IP,0.08131856414847105,0.19984167162459268,0.8426133700623102,0.9572255297449085
IL1RAP,-0.09748810413771647,-0.19969499906643903,0.8426392041321448,0.9572255297449085
EIF1AD,-0.0817951727404922,-0.19965562902111708,0.842670594461367,0.9572255297449085
CCT5,0.07361776115952612,0.2005132342200511,0.8427112639284094,0.9572255297449085
TRPM7,-0.07391576155718482,-0.19948037091665913,0.8428122343583617,0.9572255297449085
BDH2,-0.02279903556502827,-0.19973057781960069,0.8428125502895873,0.9572255297449085
TOR3A,0.07021872735288781,0.1993082402003093,0.842981160085408,0.9572834910391853
PIGV,0.09675883224973436,0.19937322111560393,0.843025766441624,0.9572834910391853
FLOT1,-0.024487596456744143,-0.19903719021305927,0.8431596129646007,0.9573433905017901
PCDHGA12,-0.1004988540874141,-0.19891664852038016,0.8433099276153248,0.9573780401221625
FAH,0.08061826394630245,0.19884205611403555,0.843363413254701,0.9573780401221625
SEMA3C,-0.07746705431478595,-0.19860408002660698,0.8435422804691556,0.9573780401221625
NUDT15,-0.06131017793429283,-0.19857732681208026,0.8436009140868463,0.9573780401221625
EIF1B,-0.024221963443109118,-0.19837871709812538,0.8437879002489788,0.9573780401221625
PEBP1,0.02800450299240964,0.19827870774551773,0.84378924064528,0.9573780401221625
ANKDD1A,-0.0839025042607473,-0.19820817131108184,0.8438014010695933,0.9573780401221625
ZZEF1,-0.08083702382541347,-0.19816327617077467,0.8438389248175434,0.9573780401221625
MFSD12,-0.09610442563900312,-0.19810754411279913,0.8440282875209764,0.9575008585609385
RUSC1,0.07173918238532817,0.19767887045799473,0.8443095318389504,0.9576447229615715
ZNF277,-0.08427082369276118,-0.1976868172677598,0.8443270899096903,0.9576447229615715
HSPA13,0.08423983364672427,0.1974324104842157,0.8443984685562896,0.9576447229615715
ANKRD39,0.07992990662734734,0.19744108203870847,0.8445394351811142,0.957712587157834
EPB41L3,0.0976524471014022,0.1969259241825981,0.8449828057748003,0.9581233332217383
NSMCE2,0.07083369360926461,0.19648756797184358,0.845231056692106,0.958312776051701
ERAP1,0.08671434446602344,0.1959757267051602,0.8455690198030814,0.9585017858931516
LOH12CR2,0.07912954445267584,0.1957313200250529,0.8457715427079896,0.9585017858931516
ODR4,0.052904582705615155,0.19584518887069005,0.8458247930805569,0.9585017858931516
RTCB,-0.06306239951497261,-0.19607012409136698,0.845873121609756,0.9585017858931516
ZNF738,-0.08710867915884801,-0.19575382400962463,0.8459212358978601,0.9585017858931516
GCLM,-0.06584982038077936,-0.19569755266072722,0.8459988427258912,0.9585017858931516
PDCD11,0.08164449860980216,0.195314291642485,0.8460561436760162,0.9585017858931516
MARCO,0.09587150642828535,0.19527105054619898,0.8461102236737478,0.9585017858931516
SORBS1,0.09595078910421861,0.195270465347264,0.8461285142560384,0.9585017858931516
METTL22,-0.08214685130225874,-0.1949969446734438,0.846455909386039,0.9586945123690497
PCGF5,0.08309033096957563,0.19542048273458115,0.8464910823511125,0.9586945123690497
YY1,-0.03971707749061171,-0.19513414187450553,0.84654227843583,0.9586945123690497
GALNT4,0.06388013608239018,0.19457563075020887,0.8466527445330372,0.9587276402122306
TMED4,-0.02717082323635367,-0.19441197940734906,0.8467541014530285,0.9587504476935548
ERICH1,0.03140880926854983,0.19425101313863594,0.8469753767154939,0.9587889844700479
ADARB1,0.10541408375172967,0.1939799725209213,0.8470974473198652,0.9587889844700479
TMEM14B,-0.03414627396627168,-0.19418409758239097,0.8471020986990104,0.9587889844700479
ZMYM3,-0.08595590638889306,-0.19398462692005528,0.8471130121154256,0.9587889844700479
QRSL1,-0.08232782874845768,-0.19316937735162135,0.8478277726105231,0.9594555877809188
CUEDC1,-0.10759651343108301,-0.1931598438897357,0.8478645228064841,0.9594555877809188
DNAJC14,-0.0754315147838649,-0.19282575483141054,0.8480360092613696,0.9595576621614558
PITPNA,0.09472171880767277,0.1927398539594765,0.8482087502533393,0.9596611363562076
IST1,0.07345447570798935,0.19234798198071193,0.8484202913583423,0.9596626521214544
PTP4A2,0.0688044719813714,0.1928147926544862,0.8486390210423119,0.9596626521214544
AP2M1,-0.03489495879022275,-0.1924621229076111,0.8487356778542687,0.9596626521214544
TMEM62,0.09330313573519033,0.1916825897873382,0.8489953422072526,0.9596626521214544
MINPP1,-0.09194304658937202,-0.19195735272942002,0.8490152144465274,0.9596626521214544
AARS2,-0.07579432693640298,-0.1915136012023317,0.8491095584540149,0.9596626521214544
TRIM8,0.07573015880673228,0.19157866527225012,0.8491531269614684,0.9596626521214544
ZNF574,-0.08772015686949386,-0.1913914741664939,0.849158124796211,0.9596626521214544
RAD17,-0.07582510210328941,-0.19122388991688255,0.8492423215794053,0.9596626521214544
LPIN1,0.08313287445216488,0.19127710290328323,0.8492463927379862,0.9596626521214544
GMDS-DT,0.09236996499619332,0.19122028436217778,0.8492476438335467,0.9596626521214544
ALDH1A1,-0.053421563806929306,-0.19158045756509798,0.8492597216121442,0.9596626521214544
DAP3,-0.0337128490871903,-0.19113752909906206,0.8492978294656184,0.9596626521214544
C14orf93,0.09147203105120605,0.1911377995294612,0.84934819054341,0.9596626521214544
ZNF571,0.07873040486935912,0.19097843666426767,0.8494740243484461,0.9597069245072722
THUMPD3,-0.04181782378614596,-0.19131244546691004,0.8495602202753313,0.9597069245072722
DPM1,0.0673979847349413,0.19076812079769442,0.8496312637039816,0.9597069245072722
ZNF805,0.08815087706106262,0.19045699294172833,0.8498562219409193,0.9598071222486202
GALK2,-0.07159078449064271,-0.19050491403683212,0.8499708025308886,0.9598071222486202
FAM228B,0.06886050244627295,0.1901882408439841,0.8500388966058984,0.9598071222486202
CENPW,0.09597967241810634,0.1902424368583244,0.850045189589947,0.9598071222486202
DIS3,0.06487071425502489,0.19032595099332802,0.8503088751374444,0.9599516450857802
NUDT1,-0.03842664352660474,-0.18986002245813827,0.8503358197934776,0.9599516450857802
ANP32B,0.029107042558218943,0.1897455384246351,0.8504613431616775,0.9600015448483078
ATF6,0.053783208048104214,0.18966138203752103,0.8506216030808158,0.9600522185275251
ZNF747-DT,0.07204942968184191,0.18936332618228555,0.850739169570627,0.9600522185275251
LIN9,-0.08118736089336709,-0.18943679051353207,0.8508047304753451,0.9600522185275251
PSMG3-AS1,-0.07611678698807633,-0.18916651432248732,0.8508884165067155,0.9600522185275251
HMGXB3,0.04282223776281935,0.18890846921428672,0.8510815379184711,0.9600522185275251
SRP14,-0.017687680047114185,-0.1888524834707216,0.8510884947248389,0.9600522185275251
FBXL7,-0.08568875297609324,-0.18886864872647452,0.8511009310966489,0.9600522185275251
CFAP68,0.06264138419439025,0.18870330085198062,0.8512201724491514,0.9600522185275251
TFE3,-0.05739485151270607,-0.1893704338285,0.8512446122477992,0.9600522185275251
CPT1C,0.09410455956981512,0.18873428280583943,0.8513194937353776,0.9600522185275251
LINC00526,-0.08197707854251268,-0.18846386711488824,0.8514571085926269,0.9601156907952966
CHST3,0.07724446595067835,0.1881507599494425,0.85171583016357,0.9601209181437882
CFAP144,0.0910141732794636,0.18808626993567254,0.8517201794784263,0.9601209181437882
RALGDS,0.08473495768523787,0.18800316855946878,0.8517692147648798,0.9601209181437882
CPSF6,0.07065326062842114,0.18800764564836636,0.8517874085739698,0.9601209181437882
FLNB,0.12064755338693312,0.1879071381151233,0.8518684029341835,0.9601209181437882
DTNBP1,0.07073361458538718,0.18765193565094848,0.8520282110008478,0.960209358555132
BBS10,-0.09280189947914241,-0.1875379095195285,0.8521339026159872,0.9602368003418984
FMNL2,-0.09219024017761868,-0.18708448412170087,0.8525657848318224,0.9604844133625707
TRNT1,-0.07194844983949888,-0.18693409345351003,0.8525761210854377,0.9604844133625707
GREB1,-0.09757630291080543,-0.18706700653179598,0.8526882951412796,0.9604844133625707
PXK,-0.038398417937458795,-0.18713879497032382,0.852803172460986,0.9604844133625707
TSTD3,0.08779514421317325,0.18664006020446544,0.8528152433895229,0.9604844133625707
RFC1,-0.05849955256416539,-0.18731976957197355,0.8528901643333044,0.9604844133625707
CCDC3,0.09146541711710299,0.1867894461507027,0.8529231770673299,0.9604844133625707
DYM,-0.06020357142558996,-0.18668539747469268,0.853046283670216,0.9605314172765069
ZFYVE9,-0.08302945406650197,-0.18618839103166024,0.8532155642580458,0.9606003227728332
MGAT5,-0.08433169791540474,-0.1860548445250997,0.8532702231762753,0.9606003227728332
CACNB3,0.07154689786511703,0.18573302180728885,0.853514922339266,0.9607841764293921
GPR137,0.061787187780237396,0.18535827070654382,0.8538483619282626,0.9610678787722292
EIF1AY,-0.13203868213050907,-0.185236817129245,0.8539572255572182,0.9610987746880504
CCDC107,0.03904325990175117,0.18475169321652823,0.8544375252198798,0.9613423663046846
AHI1-DT,-0.06597402970911248,-0.18454826430492108,0.8544747487692949,0.9613423663046846
PGLS-DT,-0.07560155037542793,-0.18457846015239313,0.8544857738849263,0.9613423663046846
MAPK12,-0.07977773752810324,-0.18440778779078912,0.854552418530008,0.9613423663046846
SNORD42,0.07575224428868621,0.18443276077635629,0.8545808379501364,0.9613423663046846
CHMP1A,0.055788273947105615,0.18449008609387055,0.854958950623506,0.9615129408168026
DPH3,-0.04114850358704736,-0.18373771992200652,0.8552016599328299,0.9615129408168026
AJUBA,0.08844707535826202,0.1836734671285861,0.8552493155615252,0.9615129408168026
ATG101,-0.053848736300127875,-0.18355493889354116,0.8552741534633501,0.9615129408168026
STRN,0.08778782600517454,0.18358963062755593,0.855299459529894,0.9615129408168026
PRRG1,-0.07832342532006642,-0.18339888475126337,0.8553366588512098,0.9615129408168026
C19orf33,-0.08739300350018642,-0.18341959257935528,0.8553590483514666,0.9615129408168026
KBTBD7,0.08196246677962948,0.18338238834058512,0.8553840664513394,0.9615129408168026
THG1L,0.0755243805250525,0.18358623569289712,0.8554844540392194,0.9615342264051209
KLHDC10,-0.05378889345825577,-0.18302181551310265,0.8556678504191246,0.9616487980005489
BCL9L,-0.08564295221539009,-0.18248854301184073,0.8560381249736422,0.9617679429470559
LCA5,0.06813614978120386,0.18242227691299703,0.8560895778552375,0.9617679429470559
PRELID3A,-0.08376262810257873,-0.18255253688867687,0.8560980252166113,0.9617679429470559
ATXN1L,0.08549675867129469,0.1824481177480548,0.8560997496389381,0.9617679429470559
BTBD9,-0.09171479940152194,-0.1822873931407348,0.8562213248779156,0.9618129926904361
TMEM203,0.08469524015850949,0.1822633291546306,0.8563364075521472,0.9618507413085726
SLIT2,-0.04721679115499988,-0.18207140835535193,0.8565610526102011,0.9619370721682692
C17orf67,0.07782273156794828,0.18181870975981052,0.8566178541610939,0.9619370721682692
HDGF,-0.04698018919167968,-0.18192525569811685,0.8566984145992438,0.9619370721682692
ENSG00000278932,0.0784363981979721,0.1816189876608394,0.8567392102310192,0.9619370721682692
PRR5,0.0925020196727564,0.18134176562826895,0.8569637647261438,0.961972569754411
MAP2,0.09100590841080347,0.18131805332597462,0.8570279310595643,0.961972569754411
NAA80,-0.08066631221019449,-0.18136336083589508,0.8570660718378104,0.961972569754411
MRPL58,-0.053777736933886544,-0.18178953685646293,0.8570967800658106,0.961972569754411
FKBP2,0.025148829916533444,0.18096862677741818,0.8572737096960902,0.9620796789582987
LONP1,0.07703213327579483,0.18025453065942024,0.8578353078481089,0.9624386667740824
ENSG00000237188,0.0720356123545638,0.1801936343030866,0.8578432472656005,0.9624386667740824
MSH6,-0.06843095460900006,-0.1801397785944817,0.8578999232390963,0.9624386667740824
FOS,0.05640325058168827,0.1801214591022095,0.8579197027076382,0.9624386667740824
SFXN4,0.07733478353914114,0.1793227349066066,0.8585782983136799,0.9629471602607602
CYBC1,-0.0504522815434818,-0.17947234633945242,0.8585910280551042,0.9629471602607602
GNPDA2,-0.06302449870403226,-0.1792225320831315,0.8586176881749057,0.9629471602607602
SURF1,-0.02941887851788394,-0.1787335263383303,0.8589773521244507,0.9631692382010836
METAP1D,0.0751243093452083,0.17864437066871786,0.8590427636112165,0.9631692382010836
MTR,0.08366389300315458,0.17866973882086856,0.8590604751392807,0.9631692382010836
GRB2,-0.0705049004571352,-0.17832849042687784,0.8593537942467776,0.9634066040914728
MUSK,0.08669361736626602,0.17787969263802775,0.8597223135518592,0.9637282225315448
FUCA1,0.05430137623320963,0.17794832752798131,0.859868070152791,0.9638000919249617
SBNO2,0.096599693314674,0.1773490865380529,0.8600550828502428,0.9639181859913716
CMTR2,-0.06366023820426703,-0.1771237320304224,0.8602418460785951,0.9639877199352971
PRRT2,0.09547933936662556,0.17706878478397411,0.8603165302165177,0.9639877199352971
SLC7A6,-0.07644285394043582,-0.1769328594538896,0.8604197653833333,0.9639877199352971
WWP2,-0.08147265193145747,-0.17687276388392636,0.8604437615381808,0.9639877199352971
ZNF143,-0.07034566393590236,-0.17673398040133606,0.8606174089718357,0.964090767974238
POM121C,0.07779352194023215,0.17637806106164303,0.8608063324211822,0.9642109075084976
TNFRSF1A,0.027980604655006402,0.1764717251629558,0.8609645381704456,0.9642519355383755
FOXK1,0.07157540291906894,0.17603460004305801,0.8610874443693055,0.9642519355383755
ACSL1,-0.08698168168875942,-0.1761226576095036,0.8610880054591744,0.9642519355383755
TRRAP,-0.07616300218523309,-0.1759201900665595,0.8612819209273342,0.9643721111837521
TEX264,0.029138810276916338,0.17568678938042898,0.8614109595389051,0.9643721111837521
EIF4E2,-0.026608806144842845,-0.1755855953569213,0.8614403991895524,0.9643721111837521
WRN,0.07060843240455572,0.17539140790122698,0.8615866006382633,0.9644443220685283
GNG5,-0.022025564026357358,-0.1746762603000074,0.8621482767242361,0.9649815498937714
ZNF554,-0.06729823487623099,-0.17416280158384162,0.8625539849382334,0.9651574372599863
ETFA,0.02705500672240113,0.1739703503593272,0.8626887460698726,0.9651574372599863
ABI1,0.05475044681930363,0.1747039409830363,0.8626963047497017,0.9651574372599863
SMYD4,0.07448833841156643,0.17398546497262515,0.8627035520403938,0.9651574372599863
FTO,0.07020672637998082,0.17389106912562055,0.8627491228957962,0.9651574372599863
TCF19,0.07371531961729572,0.17386312491766467,0.8627959708093719,0.9651574372599863
NEK4,-0.06520424808965952,-0.173741886323778,0.8629273898985177,0.9652129844373698
TBCCD1,0.08264170401719673,0.17362071808615664,0.8630197372662936,0.9652248222101938
METTL14,0.060720157465141256,0.17359795828064717,0.8632138037175902,0.9653076011221077
CBLL1,-0.059911624659144014,-0.1733455236736522,0.86325729310005,0.9653076011221077
PHF10,0.08014160035644657,0.17313108103710917,0.8633946742512466,0.9653697792703132
MED13L,0.07292585522453443,0.1727616317144991,0.8636311458130029,0.9654826040311314
RIT1,0.07447418137716255,0.17272518219293817,0.8637098084766297,0.9654826040311314
RRM2B,-0.06828482612333353,-0.1726630714637664,0.8637409386846912,0.9654826040311314
KCTD3,0.0639957581820223,0.17248054021385142,0.8639871767075867,0.9655327506793604
PRKCH,-0.07561071925146612,-0.17225780383552922,0.8640649184459209,0.9655327506793604
ENSG00000226310,0.07551618924890602,0.1721995820518989,0.8641621689791844,0.9655327506793604
RAB11B-AS1,0.07948294789607191,0.17219831052551085,0.8642419713558344,0.9655327506793604
IGSF10,-0.06424048759461165,-0.17196149818782785,0.8642571931402129,0.9655327506793604
TAB1,-0.07821278534085119,-0.17193762817797414,0.8642765418406438,0.9655327506793604
TTF2,0.07732584506526097,0.17165936703351042,0.8645223339684848,0.9655345569715195
METTL18,0.0782086254435943,0.17162890886573157,0.864629331809919,0.9655345569715195
RAD51C,0.05843891559589576,0.17142167180179158,0.8647063922106288,0.9655345569715195
ACTR1A,-0.030011773861301272,-0.17145759859142481,0.8648220281813079,0.9655345569715195
CYBRD1,0.03970391428750997,0.17176922477875756,0.864848078447143,0.9655345569715195
MAPKAPK5,-0.0816590680032574,-0.17120382966991188,0.8649483548475954,0.9655345569715195
VIPR2,-0.07863993756531973,-0.17109710401148134,0.864969759924732,0.9655345569715195
LINC01798,0.07355959902062148,0.17108862476330133,0.8649725868051882,0.9655345569715195
FER,0.0707824957123151,0.17113664461047165,0.8650724566299339,0.9655345569715195
POLR1B,0.07504497725108328,0.1709528062498319,0.8650960617609286,0.9655345569715195
PLCXD1,-0.0653663345355977,-0.1706845800898359,0.865273802880549,0.9656064248200965
LNPK,-0.029303396764877476,-0.17064781530433282,0.8653240464355613,0.9656064248200965
OLMALINC,0.06838749316109549,0.1704575322339338,0.8654876917602854,0.9656977505888629
LSM5,-0.02851814158151722,-0.17049905928815146,0.8655883799423076,0.965718819130417
SMIM15,0.021690792358552535,0.17014650675886017,0.8656782915391321,0.9657278616159002
PEPD,0.05642216917418441,0.17007430086729813,0.8662873617429951,0.9662724759071671
TMEM256,-0.025733661925250395,-0.16956937765245675,0.8663301893266799,0.9662724759071671
PLD3,-0.02862206331782957,-0.16909072481665655,0.8665006267949579,0.9663671573189841
IMMT,-0.051936451330405475,-0.16969434061734823,0.8665787994391162,0.9663671573189841
ELL2,0.07644054760838781,0.16873561536303894,0.8667987900354917,0.9664449177223332
ARAP1,0.06042552905251419,0.16874487552893933,0.8668122650439699,0.9664449177223332
COQ2,-0.06390059809380189,-0.1682905881842299,0.8671799967264148,0.9665988817152742
LMTK2,0.07659256365398237,0.1682585887967645,0.8671912141280317,0.9665988817152742
SLC25A51,0.06384509878293176,0.1682660478034765,0.8671959979878415,0.9665988817152742
GLS,0.07604440987591499,0.16805229744066066,0.867313529219991,0.9666386152229979
SRRD,0.07724658107608873,0.16776546430716827,0.8675776740223433,0.9667794943096729
MTX1,0.026462117237140426,0.16769582783631962,0.8676037240759572,0.9667794943096729
COL5A3,-0.07191085816704756,-0.16726178669379554,0.8679319421285392,0.9670539477892784
ELP3,0.060193591144350744,0.1670197129906174,0.8681245418483872,0.967107750650063
ATP5MF,0.028135568651336484,0.16718121732517352,0.868144077394216,0.967107750650063
ANKRD36B,0.08205770009713786,0.16670801994116907,0.8683641411040457,0.9672565009877633
USP40,0.06263033545871588,0.16658130421838063,0.8684631886440951,0.9672565009877633
SENP1,-0.0728128994181656,-0.16659914217239716,0.8685234146946456,0.9672565009877633
TECPR2,0.06406896628535286,0.16626892086678366,0.8687198793242809,0.9673840369232276
C1S,-0.029491502079258325,-0.16596199165877937,0.8691021821046073,0.9675748517626848
DSTN,-0.04110026194642202,-0.16600162762604012,0.8691164994330037,0.9675748517626848
PPIB,0.02634602756631388,0.16577141786924351,0.8691371222440922,0.9675748517626848
OSTM1,-0.06423702265831732,-0.16552561441487465,0.8693607049117866,0.9676994993518309
NCBP2,0.03422785186374622,0.16556567463993466,0.8694883037782394,0.9676994993518309
ORMDL3,-0.06582847366456157,-0.16527261730859535,0.8694950097098577,0.9676994993518309
SZT2,0.06377640709608112,0.16512205259519125,0.8696123502905906,0.967738857011729
PBLD,0.07806607933241172,0.1650792858836806,0.8697278496090739,0.9677531480752823
CACHD1,-0.06853844172568069,-0.16500408684914117,0.8697891487572,0.9677531480752823
ZBED5-AS1,-0.06741012287373183,-0.164486406117474,0.870156842583266,0.9680353497843504
TSPYL4,-0.06808555628840773,-0.16441704177367733,0.8702401767923142,0.9680353497843504
FMO4,-0.07691536398135446,-0.1642479071662335,0.870288790111081,0.9680353497843504
NOC2L,-0.032148969034995645,-0.16397274388393615,0.8705767939878591,0.9681293089414194
HSDL1,-0.0678153370471124,-0.1638634398041096,0.8706014650292222,0.9681293089414194
NECAP1,-0.06616475142598155,-0.16408885000009302,0.8706192921407969,0.9681293089414194
NUDT11,-0.07148182513739076,-0.16355473042703583,0.8709157691152856,0.9682842058730723
MVB12A,-0.03202014218908111,-0.16351254686742786,0.8710118610463186,0.9682842058730723
ISG20L2,0.0753187104865285,0.16329497037233595,0.8710373416692297,0.9682842058730723
ZSCAN30,-0.06578850772406852,-0.16297845868150102,0.871290678944331,0.9682842058730723
PPP4R3A,-0.07569357036628777,-0.16290428120661368,0.8713403755952575,0.9682842058730723
UBE3B,0.07556828245582992,0.16286130489922357,0.8714789425299501,0.9682842058730723
SNHG10,-0.07014715176472786,-0.16275883537674188,0.8715026775307173,0.9682842058730723
MUTYH,-0.07319909620753906,-0.16272977090062013,0.8715219253997587,0.9682842058730723
TBX5,-0.07498410942101952,-0.16262054298095954,0.8715668664859568,0.9682842058730723
TMEM68,0.07077329490553508,0.162631035331331,0.8715788201276803,0.9682842058730723
PALS1,0.06911405132593584,0.16227963573847104,0.8718331868183229,0.9683330578933962
GALNT10,-0.06489762036827029,-0.16256911641374538,0.8718505335147813,0.9683330578933962
RNF130,-0.0275570476950584,-0.16254482089943936,0.8718688752519194,0.9683330578933962
ULK1,0.08337301475904102,0.16183169125483005,0.8722257879426177,0.9686383280021262
AKR1B1,-0.0496134186870254,-0.16181391190927608,0.8723273866217385,0.9686600318944242
ABCD4,0.06507615703054803,0.16154372585613258,0.8724541645402121,0.9687096889011666
NAPA-AS1,0.08317217730178661,0.16151806457968015,0.8725470734178582,0.9687217343833175
FBXO6,0.06953337786894487,0.16077461187354308,0.8730983721600378,0.9691658636171403
NCAPD3,-0.07875258384208284,-0.16075351821791362,0.8731113053425064,0.9691658636171403
ZNF669,0.06469170702813365,0.1604700622432399,0.8732620056074571,0.9692420060357307
ADIPOR2,0.0552465501803896,0.16024873470946902,0.8734422011174625,0.9692970846929998
ZNF704,-0.05522941912762924,-0.16009610401149857,0.8735388124964355,0.9692970846929998
WDR3,-0.08232059999720942,-0.1601630483898242,0.8735579571409423,0.9692970846929998
SART3,-0.05643894568833563,-0.15986469110683524,0.8737212920352905,0.9693872041801319
DMWD,0.0770269445336389,0.15969267603047876,0.8738540106702809,0.969443341411772
PLEKHG4,-0.0690317722618774,-0.15947004742086918,0.874093389652792,0.9694465798063034
RBBP8,0.06963628086281037,0.15933914024001516,0.8741744172130913,0.9694465798063034
SECTM1,0.0741901318760505,0.15930657996952546,0.8741939603911226,0.9694465798063034
SLC39A6,-0.04475022178593058,-0.15948269313893715,0.874212584024442,0.9694465798063034
ZNF668,0.07173436625564689,0.15919815392171288,0.8743496331039731,0.9694465798063034
PRRT1,0.0755373294651025,0.159069080713514,0.8743863594173933,0.9694465798063034
CRNKL1,-0.07483948714730193,-0.15898768472245456,0.8744317815991121,0.9694465798063034
ELOA-AS1,0.0642351787772868,0.15885657714998885,0.8745271322417312,0.9694612448223904
ZC3H8,0.07050439844039946,0.15858379267792413,0.8748353423169483,0.9697118512724483
TRIM73,0.0745680919631333,0.15825067777410076,0.8750857294995763,0.9697380539841226
EXOC3-AS1,-0.07205024401448323,-0.15817626144016222,0.8750957586151344,0.9697380539841226
SNAPC2,0.04978994325119057,0.15871980366582236,0.8751494664627625,0.9697380539841226
MBLAC2,0.07340576082162986,0.1580083717507559,0.8752590658353888,0.9697380539841226
SYCE1L,-0.07883320415317963,-0.15774343332123442,0.8753888182275548,0.9697380539841226
HDGFL2,0.06259269196317963,0.15786888209612837,0.8754089400896422,0.9697380539841226
RWDD2A,0.07322479529671799,0.15766062551486867,0.8754931858014992,0.9697380539841226
DYRK2,-0.057089235200120214,-0.15758446865220055,0.8755161524237847,0.9697380539841226
SF3A2,-0.03512295879818783,-0.15750941478802089,0.8756558866549412,0.9697727957736006
TELO2,0.05155964525527512,0.15792979915926592,0.8757118172762882,0.9697727957736006
F8,-0.06691496648956319,-0.15693598486527943,0.8761199393903738,0.9699683098176821
STAG1,0.02549234079577012,0.15672866720840203,0.8761845530100494,0.9699683098176821
APEX2,0.054048339271175916,0.1567206792385594,0.8761995303353141,0.9699683098176821
RAF1,0.055287321450887994,0.156776560274103,0.8762170314185314,0.9699683098176821
NCOA7,0.036453040996626385,0.15684394436873073,0.8763713384711468,0.9700083461868062
ERCC6L2-AS1,-0.07228232976589588,-0.15636212464361873,0.8764945503562575,0.9700083461868062
TRIM47,0.06321908921588637,0.1563376663556873,0.8764997059529573,0.9700083461868062
TENT2,-0.029636480893280748,-0.15575869348043772,0.8769631800124525,0.9704302905930824
HEMK1,-0.06325616207946627,-0.15559462314886086,0.8770817681227857,0.9704705476323447
CYB561A3,0.055757819414314014,0.1553907423025358,0.8772451012794966,0.9705603018373438
ZNF549,0.05977349753851979,0.1553326504652194,0.8773455020981684,0.970580419104946
TPMT,0.07441662461404341,0.15497076139991986,0.8775858761909638,0.9706862918520753
HAPSTR1,0.07216255019285978,0.15490463174910607,0.8776056580209404,0.9706862918520753
ZEB1-AS1,0.055577333992717914,0.15451463567716478,0.8780687331317601,0.9709735532567464
TRMO,0.06361582441298319,0.15451147930339004,0.8780786913416984,0.9709735532567464
ETHE1,0.054673852111744026,0.15424119529096514,0.8781308813356016,0.9709735532567464
ZNF174,-0.058455007991769836,-0.1538249860486337,0.8784887749493873,0.9709735532567464
C1orf21,0.05738146067406813,0.15404658164590368,0.8785111467383843,0.9709735532567464
HLA-DRB1,-0.06780004790049965,-0.1537401163752356,0.8785738096798618,0.9709735532567464
REPIN1,-0.06678790628032161,-0.1536475995239667,0.878599010407733,0.9709735532567464
SAMD1,-0.07074228411202999,-0.15385166347257526,0.878600182230273,0.9709735532567464
C9orf78,-0.019055110286889665,-0.15359805874675908,0.8786301167136107,0.9709735532567464
ENSG00000268750,0.05967541854845004,0.15306518309459807,0.8790673919462605,0.9709735532567464
ZNF728,-0.059350263370125056,-0.15306347852475427,0.8791021835956165,0.9709735532567464
THRA,0.03360833457486123,0.15304951103489864,0.8791059836095207,0.9709735532567464
NUTM2A-AS1,-0.03469795384101371,-0.1530424340269822,0.8791299124696321,0.9709735532567464
FHOD3,-0.08669722683036651,-0.15293585338834123,0.8791994949311085,0.9709735532567464
MED15,0.05281103966305345,0.15287182095656596,0.8792318739655769,0.9709735532567464
ZNF551,-0.05873940893845475,-0.15267245107935465,0.8793718975582906,0.9709735532567464
ZNF598,-0.07301220579301093,-0.1526536484774964,0.8793918971835386,0.9709735532567464
DDX10,-0.06491167521429375,-0.15257792273513382,0.8794352638211786,0.9709735532567464
SMOC2,-0.040794736449191404,-0.15266066363823685,0.879460719668593,0.9709735532567464
COX19,0.07250083038845112,0.1525786404531735,0.8795103943222693,0.9709735532567464
TRIM25,0.06196365946853,0.15214579876575685,0.8798610029268199,0.971039255397539
FAM76B,-0.07274103177220725,-0.15205441194940314,0.8798834169616425,0.971039255397539
TNKS,0.0648867227326333,0.1520014911298051,0.8799177780353122,0.971039255397539
GNPTAB,0.057658233480297305,0.15192061660671785,0.8799504805157449,0.971039255397539
SCAP,-0.06390521291764628,-0.15193255623921548,0.8799811905330683,0.971039255397539
CABIN1,0.06227865911372188,0.15167221795320854,0.8801595992624023,0.9710787625931554
WDR90,-0.061216750790421326,-0.15163635798302844,0.8801815128968032,0.9710787625931554
CCDC89,0.06358834491707155,0.15156830754787423,0.8803321491441904,0.9711103977899778
MTMR11,0.06522665772861114,0.15152359174915972,0.8803747121684322,0.9711103977899778
IFT22,-0.02903077586752989,-0.15117059106648537,0.8805321998616219,0.9711671516611171
SIGMAR1,-0.0579781061101885,-0.15109582893779103,0.8806043644597192,0.9711671516611171
ZNF133,0.06245668807762561,0.1508395801439602,0.8808123875878574,0.9711671516611171
ACTG2,-0.1277524808309689,-0.1507333667590212,0.8808872904243578,0.9711671516611171
DYNC2LI1,-0.027077650429731648,-0.1508125875951193,0.8809496249035444,0.9711671516611171
TGM2,0.04756639627370607,0.15043444415872506,0.8811106286028262,0.9711671516611171
MYOZ1,0.09579958350693518,0.15053183065573245,0.8811216435083111,0.9711671516611171
BYSL,-0.07250337064669266,-0.15026925357288137,0.8812390821300904,0.9711671516611171
FECH,0.05253014470919615,0.15031800547036986,0.8812437706494347,0.9711671516611171
CDIP1,0.052598010922333405,0.15018410870448112,0.8813094506386626,0.9711671516611171
ABHD10,0.06774000732146179,0.15028983550032035,0.881378728393039,0.9711671516611171
RGS14,-0.06861592897139968,-0.1501273834355298,0.8814133725452952,0.9711671516611171
CRYL1,-0.02965538669366108,-0.1499071644688615,0.8815229891010535,0.9711777328563603
H6PD,0.04553233124725331,0.14986459224089987,0.8816400863827452,0.9711777328563603
TRAPPC1,-0.019155845134539717,-0.14976935809354733,0.8816697808574006,0.9711777328563603
ADAMTS6,-0.07189186619957022,-0.149579798666741,0.8818303222801632,0.9712639442542756
WDR36,-0.06911711193810399,-0.14917134012870034,0.8821013816910335,0.9713934798031516
GTF2IRD1,-0.06519672923278175,-0.14917369585318943,0.8821125034722392,0.9713934798031516
FNDC10,-0.057414278068326885,-0.14877601215616137,0.8824648707331664,0.971690868296337
KATNIP,-0.0663710128876569,-0.14853972149208156,0.8826482939998336,0.9718021927502365
ARK2N,0.07594217695425964,0.14826203924925596,0.8828575088285013,0.9718264336830464
FAM114A2,-0.0251510437028184,-0.14813194318379247,0.8829326541761242,0.9718264336830464
PPP1R35,0.07433565944183318,0.14815712499397818,0.8829467091844801,0.9718264336830464
CLIP3,0.05258826782888004,0.14840741741336866,0.8830040718989945,0.9718264336830464
ECD,0.0506748622875719,0.14795380183457968,0.8830914398054014,0.9718264336830464
GAB2,-0.06611763080549649,-0.14782517637659146,0.8832437348430485,0.9718264336830464
UCK1,-0.05743625435492472,-0.14775745002998422,0.8833699256289619,0.9718264336830464
CEP43,-0.06261450543411762,-0.14756915166207685,0.883373794567643,0.9718264336830464
HLA-DQA1,-0.07215469203593905,-0.14748440957212416,0.8834318784392544,0.9718264336830464
FKBP1B,-0.06692075312851475,-0.14759268564522462,0.8835358276930241,0.9718264336830464
CRYBG3,0.025919089788583705,0.1473044092819236,0.8835758672359286,0.9718264336830464
ACVRL1,0.05568447032119561,0.14736687362870401,0.8836963849266067,0.9718684389844039
KCTD9,0.06209112219249757,0.14716803507308182,0.8838336331452543,0.9718762532300455
ATP5F1E,-0.020145528977296934,-0.14693923630325303,0.8838681452501285,0.9718762532300455
ANKHD1,-0.06763067572483994,-0.14665866331615343,0.8840956374523364,0.971946933006593
TRMT6,-0.054288996682533064,-0.14662156003450522,0.8841083605985723,0.971946933006593
PPP2R2A,0.058440755434990166,0.14659875751771412,0.8841794251213724,0.971946933006593
GATA6-AS1,-0.06625930945314185,-0.14644897121358655,0.8842626330286165,0.9719478941250297
ZBTB6,0.0722217519609254,0.14569222687855055,0.8848510227811694,0.9724655466818894
DCTN4,0.0524483643321112,0.14547445512048182,0.8850265049028843,0.9724655466818894
ENSG00000278743,0.07158573081408903,0.14530844211032215,0.8852178470213112,0.9724655466818894
S100A14,0.0659407968527117,0.14517264110674943,0.8852941444586829,0.9724655466818894
DYNLRB2,-0.06262510600930771,-0.1451994445802408,0.8853141633352843,0.9724655466818894
ZCCHC8,-0.05575560441024985,-0.14512232615454668,0.8853193399801996,0.9724655466818894
SLC5A6,0.06470867508406819,0.145071956355995,0.8853767260304547,0.9724655466818894
SLC16A4,-0.05084624866647136,-0.14485668062147153,0.885523410466257,0.9724655466818894
XRCC5,0.015532910166008662,0.1447066484794837,0.8856309189069791,0.9724655466818894
HOXB-AS1,0.0512159833411463,0.14492490823759685,0.8856375663273701,0.9724655466818894
STX3,-0.06689137235284282,-0.14463768116857434,0.8856654922991168,0.9724655466818894
ARMC6,0.060160794699092524,0.14466653413222558,0.8857221141824376,0.9724655466818894
STK36,0.056443766826330455,0.14393266437414637,0.8863147637199836,0.9726222467519017
RSU1,0.02355133081668548,0.14400846607657136,0.8863708168200763,0.9726222467519017
RPRD2,0.06843599639564957,0.1435762538713937,0.8864983821580223,0.9726222467519017
ZNF24,-0.022808430356539233,-0.14367400761682234,0.8865271663574407,0.9726222467519017
PSRC1,-0.07226797782695105,-0.14350318328697745,0.8865895713207685,0.9726222467519017
RGMA,-0.060096849612842895,-0.14389428630739712,0.8866483214967468,0.9726222467519017
ADD3,-0.03501347877307204,-0.14364054597581774,0.8866996439552941,0.9726222467519017
HOXA7,-0.0542982909428833,-0.14328991121234216,0.8867165553970481,0.9726222467519017
TMEM216,0.057355692334501995,0.14342666444010427,0.886734272755313,0.9726222467519017
PDSS1,0.06474866574831539,0.1432814308315618,0.8867347708023103,0.9726222467519017
CDC73,0.026957113809680244,0.14319207973021103,0.8867930137653897,0.9726222467519017
PIN4,-0.02572991426910054,-0.14312187430944967,0.8868535251196501,0.9726222467519017
NARS2,-0.059101259563232755,-0.14281151907690728,0.8871018454715223,0.9728042067618504
NAXD,0.07211720083910977,0.14262235140110896,0.8872402970064863,0.972865660984727
TRABD,-0.03682695699906535,-0.1425049737221418,0.8874189016085112,0.9728821259042879
ABCA9,-0.06861811782526317,-0.1429042143974585,0.8874201382242585,0.9728821259042879
ZNF784,0.06175505979273144,0.14215745073273492,0.8876270497382889,0.9729579157204912
MOCS2,0.022136641544522107,0.1421631526206942,0.8876541086242855,0.9729579157204912
PLBD2,-0.043856928936024,-0.14244358123313164,0.8878759981948446,0.9729670303245203
CENPJ,-0.06926591244438995,-0.14159382673411916,0.8880917697729303,0.9729670303245203
MTIF3,-0.02021969116476452,-0.1414501423850246,0.8881600072437903,0.9729670303245203
MSANTD4,-0.06597988341151195,-0.14140387670896182,0.8882184411529779,0.9729670303245203
CCDC71L,-0.08564702106384026,-0.14132137121812963,0.8883315232646162,0.9729670303245203
HIC2,0.07060827639077072,0.14114878809858353,0.8884564323564632,0.9729670303245203
CSNK2A2,-0.06447590574771533,-0.14104730179722097,0.8885513110098205,0.9729670303245203
TOR1A,0.051685001066296365,0.14090380597118085,0.8886339360405563,0.9729670303245203
MFSD3,-0.06599846537813914,-0.14070402643792793,0.8887758523891112,0.9729670303245203
RNF41,0.05727774612855008,0.14063332896072264,0.8889155162346267,0.9729670303245203
SLC2A11,0.06000896582520099,0.14030795893993067,0.8890724438971791,0.9729670303245203
SF3B3,0.06792520465148222,0.14026889471969387,0.889091615155081,0.9729670303245203
PTPRJ,-0.05249402627812949,-0.1400991963628586,0.8892553475089685,0.9729670303245203
RCSD1,0.08478124316149316,0.14008140979382422,0.8893380099162148,0.9729670303245203
NKRF,-0.05682114458616483,-0.13997175616328306,0.8893489993270896,0.9729670303245203
AKIP1,-0.04855989089218493,-0.13990845151790357,0.8893882000043082,0.9729670303245203
KLF4,-0.04035343662921598,-0.1399724645791813,0.889484351840275,0.9729670303245203
ARL6IP4,0.01497658262690127,0.13991031989039718,0.8894867832137635,0.9729670303245203
SLC27A5,-0.058397050351294943,-0.1396813700650153,0.8895545113269747,0.9729670303245203
DYRK1A,0.06153076903673638,0.1396933785169116,0.8895693568854741,0.9729670303245203
EDC4,-0.06289946548067826,-0.13966247534303391,0.8895878136519827,0.9729670303245203
SUMO1,-0.023267423733432935,-0.13951878643424193,0.8896773059354165,0.9729670303245203
SPG21,0.04242088699137536,0.13966049042351433,0.8897423501168545,0.9729670303245203
PRIM2,0.06733107336804345,0.13937278309363405,0.8898402378765873,0.9729670303245203
PPP1R18,-0.02324406067111706,-0.1389712929130424,0.8901389998440944,0.9729670303245203
MIR34AHG,-0.056596926105730416,-0.13900297564921987,0.8901445747870225,0.9729670303245203
PRUNE1,0.06620018567854125,0.13893013646656002,0.890205868501254,0.9729670303245203
ADCY6,-0.05644336907274772,-0.13874174437897088,0.8902970620177789,0.9729670303245203
FBXL18,-0.04673056143696819,-0.13871557139844812,0.890332140908826,0.9729670303245203
TSEN54,-0.06157186459566777,-0.13864955935705395,0.8903766546687799,0.9729670303245203
ENSG00000285253,-0.0642362279974713,-0.13857650264893268,0.8904252381740683,0.9729670303245203
STXBP3,0.046231806006148624,0.13860821190731665,0.8904340066301151,0.9729670303245203
MRPS16,-0.04317554947454916,-0.1391914064492947,0.8904595684877904,0.9729670303245203
ADGRB3,0.0596952863345066,0.1384867314024151,0.8904922645981747,0.9729670303245203
SKP1,-0.017266883010579548,-0.13837513680449734,0.8905989847877177,0.9729670303245203
KPNA1,-0.05379298108245667,-0.1382739881993489,0.8906547746868675,0.9729670303245203
MIS18A,0.06448959263595944,0.13808746077399245,0.8908432816070591,0.9729670303245203
NXF1,0.04880575279510069,0.13804512380903056,0.8908741594068671,0.9729670303245203
ULK4,-0.07482380771487751,-0.1382749789772008,0.8908948371739487,0.9729670303245203
ABCE1,-0.028352168637517217,-0.13788671971796862,0.8909592204835294,0.9729670303245203
RAB5B,-0.025372328523619814,-0.13730259460362404,0.891456339378752,0.9733636112334453
LMCD1,0.04007079503125777,0.13735336168229728,0.8914872820547235,0.9733636112334453
GORASP2,-0.03992791069187973,-0.1370935374593819,0.891786749439433,0.9734859788327006
SLMAP,0.05877101772407212,0.13690698179712285,0.8917890786553504,0.9734859788327006
LAPTM4A,-0.023201535188228206,-0.13697499395120583,0.8919032955260828,0.9734859788327006
ARHGEF5,0.055370585884112034,0.13653897832002723,0.8920369866997631,0.9734859788327006
NUBP1,0.06146805037647107,0.13633643019316416,0.8921832246164855,0.9734859788327006
CHFR,-0.06330183971551095,-0.13631620839428157,0.8922235731320763,0.9734859788327006
LZTS3,0.05792642220893374,0.13637392467305942,0.8922319573236276,0.9734859788327006
MT1X,0.0677308341826528,0.13633634575539275,0.892272222061727,0.9734859788327006
CCDC112,-0.06147337466577252,-0.1361748847665162,0.892341531295947,0.9734859788327006
ZNF354A,-0.05731439235665281,-0.13596114660930983,0.8925261546723973,0.9735606248262813
YTHDF3,-0.05747801166077959,-0.13596987269534963,0.8925957395151216,0.9735606248262813
TUBA1B,-0.038576411468085325,-0.13591750413075895,0.8927031741340756,0.9735606248262813
HECA,0.06905066744244781,0.13551775565307542,0.8928571051101934,0.9735606248262813
BBS7,-0.037437694903179164,-0.13577310557308572,0.8929348572172565,0.9735606248262813
SLC35E3,-0.05168657582090308,-0.1354133864695418,0.8930345368780381,0.9735606248262813
GFOD1,0.06847220082523231,0.1352574986885035,0.8930414525435265,0.9735606248262813
NSUN2,0.058408738807186555,0.13523426511782594,0.8930697167508512,0.9735606248262813
RAB40C,0.06174554081948802,0.1351079147773235,0.893280212228961,0.9737001759337843
ZC3H6,0.048226251904040396,0.1347577451183592,0.8934480664576133,0.9737541107372523
UAP1L1,-0.06693488231972289,-0.13455765882910484,0.8936027977852627,0.9737541107372523
KPNB1,-0.014282089877210247,-0.1344811639580095,0.8936372824000014,0.9737541107372523
BCKDHB,0.060874337204904094,0.13450221758819547,0.8936596387740272,0.9737541107372523
TMEM30A-DT,0.05209534398840954,0.13433159005929152,0.8937850824535181,0.9738000074897495
CLUH,-0.05622941285158678,-0.1342550705172992,0.8938702633588559,0.9738000074897495
ZFAS1,-0.02954032398305273,-0.13425817449606886,0.8939672536899901,0.9738000074897495
MAPK3,-0.04870950176203248,-0.13404356860811395,0.8940317222510721,0.9738000074897495
CBL,0.04741178649360123,0.13390322495071333,0.8941501654390673,0.9738107437049631
CASP4,0.04402596630790523,0.13424820224052558,0.8942065617756713,0.9738107437049631
ZNF621,-0.06602228323708248,-0.13321198061023057,0.8946633493399435,0.974218322936817
PET117,-0.05616305035761249,-0.13285113541456925,0.8949245552649284,0.9744128735383214
KTN1,0.017493243488787336,0.13258547197125092,0.8952297421398703,0.9746552712313169
TRPV2,-0.06586029274694738,-0.1322229226288201,0.8954482279649503,0.9748032396833491
AP1AR,0.04265253964205362,0.13188242344079817,0.8956806233966831,0.9748593689098122
TNFSF10,-0.0650739599016994,-0.13244335141473584,0.8957002560387018,0.9748593689098122
TUSC2,-0.02352053705398749,-0.13209439671890386,0.8957475285527093,0.9748593689098122
CITED4,-0.0672487162800155,-0.1316271377468399,0.8958961892327217,0.974879097380005
SF3B6,-0.014466965535292253,-0.13142438694688233,0.8960487916560969,0.974879097380005
DYNLL2,0.053934925230278985,0.1314005863084389,0.8960900326478503,0.974879097380005
LRPPRC,-0.024936903330584848,-0.13107343812252278,0.8963296186500456,0.974879097380005
MTMR4,-0.06115782564858474,-0.1310510989801075,0.8963832501663701,0.974879097380005
TM7SF2,0.060928508656298064,0.13105918308032616,0.8964166837518377,0.974879097380005
RABGEF1,0.06107497425035646,0.13028077319777195,0.8970075860880526,0.974879097380005
ARF3,-0.02227465759703673,-0.13029606214235676,0.8970792252977303,0.974879097380005
UBE2Q1,-0.059756407528650524,-0.1300508483473998,0.8971663611542742,0.974879097380005
HYI,0.019921123509211824,0.1299373289802074,0.89722198876192,0.974879097380005
TAF5L,0.06388258702546556,0.13002697414507788,0.8972475853340898,0.974879097380005
PIK3R4,0.04775425367407493,0.12983349098453287,0.8972961954538204,0.974879097380005
LDLRAD3,-0.054401646844510765,-0.1297519963885426,0.8973635173156638,0.974879097380005
SLC24A3,0.058118902421612884,0.12967992492718572,0.8974212301363049,0.974879097380005
VEGFA,0.06048367187239734,0.12948920349182716,0.8976388595967264,0.974879097380005
LINC01266,-0.05728818353237575,-0.12928276137824696,0.8977605392363812,0.974879097380005
TTI2,-0.05077027253602795,-0.1292639151944603,0.8977714214092557,0.974879097380005
ZNF398,0.05945242162270681,0.12924161210810045,0.8978007803042038,0.974879097380005
LYRM7,0.06126451231154473,0.12911187988423298,0.8978901745805449,0.974879097380005
TRMT61B,-0.03253026277026372,-0.12909103230403804,0.8978982295596905,0.974879097380005
NAV3,0.05469057913682995,0.12903705065435622,0.8979569984997466,0.974879097380005
SH3D19,0.037774627469780775,0.12926033544556575,0.8980362282295792,0.974879097380005
DNM1,0.050563479175514736,0.1288637886370614,0.8980741339826798,0.974879097380005
SSB,0.013449369624471963,0.1287752618279558,0.8981364635206849,0.974879097380005
CNPY2-AS1,-0.05921394619498477,-0.12887100252293776,0.8981419813713093,0.974879097380005
FTSJ3,0.04482012830459681,0.12846997594257606,0.8983695213929048,0.974879097380005
NOC4L,0.04839670791880302,0.1283281514578337,0.8985874807961786,0.974879097380005
DYNLT2,0.050808497166255684,0.12820473911383345,0.898606166070824,0.974879097380005
USO1,-0.022907873239565113,-0.12811276500583132,0.8986442250499745,0.974879097380005
MAX,-0.019836349435761846,-0.1279197327288836,0.8988165539028042,0.974879097380005
GPBP1,0.02375476837208268,0.12787529121655733,0.8988309839510613,0.974879097380005
GGT7,-0.05324475508819804,-0.1278133558763758,0.8989214844825885,0.974879097380005
TOR2A,0.054509744802812676,0.12740969548315562,0.8992478955898009,0.974879097380005
TRAPPC6B,-0.04166389675728421,-0.12765455322503108,0.8992730363360318,0.974879097380005
AKAP17A,-0.05470599440962953,-0.12732340856544963,0.8993757725606037,0.974879097380005
PIM1,0.06266969559042934,0.12712113861938965,0.8994406185505658,0.974879097380005
HLA-C,-0.021934161293348353,-0.12681851449097453,0.8997823361393228,0.974879097380005
ATP6V0A1,-0.04551500874865422,-0.12666684028544686,0.8998367003522919,0.974879097380005
VAC14,0.05392018146880018,0.12664908516206322,0.8998636424990081,0.974879097380005
MDFIC,0.061108386734392006,0.12669458849313958,0.8998738563847165,0.974879097380005
C5,-0.053387659581166425,-0.12660589671152553,0.8999008063924583,0.974879097380005
CPE,0.029580698247301918,0.1266087592516758,0.8999056283774127,0.974879097380005
KNSTRN,0.05331691414858497,0.12637624207191087,0.900030324014553,0.974879097380005
DGAT1,-0.057974287249438206,-0.12638366437615328,0.9000453693228323,0.974879097380005
DCTN1,0.021981410302390536,0.12642915320066656,0.9000520591172977,0.974879097380005
ARFGEF1,0.06139993614842032,0.12629188696464244,0.9001005835341893,0.974879097380005
CLSTN1,0.03728092807313743,0.12644583552986938,0.900166865932141,0.974879097380005
EIF1,-0.012255949821259549,-0.12607744368269944,0.900244997024991,0.974879097380005
BECN1,-0.06138941770770234,-0.12598696074833246,0.9003623013231513,0.974879097380005
PTPN4,0.05117604570491485,0.1258407211210466,0.9004322230753804,0.974879097380005
GMEB2,-0.05479681574847661,-0.12552787794637565,0.9006861613534369,0.974879097380005
IFIT1,-0.06127394817903298,-0.1256289226608279,0.9006966280153413,0.974879097380005
CCDC106,-0.051271641449949446,-0.12532915064271277,0.9008645444677978,0.974879097380005
THAP5,-0.037267480313889934,-0.12530365074332248,0.90104311013212,0.974879097380005
SLC43A2,-0.060171512815047734,-0.1250670844236618,0.9010557689137043,0.974879097380005
YDJC,0.05458688915741394,0.12493643285521334,0.9011680329514759,0.974879097380005
CD46,-0.03036269553938631,-0.12513958052824195,0.9011745018671565,0.974879097380005
EIF2S3,0.0255738602203035,0.12481751849005854,0.9012454688882452,0.974879097380005
SEC61B,0.016618176260095652,0.12492850682927588,0.9012564756267333,0.974879097380005
BBX,-0.02043748979675808,-0.12481695070574178,0.9012632319513861,0.974879097380005
DSN1,-0.057286373656900036,-0.12476227430314386,0.9013436439837992,0.974879097380005
TBC1D16,0.04846845083884421,0.12484685195622447,0.9013591435054573,0.974879097380005
GTF3C1,0.04686121125525222,0.12470774526348465,0.9013665905979649,0.974879097380005
RAB11B,0.013952131031476078,0.12460347483926928,0.9014423788411112,0.974879097380005
CHKB,-0.05078727978961606,-0.12419821780797743,0.9017274454871322,0.974879097380005
ANO10,0.055195548610905476,0.12430263993315806,0.9017741287587663,0.974879097380005
GAREM2,-0.05798281462978383,-0.12387220381303822,0.902009251132373,0.974879097380005
RBMS3-AS3,0.05164385640403957,0.12374997907812452,0.9021754290629445,0.974879097380005
PIK3C3,-0.048932838978033466,-0.12367995322057826,0.9022196054292179,0.974879097380005
MRPS33,-0.02209835720394704,-0.12342956326528473,0.9024022084670063,0.974879097380005
CPEB2,0.06429858072495032,0.12314083381618955,0.902558201032468,0.974879097380005
RTL5,0.05148501468301592,0.12314754604961131,0.902559817207632,0.974879097380005
USP10,0.03731728189075323,0.12345357191308369,0.9025815495317422,0.974879097380005
PPM1F,0.051602273300534574,0.12306757588795499,0.9026916651685484,0.974879097380005
HIC1,-0.04737167638399953,-0.12325564229600124,0.9027663845032766,0.974879097380005
EI24,0.023809702326951232,0.12284375732387483,0.9028450274421896,0.974879097380005
PATJ,-0.05478820163343068,-0.12287086121866847,0.9028587519955736,0.974879097380005
CNP,0.04223345217971364,0.12268299460850225,0.9029587159993789,0.974879097380005
PSMA7,0.016951508032263973,0.1227251158373556,0.9029722232124109,0.974879097380005
UBE3C,0.051736045294524136,0.12259256066598037,0.9029898386673864,0.974879097380005
MCM3AP,-0.05590355985962869,-0.12269283833895143,0.9030028219194406,0.974879097380005
MPLKIP,-0.014469613847399643,-0.12242599686324793,0.9031612232290265,0.974879097380005
DPF2,-0.04565767154292466,-0.12243456883633916,0.9031620621430867,0.974879097380005
SNX29,0.05200162133828101,0.12228132100520271,0.9032521443488002,0.974879097380005
C1QTNF5,-0.06189562885001987,-0.12224043999250553,0.9032666276414191,0.974879097380005
PANK3,-0.0494056521622257,-0.12224491957099004,0.9032737970647131,0.974879097380005
NAA16,-0.04277356091319362,-0.1221679368683745,0.9033241197643022,0.974879097380005
LYSMD4,-0.0580418797991058,-0.12198066813606398,0.9035387154439706,0.974879097380005
PAIP2,-0.014813013880014658,-0.12198572164232749,0.9035440900234528,0.974879097380005
RERE,0.02442067181180363,0.1219686702026644,0.9035619415636696,0.974879097380005
KRT7,-0.06431017970250297,-0.12193724028615213,0.903567652475062,0.974879097380005
MSRB1,0.05860752687379556,0.12195491995798309,0.9036932112713267,0.974879097380005
TMEM223,0.04129176792424083,0.12159635109635743,0.9037945672798013,0.974879097380005
IL18BP,-0.06241894302318496,-0.12162997270076596,0.9038029608828909,0.974879097380005
XRCC4,-0.0598164326313948,-0.12129980767150537,0.9040222376999861,0.974879097380005
CYTH1,0.05495356396344864,0.12130025147680938,0.9040517562656439,0.974879097380005
TSG101,-0.03776697982648436,-0.12169889745256557,0.9040794529184267,0.974879097380005
SPPL2A,0.023876836554419967,0.12121385687527884,0.904196914790735,0.974879097380005
DEDD2,0.051590040502203394,0.12114156112819409,0.9042319965677368,0.974879097380005
FAM162A,-0.012445315250702471,-0.12100266474282215,0.9042463911643402,0.974879097380005
KLHL36,0.03726409745262149,0.1214086635457181,0.904291755477677,0.974879097380005
PNP,-0.0687676259417156,-0.12095794232292205,0.904293393474904,0.974879097380005
MAD1L1,-0.05196541623595108,-0.12069480351926387,0.9045351447226514,0.974879097380005
ACO1,0.041984663520312715,0.12060604265152283,0.9045673944121778,0.974879097380005
CTDNEP1,0.04292000492847858,0.12063785243736387,0.9047394736341732,0.974879097380005
RBCK1,-0.020558500532335877,-0.1201372601048778,0.9049226144731447,0.974879097380005
BRIX1,0.034170696615754004,0.12026774419363291,0.9049278456592366,0.974879097380005
ST7,0.05733570583439418,0.12016524360665033,0.9049336707694492,0.974879097380005
LOXL1-AS1,-0.05544162351199633,-0.11994496142659498,0.9051041072966185,0.974879097380005
AGAP1,0.056165540493625876,0.11993926287064112,0.9051084465215427,0.974879097380005
PEX10,0.049770814690378806,0.11987082888556361,0.9051340947526157,0.974879097380005
DNM3OS,-0.044538487312402175,-0.11975473318248799,0.9052399845414368,0.974879097380005
TSC22D3,-0.04487752181553262,-0.11982130436474918,0.9053396534736995,0.974879097380005
SCN7A,0.03551710772066574,0.11906765274995788,0.9058217172693224,0.974879097380005
VHL,0.0493731181485253,0.11890066548818992,0.905922754595228,0.974879097380005
SPA17,-0.05497801104390243,-0.11889045862387584,0.9059569898975612,0.974879097380005
NDUFAF7,-0.044560890117998575,-0.1188891099563737,0.9059605061377094,0.974879097380005
CDC7,0.046445205804082734,0.11855095967565865,0.9062107933298755,0.974879097380005
TNS2-AS1,0.05518195221691968,0.11826687385015404,0.9064682567133099,0.974879097380005
SMIM1,-0.05491821973335598,-0.11814335565714651,0.9065296757085514,0.974879097380005
RBM4B,0.037666992535982935,0.11803023005754931,0.9065966963475587,0.974879097380005
KPNA4,0.0439243742257025,0.11801215546812874,0.906606118732302,0.974879097380005
FBXO33,0.051691039097294667,0.11823954771095795,0.9066105625891697,0.974879097380005
RAD23B,-0.02024791088348188,-0.11820698249669634,0.9066502233557424,0.974879097380005
CHKA,0.05673831750960945,0.11791639731040116,0.9066733855444672,0.974879097380005
MSL1,-0.05244015158319826,-0.11784116747329232,0.9067650474539226,0.974879097380005
KLHDC1,0.04763901712917917,0.11776903337457763,0.9068195970647044,0.974879097380005
POGK,-0.045766953225549134,-0.11771725468251772,0.9068318704664957,0.974879097380005
HAUS7,0.061894791763342116,0.11774781365067909,0.9068671908406449,0.974879097380005
ARFGAP1,-0.051091789946899446,-0.1175075826559356,0.906997742229663,0.974879097380005
BCL10,-0.04111268180252736,-0.11750451218639273,0.9070269951018911,0.974879097380005
NUDT3,-0.036911341163479605,-0.11735392324803492,0.9071357609655073,0.974879097380005
C5orf22,0.04766195308202947,0.11713639199252823,0.9072996486980888,0.974879097380005
TEP1,-0.05390730574685154,-0.11706421052544587,0.9073609709412801,0.974879097380005
RIF1,-0.023720699898057696,-0.11705085475801037,0.9073640796073713,0.974879097380005
CSK,-0.0462512662621406,-0.1170219939952023,0.9074113790645862,0.974879097380005
DHRS1,-0.0327189671281527,-0.11687550130645773,0.9075033133453564,0.974879097380005
RAP1B,-0.02233127541182256,-0.11682512732715469,0.9076619129178707,0.974879097380005
LETM1,0.05020002187519834,0.11655130743638009,0.9077573129197262,0.974879097380005
PECAM1,0.05686732617089252,0.11657290275014032,0.9078426390437121,0.974879097380005
GEMIN2,0.04735572506287955,0.11644660120812066,0.9078534495783599,0.974879097380005
UBE2A,0.01447780827901024,0.11623552269165148,0.9079975092192408,0.974879097380005
CIB1,0.01569826787492179,0.11630624342117461,0.9080304018764939,0.974879097380005
DNAJC7,0.035330973902693685,0.11683781426349533,0.9080992645233091,0.974879097380005
ZNF658,-0.05669545635808748,-0.11610265560752085,0.9081797335819841,0.974879097380005
ANAPC13,-0.036867571540929234,-0.1161133928519171,0.9081805387028913,0.974879097380005
LAMB2,-0.01838636576938768,-0.11598726112203091,0.9081925913985559,0.974879097380005
SFMBT1,-0.049181318938100294,-0.11598662913042222,0.9081945289763619,0.974879097380005
NMD3,0.03327897090839915,0.11603219296095187,0.908208278175016,0.974879097380005
CA12,-0.05956490969557282,-0.11594250902863218,0.9082260574187058,0.974879097380005
HTT,-0.046638307088066266,-0.1159337826488789,0.9082355199479284,0.974879097380005
SIKE1,0.04707348610624251,0.11602056151603211,0.9083233053101673,0.9748846821698813
GARNL3,-0.05414801979615946,-0.11565577286309135,0.9084882371535445,0.9749730581452358
PSMC3IP,-0.0478503830976682,-0.11554208365981412,0.9086248067274695,0.9750309829486208
BCL2L12,0.04319021352939201,0.1153200687307441,0.9087316700095235,0.9750570227651721
IGHMBP2,-0.047722782258754926,-0.11512862587351069,0.9088712342030777,0.9751181423036747
ANAPC7,-0.034313780562369445,-0.11522602199364276,0.9089629096641307,0.9751278760982428
C8orf88,-0.05270467796089129,-0.11476788850790924,0.9091584977132049,0.9751434514496623
RRAGC-DT,0.05214840756475336,0.11474341869861185,0.9091955588796076,0.9751434514496623
ZNF460,0.05413703212855925,0.11461285068529956,0.9092792291263986,0.9751434514496623
PHETA1,0.04682828186427912,0.1146737152940808,0.9093078452823281,0.9751434514496623
SNX7,0.044238586910861244,0.11431245367453896,0.9095417056173899,0.9753056440015704
NOSIP,-0.013130366792751147,-0.1139615405899632,0.9098048124363449,0.9754424179610531
APCDD1,0.04425766979143919,0.113985828719837,0.9098521191370108,0.9754424179610531
SLC7A2,-0.06774932102507636,-0.11360209689287214,0.9100740811915825,0.9754424179610531
SP3,0.054806933527793866,0.11350284011276321,0.9101782135506902,0.9754424179610531
TPST2,-0.05215079934216105,-0.11336189593217814,0.9102742523529611,0.9754424179610531
ASXL3,-0.0497012652264226,-0.11319429215119774,0.9104177356432244,0.9754424179610531
DDX6,-0.034374099553607707,-0.11305788034251846,0.9105794396782426,0.9754424179610531
CALHM5,-0.04963149185389826,-0.11291944481588714,0.910641848233827,0.9754424179610531
SLC25A40,0.04961318094302891,0.11287872818597212,0.9106510835007862,0.9754424179610531
CHCHD1,0.020213872443030745,0.11275109344947996,0.9107463460224763,0.9754424179610531
SPOUT1,0.039964128560627366,0.11282428943877239,0.9108191835921143,0.9754424179610531
PHB2,0.013880487616849457,0.11236328388833994,0.9110601521369569,0.9754424179610531
GALNT16,0.044034056296615276,0.11214762383610746,0.9112682702879463,0.9754424179610531
SNHG12,0.04022862595322074,0.11209006157526143,0.9112819452292009,0.9754424179610531
RAB3IL1,0.05466645013666227,0.11230540795445636,0.9112878189156162,0.9754424179610531
ZNF667-AS1,-0.026895936335189496,-0.11210742963305122,0.9113065986958134,0.9754424179610531
ARFRP1,0.04126019327822039,0.11202124838879768,0.911346869915815,0.9754424179610531
CDA,-0.06631489253485912,-0.11184066399896626,0.9114663927051353,0.9754424179610531
VRK3,-0.05221763796434464,-0.11183731086596209,0.9114774438804962,0.9754424179610531
PIAS2,0.042099287199024005,0.11173521613333595,0.9115433470190379,0.9754424179610531
FAHD2A,0.03985314186257494,0.11204697474989567,0.9116259235703871,0.9754424179610531
TCEAL2,0.055378165351565256,0.11161228847206754,0.9116424430062797,0.9754424179610531
PARK7,0.013206041398092339,0.11151975995199125,0.9117122815272115,0.9754424179610531
MAGEE1,-0.04340097475285609,-0.11152337570239898,0.9117204163700966,0.9754424179610531
C1orf159,-0.04660987144339268,-0.11152885247888907,0.9117379520737419,0.9754424179610531
LRRC47,0.03332258017247458,0.11160807594820168,0.9118176266158595,0.9754424179610531
STK19,0.032675605267966645,0.11155800209041702,0.911972895882327,0.9754691581653594
PLD2,-0.048233467841761524,-0.11102658335556555,0.9121004805975294,0.9754691581653594
FAM174A,0.0297873769321777,0.11109265235645473,0.9121930101800454,0.9754691581653594
PPP5C,0.03529545025693448,0.11123705523459429,0.9123149308142124,0.9754691581653594
RBM38,0.047603060716160606,0.11083724648114177,0.9123288271308455,0.9754691581653594
TMEM106B,-0.019059639031067555,-0.11073063281577374,0.9123384138334377,0.9754691581653594
ENSG00000262202,0.06441633433213445,0.11047821043418983,0.9125453409628699,0.9755443110383393
RILPL2,0.03349731374049014,0.11063451662771331,0.9126671025598408,0.9755443110383393
CDHR3,-0.048548832281051,-0.11029678138037646,0.9127253143703866,0.9755443110383393
PHLPP2,0.04882827822076985,0.11016510318569636,0.9128006295337717,0.9755443110383393
SLC38A10,-0.036659977677080846,-0.11027232628424603,0.9129671657508904,0.9755443110383393
USP9Y,0.05871308062268188,0.10992915286601164,0.9129808754728661,0.9755443110383393
SPI1,0.05176069784701176,0.10991480461388795,0.9129871705507473,0.9755443110383393
MRFAP1L2,0.045630779805121424,0.10983884208709586,0.9131104790507335,0.9755877640685952
VPS25,0.017751286211535877,0.10956359840521426,0.91325418525074,0.9756353073185389
EXOC6,0.05356370134737887,0.10955132442124306,0.9133202694771007,0.9756353073185389
ABHD16A,0.03195131755138991,0.10949315209756492,0.9134508550864866,0.9756865132370588
BLZF1,0.04920107093133064,0.10902512183936243,0.9136894958338445,0.9758100431102251
KIDINS220,0.026010886048691617,0.10888753583558725,0.9137869297370591,0.9758100431102251
ASB8,-0.01851352022581576,-0.10881114412077553,0.9138879133610104,0.9758100431102251
CD63-AS1,0.06099005711676497,0.10874060310430472,0.9139283554711304,0.9758100431102251
ITGB1BP1,-0.020883537576526834,-0.1085360041887505,0.9141407268217739,0.9758100431102251
RPS4Y1,-0.1344663595082789,-0.1084032774663644,0.9141957691858166,0.9758100431102251
MIPOL1,0.05145999425105119,0.10845755324003517,0.9142099671054601,0.9758100431102251
CTNNBL1,-0.03425641884767039,-0.10824901451622307,0.914308782505903,0.9758100431102251
RAB20,0.04928024895671612,0.10816642216206888,0.914360042718331,0.9758100431102251
TOP3B,0.04591791590029626,0.10813301458118413,0.9143931128238297,0.9758100431102251
BCL2L13,-0.03855226238470344,-0.1078508653570034,0.9146580984002302,0.9758997770068345
LPL,-0.058670955903264765,-0.10780648909340211,0.9146593516346301,0.9758997770068345
ATRAID,-0.010898302441674446,-0.10750554047278647,0.9148942152120079,0.9758997770068345
PEX7,-0.04438513897289642,-0.10743509514280673,0.9149648731200751,0.9758997770068345
NAP1L2,0.04769394196867527,0.10735503737239463,0.915015985768238,0.9758997770068345
GXYLT1,0.05256767902698334,0.10736652924924389,0.9150628312545124,0.9758997770068345
MCM4,-0.04579365171660377,-0.1072212374291534,0.915121681245306,0.9758997770068345
ACVR1B,0.05838895962699553,0.10718709722614296,0.9151406443726405,0.9758997770068345
PKM,-0.020516838805653137,-0.1068880773838436,0.9153772758809063,0.9758997770068345
PPP2R5D,0.04780025733631632,0.10681817693546752,0.9155147703039536,0.9758997770068345
MVK,0.051492698795724046,0.10676403398022792,0.9155333002953289,0.9758997770068345
LINC02550,0.05615603232923716,0.10652443543241122,0.9156964546522665,0.9758997770068345
MIA3,-0.019129268797867027,-0.10642944981442364,0.9157354281636702,0.9758997770068345
ZNF527,0.04554963209222618,0.10648880943669758,0.9157725898564977,0.9758997770068345
TGIF1,-0.03617265550305149,-0.10627537163499037,0.9158838878743881,0.9758997770068345
ALYREF,0.07306098033447084,0.10645795642491106,0.9159000497080036,0.9758997770068345
DNAAF9,-0.04622279142411134,-0.10610318273631261,0.91599074922889,0.9758997770068345
COMMD9,0.03565181953703522,0.10598553590655688,0.9161344559102743,0.9758997770068345
FAM222B,0.048712896603813505,0.10590562417146397,0.916164591644563,0.9758997770068345
GATC,-0.0332844281657394,-0.10580144758370252,0.9162854875411309,0.9758997770068345
AK9,-0.045292647594238566,-0.1056375766009413,0.916377299573184,0.9758997770068345
LRRC41,-0.04078493043870424,-0.10562947047467071,0.9163905922202353,0.9758997770068345
POMT1,0.027072634226409154,0.10580405532937277,0.9164011992859286,0.9758997770068345
POLA1,0.04491058843761242,0.1055221408790168,0.9164612391272992,0.9758997770068345
ZNF8,-0.0488302084994503,-0.10536366328902481,0.9165762451701147,0.9759320962356953
COG1,-0.03507948272794126,-0.1051668501915029,0.9167542911259665,0.9759320962356953
TXNRD3,-0.04723443667113969,-0.10511346413358974,0.916764309596944,0.9759320962356953
RIC1,-0.03240219376268261,-0.10504647930690449,0.9168312087838251,0.9759320962356953
DERL2,-0.01599148659732208,-0.1048796221302421,0.9170273822170649,0.9759320962356953
SURF6,-0.036304409596763065,-0.10465600601763463,0.9171673325941282,0.9759320962356953
ENTPD5,-0.04177752255227496,-0.10432482154643659,0.9174022541651041,0.9759320962356953
COX6C,-0.011694235228995709,-0.10423548614652438,0.9174942906164532,0.9759320962356953
PPP1R15A,-0.029213480522116697,-0.10422207106456019,0.917537948567991,0.9759320962356953
SUPT7L,-0.027472637642592446,-0.1041984060407732,0.9175388343800003,0.9759320962356953
LMF2,-0.02121328003975176,-0.10417985709476588,0.9175865400770772,0.9759320962356953
POLI,0.04232624223640791,0.10402235627521382,0.9176275940161733,0.9759320962356953
TEX30,0.03056853426265116,0.10426595138440209,0.9176813028728871,0.9759320962356953
ZNF714,-0.046149894810827874,-0.10395733395982232,0.9176927505182622,0.9759320962356953
UBXN2A,-0.028420701346992594,-0.10409692722372751,0.917731656104401,0.9759320962356953
PHF11,-0.017720381541736607,-0.10371752394872026,0.9179180110342755,0.9760423455467143
ZNF425,-0.04031196173309781,-0.10330871895835866,0.9182529079930729,0.9762095113538295
GPBAR1,0.05671002811513759,0.10326570374028554,0.9182681968436719,0.9762095113538295
CAPN1,-0.018326077893226156,-0.10332551305146599,0.9183233056827003,0.9762095113538295
ATG4B,-0.03396209206068512,-0.10275178530197245,0.918660669956463,0.9764802096917023
MYO6,0.026731286579992464,0.1025855036413647,0.9188852311897512,0.9766215452671878
SLC39A3,-0.04322405824750364,-0.10220817474184947,0.9190575727562651,0.9766215452671878
DHRS7B,0.02844890302102332,0.10221446692257909,0.919100885718788,0.9766215452671878
APH1B,-0.039507467399908514,-0.10208766702469468,0.9191510947247952,0.9766215452671878
RAB11FIP3,0.04866766606792883,0.10178611967044075,0.9194007286152432,0.9766215452671878
ZNF473,-0.04330120400739523,-0.10173783394751802,0.919454742494738,0.9766215452671878
PHF1,0.04134934777037369,0.10160096127136618,0.9195780911452339,0.9766215452671878
NAT9,0.04147739103250636,0.10155300019994168,0.9196067295287663,0.9766215452671878
INPP5K,-0.04014260070734643,-0.10166020621662401,0.9196178855965249,0.9766215452671878
NACC2,0.04575503883591914,0.10142298964085501,0.9196912924216475,0.9766215452671878
SOX15,-0.04240109227250466,-0.10138758820346741,0.9197036610533948,0.9766215452671878
RAD1,-0.0255672913323437,-0.10105607965264696,0.919965391206636,0.9766694571375166
FAM136A,-0.03607836462193337,-0.10104466615523829,0.9199856485774321,0.9766694571375166
ZNF343,-0.04140868961728783,-0.10106009739401305,0.9199969812256829,0.9766694571375166
TNRC18,0.044400951749353545,0.10076763084421947,0.9201997204978982,0.9767968438519637
YPEL5,0.016444444432434757,0.10054151804715328,0.9204504855478468,0.9769007582181017
UXT,-0.009580110600040825,-0.10046020930100917,0.9204631201744977,0.9769007582181017
AKR1C2,-0.04316785460870065,-0.1002997444785866,0.9207523617060656,0.9771198876249645
Y_RNA,-0.0370467761263944,-0.09984627604061813,0.9211597200500763,0.9774397550539068
CLPB,-0.04017056180612011,-0.0994715085867442,0.9212659724335466,0.9774397550539068
RBL2,0.03903291215161708,0.09930854375929586,0.9213935964895628,0.9774397550539068
GAREM1,-0.042132487034764576,-0.09915581339014957,0.9215028251321358,0.9774397550539068
NAA50,0.04528203451116308,0.098958866052275,0.9216239180411211,0.9774397550539068
JAM3,-0.017031763312209236,-0.09902852186226654,0.9216302461509641,0.9774397550539068
HSP90B1,-0.02349111241671764,-0.09911468424073051,0.9217147811179945,0.9774397550539068
ZNF182,0.03896677890258582,0.0989002190066975,0.9217168689782886,0.9774397550539068
RBM45,-0.04559727771506239,-0.09870826605266347,0.9218188478549102,0.9774397550539068
C15orf40,0.03062999836072766,0.09904109261415094,0.9218916938507412,0.9774397550539068
OSBPL6,0.04195539088439593,0.09857881831051006,0.9219684718569353,0.9774397550539068
CHMP2A,-0.010770338667488666,-0.09833528328007192,0.9221340466543702,0.9774397550539068
ZNF214,0.04308777156185539,0.09843031686919976,0.9221420653523077,0.9774397550539068
SNX15,-0.04188765852462972,-0.098229791061899,0.922212959914478,0.9774397550539068
WDR83,0.0469159736604432,0.09807466826058034,0.9223384727751671,0.9774485859840634
CAPZA2,0.021287585742747694,0.09797130411828332,0.9224320571543413,0.9774485859840634
PFN2,0.019782165377275618,0.09792926129918055,0.9224900215362928,0.9774485859840634
SLC5A3,0.04782766553397533,0.09770965625593363,0.922610680454223,0.9774485859840634
MTRFR,-0.03689447441439775,-0.09758624000223251,0.9227092436792982,0.9774485859840634
ZC3H14,-0.031062546900369803,-0.09760550068716337,0.9227226260575747,0.9774485859840634
SNX17,0.0425773373927294,0.09748531416816358,0.922807320925326,0.9774485859840634
FAAP24,0.039589685280359665,0.09737992088432686,0.9228836882150251,0.9774485859840634
VPS28,-0.01064239003761358,-0.09695580299034942,0.9232023595614436,0.9776402298536968
ZSCAN5A,0.0423049686323993,0.09693689161563224,0.9232302653459561,0.9776402298536968
SPRYD4,-0.035609611742243974,-0.09684206756018926,0.9233281805156874,0.9776562176865808
PAICS,0.04356237036130306,0.09672786044714131,0.9234257172463666,0.977671801981467
BOLA2-SMG1P6,-0.04078846833838323,-0.09654029477569759,0.923640683810327,0.9777600448931408
KCNC4,0.0483578604776731,0.09640859363091984,0.9236747158533085,0.9777600448931408
PNPLA7,0.046355886684325,0.09619403766246742,0.923846023905699,0.9777655192866751
GBGT1,0.03918165769616966,0.09592169072709501,0.924082401033395,0.9777655192866751
HADH,0.017151206027983257,0.09579802077158824,0.924200023364696,0.9777655192866751
GOLGA8N,0.03930454735376432,0.0957293668308644,0.9242177901448317,0.9777655192866751
FGD1,0.044040375827476996,0.09567197446122391,0.9242287331959367,0.9777655192866751
YTHDF3-DT,0.04176249118138009,0.09566383719292473,0.9242316735325516,0.9777655192866751
FABP4,0.0644492263643639,0.09572754145843117,0.92425967214909,0.9777655192866751
WRAP73,0.03769754850256213,0.09550680400763517,0.9244614866203282,0.9778194556383237
KDM5D,0.06271451396633676,0.09537109583568669,0.9244763188800789,0.9778194556383237
PLAA,0.024661968893085806,0.09501804924574545,0.9247872841081839,0.9780248852181042
CACUL1,0.034659897677963514,0.09492960478413714,0.9248362383472848,0.9780248852181042
ABCF3,0.03865735586540353,0.09471374152354621,0.9250933725433256,0.9780908802114892
LGALSL,-0.047059316256813144,-0.09455699688750653,0.9251293885895656,0.9780908802114892
OPHN1,0.042296890185228087,0.09438277414778741,0.9252665644084982,0.9780908802114892
LYRM9,-0.044633846928126,-0.09434281422795086,0.9252766962687526,0.9780908802114892
MED9,0.04093595448931353,0.09432140595937355,0.925312914036587,0.9780908802114892
SMIM27,-0.04362739725146891,-0.09384314547772166,0.9256703665810219,0.9781947644718882
GANAB,-0.017853573141788814,-0.09395739493396787,0.9257360135915123,0.9781947644718882
ZNF500,0.03937803443165744,0.09363089617326392,0.9258346042009823,0.9781947644718882
BSCL2,-0.03087168752076863,-0.09389799045203114,0.9258834752353027,0.9781947644718882
POM121,0.030813820466266684,0.09334523172265381,0.9260645255749416,0.9781947644718882
FBXO21,-0.015806470612222512,-0.09313179997672365,0.92625055491553,0.9781947644718882
SLC7A1,-0.04565318142160857,-0.09312338858655986,0.9262559661861439,0.9781947644718882
AGPAT3,0.03821390437030869,0.09314129168870289,0.9262745079822716,0.9781947644718882
ZSWIM4,0.04023331172073852,0.0928368626197013,0.9264547337211594,0.9781947644718882
FBXL4,0.044437509388410845,0.09285881530231492,0.9264655728630002,0.9781947644718882
FITM2,-0.03899905565806261,-0.09275005352681441,0.9265492383515371,0.9781947644718882
CEP170,0.01856274396360824,0.09269243255496308,0.9265742699346377,0.9781947644718882
ZFP28,0.03961093855409126,0.09258320357651662,0.9266726950672486,0.9781947644718882
MRFAP1,0.01724074371381601,0.09263139700024284,0.9266762968806154,0.9781947644718882
GADD45B,0.027995058740332368,0.09241700916599101,0.9267969234433966,0.9781947644718882
UQCRFS1,-0.009583447717243843,-0.0923652078417137,0.9268421128434551,0.9781947644718882
PUS1,-0.0448113241087893,-0.09243946692688597,0.9268453534326468,0.9781947644718882
ETAA1,0.04144786101672304,0.09237124887972735,0.9269027221840358,0.9781947644718882
PUSL1,0.03646342252499801,0.09217166017614392,0.926987471530331,0.9781967552887779
TSN,-0.024187965644850706,-0.09195338186750449,0.9271876150046261,0.9783056706094024
SNRPF,0.01675486486158384,0.0919024265277698,0.9272564293476158,0.9783056706094024
FGF18,0.04695510375498735,0.09163868271156891,0.9274204846636321,0.9783530831718679
IFT140,-0.04208588768159549,-0.09139867267600575,0.9276270592995643,0.9783530831718679
ADCY3,-0.029893775975565973,-0.09163589658504423,0.9276271736102847,0.9783530831718679
TTLL1,-0.03417459787420363,-0.09134954511134967,0.9276328725067952,0.9783530831718679
HOXC4,-0.043015040731122056,-0.09100176164173081,0.9279265611605626,0.9785371018708571
SOD2,0.02169240517474158,0.09091453384461134,0.9279731347263231,0.9785371018708571
VPS50,0.04090390150226986,0.09087643342364023,0.9280646451401579,0.9785461893425834
SOS1,-0.040378138089580684,-0.09064477355873393,0.9281869408664041,0.9785591736577761
COX7C,0.010300886618122007,0.0904400113232487,0.9283573300677506,0.9785591736577761
RABGAP1L,0.02834355501878516,0.09060919094497959,0.928370474516437,0.9785591736577761
JUND,-0.040703038250262225,-0.09043820317304553,0.9284085340929346,0.9785591736577761
DCPS,-0.020281461757380548,-0.090276452762204,0.9285001057390888,0.9785683196366345
JARID2,0.04013796643291734,0.09001940348691699,0.9287001936477758,0.9786918216400636
LDAH,0.03991074125956473,0.08970176791721192,0.9289628132997492,0.9788767668978579
HOXC8,0.04236223137413897,0.0895301427809026,0.9290780614706191,0.9788767668978579
NUP62,-0.03892156899438293,-0.08946114243426204,0.9291244534595932,0.9788767668978579
HLF,-0.044967018026145666,-0.08903301305304522,0.929468352993492,0.9791192251660277
FAM117A,0.041767449864441586,0.08893575852013136,0.9295581340787445,0.9791192251660277
UBL7-DT,-0.03812169029261803,-0.08866634695658952,0.9297766566276459,0.9791192251660277
SLC26A6,0.037705085590904464,0.08846870353785558,0.9299525173989164,0.9791192251660277
NUDC,0.012736921927334777,0.08856934315475683,0.9299536118149212,0.9791192251660277
B4GAT1,0.02855365124114506,0.08860141435903025,0.9300130947556917,0.9791192251660277
TRAF3IP2,0.037346645837830206,0.08828301593865832,0.9300812246571445,0.9791192251660277
NR2F1-AS1,0.025037700075940528,0.08824406345525872,0.9301167374209549,0.9791192251660277
NDUFB6,0.009329729500943351,0.08817145811470528,0.9301835669898062,0.9791192251660277
TMEM237,0.03667827026695125,0.08828402413460217,0.9301839991729776,0.9791192251660277
UCK2,-0.04826153160190838,-0.08795459971250107,0.9303189319997435,0.9791739472411709
MBD1,0.029111206997005645,0.08787471268808363,0.9304042591099771,0.9791764534896389
THOC3,0.03471161619000451,0.08787869795803828,0.9304890494904848,0.9791783944763036
RRAGB,-0.02879807955742919,-0.08745081904688698,0.9307534192922591,0.9793284836256239
ABHD17B,-0.03416851795639797,-0.08734452837561468,0.9308264971856285,0.9793284836256239
SCLY,0.03736368136478019,0.08721042383941298,0.9309119556879324,0.9793284836256239
ENSG00000275895,0.05954786194296213,0.08712980558796897,0.9309639395339057,0.9793284836256239
MATN3,0.04400746435619496,0.08707050974311761,0.9310464694392525,0.9793284836256239
FN3KRP,-0.02268250304203523,-0.08644365336682655,0.9316333350473237,0.9798584747178952
HELQ,0.04021186216070438,0.08597217828750578,0.9318857349963334,0.9800189647910547
TBC1D1,-0.04798117222326592,-0.08566974493405186,0.932134181046561,0.9800189647910547
ITGA1,-0.03902223229962498,-0.0858352246555662,0.9321538477239285,0.9800189647910547
TMEM231,0.03582032167531457,0.0856227400296216,0.9321605582635257,0.9800189647910547
TTLL12,-0.038280240966050094,-0.08545628983859721,0.9322985959429169,0.9800189647910547
GPRC5C,0.05062051003968282,0.08538579678096438,0.9323651590018164,0.9800189647910547
ANKRD44,-0.038220635756565535,-0.08536340689307069,0.9323670473162502,0.9800189647910547
LPP,0.025659396759871278,0.08488495032559802,0.9328519516616346,0.9803391496515022
USP3,0.02398148463841121,0.08482531924676488,0.9329616765261584,0.9803391496515022
PPP1CA,-0.011984250316570133,-0.08447416084260816,0.9331047530037998,0.9803391496515022
CAPS2,0.03921316019929533,0.08417499433370594,0.9333042928849625,0.9803391496515022
SPATA2L,-0.04149449133976235,-0.08415777860336524,0.9333280104188718,0.9803391496515022
COPS5,-0.014581502381869171,-0.08408528996935204,0.933370057673073,0.9803391496515022
DHFR2,-0.04092074638449539,-0.08402942255857929,0.9334470991140879,0.9803391496515022
PDPK1,0.03149885548850939,0.08395238187979812,0.9334819397088512,0.9803391496515022
PIGP,-0.02683703635736734,-0.08425089225041395,0.9335210373589725,0.9803391496515022
EED,0.036504109470400614,0.08372527678119104,0.933674872347927,0.9803391496515022
TTLL11,0.040528196787928294,0.08354291846823564,0.933835432757078,0.9803391496515022
ATXN2,0.022939645437578093,0.08358779061950522,0.9338704875376818,0.9803391496515022
BRPF3,0.03718772058011055,0.08339934411378418,0.9339188499255774,0.9803391496515022
TRIM27,0.028156792324687707,0.08331603401753192,0.9340399056642459,0.9803391496515022
C6orf132,-0.0417144040920423,-0.08330659199375177,0.9340494815222783,0.9803391496515022
ATP6AP2,-0.012845555325704083,-0.0833114716610266,0.934071838496229,0.9803391496515022
ADCY5,0.05162680388509289,0.08313325323367515,0.9341494059936483,0.9803391496515022
SIL1,0.017346722684131066,0.08277982997555584,0.9344187161334123,0.9803391496515022
TEAD2,0.03131083756471842,0.08263679713608134,0.9345406063553777,0.9803391496515022
MTREX,-0.022638039550921363,-0.08260734557860881,0.9345734529609154,0.9803391496515022
NID2,0.03944512388871102,0.08246805895571738,0.9347233948248449,0.9803391496515022
INTS14,-0.038324569854346624,-0.08223535038066263,0.9349433838700851,0.9803391496515022
ETFBKMT,-0.037990929938699125,-0.08207680364812622,0.9349773060241698,0.9803391496515022
MRM2,-0.03480211579891934,-0.08204160067941986,0.934985739525182,0.9803391496515022
GLIDR,-0.03912804043225249,-0.0820515622850747,0.935025194497366,0.9803391496515022
SRM,0.03193831127893887,0.0823021289745417,0.9351021088008081,0.9803391496515022
RFC2,-0.03078130828576775,-0.08179340161378722,0.935188492160969,0.9803391496515022
ARHGEF17-AS1,0.030089697797118786,0.08175497630832,0.9352614638018033,0.9803391496515022
ZC3H4,0.03757145844488052,0.08154114908133103,0.9353987193003764,0.9803391496515022
ECI1,0.044226202080310806,0.08151619567616723,0.9354492803265372,0.9803391496515022
MTMR14,-0.03783843232335782,-0.08148029133405905,0.9354536165304169,0.9803391496515022
VILL,-0.03407220228390573,-0.08144309096325729,0.9354695784671379,0.9803391496515022
PRDM10,-0.03152280458210366,-0.08139972070766824,0.9355050962151459,0.9803391496515022
CERS2,-0.02930820039051607,-0.08164275773613493,0.9355572938134565,0.9803391496515022
MRI1,0.042705972820717975,0.08129267257527262,0.9355782177021451,0.9803391496515022
CDK11A,-0.029072607696141617,-0.08096414785667658,0.9358387329542652,0.980474109798336
DICER1,-0.017123754425962368,-0.08084337218817349,0.9359331415530645,0.980474109798336
DLL1,-0.03409110647873281,-0.08053893625832904,0.9361778984627199,0.980474109798336
KRT8,0.035272071712165065,0.08055903875291413,0.936186986007233,0.980474109798336
MIEF2,0.03839754962053732,0.08054424372077942,0.9361996678118116,0.980474109798336
ACTR3,-0.015835346342189638,-0.08055182032045642,0.9362053507536504,0.980474109798336
ASAH2B,-0.028879685396401067,-0.0803981463846978,0.936297113640336,0.9804832277587303
WSB2,0.028772339887574994,0.07989079888962976,0.9367145496548853,0.980573957270028
KANTR,0.03589856514836853,0.07981644807284571,0.9367881260202859,0.980573957270028
ADAMTS15,0.039638252065417046,0.07974225563671994,0.9368071820912709,0.980573957270028
ZNF213,0.03456678105849398,0.07974317366183754,0.9368211722463033,0.980573957270028
NSRP1,0.014698550361659457,0.07964753053950512,0.9368902891122849,0.980573957270028
TOPBP1,0.0367565564041894,0.07929814935759413,0.9371620347710374,0.980573957270028
FASTKD1,-0.03511289264295625,-0.0792952669433751,0.937187611168764,0.980573957270028
MUSTN1,-0.04763696528024841,-0.07924598131756978,0.9372136676936703,0.980573957270028
C3orf33,0.037873597404492365,0.07930242689431395,0.9372143484449502,0.980573957270028
NPAT,-0.034288965272751604,-0.07913108804933537,0.9372907766865499,0.980573957270028
KIAA1328,0.03780399717014582,0.07913033368247838,0.9372974615700971,0.980573957270028
FAM168A,0.033299615210660605,0.07880779772815812,0.9375673375684681,0.9807693770488051
TMEM63B,0.02940049032166403,0.07877663060552229,0.9377074329862012,0.9808286559779749
SESN1,-0.027566274686393832,-0.07866140818395588,0.9378194324965696,0.9808286559779749
JMJD8,0.03475833732552047,0.07850517016772077,0.9378732629122728,0.9808286559779749
S100A4,-0.01962626391101807,-0.07808877044598557,0.9381142384348229,0.9808683392506509
IFI27L1,0.014669271102534687,0.07801914734707044,0.9382190906020805,0.9808683392506509
CNEP1R1,0.03807364049655426,0.07795379233658403,0.9382202992375721,0.9808683392506509
GMPR2,-0.014204753518514579,-0.07808414699628484,0.9382435651688563,0.9808683392506509
SLC16A11,0.0363017797834988,0.07784553558418464,0.9383545426496847,0.9808731575915359
EPB41L4A,0.03475214399490101,0.07775015253210475,0.9384143533959176,0.9808731575915359
MTMR10,-0.03758423067283179,-0.07694655908455328,0.9390360252445934,0.9813655596335374
CANX,-0.011409156152290656,-0.07698355702088734,0.9390787831596439,0.9813655596335374
PLEKHA6,0.03839451648742287,0.07680354293953158,0.9391466474411643,0.9813655596335374
SYNJ1,-0.03646538642376873,-0.07675376752745848,0.9392179663481327,0.9813655596335374
SLC10A7,0.0353271748547086,0.07662722870214789,0.9393019432548829,0.9813664430590223
TMEM234,-0.03036878724787373,-0.07622775694200262,0.939585288531298,0.981521920487923
CYP3A5,-0.03859426430473345,-0.07622157891738365,0.9396170456106749,0.981521920487923
ENSG00000275764,0.031502574086271995,0.07610587277650518,0.9397146295166438,0.981537002428241
PIERCE2,-0.03399199321247659,-0.07596771976308016,0.9398236505321496,0.9815640267656397
ST20-AS1,0.0343176724847889,0.07536667494792296,0.9402870446683993,0.9819611254697853
CTSF,0.020462180079166004,0.0753573559553408,0.9403968129287591,0.9819888878039806
TAMALIN,0.0356753467559594,0.07509478817698055,0.9405703734835532,0.9820189493686053
ZFP1,-0.02674108745424686,-0.07495812154296928,0.940591974630311,0.9820189493686053
TRNAU1AP,-0.019402698179758815,-0.07477497249951219,0.9407882654386246,0.9821159985516548
HEBP2,0.03165917491873138,0.07488151435490616,0.9408513195782011,0.9821159985516548
DNAJC21,-0.0339143969209843,-0.07433146686512906,0.9411579346288468,0.9823491970197644
APOL2,-0.038807112791255705,-0.07407173268265202,0.9413218546688101,0.982433427138653
ZNF880,0.023996841693765703,0.07365038188155752,0.9416619185968229,0.9827014629628266
DET1,-0.03268086718845842,-0.07322123273365873,0.9419642007279575,0.9827844506414555
ZNF667,-0.03134830667462318,-0.07322094599569832,0.9419789222612349,0.9827844506414555
FAM3A,-0.012695160110550496,-0.07318873324041852,0.9419911951722211,0.9827844506414555
TMEM218,0.019869661853983978,0.07301592987043216,0.9421568916135892,0.982791831312208
GLB1,-0.012307301916491653,-0.07293020374719342,0.9421946424288423,0.982791831312208
ZNF830,-0.03276233010189111,-0.07286810953424244,0.9422480259882736,0.982791831312208
ALG9,0.030204509931344603,0.07259453695529,0.9424765472062969,0.9829043114442861
POLD1,-0.031822216024608885,-0.0725415223496734,0.9425223892883794,0.9829043114442861
MAU2,-0.030182319973240723,-0.07240932116927498,0.942607808958487,0.9829065616778498
RPA2,0.016568399150954427,0.07155284759777644,0.9432827246903391,0.9835112105389522
MRPL48,0.024677427012917086,0.07133941031143282,0.9434806439994359,0.9835112105389522
MTURN,-0.03835876321819143,-0.07133407231771983,0.9435117302065549,0.9835112105389522
ERGIC2,-0.020144578053094442,-0.07143561630270323,0.9435209198944204,0.9835112105389522
PHKA2,-0.03275702851798856,-0.0707717020766073,0.9439054829289647,0.983754454778391
BCAP29,-0.011925447725264604,-0.07065630867746134,0.9440923169642963,0.983754454778391
ACADVL,0.012137104364046358,0.07046976828689001,0.9441450739083149,0.983754454778391
CCP110,0.030952343458169107,0.07041241374102075,0.9442064077859235,0.983754454778391
PPM1B,0.025570996468233353,0.0704661059174313,0.944307175262894,0.983754454778391
LRRC28,-0.026795843994366297,-0.07023526165034041,0.944371624823871,0.983754454778391
ENTREP3,-0.029372975010860003,-0.07020665074296802,0.9444118209080634,0.983754454778391
APH1A,0.02313202576872886,0.07014099704392888,0.9444209433293947,0.983754454778391
RFXANK,-0.024861682970588106,-0.06990734992076901,0.944588170147916,0.9837963806008019
TNFAIP8,-0.03718136942467831,-0.06986250409251984,0.9446278673536712,0.9837963806008019
MT-CO2,-0.013489832092787424,-0.0693729235503175,0.9450422660091545,0.9841411388706836
YRDC,-0.030900453057470578,-0.06911464926052766,0.9452426726339529,0.9841784288364563
RNF212,-0.030850076808225158,-0.06906703936269472,0.9452756097953358,0.9841784288364563
LMAN1,-0.012421152563133475,-0.06910368969333851,0.9453281833609978,0.9841784288364563
MRPL15,-0.008922995660375577,-0.06895419591947156,0.9454395176363056,0.9842075401848843
TSR2,-0.013290015955425893,-0.06869277265737977,0.94556281193493,0.9842490957492152
COPS7A,-0.026783992508379484,-0.06830435968698277,0.945876520032259,0.984488830804163
RUBCN,-0.03162833336160498,-0.06811990578383548,0.9460036076000063,0.9845343020116438
SEPHS2,-0.024489608229041337,-0.06793435902342203,0.9461667851883527,0.9846085152093109
DDX55,0.02964632679079493,0.0678212698448461,0.9462417285090751,0.9846085152093109
POC5,-0.03234028677574763,-0.06741122213511778,0.9465778839683348,0.9846354570273916
SLC19A2,-0.030064796728646925,-0.06737557208050247,0.9465910555737824,0.9846354570273916
DCAF6,0.014033412963057934,0.06722787480702558,0.9467059484306887,0.9846354570273916
FAM111A,-0.017220664235602534,-0.06721178965557016,0.946754406425378,0.9846354570273916
RBM47,0.029832215058877676,0.06717311436433342,0.9467813813792175,0.9846354570273916
PLIN3,-0.01341820076864142,-0.06696906453936118,0.9469184226195466,0.9846354570273916
ZNF865,-0.029849238081236518,-0.06698231630825997,0.9469379351911286,0.9846354570273916
ZNF234,-0.03025402094064722,-0.06691220147122164,0.9469837442001061,0.9846354570273916
PDP1,0.027550094550939264,0.0668324421390849,0.9470182955602714,0.9846354570273916
GGACT,-0.02911734042524139,-0.06669297145060706,0.9471687658369309,0.9846724372673771
MICU3,-0.02772028483193445,-0.06657771380855831,0.9472206859473387,0.9846724372673771
PPIP5K2,0.01859678061699288,0.0663886056399469,0.94739374986268,0.9847142485468728
ALDH1B1,-0.03336374346749338,-0.06628493248824657,0.9474527333457283,0.9847142485468728
SVBP,-0.021589230057734277,-0.06624963310257474,0.9475909116664916,0.9847142485468728
ADRM1,-0.008731152773688855,-0.06608981620657266,0.9476589271455841,0.9847142485468728
KIF3B,0.024288359018338035,0.06597311610090557,0.9477022719562799,0.9847142485468728
SPAG1,-0.030989397578184086,-0.06592946588584493,0.947761397034271,0.9847142485468728
ZNF26,-0.02995482051518117,-0.06562654837951318,0.9479813597745076,0.9848026891648685
ANGPT2,-0.04093615446901877,-0.06557504784742846,0.9480133638008951,0.9848026891648685
SIPA1L3,-0.028429438636637272,-0.06531578164472657,0.9482184592850817,0.9849290727549836
USP12,0.020556158773167077,0.06516202446116041,0.9483510428745563,0.984980121514529
CASP9,-0.031784198913797024,-0.06485226227843524,0.9486187565444082,0.9851714982851006
LGI4,-0.041550254252603835,-0.06465117270157013,0.9488269180686433,0.9853009999824363
TBXA2R,-0.030755922520232737,-0.06444881180549185,0.9489375659285911,0.9853292255947769
RPS27,-0.01221713500760302,-0.06403303724251844,0.9492479972226586,0.9855648731058474
CCDC22,0.023756436247892143,0.06388236206920676,0.9494276019785474,0.9855997699646716
PHB1,-0.010957037060786767,-0.06378575430121637,0.9495160514797459,0.9855997699646716
TNRC6A,-0.019490274551885456,-0.0636899661073931,0.9495320782556722,0.9855997699646716
WDR37,-0.028055452766183375,-0.06322383793578,0.9498881447321949,0.9857341548907024
SDCBP2-AS1,0.02489863657736513,0.0632586031224824,0.9498911574933802,0.9857341548907024
EMC6,0.010294314062598175,0.06331917586631534,0.949912049643086,0.9857341548907024
CPPED1,0.020599187186048695,0.06305858683636402,0.9500271568485783,0.9857438238374799
NPIPA6,-0.026928215173702474,-0.06279109528702013,0.9502297289924941,0.9857438238374799
TLR5,0.030386700004435774,0.06259737264583141,0.9503976636548273,0.9857438238374799
IFNGR2,-0.018517779137938284,-0.06273193938755749,0.9504032804693546,0.9857438238374799
NFKBIZ,0.018635401722856493,0.062494758177929516,0.9504522193720187,0.9857438238374799
ZBTB48,-0.02614343054992574,-0.062323216978072395,0.9506152959783926,0.9857438238374799
TTC27,0.02711511385561627,0.0620565875975859,0.9507988187075267,0.9857438238374799
SHE,0.028408564140475656,0.06202411933334656,0.950832598300739,0.9857438238374799
MYO1C,-0.013068814218378577,-0.06204789982360142,0.9508522459572929,0.9857438238374799
TRIM28,-0.018838688318292718,-0.0621419935582379,0.9509008576447503,0.9857438238374799
NDEL1,0.01371364404752029,0.06170452752927757,0.9511015032898662,0.9857438238374799
SHROOM3,-0.026997886739929422,-0.06161831690179522,0.9511613262324347,0.9857438238374799
ZNF524,-0.026775871081753166,-0.061561861392505184,0.9512638528007576,0.9857438238374799
SF3B4,0.031181711027524983,0.06156222493277018,0.9512798473532043,0.9857438238374799
TAF6,-0.01601844788582074,-0.061472150646543954,0.9512917103575854,0.9857438238374799
OGDH,0.026740774159233816,0.06128616279955386,0.9514603885906412,0.9857438238374799
ZNF746,0.029855810495768687,0.06119561392831061,0.9514895102897076,0.9857438238374799
UBE2J1,0.006866871518902862,0.061238515511257155,0.9515236526793164,0.9857438238374799
GOLGA5,-0.02473550952768022,-0.06112477411451331,0.9515376974426892,0.9857438238374799
ZPR1,0.0225484513379266,0.06108890466622782,0.9515914118129539,0.9857438238374799
C11orf96,-0.029385747693703834,-0.060982796658093336,0.9516864107941363,0.9857557321597594
GRHPR,0.008623177610862953,0.06072958039598161,0.9518523146440732,0.9858410751336448
MTA3,0.023074267735823994,0.060593624497303995,0.9519572557530311,0.9858632690731234
NFE2L2,0.009920768532581725,0.06045775650024714,0.9520695907974288,0.985870555850912
ZSCAN16-AS1,-0.014376765547856607,-0.06042269399763407,0.9521313178531341,0.985870555850912
ENSG00000268362,-0.0248605095178156,-0.05998987843117981,0.9524390327113206,0.9860887559092936
ADPRH,0.02432016756758304,0.0598394504580308,0.9525751728364076,0.9860887559092936
LGALS3,0.010649758066717752,0.05983008841363222,0.9525926448445221,0.9860887559092936
SH3GLB1,0.008245590878313891,0.059649104600209425,0.9527379398228416,0.9860966482378642
PHETA2,0.022655866170171457,0.05957325380129903,0.9527673333164829,0.9860966482378642
BGN,0.015617288189151424,0.05953570245162625,0.9528763872730673,0.9861230605556728
USP4,0.015969559595300886,0.05918832657315938,0.9530868992286805,0.9862544569946154
PTCD3,-0.01939682345728677,-0.05895100620911647,0.9532745571383501,0.9863621831026578
CPSF4,0.022677077323134398,0.058899916083914386,0.9533629105569897,0.986367148039024
PPID,-0.017771056970027566,-0.05889362631698252,0.9534934805106823,0.9864157862964337
EPM2A-DT,0.025109613258727626,0.058015140251195994,0.9540009868294819,0.9868543331161964
TDP2,-0.025079381175141524,-0.05761579146969412,0.9543344326972877,0.9871127642154982
ARL16,-0.007711990910547861,-0.05721701793852256,0.9546721996067417,0.9873724954195258
MED16,-0.021737986966587464,-0.05687356517169554,0.9549034147458805,0.9873724954195258
GRK2,0.0237788224271811,0.05686799279061096,0.9549189574171901,0.9873724954195258
CDC42BPB,0.020388176432092564,0.0568668400583802,0.9549200999749874,0.9873724954195258
SOD3,-0.011520470945946215,-0.05634898691948359,0.9553551109427854,0.9877357755018026
PRDM4,0.025578081160927635,0.05591849402353783,0.9556658541376818,0.987959364232763
S100A3,-0.028923215919150813,-0.05574047051718863,0.9558235101811908,0.987959364232763
NEMP1,0.02652310999973917,0.055634360115746316,0.9558897348870393,0.987959364232763
GPC4,0.028108209141289198,0.05571136954407137,0.9559061294592647,0.987959364232763
CD55,-0.02272713733406473,-0.05516388412218332,0.9562591035395832,0.9880086527573444
RAB3GAP2,0.015029375669562306,0.05521751252437366,0.956268194745739,0.9880086527573444
XAF1,0.0255160612830565,0.05512365132582251,0.9562896975297316,0.9880086527573444
RAB7A,0.007006139343239681,0.055121535106275425,0.9563458144638739,0.9880086527573444
CBX3,-0.010515908447866096,-0.05486767017042632,0.9564971873420903,0.9880086527573444
LIMK1,-0.02289271060387721,-0.05468481444674396,0.9566526295401476,0.9880086527573444
CIB2,0.025870469596065204,0.05451979727557579,0.9567830154740882,0.9880086527573444
UBXN4,-0.006939384725768605,-0.054404371540761776,0.9568621841108214,0.9880086527573444
CDC5L,0.0097665383626655,0.05440752384576492,0.9568662813078681,0.9880086527573444
TAB2,0.020811846967021097,0.05433692178549435,0.9569132940619675,0.9880086527573444
UEVLD,-0.02241310803176777,-0.054441777061749776,0.9569321028998448,0.9880086527573444
CIDEB,-0.023541718387001476,-0.05431546700887502,0.9569581478718743,0.9880086527573444
CAPN7,0.009678021715262553,0.0541183885823792,0.9571118054355651,0.9880593401877718
ZNF226,-0.01697181152746907,-0.05392621223204594,0.9572504465020425,0.9880593401877718
PDCL3,0.020972591758120274,0.05412169779682347,0.9572684319406385,0.9880593401877718
TDRD3,0.02102042922311531,0.05379527837841177,0.9573420358380121,0.9880593401877718
ASB16-AS1,0.02021037734663267,0.05370098008321798,0.9574566956836132,0.9880912922934746
HLCS,0.023261359269578286,0.05351760143730623,0.9575684676482805,0.9880981340782693
UQCR11,0.010115341882244167,0.053438051236030855,0.9576307286733994,0.9880981340782693
SKIL,-0.010356636286841692,-0.052901297480610586,0.958051219044308,0.9881395001187859
CSNK1G2,0.026964474156832896,0.05283371938340961,0.9581105098957631,0.9881395001187859
RPAP3,0.017478197772464732,0.0527529158154549,0.9581843787913265,0.9881395001187859
UBR7,0.02127080091987965,0.05272104170402632,0.9581942250222315,0.9881395001187859
RRM1,0.021124050856469623,0.05277149964790521,0.9582216932459442,0.9881395001187859
SMCHD1,0.009190363943115898,0.05240102576304783,0.9584488203683894,0.9881395001187859
TNFSF13,-0.02559298311374203,-0.05243801022944398,0.958496740198289,0.9881395001187859
NOL6,0.02194099185666154,0.05222580476363719,0.9585878467738385,0.9881395001187859
GTF3C2,0.02030746025428032,0.05212015652712199,0.9586726048974713,0.9881395001187859
ARHGEF26,0.027288245908112074,0.052109194985047944,0.9586791763537322,0.9881395001187859
ELMOD2,-0.01968665502663214,-0.05207574400684127,0.9587040561503313,0.9881395001187859
TBKBP1,-0.02060857472831401,-0.052036785612021824,0.9587391157943947,0.9881395001187859
SERP1,-0.006775678303652555,-0.052139238273347994,0.9587589863922553,0.9881395001187859
RHNO1,0.02273357898339201,0.051829433101986115,0.9589040109555196,0.9882026930885996
ZBTB38,0.008519835865119951,0.05170227385535922,0.9590093877450238,0.988225019407298
ALS2,-0.022049869035511094,-0.05140377967106136,0.9592824814970892,0.9883616764361344
CCR1,0.0208525215210853,0.05104279213216991,0.9595435127606362,0.9883616764361344
NEDD1,0.020047906030420393,0.050729599494936835,0.9597734655765134,0.9883616764361344
TBCD,-0.017744832693227686,-0.05059092078107029,0.9598843826538591,0.9883616764361344
SAP30,-0.024526194958895076,-0.05058893745689258,0.9599323979654028,0.9883616764361344
GRAMD2B,-0.01759730735724485,-0.05033073403952741,0.9601953310486305,0.9883616764361344
UBXN6,-0.015476303962051574,-0.05022756419895931,0.9602480227552722,0.9883616764361344
HSPD1,0.010989518138058152,0.05009639591570817,0.9602830212404554,0.9883616764361344
MAK16,0.023869005608559313,0.0500678742849102,0.9603212299985557,0.9883616764361344
TMEM208,-0.007715391457044696,-0.04998732447320391,0.960359095797968,0.9883616764361344
YKT6,0.020586353871126395,0.049733710479366824,0.9605734345883848,0.9883616764361344
SGSM2,0.02323071077991079,0.049685919216654946,0.9605992770911781,0.9883616764361344
SLC4A1AP,-0.014889209615369658,-0.049866117252397674,0.9606099588726144,0.9883616764361344
COX17,-0.009273393876243041,-0.04954144934523461,0.9607492549823002,0.9883616764361344
E2F4,0.02247488928817809,0.049487083669038714,0.9607717182752675,0.9883616764361344
C9orf72,-0.023892986129014915,-0.049479101838514,0.9607849341799719,0.9883616764361344
POLE2,-0.016909644298438442,-0.049434203310546425,0.9608406180117267,0.9883616764361344
RFNG,0.02314910259913372,0.049303711265254256,0.9609137856075988,0.9883616764361344
SLC2A8,0.022565339815748597,0.049128479077689705,0.9610401319186321,0.9883616764361344
SNX18,0.015272598826834738,0.04915887542660977,0.9611282787849189,0.9883616764361344
RUVBL1,-0.018240560375810233,-0.049085068931791,0.9611868101998191,0.9883616764361344
MFSD9,-0.022190450379356852,-0.04894488196348083,0.961196764822163,0.9883616764361344
EPM2AIP1,-0.0175386641244355,-0.04883642521401923,0.9612815127259057,0.9883616764361344
APBB1,-0.01788713234699113,-0.04883314074951537,0.9612917185613984,0.9883616764361344
TECPR1,0.019844850459112884,0.04883890220612265,0.9612957329785953,0.9883616764361344
DGLUCY,-0.018181997806316907,-0.04877587016578723,0.9613188283642266,0.9883616764361344
ZNF584,-0.021688546580686197,-0.04860310368772285,0.9614672370224497,0.9883641118939651
PTDSS2,-0.017067769636573082,-0.048456636005728054,0.9615732361298602,0.9883641118939651
SPNS1,0.01074758382762031,0.04842334028092973,0.9615999440044383,0.9883641118939651
NDUFB5,0.006504495033398783,0.048227180732996616,0.9617780083318217,0.9883641118939651
MRPL33,0.007225911615282854,0.04817900087265627,0.9617946323866574,0.9883641118939651
C5orf15,0.014371949076685375,0.048005253808296955,0.9620327951098416,0.9883641118939651
CDK5,0.021991938988939808,0.04768475061170385,0.9621967778143614,0.9883641118939651
NGFR,0.023649956670869,0.04762169085802738,0.9622408780660633,0.9883641118939651
PHF21A,-0.017067629799638162,-0.047513868010736135,0.9623231017600359,0.9883641118939651
POLD2,0.016018218622006586,0.04758649010100592,0.9623811809080924,0.9883641118939651
LNPEP,0.018725699494343218,0.04742916047134972,0.9624004554634602,0.9883641118939651
DIP2A,-0.019189933267268255,-0.04742369311074729,0.9624004806028079,0.9883641118939651
ZC2HC1A,-0.013433593879461192,-0.04743751290092301,0.9624096117086937,0.9883641118939651
MAN2B2,-0.016433990796434372,-0.04714058104611695,0.9626368229713305,0.9884515448546392
NBEAL1,-0.0078471205896129,-0.04701609431247048,0.9627179657078182,0.9884515448546392
STOML2,-0.007540288401643558,-0.04701188935549182,0.962745943476378,0.9884515448546392
CHKB-DT,0.016156143235542597,0.04624266994630767,0.9633269945542365,0.9888869599364121
FES,-0.018473555003379882,-0.04621871463670572,0.9633561781827255,0.9888869599364121
MT-ND4L,0.013292241631726043,0.04597189654080646,0.9635437031880857,0.9888869599364121
PYCARD,0.017552871169930206,0.045922795936367264,0.963591856935503,0.9888869599364121
POT1,0.019829711125171734,0.04588475089189172,0.9636276658816908,0.9888869599364121
IFFO2,-0.020219257059035822,-0.045811239329725584,0.9636726460913583,0.9888869599364121
EHBP1L1,-0.023947305683273523,-0.04570913339296735,0.9637588748983521,0.9888894844133026
MROH8,0.017042120808194117,0.045272662911840705,0.964100771710611,0.9891008882869413
ISCA1,-0.0076130876084228305,-0.045202137765188694,0.9641512202873583,0.9891008882869413
RWDD4,-0.007216429533303703,-0.044913010882310866,0.9643960837792274,0.9891008882869413
CEP95,0.020082928508955433,0.04487931927829274,0.9644246557507352,0.9891008882869413
ADAMTS2,-0.00991435031116783,-0.04484143338385287,0.9644431357859788,0.9891008882869413
ZNF436,-0.02085067927455042,-0.04478495352421549,0.9645015256120386,0.9891008882869413
SNHG8,0.007831781216208533,0.04474522653532031,0.9645514126183201,0.9891008882869413
BAG1,-0.00669824423338472,-0.044388644198103816,0.9647954567776376,0.9891865576422822
TRMT112,0.0037704539609606513,0.04438837435589088,0.9648025433878219,0.9891865576422822
LSM3,0.00471928916979536,0.0434819327574087,0.9655154965900886,0.9897662338351169
TMEM161A,0.01776686338283273,0.043346868857897916,0.965622287913273,0.9897662338351169
JAG1,-0.01807461648137565,-0.04324505788370414,0.9657717380267362,0.9897662338351169
HNRNPH3,0.0085834765449615,0.043114488961763925,0.9658189431354128,0.9897662338351169
NDUFS3,-0.006328421187419053,-0.04308905300066665,0.9658405312193257,0.9897662338351169
RNPS1,0.007087916188085686,0.04312155390399056,0.9658720184240747,0.9897662338351169
HPS1,-0.012982874339194872,-0.043167885319488675,0.9659548310050301,0.9897662338351169
GFRA1,-0.013792735502555331,-0.04252748501929191,0.9662801611836414,0.9898103972347387
ANKAR,-0.01913427729209971,-0.04249222158401783,0.9663156909274088,0.9898103972347387
AP1B1,-0.017646928412385687,-0.04239446633401702,0.9663799684093672,0.9898103972347387
STRN4,-0.01534005875148603,-0.04235602783982329,0.9664068892897132,0.9898103972347387
TSPAN12,-0.019659110999037166,-0.042347490222160104,0.9664171654830664,0.9898103972347387
ARHGEF10L,0.021420995188277114,0.04224151249568626,0.9665340170963469,0.9898441981280798
ZBTB17,-0.01621699713138991,-0.04170489832527665,0.9669310238572599,0.990045249762753
PANK2,-0.009985433930939536,-0.041650440310498506,0.9670338731515778,0.990045249762753
PRKAR2A,-0.011351854697756458,-0.04146554167466862,0.967155141876434,0.990045249762753
WDR11,-0.01379919917323047,-0.04118552312109473,0.9673417960329312,0.990045249762753
TTC39B,-0.018426614750373105,-0.04112263381549097,0.9673847251710287,0.990045249762753
THAP9,0.01644609095363525,0.04108183596649395,0.9674416887426404,0.990045249762753
SKAP2,0.0068483079227181776,0.041023879887403504,0.9674686831272421,0.990045249762753
NUDT19,0.018228635804267146,0.04101148715753441,0.9674832091055879,0.990045249762753
MINDY4,-0.017177608572042757,-0.040997657220152174,0.9675090466905537,0.990045249762753
POLR3D,-0.012924203461872175,-0.04098287697022915,0.967569000128156,0.990045249762753
EPN1,-0.015685453626919532,-0.04070795425265213,0.9677259608013625,0.990120035297286
RTL10,0.016550571494870603,0.04026619403922154,0.9680735031426335,0.9902802029454258
RINL,0.018063506310433075,0.04014746172454232,0.9681660623357381,0.9902802029454258
BICRAL,0.017848190149403642,0.04002453564587615,0.9682609578909965,0.9902802029454258
HTRA3,-0.017640116046204746,-0.03999965080835136,0.9683155974860486,0.9902802029454258
SATB1,-0.01943193844902158,-0.03992941580851073,0.9683467242689365,0.9902802029454258
WDR83OS,-0.0038506910835227615,-0.03984949089070636,0.968395035433227,0.9902802029454258
ZNF76,-0.01972593064959316,-0.039770395449753665,0.9684697113938958,0.9902802029454258
CAMKK2,0.009761355991823706,0.03909492255426647,0.9690439982989045,0.9907264917744596
MEOX2,-0.01676930257896725,-0.03901771271342697,0.9690773019420288,0.9907264917744596
CBX1,-0.008130639396129347,-0.038700521327208116,0.9693049912653068,0.9907264917744596
MIER3,-0.017191615707136343,-0.03868646879140201,0.9693309809581172,0.9907264917744596
RAD54L2,-0.015337662994450163,-0.0384682857595776,0.9694890333541606,0.9907264917744596
FBXW5,-0.01289614435510078,-0.03851567255978581,0.9695399954502922,0.9907264917744596
SELENOS,-0.006140058879542387,-0.038281746557653706,0.9696622264090146,0.9907264917744596
NOVA1,-0.019444348627083663,-0.038250332469027266,0.9696721320185571,0.9907264917744596
RAE1,-0.012632233001760085,-0.03817933220395565,0.9697333562696203,0.9907264917744596
GPR89B,-0.016866802154741123,-0.03810384447341607,0.9697861576574608,0.9907264917744596
BSDC1,-0.013557673594668529,-0.03798286437348035,0.9698926356309978,0.9907264917744596
C1orf131,0.012299870232995502,0.037951897902841786,0.9699132626376477,0.9907264917744596
FERRY3,-0.01712933185626575,-0.037595309936949546,0.9701928023858959,0.9907718707587337
NPAS2,-0.019461897833710218,-0.0373926343408495,0.970352923370544,0.9907718707587337
MPP3,-0.017347212143628887,-0.03738956857450524,0.9703736404326243,0.9907718707587337
MFN1,-0.012828378145157693,-0.0373462716044364,0.9703902929669452,0.9907718707587337
CTC1,0.016567941368574424,0.037194877059670985,0.9705055942532574,0.9907718707587337
VARS2,-0.016340969395006733,-0.03704901512245543,0.9706228037378828,0.9907718707587337
FN3K,-0.007599025131063364,-0.03687168594580214,0.9707556739400542,0.9907718707587337
BMPR1A,-0.010400206551447688,-0.036851842247777766,0.9708122027427163,0.9907718707587337
ZBTB1,0.014921501986607133,0.03673847668364358,0.9708945829333181,0.9907718707587337
CCDC9,0.015790285417752514,0.03661957780982948,0.9709563059947298,0.9907718707587337
LEPROT,-0.004337600618067761,-0.036513280229220964,0.9710533401762166,0.9907718707587337
GPANK1,-0.015245156619251965,-0.036480747529991676,0.9710786512374067,0.9907718707587337
ZFYVE27,0.013245380550913843,0.0364425648848994,0.9711188502869809,0.9907718707587337
ROCK2,0.011242173640332531,0.03637372635932261,0.9711502551860497,0.9907718707587337
PUM2,-0.010722441180999631,-0.03618085977101972,0.9713277041535503,0.9907718707587337
ANKRD13B,-0.01571628518170054,-0.03604792513401559,0.9714237615454026,0.9907718707587337
UBE4B,0.01773234980857019,0.03601246688291341,0.9714431330159466,0.9907718707587337
SIGIRR,0.005668013683398421,0.035971285090340026,0.9714683950895674,0.9907718707587337
ABHD14A,0.016825118992342736,0.03542916835152457,0.9719023260392535,0.9911287974164986
TTN,0.016143082462654057,0.03523374490981714,0.9720795566301331,0.9911894710245281
RSBN1L,-0.009907647677641407,-0.03520381700678865,0.9721297497265554,0.9911894710245281
GPATCH11,0.01566913792234459,0.0349586005547372,0.9722762355747719,0.9912532136592265
FOXK2,-0.014725699079078503,-0.03464879485473975,0.9725188636386723,0.9914149555487503
SMNDC1,-0.006741549696717364,-0.03434785327438025,0.9727551951984682,0.9915702512147411
PYURF,0.004062419147894403,0.034143072165096086,0.9729242221727284,0.9916314856808495
LTC4S,0.019362178496741933,0.03399215856184051,0.9730413155124773,0.9916314856808495
TBCEL,0.015390533936363582,0.03395443104452174,0.9730672706587852,0.9916314856808495
EVA1C,0.015356354761940416,0.03375460069480737,0.9732309027925241,0.9917126290432238
PCDHGB6,0.01450577536760389,0.03330193591799017,0.9735907253542468,0.9918496741149185
TMEM245,-0.014294633877003804,-0.033163004675551784,0.9736945900408854,0.9918496741149185
ZNF71,-0.014906335268252358,-0.033155571458677285,0.9737078459392526,0.9918496741149185
APOL1,-0.008211667936098621,-0.03309626969366271,0.9737543692848393,0.9918496741149185
PLXND1,-0.014251673425173195,-0.033001194139006075,0.9738328325860351,0.9918496741149185
UCHL3,0.008284557134649262,0.03291436345755084,0.9738959721616226,0.9918496741149185
PDPR,0.015506270128005095,0.03271785690853689,0.9740503739334792,0.9918496741149185
GLIPR1L2,-0.01339786213560834,-0.03272841594351164,0.9740536043164884,0.9918496741149185
HSD11B1L,0.014997644927948084,0.032632903887214265,0.9741215689697895,0.9918496741149185
GPATCH1,0.014026634030302354,0.03229394318974858,0.9744057198220057,0.9920534301421974
TMEM101,-0.009818209122106403,-0.03198217264601796,0.9747006553974659,0.9922461046781216
WDR4,0.012703941622747905,0.03174103783361174,0.9748391546830147,0.9922461046781216
TMEM268,0.014140439498804724,0.03152222655920366,0.9750110163351084,0.9922461046781216
TRIM4,0.00964330777699196,0.031583301006711605,0.9750323178674761,0.9922461046781216
TMEM150A,-0.01334365549361305,-0.03146774523098303,0.9750429660632722,0.9922461046781216
APOBEC3G,-0.013408787364882713,-0.03113377533663333,0.9753135239076648,0.9922461046781216
PDLIM2,-0.007357959198953878,-0.03103870156540166,0.9754018624082235,0.9922461046781216
PHYHD1,-0.007201137345375308,-0.03106030297665117,0.9754027792318088,0.9922461046781216
MRPL16,0.010031344218395688,0.030891058452556096,0.975577606751949,0.9922461046781216
TRIM21,-0.014680314360972169,-0.030676581252499543,0.9756760745367108,0.9922461046781216
SRC,-0.01349896784921567,-0.030643130423535725,0.9756986310031326,0.9922461046781216
FGD5,-0.01278375938459142,-0.030598630553254173,0.9757334344364467,0.9922461046781216
PITPNA-AS1,-0.012575358116661661,-0.030571827672145054,0.9757888561666391,0.9922461046781216
RABEP1,0.008500266827687675,0.03040796046476427,0.9759032256395496,0.9922461046781216
HSPB8,-0.006318520929666782,-0.030346610218683876,0.9759286188984398,0.9922461046781216
MAPK9,0.014962253346367582,0.030381130181926584,0.9759398154525768,0.9922461046781216
ZNF37A,0.012629346403483233,0.029954281986599066,0.9762442135054719,0.9924701119903631
ARVCF,0.013908287314285506,0.029747038729682852,0.976411836044908,0.9925034894151532
PSMD1,0.004741459794477265,0.029702348615522272,0.9764451949231334,0.9925034894151532
HNRNPC,0.0035773122112789935,0.029507752197999733,0.9766248549874161,0.9926006382373179
WBP11,0.005939646948551314,0.029172942934320482,0.9768703275661885,0.9926356370072136
PTPRS,0.017702191195100525,0.029065122747974487,0.9769762229032244,0.9926356370072136
ZNF439,0.012869988232987684,0.029018320731277875,0.9769826345130259,0.9926356370072136
USP8,0.007744413552387641,0.029046435967354414,0.9769956345943934,0.9926356370072136
SNCA,0.014619889401434882,0.02852903527266468,0.9773801871523503,0.9929408872059807
ANKRD54,0.01428823014128433,0.02831676039128097,0.9775425281636458,0.9930203549584234
GIPC1,-0.01020273133402938,-0.02819735985868083,0.9776392405855446,0.9930331470583681
DCAF5,0.00825748893021494,0.02812416581862675,0.9777414199215761,0.9930514894755403
PABIR3,0.011510608856148963,0.027928655611539975,0.9778586921712183,0.9930851566656256
ZNF654,0.013711719228938435,0.027746830059450587,0.9779942612975089,0.9931373982466316
MAPK7,-0.011824414192036059,-0.027421095075427827,0.9782882094023417,0.9932515800198128
CCDC66,0.012983433028585623,0.027303935356271288,0.9783650980980215,0.9932515800198128
MINK1,0.011069102803561659,0.02708649545249204,0.9785145273331324,0.9932515800198128
BMP1,-0.004951726362564024,-0.02701702575204598,0.9785983071193245,0.9932515800198128
TOM1,-0.005739831955163588,-0.026913561403495885,0.9786790271302945,0.9932515800198128
TEDC1,-0.012314997416686069,-0.026868182506369468,0.9786953599879,0.9932515800198128
ATE1,-0.012386006976215391,-0.02685678911008649,0.9786956695290524,0.9932515800198128
CREB1,-0.007402742338451063,-0.02667184120121235,0.9788568017113964,0.9932751924461114
CNOT11,0.01284582076094054,0.026590132134879107,0.9789141200542832,0.9932751924461114
CIPC,0.011124703602344521,0.026508911231453477,0.9789713565531983,0.9932751924461114
ZNF146,0.0117135337503953,0.02634947719866048,0.9791014049837765,0.9932855822801278
SMAD9,-0.012881125280793881,-0.02622295490631181,0.9791981280371048,0.9932855822801278
STAM2,-0.011029032888003165,-0.02600502459598848,0.9793756325212194,0.9932855822801278
NDUFS6,0.0034693878917853027,0.025983993469707308,0.9793911764509735,0.9932855822801278
SKA2,0.005051728794422061,0.025936965103583023,0.9794641162771527,0.9932855822801278
MUS81,-0.01019521650955646,-0.02586120903528428,0.9794864433141014,0.9932855822801278
ARL1,-0.004036196389036739,-0.025244229999023125,0.9799782651135418,0.9935723575469652
ZSWIM9,-0.011426012505399319,-0.025202086710469362,0.9800147232194659,0.9935723575469652
SCRN2,0.0045327428607606635,0.025194045486711333,0.9800217307307804,0.9935723575469652
ZC3HAV1,0.005530374958948592,0.024648596164634072,0.9804469859650468,0.9936572378982468
VANGL1,0.011995203026374579,0.02446767738515196,0.9805903439894834,0.9936572378982468
NEMP2,-0.010807747594287154,-0.0244252926652607,0.9806269800197045,0.9936572378982468
NUP188,-0.010270365928196856,-0.02430443979078777,0.9807310544670513,0.9936572378982468
C2,-0.012403691804035333,-0.02422498610233756,0.9807888273951391,0.9936572378982468
ZNF740,0.011008819982628815,0.024173567710202383,0.9808320732557062,0.9936572378982468
MFSD14CP,-0.010144200747261412,-0.024108766422537856,0.9808828083439615,0.9936572378982468
PGAM1,-0.003700660854741855,-0.024014441166878717,0.9809557048840393,0.9936572378982468
UBXN2B,0.010271483081278898,0.024020943661990177,0.9809644804207235,0.9936572378982468
EIF3H,-0.002357624115330914,-0.023813846346433864,0.9811134184893541,0.9936572378982468
NTRK3,-0.013706459644387436,-0.023790247945276725,0.981139850575853,0.9936572378982468
LINC01550,0.010937861844090735,0.023720658624514817,0.9811852383782993,0.9936572378982468
THAP8,0.011089260812459756,0.023637210337003726,0.9812522439950081,0.9936572378982468
DHX34,-0.010391039701870941,-0.023576650391335007,0.9813173470540106,0.9936572378982468
NME6,0.007773411600961566,0.02343292107549712,0.9814150672676101,0.9936572378982468
SEC23A,0.0088805904987872,0.023128583357603514,0.9816587550854439,0.9936572378982468
ANAPC11,-0.0022731396896231715,-0.023103178573965842,0.9816762748845658,0.9936572378982468
GCH1,0.01009794977598455,0.02306499327079385,0.9817027345031113,0.9936572378982468
SIAE,0.010396511997589286,0.02310053152292919,0.9817070763287298,0.9936572378982468
UBE3D,-0.009999958859923552,-0.02296152611267068,0.98178890494241,0.9936572378982468
GNL2,-0.007119019176824892,-0.022740555949431467,0.9819643531101167,0.9937107093810251
LITATS1,0.010294879326924633,0.022679626133758516,0.9820182664060225,0.9937107093810251
CDKN2AIPNL,-0.009681976285983218,-0.022587817238088174,0.9820942690680576,0.9937107093810251
MTG2,-0.009377445622112734,-0.02232844355359039,0.9823045050990387,0.993756917101641
GTF2IRD2B,0.01017698548197199,0.0223125491368544,0.9823082986581151,0.993756917101641
DEF8,-0.006624281258557296,-0.021803280299138163,0.9827549493698522,0.9940442148977227
LRRC45,-0.009713242475609896,-0.021697197499589493,0.9827939192551263,0.9940442148977227
DUS3L,-0.00604732701570132,-0.0216790929403286,0.9828449026926064,0.9940442148977227
GBP2,-0.007932563258959746,-0.021293847652805876,0.9831700674996189,0.9940940191271859
CHRDL1,-0.005795087639684837,-0.021181545170594805,0.9832148652557661,0.9940940191271859
PARP3,0.00821221405452599,0.020969096547396922,0.9833676464025621,0.9940940191271859
KCTD11,0.01056938797546536,0.020959784571579213,0.9833742522931417,0.9940940191271859
RGL3,-0.010159787014597299,-0.02082030928325074,0.9834889716752826,0.9940940191271859
SPCS3-AS1,0.007653202295571537,0.02078895077773856,0.9835111611401262,0.9940940191271859
CCNYL1,0.009876806415767714,0.0207975528093083,0.9835124066907438,0.9940940191271859
KPNA2,-0.00796517461771451,-0.020585526107055604,0.9836825363402174,0.9940940191271859
IFRD2,-0.005118532330620873,-0.020496907784158434,0.9837554205198171,0.9940940191271859
CTSK,0.006835737596434299,0.02052537747743632,0.9837680370191788,0.9940940191271859
MXD4,-0.009476084990381217,-0.020417863696308255,0.9838204511192642,0.9940940191271859
EVI5,-0.0040340782485284166,-0.020229846159793355,0.9839692548143909,0.9940983465965039
AGK,-0.0069753977232913655,-0.019931931798385132,0.9841898008579186,0.9940983465965039
TMEM230,0.0029672440982420056,0.019936011233119322,0.9842097761678535,0.9940983465965039
OXCT2,0.007962032834885946,0.019889323237732758,0.9842291905796465,0.9940983465965039
ARFGEF2,-0.009728617197557021,-0.019859413454283218,0.9842457835679743,0.9940983465965039
MKRN2,0.0068568591893072295,0.019542095286898806,0.9845445046593538,0.9943090166700808
FBXL22,0.009285317302011986,0.01924064539360333,0.984736142429735,0.9943090166700808
LAP3,-0.003624646138288057,-0.019192718134835703,0.9847834235611461,0.9943090166700808
GALNT7,-0.007872639837841255,-0.01913268746244491,0.984841998489049,0.9943090166700808
IL15RA,-0.006412904894055771,-0.019102153855706606,0.9848953711268369,0.9943090166700808
ZNF28,-0.008367900077106416,-0.018980439159777734,0.9849628010504037,0.9943090166700808
TMCC1,-0.008290979425090939,-0.018805561065926072,0.9850871669688547,0.9943090166700808
POR,-0.0035822559105191942,-0.018665070088321217,0.9851928888695711,0.9943090166700808
PHYKPL,-0.0038524840874263333,-0.018372756510027663,0.985425477532751,0.9943090166700808
PNPLA4,0.007484559169728566,0.018318697520990225,0.9854756943113996,0.9943090166700808
B4GALT4,0.004809435402917117,0.01812624636479595,0.9856277207646437,0.9943090166700808
ZNF19,-0.007339329202118661,-0.018087942255172847,0.9856613966899811,0.9943090166700808
DIMT1,0.0048754145306935115,0.01809443604027824,0.9856673789795699,0.9943090166700808
STRN3,-0.0054958230335726554,-0.01776387294982161,0.9859186755462646,0.9943090166700808
CYTH2,-0.006638360137385391,-0.01770243624183662,0.9859608312024618,0.9943090166700808
PET100,-0.0033198302090609033,-0.017618042312136026,0.986023829022312,0.9943090166700808
CCDC124,0.002842372326622211,0.017635299991564272,0.9860346144249967,0.9943090166700808
SMIM13,-0.007472446239793484,-0.017429954188387796,0.9861725538801405,0.9943090166700808
PAF1,-0.0032402103416027117,-0.01738114778787967,0.9862111408428,0.9943090166700808
NRAV,-0.007139675072839413,-0.01737909476698703,0.9862161349542125,0.9943090166700808
KRBA1,0.006906377887682114,0.017375875058092915,0.9862231491901716,0.9943090166700808
MRPS9,0.004693145978205138,0.01732677680585831,0.986311074715382,0.9943127444077784
FAM241A,-0.006659502424095631,-0.016806288557682736,0.9866696482067251,0.9945026732184882
XPOT,0.007444043967765435,0.016603850696222652,0.9868281067197799,0.9945026732184882
COMMD7,-0.0065323866075774895,-0.016529890711752825,0.9869048396268267,0.9945026732184882
CLBA1,-0.0066192535205069625,-0.01646707736122573,0.9869415042891988,0.9945026732184882
ZNF281,0.007137533312752797,0.016363644653520637,0.9870185257051556,0.9945026732184882
ZNF487,0.007287981794402043,0.016348678895350865,0.9870445354631262,0.9945026732184882
OGG1,0.0064198640485293446,0.016106440055413278,0.9872265767080666,0.9945026732184882
TMEM91,0.007119813627995519,0.01596571809609188,0.987356167538796,0.9945026732184882
MAPK14,-0.00709587788976318,-0.015918780533676402,0.9873763439214341,0.9945026732184882
PHF8,0.007188246898937489,0.01583924354050303,0.9874371507109073,0.9945026732184882
PRKAR1A,-0.0027402470839499316,-0.015738549109808285,0.9875181468608725,0.9945026732184882
CRTC2,-0.006373832142382518,-0.01571030709468082,0.987538056442126,0.9945026732184882
ADNP,-0.005916629179538724,-0.01563714477489678,0.9875946495671611,0.9945026732184882
TANGO6,0.006699251814096474,0.015458077894512671,0.9877423484327453,0.9945266933828563
ZSCAN18,0.006545563220744732,0.015133914823486843,0.987993851908551,0.9945266933828563
SLC25A24,0.004624317321730409,0.01513079660644219,0.9880337180362895,0.9945266933828563
DHDDS,-0.005813404897676566,-0.01507217009370253,0.9880451542580162,0.9945266933828563
UQCC2,0.0031792691864476197,0.01506280701883944,0.9880568592900381,0.9945266933828563
BRF1,-0.006567593095282209,-0.014862056670324557,0.988213090541738,0.9945266933828563
CD276,0.0032681122861752954,0.01471845803789769,0.9883261468913945,0.9945266933828563
RFX1,0.006173090881943288,0.01468314593359798,0.9883545347995519,0.9945266933828563
SRI,0.0014710610202719465,0.014651566979689824,0.9883767189129751,0.9945266933828563
CAMK2G,0.00682125302840042,0.014538121134096227,0.9884679970433327,0.9945337684391496
DAPK3,0.0025158995562648556,0.014088007009929876,0.9888234755400933,0.9948066412775526
PSMD12,-0.004533014451978623,-0.013712357989960717,0.9891589886771083,0.9950593831557958
METTL2B,0.0052601714100366515,0.013329901864004401,0.9894375242279659,0.9952547693857479
RNASEL,0.005941637389476284,0.012892391605769455,0.9897730686823072,0.9955074615144106
CCDC59,-0.00496954681621542,-0.01275983338906219,0.9898805287466238,0.9955222534078011
INTS6-AS1,-0.005156695071036443,-0.012632981832127632,0.9899816536924565,0.9955222534078011
NBN,0.0036377904362314695,0.012472330370762726,0.9901089143829341,0.9955222534078011
CDKAL1,-0.006100372971375112,-0.012453293276277623,0.9901250976078774,0.9955222534078011
HOXB3,-0.005348431579489166,-0.012141155147137065,0.9903711791401603,0.9956848722321232
GLT8D1,-0.002592211996271132,-0.011976040890628474,0.9904991084837537,0.995728687358487
C1orf167,0.005536019822129479,0.01187153767816009,0.9905975047743257,0.9957428085712633
TGFB1I1,0.0032182021387781035,0.011751003690161898,0.9906886501530056,0.9957496394258177
POLR3K,-0.004548698869203616,-0.011406346847851967,0.9909536388570314,0.9958967174670079
GPI,-0.0018083295893482898,-0.01124598281874596,0.9910780517097895,0.9958967174670079
FASTKD2,0.0033780336923818766,0.011216022716345843,0.9911196762433123,0.9958967174670079
TIMM22,-0.0020704751395008714,-0.011095326571034249,0.9911987646025816,0.9958967174670079
ZNF442,-0.004308208649508094,-0.010990046898720374,0.9912831477952786,0.9958967174670079
NOPCHAP1,0.0038591704219470557,0.010919447917114366,0.9913411543375527,0.9958967174670079
STARD3NL,-0.0036743311910374388,-0.010439723321788696,0.991721585536499,0.9961941216183092
AGBL3,0.004556232365664492,0.010148560063522214,0.991953578296383,0.9963344126791052
FUNDC1,-0.003964723241610457,-0.010059911612437368,0.992030045457874,0.9963344126791052
ANKLE2,-0.001964864753718487,-0.009663686541727457,0.9923335230931487,0.9965544228085598
DIAPH1,-0.0040908520966373985,-0.009504222799534364,0.9924681455208892,0.9966048364983071
ZNF790,0.004088956162226154,0.008911643033945389,0.9929336732815699,0.9969401216621049
TLN1,-0.00244863136658946,-0.008867435786219794,0.992970940322154,0.9969401216621049
ERMP1,0.003625145678549657,0.008677525586266058,0.9931182710648598,0.9970032477184003
RNF138,0.0032501198019718736,0.00855773458499553,0.9932120260295819,0.9970125822516339
TSPYL5,0.003966264085272453,0.008105084248105536,0.9935719114328727,0.9972890412775328
HACD1,0.0050354703311170645,0.007950504868014498,0.9936927077627896,0.9973254901496116
IWS1,-0.0025117402425447466,-0.006802713787891491,0.9946049918369008,0.9981310887170072
EFCAB7,0.002638582379831167,0.006597429504558598,0.9947677014554147,0.9981310887170072
GCFC2,-0.0025486728237158474,-0.006517498240142851,0.9948308391264217,0.9981310887170072
NKAPD1,0.002417573544466478,0.006512088981672824,0.9948335781316652,0.9981310887170072
CHCHD3,-0.0020098842501168335,-0.006263047920881509,0.9950490983996754,0.9982624803780206
ZNF592,-0.0027826218971038763,-0.005932932791011811,0.9952953095645135,0.9983044213653345
AMD1,0.0024664956408857464,0.0059214850794348595,0.9953093443610379,0.9983044213653345
TOLLIP,-0.0017434874495272368,-0.005800353515099227,0.9954155134719295,0.9983044213653345
CDS2,-0.00237759586163655,-0.005775165043338524,0.9954367298575371,0.9983044213653345
SLC35F6,0.002485693133227329,0.005632018236562626,0.9955334506598427,0.9983044213653345
POLR3B,-0.002211245596057676,-0.0054912394151517855,0.9956446827946933,0.9983044213653345
U3,0.0024197330561734898,0.005445102811529291,0.9956828680351927,0.9983044213653345
ZMYM6,-0.002089936782745827,-0.004913927752932361,0.9961023823310279,0.9985162708269218
TBCC,-0.0017673483190048245,-0.004849083293311781,0.9961532224207874,0.9985162708269218
DLAT,-0.0020540599791205594,-0.004738840880966118,0.9962410243642106,0.9985162708269218
EXOC2,-0.0019480995577638716,-0.004613377715319881,0.9963401118326899,0.9985162708269218
MRPL23,0.002515140149661921,0.004585546378505725,0.9963620076231998,0.9985162708269218
CEBPB,-0.0011922562371999845,-0.004536718892515538,0.9964016662720152,0.9985162708269218
JOSD2,0.0006316849144907266,0.004206138301668915,0.9966659874671688,0.9986963739962591
FBXL20,-0.001579883328793219,-0.00385970491050666,0.9969392359374334,0.998885391295315
MRPL24,-0.0006350696893129282,-0.0032608356405523444,0.9974162142527646,0.9992784867397002
MRPS11,0.000507587759726924,0.0031291480655555822,0.997518761034808,0.9992964166680166
IFI27,0.0015101626989304506,0.0029975572465203936,0.9976239679870841,0.9993170082382289
CEP164,-0.0007277516614756507,-0.0027376079240745443,0.9978293446219234,0.9994379274785173
AKTIP,0.0008456477785658834,0.002369895414776766,0.9981206284304056,0.9996448645644301
KLF13,0.0009783949582491402,0.0019059127398907087,0.9984907628099537,0.9996770370357938
ENSG00000267260,0.0007846711966774667,0.0018531201325122132,0.998529834857649,0.9996770370357938
SELENOP,0.00047858288412072625,0.001755260850786818,0.9986083531428643,0.9996770370357938
CEP97,0.0008306027866655796,0.0017138907194880408,0.9986407900863998,0.9996770370357938
PACRGL,0.0007198737399876087,0.0015374333292260687,0.9987809686061379,0.9996770370357938
WFS1,-0.0005445300452908697,-0.0015232679366988654,0.9987916997403292,0.9996770370357938
ZDHHC4,0.0004003889233255009,0.0014078801614791612,0.9988835258486072,0.9996770370357938
TSLP,-0.0006909190952337774,-0.0012433022630019403,0.999015005540071,0.9996770370357938
SMCR8,-0.0005671190886877842,-0.0012351527700808261,0.999020358529658,0.9996770370357938
LMBR1L,-0.00038458430677756894,-0.0011656929840539382,0.9990753694938649,0.9996770370357938
ACOT8,0.00033425653652052745,0.0010286975201996217,0.9991841158647645,0.9996770370357938
PITHD1,0.00016019760388452653,0.0009580234190186699,0.9992400665037915,0.9996770370357938
THADA,-0.0002971848655697329,-0.0009413955182035359,0.9992536244830467,0.9996770370357938
POLR2F,-7.79023315349292e-05,-0.0006914908452078381,0.9994518081138755,0.9996880186065877
C19orf53,-6.25642894460654e-05,-0.0006266604789339564,0.9995028406020686,0.9996880186065877
CD99,7.258996936343465e-05,0.0005075977055764343,0.9995972901537598,0.9996880186065877
SAMTOR,-0.00018208897621230236,-0.0005000315406352387,0.9996033351657909,0.9996880186065877
STXBP5,-0.0001648218920573541,-0.00036821805137244316,0.9997078702981294,0.9997078702981292
